classification_id,narrative_id,primary_category,secondary_categories,procedural_intents,user_goal,urgency_class,current_danger,ongoing_incident,medical_emergency,incident_medium,current_or_past,property_involved,threat_involved,injury_involved,weapon_mentioned,minor_involved,police_already_contacted,legal_aid_requested,recommended_route,annotator_1_label,annotator_2_label,adjudicated_label,reviewer_id
CLS000001,NAR000001_EN,Consumer Disputes,False advertising and misrepresentation;Refund refusal,complaint_preparation,Seek a refund and prepare a consumer complaint,PROCEDURAL_ASSISTANCE,False,False,False,physical,recent,True,False,False,False,unknown,True,False,incident_preparation,Consumer Disputes,Consumer Disputes,Consumer Disputes,REV849
CLS000002,NAR000002_EN,Miscellaneous,Noise pollution grievance;Civic nuisance,complaint_preparation,Submit a municipal noise grievance,CASE_PREPARATION,False,True,False,physical,recent,False,False,False,False,unknown,True,False,incident_preparation,Miscellaneous,Miscellaneous,Miscellaneous,REV549
CLS000003,NAR000003_EN,Traffic & Road Incidents,Drunk driving accident;Vehicle damage;Traffic obstruction,complaint_preparation,Report the collision and road obstruction,PAST_INCIDENT,False,False,False,physical,recent,True,False,True,False,unknown,True,False,incident_preparation,Traffic & Road Incidents,Traffic & Road Incidents,Traffic & Road Incidents,REV328
CLS000004,NAR000004_EN,Consumer Disputes,False advertising and misrepresentation;Refund refusal,complaint_preparation;legal_aid_request,Obtain a refund and challenge deceptive sales practices,PROCEDURAL_ASSISTANCE,False,False,False,physical,past,True,False,False,False,unknown,False,True,incident_preparation,Consumer Disputes,Consumer Disputes,Consumer Disputes,REV705
CLS000005,NAR000005_EN,Cybercrime,Social media hacking;Credential compromise,complaint_preparation;legal_aid_request,Report the hacked account and secure legal help,CASE_PREPARATION,False,False,False,online,past,True,False,False,False,unknown,True,True,incident_preparation,Cybercrime,Cybercrime,Cybercrime,REV537
CLS000006,NAR000006_EN,Employment/Labour,Safe working conditions violation;Workplace dispute,complaint_preparation,Document an unsafe-workplace complaint,CASE_PREPARATION,False,True,False,physical,recent,False,False,True,False,unknown,False,False,incident_preparation,Employment/Labour,Employment/Labour,Employment/Labour,REV242
CLS000007,NAR000007_EN,Assault & Threats,Domestic dispute;Threat of physical harm,emergency_assistance;legal_aid_request,Get immediate safety assistance and protection,EMERGENCY_CURRENT_DANGER,True,True,False,physical,current,True,True,False,False,unknown,False,True,emergency_redirect,Assault & Threats,Assault & Threats,Assault & Threats,REV842
CLS000008,NAR000008_EN,Property Disputes,Tenant-landlord conflict;Unauthorized alteration;Trespass,complaint_preparation;legal_aid_request,Prepare a property complaint and seek legal intervention,CASE_PREPARATION,False,False,False,physical,recent,True,True,False,False,unknown,True,True,incident_preparation,Property Disputes,Property Disputes,Property Disputes,REV220
CLS000009,NAR000009_EN,Consumer Disputes,Overcharging and hidden fees;Refund refusal,complaint_preparation;legal_aid_request,File a consumer complaint about hidden charges,CASE_PREPARATION,False,False,False,physical,past,True,False,False,False,unknown,False,True,incident_preparation,Consumer Disputes,Consumer Disputes,Consumer Disputes,REV887
CLS000010,NAR000010_EN,Financial Fraud,Credit card cloning;Unauthorized transfers,complaint_preparation;legal_aid_request,Report cloned-card transactions and preserve audit evidence,CASE_PREPARATION,False,False,False,physical,recent,True,False,False,False,unknown,True,True,incident_preparation,Financial Fraud,Financial Fraud,Financial Fraud,REV622
CLS000011,NAR000011_EN,Assault & Threats,Online harassment & threats;Intimidation,complaint_preparation,Document online threats and seek protection,ONGOING_THREAT,False,True,False,online,recent,False,True,False,False,unknown,False,False,incident_preparation,Assault & Threats,Assault & Threats,Assault & Threats,REV751
CLS000012,NAR000012_EN,Consumer Disputes,Expired or contaminated goods sale;Merchant refusal,complaint_preparation;legal_aid_request,Prepare a complaint about unsafe goods,CASE_PREPARATION,False,False,False,physical,recent,True,False,False,False,unknown,True,True,incident_preparation,Consumer Disputes,Consumer Disputes,Consumer Disputes,REV805
CLS000013,NAR000013_EN,Consumer Disputes,Overcharging and hidden fees;Unfair trade practice,complaint_preparation,Document overcharging for a consumer complaint,CASE_PREPARATION,False,False,False,physical,past,True,False,False,False,unknown,True,False,incident_preparation,Consumer Disputes,Consumer Disputes,Consumer Disputes,REV882
CLS000014,NAR000014_EN,Traffic & Road Incidents,Reckless driving confrontation;Collision;Vehicle damage,complaint_preparation,Prepare a report of reckless driving and damage,CASE_PREPARATION,False,False,False,physical,past,True,True,True,False,unknown,True,False,incident_preparation,Traffic & Road Incidents,Traffic & Road Incidents,Traffic & Road Incidents,REV352
CLS000015,NAR000015_EN,Financial Fraud,Insurance claim fraud;Forgery;Financial loss,legal_aid_request,Recover diverted funds and obtain legal assistance,CASE_PREPARATION,False,False,False,online,recent,True,False,False,False,unknown,False,True,incident_preparation,Financial Fraud,Financial Fraud,Financial Fraud,REV881
CLS000016,NAR000016_EN,Domestic Violence,Economic deprivation;Coercive control,legal_aid_request;complaint_preparation,Document continuing domestic economic abuse,ONGOING_THREAT,False,True,False,physical,past,False,True,False,False,unknown,False,True,incident_preparation,Domestic Violence,Domestic Violence,Domestic Violence,REV504
CLS000017,NAR000017_EN,Assault & Threats,Domestic dispute;Physical intimidation,complaint_preparation;legal_aid_request,Report intimidation witnessed during a domestic dispute,CASE_PREPARATION,False,False,False,physical,recent,False,True,False,False,unknown,False,True,incident_preparation,Assault & Threats,Assault & Threats,Assault & Threats,REV126
CLS000018,NAR000018_EN,Cybercrime,Ransomware attack;Account takeover;Unauthorized transfers,complaint_preparation;legal_aid_request,Report the ransomware incident and financial loss,CASE_PREPARATION,False,False,False,online,past,True,True,False,False,unknown,True,True,incident_preparation,Cybercrime,Cybercrime,Cybercrime,REV685
CLS000019,NAR000019_EN,Domestic Violence,Dowry harassment;Domestic intimidation,emergency_assistance;legal_aid_request,Obtain immediate protection from ongoing dowry harassment,EMERGENCY_CURRENT_DANGER,True,True,False,physical,current,False,True,False,False,unknown,True,True,emergency_redirect,Domestic Violence,Domestic Violence,Domestic Violence,REV672
CLS000020,NAR000020_EN,Consumer Disputes,Expired or contaminated goods sale;Active merchant dispute,complaint_preparation;legal_aid_request,Resolve an unsafe-goods consumer dispute,CASE_PREPARATION,False,False,False,physical,past,True,False,False,False,unknown,True,True,incident_preparation,Consumer Disputes,Consumer Disputes,Consumer Disputes,REV766
CLS000021,NAR000021_EN,Assault & Threats,Domestic dispute;Physical intimidation,complaint_preparation;legal_aid_request,Document and report a domestic intimidation incident,CASE_PREPARATION,False,False,False,physical,recent,True,True,False,False,unknown,True,True,incident_preparation,Assault & Threats,Assault & Threats,Assault & Threats,REV641
CLS000022,NAR000022_EN,Traffic & Road Incidents,Reckless driving confrontation;Collision;Vehicle damage,complaint_preparation,Document the roadway collision for investigation,CASE_PREPARATION,False,False,False,physical,recent,False,True,True,False,unknown,False,False,incident_preparation,Traffic & Road Incidents,Traffic & Road Incidents,Traffic & Road Incidents,REV518
CLS000023,NAR000023_EN,Theft and robbery,Vehicle theft;Property loss,complaint_preparation;fir_information;legal_aid_request,Prepare a vehicle-theft report and case record,CASE_PREPARATION,False,False,False,physical,past,True,False,False,False,unknown,True,True,incident_preparation,Theft and robbery,Theft and robbery,Theft and robbery,REV957
CLS000024,NAR000024_EN,Traffic & Road Incidents,Drunk driving accident;Hit and run,complaint_preparation,Report a suspected drunk-driving collision,PAST_INCIDENT,False,False,False,physical,past,True,False,False,False,unknown,True,False,incident_preparation,Traffic & Road Incidents,Traffic & Road Incidents,Traffic & Road Incidents,REV139
CLS000025,NAR000025_EN,Financial Fraud,Insurance claim fraud;Document fraud;Asset misappropriation,complaint_preparation;legal_aid_request,Prepare a financial-fraud complaint using audit records,CASE_PREPARATION,False,False,False,hybrid,recent,True,False,False,False,unknown,True,True,incident_preparation,Financial Fraud,Financial Fraud,Financial Fraud,REV988
CLS000026,NAR000026_EN,Theft and robbery,Online phishing theft;Property loss,emergency_assistance;fir_information;legal_aid_request,Report an urgent phishing-related theft and find police help,CASE_PREPARATION,False,False,False,online,recent,True,False,False,False,unknown,False,True,incident_preparation,Theft and robbery,Theft and robbery,Theft and robbery,REV371
CLS000027,NAR000027_EN,Consumer Disputes,Refusal of service refund;Billing dispute,complaint_preparation;legal_aid_request,Recover a refused service refund,CASE_PREPARATION,False,False,False,online,recent,True,False,False,False,unknown,True,True,incident_preparation,Consumer Disputes,Consumer Disputes,Consumer Disputes,REV246
CLS000028,NAR000028_EN,Cybercrime,Ransomware attack;Account takeover;Unauthorized transfers,legal_aid_request;complaint_preparation,Report ransomware and recover compromised funds,CASE_PREPARATION,False,False,False,online,recent,True,True,False,False,unknown,False,True,incident_preparation,Cybercrime,Cybercrime,Cybercrime,REV323
CLS000029,NAR000029_EN,Theft and robbery,Chain snatching;Property loss,complaint_preparation,Prepare a chain-snatching report,CASE_PREPARATION,False,False,False,physical,recent,True,True,False,False,unknown,False,False,incident_preparation,Theft and robbery,Theft and robbery,Theft and robbery,REV390
CLS000030,NAR000030_EN,Property Disputes,Inheritance property claim;Boundary damage;Encroachment,emergency_assistance;complaint_preparation;legal_aid_request,Stop an active property takeover and document the damage,ONGOING_THREAT,False,True,False,physical,current,True,False,False,False,unknown,True,True,incident_preparation,Property Disputes,Property Disputes,Property Disputes,REV645
CLS000031,NAR000031_EN,Traffic & Road Incidents,Traffic signal violation dispute;Collision,legal_aid_request,Understand options after a traffic-signal collision,LEGAL_INFORMATION,False,False,False,physical,past,False,False,False,False,unknown,False,True,quick_query,Traffic & Road Incidents,Traffic & Road Incidents,Traffic & Road Incidents,REV650
CLS000032,NAR000032_EN,Cybercrime,Online banking fraud;Phishing;Unauthorized transfers,complaint_preparation,Report online banking fraud and lost funds,CASE_PREPARATION,False,False,False,online,past,True,False,False,False,unknown,False,False,incident_preparation,Cybercrime,Cybercrime,Cybercrime,REV663
CLS000033,NAR000033_EN,Consumer Disputes,False advertising and misrepresentation;Refund refusal,legal_aid_request;complaint_preparation,Challenge deceptive advertising and obtain a refund,CASE_PREPARATION,False,False,False,online,past,True,False,False,False,unknown,False,True,incident_preparation,Consumer Disputes,Consumer Disputes,Consumer Disputes,REV103
CLS000034,NAR000034_EN,Employment/Labour,Workplace harassment;Threatened termination,legal_aid_request;complaint_preparation,Document workplace harassment and protect employment rights,ONGOING_THREAT,False,True,False,physical,past,True,True,False,False,unknown,False,True,incident_preparation,Employment/Labour,Employment/Labour,Employment/Labour,REV326
CLS000035,NAR000035_EN,Cybercrime,Phishing scam;Credential compromise,complaint_preparation;legal_aid_request,Report a phishing attack and preserve technical evidence,CASE_PREPARATION,False,False,False,online,past,True,True,False,False,unknown,True,True,incident_preparation,Cybercrime,Cybercrime,Cybercrime,REV688
CLS000036,NAR000036_EN,Property Disputes,Illegal property possession;Boundary dispute,legal_aid_request;complaint_preparation,Seek intervention in an illegal-possession dispute,CASE_PREPARATION,False,False,False,physical,recent,True,False,False,False,unknown,False,True,incident_preparation,Property Disputes,Property Disputes,Property Disputes,REV800
CLS000037,NAR000037_EN,Cybercrime,Cyberstalking;Online harassment,complaint_preparation,Report continuing cyberstalking and secure protection,ONGOING_THREAT,False,True,False,hybrid,recent,False,True,False,False,unknown,True,False,incident_preparation,Cybercrime,Cybercrime,Cybercrime,REV560
CLS000038,NAR000038_EN,Theft and robbery,Pickpocketing;Property loss,complaint_preparation;fir_information;legal_aid_request,Prepare a pickpocketing case record,CASE_PREPARATION,False,False,False,physical,past,True,False,False,False,unknown,True,True,incident_preparation,Theft and robbery,Theft and robbery,Theft and robbery,REV888
CLS000039,NAR000039_EN,Property Disputes,Boundary wall dispute;Unauthorized alteration,complaint_preparation;legal_aid_request,Prepare a complaint about boundary interference,CASE_PREPARATION,False,False,False,physical,recent,True,True,False,False,unknown,False,True,incident_preparation,Property Disputes,Property Disputes,Property Disputes,REV368
CLS000040,NAR000040_EN,Employment/Labour,Unfair termination;Statutory non-compliance,complaint_preparation;legal_aid_request,Challenge an unfair termination,CASE_PREPARATION,False,True,False,online,recent,False,False,False,False,unknown,False,True,incident_preparation,Employment/Labour,Employment/Labour,Employment/Labour,REV613
CLS000041,NAR000041_EN,Financial Fraud,Ponzi scheme investment fraud;Unauthorized charges,complaint_preparation,Warn affected investors and document the fraud,CASE_PREPARATION,False,False,False,hybrid,past,True,False,False,False,unknown,False,False,incident_preparation,Financial Fraud,Financial Fraud,Financial Fraud,REV709
CLS000042,NAR000042_EN,Assault & Threats,Physical altercation;Threat of future harm,legal_aid_request;complaint_preparation,Document the assault threat and seek protection,ONGOING_THREAT,False,True,False,physical,past,False,True,False,False,unknown,False,True,incident_preparation,Assault & Threats,Assault & Threats,Assault & Threats,REV745
CLS000043,NAR000043_EN,Theft and robbery,House burglary;Property loss,complaint_preparation;fir_information;legal_aid_request,Prepare a burglary report and property inventory,CASE_PREPARATION,False,False,False,physical,recent,True,False,False,False,unknown,True,True,incident_preparation,Theft and robbery,Theft and robbery,Theft and robbery,REV781
CLS000044,NAR000044_EN,Traffic & Road Incidents,Traffic signal violation dispute;Vehicle damage;Traffic obstruction,emergency_assistance;legal_aid_request,Alert others and obtain help for the road blockage,PROCEDURAL_ASSISTANCE,False,False,False,physical,recent,False,False,False,False,unknown,False,True,incident_preparation,Traffic & Road Incidents,Traffic & Road Incidents,Traffic & Road Incidents,REV971
CLS000045,NAR000045_EN,Assault & Threats,Domestic dispute;Threat of physical harm,emergency_assistance;legal_aid_request,Get immediate safety assistance and protection,EMERGENCY_CURRENT_DANGER,True,True,False,physical,current,True,True,False,False,unknown,False,True,emergency_redirect,Assault & Threats,Assault & Threats,Assault & Threats,REV126
CLS000046,NAR000046_EN,Cybercrime,Social media hacking;Credential compromise,complaint_preparation,Document the cyber intrusion for investigation,CASE_PREPARATION,False,False,False,online,past,False,True,False,False,unknown,False,False,incident_preparation,Cybercrime,Cybercrime,Cybercrime,REV665
CLS000047,NAR000047_EN,Property Disputes,Boundary wall dispute;Property-rights infringement,complaint_preparation;legal_aid_request,File an urgent boundary-dispute complaint,CASE_PREPARATION,False,False,False,physical,recent,True,True,False,False,unknown,False,True,incident_preparation,Property Disputes,Property Disputes,Property Disputes,REV961
CLS000048,NAR000048_EN,Consumer Disputes,Defective product delivery;Merchant refusal,complaint_preparation,Prepare a defective-product complaint,CASE_PREPARATION,False,False,False,physical,recent,True,False,False,False,unknown,True,False,incident_preparation,Consumer Disputes,Consumer Disputes,Consumer Disputes,REV259
CLS000049,NAR000049_EN,Consumer Disputes,Refusal of service refund;Unfair trade practice,complaint_preparation;legal_aid_request,Recover a refused refund and report the platform,CASE_PREPARATION,False,False,False,online,past,True,False,False,False,unknown,True,True,incident_preparation,Consumer Disputes,Consumer Disputes,Consumer Disputes,REV123
CLS000050,NAR000050_EN,Theft and robbery,Armed robbery;Property loss;Physical injury,emergency_assistance;fir_information;legal_aid_request,Report an armed robbery and obtain urgent assistance,CASE_PREPARATION,False,False,False,physical,past,True,True,True,True,unknown,False,True,incident_preparation,Theft and robbery,Theft and robbery,Theft and robbery,REV111
CLS000051,NAR000051_EN,Employment/Labour,Breach of employment contract;Unpaid dues,complaint_preparation;legal_aid_request,Recover employment dues and document the contract breach,CASE_PREPARATION,False,True,False,online,recent,True,False,False,False,unknown,False,True,incident_preparation,Employment/Labour,Employment/Labour,Employment/Labour,REV364
CLS000052,NAR000052_EN,Employment/Labour,Safe working conditions violation;Unpaid dues,complaint_preparation,Document continuing unsafe conditions and withheld dues,CASE_PREPARATION,False,True,False,physical,recent,True,False,True,False,unknown,False,False,incident_preparation,Employment/Labour,Employment/Labour,Employment/Labour,REV930
CLS000053,NAR000053_EN,Consumer Disputes,Defective product delivery;Buyer safety risk,complaint_preparation;legal_aid_request,Escalate an unresolved defective-product complaint,CASE_PREPARATION,False,False,False,physical,past,True,False,False,False,unknown,False,True,incident_preparation,Consumer Disputes,Consumer Disputes,Consumer Disputes,REV931
CLS000054,NAR000054_EN,Theft and robbery,Vehicle theft;Property loss,complaint_preparation;fir_information;legal_aid_request,Prepare a vehicle-theft report and property record,CASE_PREPARATION,False,False,False,physical,recent,True,False,False,False,unknown,True,True,incident_preparation,Theft and robbery,Theft and robbery,Theft and robbery,REV193
CLS000055,NAR000055_EN,Traffic & Road Incidents,Reckless driving confrontation;Vehicle damage;Traffic obstruction,emergency_assistance,Alert responders to an active roadway hazard,EMERGENCY_CURRENT_DANGER,True,True,False,physical,current,True,False,False,False,unknown,False,False,emergency_redirect,Traffic & Road Incidents,Traffic & Road Incidents,Traffic & Road Incidents,REV901
CLS000056,NAR000056_EN,Financial Fraud,Insurance claim fraud;Unauthorized transfers,complaint_preparation;legal_aid_request,Document insurance fraud using transaction records,CASE_PREPARATION,False,False,False,online,past,True,False,False,False,unknown,False,True,incident_preparation,Financial Fraud,Financial Fraud,Financial Fraud,REV227
CLS000057,NAR000057_EN,Domestic Violence,Spousal physical abuse;Property damage;Physical injury,emergency_assistance;complaint_preparation,Obtain immediate protection and medical attention,EMERGENCY_CURRENT_DANGER,True,True,True,physical,current,True,True,True,False,unknown,False,False,emergency_redirect,Domestic Violence,Domestic Violence,Domestic Violence,REV715
CLS000058,NAR000058_EN,Cybercrime,Phishing scam;Account takeover;Fraudulent payment requests,complaint_preparation;legal_aid_request,Contain a compromised account and warn contacts,ONGOING_THREAT,False,True,False,online,current,True,False,False,False,unknown,True,True,incident_preparation,Cybercrime,Cybercrime,Cybercrime,REV583
CLS000059,NAR000059_EN,Cybercrime,Identity theft;Account takeover;Fraudulent payment requests,complaint_preparation;legal_aid_request,Contain identity theft and warn contacts,ONGOING_THREAT,False,True,False,online,current,True,False,False,False,unknown,True,True,incident_preparation,Cybercrime,Cybercrime,Cybercrime,REV725
CLS000060,NAR000060_EN,Cybercrime,Online banking fraud;Credential compromise,complaint_preparation;legal_aid_request,Report the banking breach and secure the account,CASE_PREPARATION,False,False,False,online,past,True,False,False,False,unknown,True,True,incident_preparation,Cybercrime,Cybercrime,Cybercrime,REV648
CLS000061,NAR000061_EN,Consumer Disputes,Overcharging and hidden fees;Merchant refusal,complaint_preparation,Prepare an overcharging complaint,CASE_PREPARATION,False,False,False,physical,past,True,False,False,False,unknown,False,False,incident_preparation,Consumer Disputes,Consumer Disputes,Consumer Disputes,REV830
CLS000062,NAR000062_EN,Cybercrime,Identity theft;Credential theft;Asset misappropriation,complaint_preparation,Report identity theft with preserved digital logs,CASE_PREPARATION,False,False,False,online,past,True,False,False,False,unknown,False,False,incident_preparation,Cybercrime,Cybercrime,Cybercrime,REV305
CLS000063,NAR000063_EN,Family Law,Restitution of conjugal rights;Court-order non-compliance,legal_aid_request;lawyer_handoff,Obtain legal guidance on non-compliance with family-court terms,LEGAL_INFORMATION,False,True,False,physical,past,True,False,False,False,unknown,True,True,quick_query,Family Law,Family Law,Family Law,REV460
CLS000064,NAR000064_EN,Theft and robbery,Online phishing theft;Property loss,complaint_preparation;fir_information,Prepare a phishing-theft report,CASE_PREPARATION,False,False,False,hybrid,recent,True,False,False,False,unknown,True,False,incident_preparation,Theft and robbery,Theft and robbery,Theft and robbery,REV922
CLS000065,NAR000065_EN,Consumer Disputes,Overcharging and hidden fees;Refund refusal,complaint_preparation,Report overcharging and seek a refund,CASE_PREPARATION,False,False,False,physical,past,True,False,False,False,unknown,True,False,incident_preparation,Consumer Disputes,Consumer Disputes,Consumer Disputes,REV802
CLS000066,NAR000066_EN,Theft and robbery,Online phishing theft;Property loss,complaint_preparation;legal_aid_request,Report phishing-related theft and recover losses,CASE_PREPARATION,False,False,False,online,past,True,False,False,False,unknown,False,True,incident_preparation,Theft and robbery,Theft and robbery,Theft and robbery,REV714
CLS000067,NAR000067_EN,Traffic & Road Incidents,Hit and run collision;Physical injury;Vehicle damage,complaint_preparation,Document a hit-and-run collision and injuries,CASE_PREPARATION,False,False,False,physical,past,True,False,True,False,unknown,False,False,incident_preparation,Traffic & Road Incidents,Traffic & Road Incidents,Traffic & Road Incidents,REV127
CLS000068,NAR000068_EN,Traffic & Road Incidents,Illegal parking blockage;Road obstruction;Vehicle damage,complaint_preparation,Report the parking blockage and related damage,CASE_PREPARATION,False,False,False,physical,past,True,False,False,False,unknown,True,False,incident_preparation,Traffic & Road Incidents,Traffic & Road Incidents,Traffic & Road Incidents,REV985
CLS000069,NAR000069_EN,Consumer Disputes,False advertising and misrepresentation;Unfair trade practice,complaint_preparation,Prepare a false-advertising complaint,CASE_PREPARATION,False,False,False,online,recent,True,False,False,False,unknown,True,False,incident_preparation,Consumer Disputes,Consumer Disputes,Consumer Disputes,REV401
CLS000070,NAR000070_EN,Family Law,Child custody dispute;Guardianship dispute,legal_aid_request;lawyer_handoff,Obtain guidance and mediation for a custody dispute,LEGAL_INFORMATION,False,True,False,hybrid,recent,True,False,False,False,True,False,True,quick_query,Family Law,Family Law,Family Law,REV744
CLS000071,NAR000071_EN,Family Law,Alimony and maintenance claim;Child visitation dispute,legal_aid_request;complaint_preparation,Prepare documentation for an active family-court matter,CASE_PREPARATION,False,True,False,online,past,True,False,False,False,True,True,True,incident_preparation,Family Law,Family Law,Family Law,REV233
CLS000072,NAR000072_EN,Assault & Threats,Online harassment & threats;Intimidation,complaint_preparation;legal_aid_request,Document online threats and obtain protective guidance,ONGOING_THREAT,False,True,False,online,recent,False,True,False,False,unknown,False,True,incident_preparation,Assault & Threats,Assault & Threats,Assault & Threats,REV249
CLS000073,NAR000073_EN,Property Disputes,Land encroachment;Boundary damage,complaint_preparation;legal_aid_request,Stop ongoing encroachment and document boundary damage,CASE_PREPARATION,False,True,False,physical,current,True,False,False,False,unknown,True,True,incident_preparation,Property Disputes,Property Disputes,Property Disputes,REV195
CLS000074,NAR000074_EN,Financial Fraud,Insurance claim fraud;Capital diversion,complaint_preparation;legal_aid_request,Prepare a formal insurance-fraud case from audit logs,CASE_PREPARATION,False,False,False,hybrid,past,True,False,False,False,unknown,False,True,incident_preparation,Financial Fraud,Financial Fraud,Financial Fraud,REV876
CLS000075,NAR000075_EN,Property Disputes,Illegal property possession;Threatened physical escalation,complaint_preparation;legal_aid_request,Document illegal possession and prevent escalation,CASE_PREPARATION,False,False,False,physical,past,True,True,False,False,unknown,True,True,incident_preparation,Property Disputes,Property Disputes,Property Disputes,REV851
CLS000076,NAR000076_EN,Theft and robbery,Pickpocketing;Property loss,complaint_preparation;legal_aid_request,Prepare a pickpocketing report and item list,CASE_PREPARATION,False,False,False,physical,past,True,False,False,False,unknown,True,True,incident_preparation,Theft and robbery,Theft and robbery,Theft and robbery,REV233
CLS000077,NAR000077_EN,Family Law,Guardianship dispute;Court-order non-compliance,legal_aid_request;lawyer_handoff,Obtain legal guidance on an ongoing guardianship dispute,LEGAL_INFORMATION,False,True,False,hybrid,recent,True,False,False,False,True,True,True,quick_query,Family Law,Family Law,Family Law,REV536
CLS000078,NAR000078_EN,Domestic Violence,Dowry harassment;Domestic intimidation;Property damage,emergency_assistance;complaint_preparation,Get immediate protection while hiding from the aggressor,EMERGENCY_CURRENT_DANGER,True,True,False,hybrid,current,False,True,False,False,unknown,True,False,emergency_redirect,Domestic Violence,Domestic Violence,Domestic Violence,REV693
CLS000079,NAR000079_EN,Theft and robbery,Chain snatching;Use of force;Property loss,complaint_preparation;legal_aid_request,Prepare a chain-snatching report with witness details,CASE_PREPARATION,False,False,False,physical,recent,True,True,False,False,unknown,True,True,incident_preparation,Theft and robbery,Theft and robbery,Theft and robbery,REV368
CLS000080,NAR000080_EN,Property Disputes,Inheritance property claim;Contested ownership,complaint_preparation;legal_aid_request,Seek mediation for an inheritance-property dispute,CASE_PREPARATION,False,True,False,hybrid,recent,True,True,False,False,unknown,False,True,incident_preparation,Property Disputes,Property Disputes,Property Disputes,REV637
CLS000081,NAR000081_EN,Employment/Labour,Breach of employment contract;Statutory non-compliance,complaint_preparation,File a formal labour grievance,CASE_PREPARATION,False,True,False,online,recent,True,False,False,False,unknown,True,False,incident_preparation,Employment/Labour,Employment/Labour,Employment/Labour,REV188
CLS000082,NAR000082_EN,Property Disputes,Tenant-landlord conflict;Unauthorized occupation;Structural modification,complaint_preparation;legal_aid_request,Prepare a tenant-landlord case for civil review,CASE_PREPARATION,False,False,False,hybrid,past,True,False,False,False,unknown,True,True,incident_preparation,Property Disputes,Property Disputes,Property Disputes,REV401
CLS000083,NAR000083_EN,Traffic & Road Incidents,Illegal parking blockage;Vehicle damage;Traffic obstruction,emergency_assistance;legal_aid_request,Alert responders to an active road obstruction,EMERGENCY_CURRENT_DANGER,True,True,False,physical,current,True,False,False,False,unknown,False,True,emergency_redirect,Traffic & Road Incidents,Traffic & Road Incidents,Traffic & Road Incidents,REV511
CLS000084,NAR000084_EN,Consumer Disputes,False advertising and misrepresentation;Buyer safety risk,complaint_preparation;legal_aid_request,Escalate an unresolved false-advertising claim,CASE_PREPARATION,False,False,False,physical,past,True,False,False,False,unknown,False,True,incident_preparation,Consumer Disputes,Consumer Disputes,Consumer Disputes,REV991
CLS000085,NAR000085_EN,Financial Fraud,Insurance claim fraud;Document fraud;Asset misappropriation,complaint_preparation;legal_aid_request,Prepare a financial-fraud complaint using audit trails,CASE_PREPARATION,False,False,False,online,past,True,False,False,False,unknown,True,True,incident_preparation,Financial Fraud,Financial Fraud,Financial Fraud,REV355
CLS000086,NAR000086_EN,Assault & Threats,Physical altercation;Direct threats;Physical injury,complaint_preparation;legal_aid_request,Document the altercation and request safety measures,ONGOING_THREAT,False,True,False,physical,past,False,True,True,False,unknown,False,True,incident_preparation,Assault & Threats,Assault & Threats,Assault & Threats,REV538
CLS000087,NAR000087_EN,Cybercrime,Phishing scam;Credential theft;Asset misappropriation,complaint_preparation;legal_aid_request,Report phishing with preserved forensic logs,CASE_PREPARATION,False,False,False,online,past,True,False,False,False,unknown,True,True,incident_preparation,Cybercrime,Cybercrime,Cybercrime,REV470
CLS000088,NAR000088_EN,Domestic Violence,Intimate partner violence;Escalating threats,complaint_preparation;legal_aid_request,Obtain protective measures for continuing partner violence,ONGOING_THREAT,False,True,False,physical,past,False,True,False,False,unknown,True,True,incident_preparation,Domestic Violence,Domestic Violence,Domestic Violence,REV703
CLS000089,NAR000089_EN,Financial Fraud,Loan approval scam;Unauthorized transfers,complaint_preparation;legal_aid_request,Document a loan scam and unauthorized transfers,CASE_PREPARATION,False,False,False,online,recent,True,False,False,False,unknown,True,True,incident_preparation,Financial Fraud,Financial Fraud,Financial Fraud,REV328
CLS000090,NAR000090_EN,Domestic Violence,Dowry harassment;Domestic intimidation;Property damage,emergency_assistance;legal_aid_request,Get immediate protection while hiding from the aggressor,EMERGENCY_CURRENT_DANGER,True,True,False,physical,current,False,True,False,False,unknown,False,True,emergency_redirect,Domestic Violence,Domestic Violence,Domestic Violence,REV804
CLS000091,NAR000091_EN,Domestic Violence,Spousal physical abuse;Physical injury;Ongoing intimidation,complaint_preparation,Document repeated abuse and obtain intervention,ONGOING_THREAT,False,True,False,physical,recent,True,True,True,False,unknown,True,False,incident_preparation,Domestic Violence,Domestic Violence,Domestic Violence,REV820
CLS000092,NAR000092_EN,Theft and robbery,Pickpocketing;Property loss,emergency_assistance;fir_information;legal_aid_request,Report a recent pickpocketing and locate police help,CASE_PREPARATION,False,False,False,physical,recent,True,False,False,False,unknown,False,True,incident_preparation,Theft and robbery,Theft and robbery,Theft and robbery,REV764
CLS000093,NAR000093_EN,Consumer Disputes,Refusal of service refund;Unfair trade practice,complaint_preparation,Prepare a refund-refusal complaint,CASE_PREPARATION,False,False,False,online,past,True,False,False,False,unknown,True,False,incident_preparation,Consumer Disputes,Consumer Disputes,Consumer Disputes,REV458
CLS000094,NAR000094_EN,Family Law,Divorce proceedings conflict;Child access dispute,legal_aid_request;lawyer_handoff,Find a lawyer and understand urgent family-court options,LEGAL_INFORMATION,False,True,False,physical,past,True,False,False,False,True,False,True,quick_query,Family Law,Family Law,Family Law,REV285
CLS000095,NAR000095_EN,Employment/Labour,Breach of employment contract;Unpaid dues,complaint_preparation;legal_aid_request,Recover employment dues and document the contract breach,CASE_PREPARATION,False,True,False,hybrid,past,True,False,False,False,unknown,False,True,incident_preparation,Employment/Labour,Employment/Labour,Employment/Labour,REV260
CLS000096,NAR000096_EN,Employment/Labour,Safe working conditions violation;Workplace non-compliance,complaint_preparation,Document unsafe construction-site conditions,CASE_PREPARATION,False,True,False,physical,past,False,False,False,False,unknown,False,False,incident_preparation,Employment/Labour,Employment/Labour,Employment/Labour,REV537
CLS000097,NAR000097_EN,Domestic Violence,Economic deprivation;Coercive control,complaint_preparation;legal_aid_request,Document continuing economic abuse and seek intervention,ONGOING_THREAT,False,True,False,physical,past,True,True,False,False,unknown,True,True,incident_preparation,Domestic Violence,Domestic Violence,Domestic Violence,REV620
CLS000098,NAR000098_EN,Assault & Threats,Physical altercation;Direct threats;Physical injury,complaint_preparation;legal_aid_request,Document the hostel altercation and request protection,ONGOING_THREAT,False,True,False,physical,past,True,True,True,False,unknown,False,True,incident_preparation,Assault & Threats,Assault & Threats,Assault & Threats,REV574
CLS000099,NAR000099_EN,Miscellaneous,Minor civic infrastructure issue;Localized hazard,complaint_preparation,Submit a municipal infrastructure grievance,CASE_PREPARATION,False,True,False,physical,recent,True,False,False,False,unknown,False,False,incident_preparation,Miscellaneous,Miscellaneous,Miscellaneous,REV273
CLS000100,NAR000100_EN,Consumer Disputes,Refusal of service refund;Merchant refusal,complaint_preparation;legal_aid_request,Prepare a refused-refund consumer complaint,CASE_PREPARATION,False,False,False,online,past,True,False,False,False,unknown,True,True,incident_preparation,Consumer Disputes,Consumer Disputes,Consumer Disputes,REV961
CLS000101,NAR000101_EN,Consumer Disputes,Refusal of service refund;Merchant refusal,complaint_preparation;legal_aid_request,Prepare a refused-refund consumer complaint,CASE_PREPARATION,False,False,False,hybrid,recent,True,False,False,False,unknown,True,True,incident_preparation,Consumer Disputes,Consumer Disputes,Consumer Disputes,REV198
CLS000102,NAR000102_EN,Domestic Violence,Emotional and verbal abuse;Unlawful confinement,emergency_assistance;complaint_preparation,Get immediate safety assistance after being locked in a room,EMERGENCY_CURRENT_DANGER,True,True,False,physical,current,True,True,False,False,unknown,True,False,emergency_redirect,Domestic Violence,Domestic Violence,Domestic Violence,REV934
CLS000103,NAR000103_EN,Theft and robbery,Shopbreaking;Forced property entry,complaint_preparation;legal_aid_request,Document the shopbreaking and property loss,CASE_PREPARATION,False,False,False,physical,recent,True,True,False,False,unknown,False,True,incident_preparation,Theft and robbery,Theft and robbery,Theft and robbery,REV599
CLS000104,NAR000104_EN,Family Law,Guardianship dispute;Child access;Court-order non-compliance,legal_aid_request;lawyer_handoff,Find a family lawyer for an urgent guardianship motion,LEGAL_INFORMATION,False,True,False,hybrid,recent,True,False,False,False,True,False,True,quick_query,Family Law,Family Law,Family Law,REV956
CLS000105,NAR000105_EN,Consumer Disputes,Defective product delivery;Active merchant dispute,complaint_preparation;legal_aid_request,Resolve an ongoing defective-product dispute,CASE_PREPARATION,False,True,False,hybrid,current,True,False,False,False,unknown,True,True,incident_preparation,Consumer Disputes,Consumer Disputes,Consumer Disputes,REV264
CLS000106,NAR000106_EN,Property Disputes,Boundary wall dispute;Unauthorized alteration;Physical injury,complaint_preparation;legal_aid_request,Prepare a boundary-dispute complaint with injury details,CASE_PREPARATION,False,False,False,physical,past,True,False,True,False,unknown,False,True,incident_preparation,Property Disputes,Property Disputes,Property Disputes,REV536
CLS000107,NAR000107_EN,Cybercrime,Ransomware attack;Network intrusion,complaint_preparation,Document the ransomware intrusion and containment,CASE_PREPARATION,False,False,False,online,past,True,True,False,False,unknown,False,False,incident_preparation,Cybercrime,Cybercrime,Cybercrime,REV571
CLS000108,NAR000108_EN,Employment/Labour,Breach of employment contract;Management non-compliance,complaint_preparation;legal_aid_request,Escalate an employment-contract breach to the labour authority,CASE_PREPARATION,False,False,False,online,past,True,False,False,False,unknown,True,True,incident_preparation,Employment/Labour,Employment/Labour,Employment/Labour,REV568
CLS000109,NAR000109_EN,Employment/Labour,Safe working conditions violation;Workplace injury risk,complaint_preparation;legal_aid_request,Report continuing unsafe workplace conditions,CASE_PREPARATION,False,True,False,physical,current,False,False,True,False,unknown,False,True,incident_preparation,Employment/Labour,Employment/Labour,Employment/Labour,REV645
CLS000110,NAR000110_EN,Miscellaneous,Public nuisance dispute;Municipal service failure,complaint_preparation,Track a community nuisance complaint,CASE_PREPARATION,False,False,False,physical,recent,False,False,False,False,unknown,True,False,incident_preparation,Miscellaneous,Miscellaneous,Miscellaneous,REV550
CLS000111,NAR000111_EN,Cybercrime,Phishing scam;Credential compromise,complaint_preparation,Report a phishing incident and secure credentials,CASE_PREPARATION,False,False,False,online,recent,True,False,False,False,unknown,False,False,incident_preparation,Cybercrime,Cybercrime,Cybercrime,REV155
CLS000112,NAR000112_EN,Property Disputes,Inheritance property claim;Threatened escalation;Physical injury,complaint_preparation;legal_aid_request,Document an inheritance dispute and prevent further escalation,CASE_PREPARATION,False,False,False,physical,past,True,True,True,False,unknown,True,True,incident_preparation,Property Disputes,Property Disputes,Property Disputes,REV999
CLS000113,NAR000113_EN,Traffic & Road Incidents,Drunk driving accident;Hit and run;Vehicle damage,complaint_preparation;legal_aid_request,Report a suspected drunk-driving hit and run,CASE_PREPARATION,False,False,False,physical,recent,True,False,False,False,unknown,True,True,incident_preparation,Traffic & Road Incidents,Traffic & Road Incidents,Traffic & Road Incidents,REV580
CLS000114,NAR000114_EN,Traffic & Road Incidents,Traffic signal violation dispute;Vehicle damage;Active road obstruction,emergency_assistance;legal_aid_request,Alert responders to an active damaged-road blockage,EMERGENCY_CURRENT_DANGER,True,True,False,physical,current,True,False,False,False,unknown,False,True,emergency_redirect,Traffic & Road Incidents,Traffic & Road Incidents,Traffic & Road Incidents,REV571
CLS000115,NAR000115_EN,Financial Fraud,Loan approval scam;Unauthorized charges,complaint_preparation;legal_aid_request,Freeze affected accounts and report the loan scam,ONGOING_THREAT,False,True,False,hybrid,recent,True,False,False,False,unknown,False,True,incident_preparation,Financial Fraud,Financial Fraud,Financial Fraud,REV665
CLS000116,NAR000116_EN,Miscellaneous,Public nuisance dispute;Regulatory complaint,complaint_preparation;legal_aid_request,Report a local public nuisance,CASE_PREPARATION,False,False,False,physical,past,True,False,False,False,unknown,True,True,incident_preparation,Miscellaneous,Miscellaneous,Miscellaneous,REV367
CLS000117,NAR000117_EN,Financial Fraud,Cheque forgery;Document fraud;Asset misappropriation,complaint_preparation;legal_aid_request,Prepare a cheque-forgery complaint using audit records,CASE_PREPARATION,False,False,False,physical,past,True,False,False,False,unknown,False,True,incident_preparation,Financial Fraud,Financial Fraud,Financial Fraud,REV903
CLS000118,NAR000118_EN,Cybercrime,Social media hacking;Credential theft,complaint_preparation,Report a social-media account breach,CASE_PREPARATION,False,False,False,online,past,False,True,False,False,unknown,True,False,incident_preparation,Cybercrime,Cybercrime,Cybercrime,REV455
CLS000119,NAR000119_EN,Theft and robbery,Online phishing theft;Property loss,complaint_preparation,Prepare an online phishing-theft report,CASE_PREPARATION,False,False,False,hybrid,recent,True,False,False,False,unknown,False,False,incident_preparation,Theft and robbery,Theft and robbery,Theft and robbery,REV523
CLS000120,NAR000120_EN,Property Disputes,Land encroachment;Contested ownership,complaint_preparation;legal_aid_request,Seek mediation for a land-encroachment dispute,CASE_PREPARATION,False,False,False,physical,past,True,False,False,False,unknown,False,True,incident_preparation,Property Disputes,Property Disputes,Property Disputes,REV291
CLS000121,NAR000121_EN,Assault & Threats,Domestic dispute;Physical intimidation,complaint_preparation,Document intimidation during a domestic dispute,CASE_PREPARATION,False,False,False,physical,past,True,True,False,False,unknown,True,False,incident_preparation,Assault & Threats,Assault & Threats,Assault & Threats,REV158
CLS000122,NAR000122_EN,Cybercrime,Identity theft;Data breach;Financial compromise,complaint_preparation;legal_aid_request,File an identity-theft cybercrime complaint,CASE_PREPARATION,False,False,False,hybrid,past,True,False,False,False,unknown,True,True,incident_preparation,Cybercrime,Cybercrime,Cybercrime,REV984
CLS000123,NAR000123_EN,Financial Fraud,Loan approval scam;Document fraud;Asset misappropriation,complaint_preparation;legal_aid_request,Prepare a loan-scam complaint using audit trails,CASE_PREPARATION,False,False,False,hybrid,past,True,False,False,False,unknown,False,True,incident_preparation,Financial Fraud,Financial Fraud,Financial Fraud,REV916
CLS000124,NAR000124_EN,Theft and robbery,Chain snatching;Property loss,complaint_preparation,Prepare a chain-snatching report,CASE_PREPARATION,False,False,False,physical,past,True,True,False,False,unknown,False,False,incident_preparation,Theft and robbery,Theft and robbery,Theft and robbery,REV148
CLS000125,NAR000125_EN,Cybercrime,Phishing scam;Credential compromise,complaint_preparation;legal_aid_request,Report phishing and secure compromised credentials,CASE_PREPARATION,False,False,False,online,recent,True,True,False,False,unknown,True,True,incident_preparation,Cybercrime,Cybercrime,Cybercrime,REV468
CLS000126,NAR000126_EN,Cybercrime,Ransomware attack;Data breach;Financial compromise,complaint_preparation;legal_aid_request,File a ransomware cybercrime complaint,CASE_PREPARATION,False,False,False,online,recent,True,True,False,False,unknown,False,True,incident_preparation,Cybercrime,Cybercrime,Cybercrime,REV309
CLS000127,NAR000127_EN,Traffic & Road Incidents,Hit and run collision;Physical injury;Vehicle damage;Road obstruction,emergency_assistance;complaint_preparation,Obtain emergency and medical help at an active collision,EMERGENCY_MEDICAL,True,True,True,physical,current,True,False,True,False,unknown,False,False,emergency_redirect,Traffic & Road Incidents,Traffic & Road Incidents,Traffic & Road Incidents,REV413
CLS000128,NAR000128_EN,Family Law,Guardianship dispute;Court-order non-compliance,legal_aid_request;lawyer_handoff,Obtain legal guidance for an ongoing guardianship dispute,LEGAL_INFORMATION,False,True,False,physical,recent,False,False,False,False,True,False,True,quick_query,Family Law,Family Law,Family Law,REV747
CLS000129,NAR000129_EN,Traffic & Road Incidents,Traffic signal violation dispute;Vehicle damage;Road obstruction,complaint_preparation;legal_aid_request,Document a traffic-signal collision and blockage,CASE_PREPARATION,False,False,False,physical,recent,False,False,False,False,unknown,True,True,incident_preparation,Traffic & Road Incidents,Traffic & Road Incidents,Traffic & Road Incidents,REV353
CLS000130,NAR000130_EN,Property Disputes,Tenant-landlord conflict;Threatened escalation,complaint_preparation;legal_aid_request,Seek intervention in a tenant-landlord property dispute,CASE_PREPARATION,False,False,False,hybrid,past,True,True,False,False,unknown,True,True,incident_preparation,Property Disputes,Property Disputes,Property Disputes,REV933
CLS000131,NAR000131_EN,Consumer Disputes,Expired or contaminated goods sale;Refund refusal;Physical harm,complaint_preparation;legal_aid_request,Report unsafe goods and seek a refund,CASE_PREPARATION,False,False,False,physical,past,True,False,True,False,unknown,True,True,incident_preparation,Consumer Disputes,Consumer Disputes,Consumer Disputes,REV152
CLS000132,NAR000132_EN,Traffic & Road Incidents,Reckless driving confrontation;Traffic safety hazard,complaint_preparation,File a reckless-driving safety complaint,CASE_PREPARATION,False,False,False,physical,recent,True,False,False,False,unknown,True,False,incident_preparation,Traffic & Road Incidents,Traffic & Road Incidents,Traffic & Road Incidents,REV103
CLS000133,NAR000133_EN,Cybercrime,Ransomware attack;Account takeover;Unauthorized transfers,complaint_preparation,Report ransomware and financial loss,CASE_PREPARATION,False,False,False,online,past,True,True,False,False,unknown,True,False,incident_preparation,Cybercrime,Cybercrime,Cybercrime,REV477
CLS000134,NAR000134_EN,Cybercrime,Phishing scam;Credential compromise,complaint_preparation;legal_aid_request,Report phishing and secure the account,CASE_PREPARATION,False,False,False,online,past,True,True,False,False,unknown,True,True,incident_preparation,Cybercrime,Cybercrime,Cybercrime,REV908
CLS000135,NAR000135_EN,Property Disputes,Land encroachment;Property-rights infringement,complaint_preparation;legal_aid_request,File an urgent land-encroachment complaint,CASE_PREPARATION,False,False,False,physical,recent,True,True,False,False,unknown,False,True,incident_preparation,Property Disputes,Property Disputes,Property Disputes,REV173
CLS000136,NAR000136_EN,Cybercrime,Online banking fraud;Network intrusion;Credential compromise,complaint_preparation,Document the banking breach and containment,CASE_PREPARATION,False,False,False,online,recent,True,True,False,False,unknown,True,False,incident_preparation,Cybercrime,Cybercrime,Cybercrime,REV117
CLS000137,NAR000137_EN,Consumer Disputes,Refusal of service refund;Merchant refusal,complaint_preparation;legal_aid_request,Resolve an ongoing refund refusal,CASE_PREPARATION,False,True,False,online,current,True,False,False,False,unknown,True,True,incident_preparation,Consumer Disputes,Consumer Disputes,Consumer Disputes,REV365
CLS000138,NAR000138_EN,Consumer Disputes,False advertising and misrepresentation;Merchant refusal,complaint_preparation;legal_aid_request,File a false-advertising consumer complaint,CASE_PREPARATION,False,False,False,physical,recent,True,False,False,False,unknown,True,True,incident_preparation,Consumer Disputes,Consumer Disputes,Consumer Disputes,REV832
CLS000139,NAR000139_EN,Family Law,Divorce proceedings conflict;Maintenance dispute;Custody dispute,legal_aid_request;lawyer_handoff,Obtain legal intervention in a divorce and custody dispute,LEGAL_INFORMATION,False,True,False,hybrid,past,True,False,False,False,True,False,True,quick_query,Family Law,Family Law,Family Law,REV218
CLS000140,NAR000140_EN,Consumer Disputes,Defective product delivery;Refund refusal,complaint_preparation;legal_aid_request,Seek replacement or refund for a defective product,CASE_PREPARATION,False,False,False,hybrid,past,True,False,False,False,unknown,False,True,incident_preparation,Consumer Disputes,Consumer Disputes,Consumer Disputes,REV569
CLS000141,NAR000141_EN,Domestic Violence,Emotional and verbal abuse;Escalating domestic threats,complaint_preparation;legal_aid_request,Obtain protection from an escalating pattern of abuse,ONGOING_THREAT,False,True,False,physical,recent,False,True,False,False,unknown,True,True,incident_preparation,Domestic Violence,Domestic Violence,Domestic Violence,REV688
CLS000142,NAR000142_EN,Assault & Threats,Physical altercation;Physical injury;Threat of future harm,complaint_preparation,Document the assault and continuing threat,ONGOING_THREAT,False,True,False,physical,recent,True,True,True,False,unknown,True,False,incident_preparation,Assault & Threats,Assault & Threats,Assault & Threats,REV616
CLS000143,NAR000143_EN,Cybercrime,Cyberstalking;Account takeover;Fraudulent messages,complaint_preparation;legal_aid_request,Contain cyberstalking and warn contacts,ONGOING_THREAT,False,True,False,online,current,False,True,False,False,unknown,False,True,incident_preparation,Cybercrime,Cybercrime,Cybercrime,REV136
CLS000144,NAR000144_EN,Consumer Disputes,Refusal of service refund;Unfair trade practice,complaint_preparation,Prepare a refund-refusal complaint,CASE_PREPARATION,False,False,False,hybrid,past,True,False,False,False,unknown,True,False,incident_preparation,Consumer Disputes,Consumer Disputes,Consumer Disputes,REV888
CLS000145,NAR000145_EN,Theft and robbery,Vehicle theft;Property loss,emergency_assistance;fir_information,Report a vehicle theft that occurred moments ago,CASE_PREPARATION,False,True,False,physical,current,True,True,False,False,unknown,False,False,incident_preparation,Theft and robbery,Theft and robbery,Theft and robbery,REV793
CLS000146,NAR000146_EN,Consumer Disputes,Overcharging and hidden fees;Refund refusal,complaint_preparation,Challenge hidden charges and seek a refund,CASE_PREPARATION,False,False,False,physical,past,True,False,False,False,unknown,False,False,incident_preparation,Consumer Disputes,Consumer Disputes,Consumer Disputes,REV161
CLS000147,NAR000147_EN,Miscellaneous,Lost item reporting;Public assistance,complaint_preparation;legal_aid_request,Prepare a lost-item report,PROCEDURAL_ASSISTANCE,False,False,False,physical,past,True,False,False,False,unknown,False,True,incident_preparation,Miscellaneous,Miscellaneous,Miscellaneous,REV438
CLS000148,NAR000148_EN,Miscellaneous,Public nuisance dispute;Civic hazard,complaint_preparation;legal_aid_request,Submit a municipal nuisance grievance,CASE_PREPARATION,False,True,False,physical,recent,True,False,False,False,unknown,False,True,incident_preparation,Miscellaneous,Miscellaneous,Miscellaneous,REV978
CLS000149,NAR000149_EN,Assault & Threats,Physical altercation;Physical intimidation,complaint_preparation,Document a bar altercation,CASE_PREPARATION,False,False,False,physical,past,False,True,False,False,unknown,True,False,incident_preparation,Assault & Threats,Assault & Threats,Assault & Threats,REV916
CLS000150,NAR000150_EN,Traffic & Road Incidents,Drunk driving accident;Physical injury;Vehicle damage;Road obstruction,complaint_preparation,Report the drunk-driving collision and injuries,CASE_PREPARATION,False,False,False,physical,recent,True,False,True,False,unknown,True,False,incident_preparation,Traffic & Road Incidents,Traffic & Road Incidents,Traffic & Road Incidents,REV903
CLS000151,NAR000151_EN,Assault & Threats,Physical altercation;Physical injury;Direct threat,complaint_preparation,Prepare an assault report with medical details,CASE_PREPARATION,False,False,False,physical,past,False,True,True,False,unknown,False,False,incident_preparation,Assault & Threats,Assault & Threats,Assault & Threats,REV555
CLS000152,NAR000152_EN,Theft and robbery,Vehicle theft;Property loss,complaint_preparation;legal_aid_request,Prepare a vehicle-theft report with witness details,CASE_PREPARATION,False,False,False,physical,recent,True,False,False,False,unknown,False,True,incident_preparation,Theft and robbery,Theft and robbery,Theft and robbery,REV232
CLS000153,NAR000153_EN,Financial Fraud,Cheque forgery;Capital diversion;Audit evidence,complaint_preparation;legal_aid_request,Prepare a cheque-forgery case from transaction logs,CASE_PREPARATION,False,False,False,physical,recent,True,False,False,False,unknown,True,True,incident_preparation,Financial Fraud,Financial Fraud,Financial Fraud,REV533
CLS000154,NAR000154_EN,Family Law,Restitution of conjugal rights;Child visitation;Court compliance,legal_aid_request;complaint_preparation,Prepare documents for an active family-court matter,CASE_PREPARATION,False,True,False,physical,recent,False,False,False,False,True,True,True,incident_preparation,Family Law,Family Law,Family Law,REV676
CLS000155,NAR000155_EN,Theft and robbery,Shopbreaking;Property loss,complaint_preparation,Prepare a shopbreaking and property-loss report,CASE_PREPARATION,False,False,False,physical,past,True,True,False,False,unknown,False,False,incident_preparation,Theft and robbery,Theft and robbery,Theft and robbery,REV950
CLS000156,NAR000156_EN,Employment/Labour,Breach of employment contract;Labour-rights violation,complaint_preparation;legal_aid_request,File a labour grievance about a contract breach,CASE_PREPARATION,False,True,False,online,past,True,False,False,False,unknown,False,True,incident_preparation,Employment/Labour,Employment/Labour,Employment/Labour,REV494
CLS000157,NAR000157_EN,Assault & Threats,Verbal intimidation;Threat of future harm,complaint_preparation,Document intimidation and seek protection,ONGOING_THREAT,False,True,False,physical,past,False,True,False,False,unknown,True,False,incident_preparation,Assault & Threats,Assault & Threats,Assault & Threats,REV911
CLS000158,NAR000158_EN,Property Disputes,Illegal property possession;Unauthorized occupation,complaint_preparation;legal_aid_request,Prepare an illegal-possession case for civil review,CASE_PREPARATION,False,False,False,physical,past,True,False,False,False,unknown,False,True,incident_preparation,Property Disputes,Property Disputes,Property Disputes,REV868
CLS000159,NAR000159_EN,Consumer Disputes,Overcharging and hidden fees;Unfair trade practice,complaint_preparation,Prepare an overcharging complaint,CASE_PREPARATION,False,False,False,physical,recent,True,False,False,False,unknown,True,False,incident_preparation,Consumer Disputes,Consumer Disputes,Consumer Disputes,REV565
CLS000160,NAR000160_EN,Consumer Disputes,Overcharging and hidden fees;Refund refusal,complaint_preparation;legal_aid_request,Challenge hidden charges and seek a refund,CASE_PREPARATION,False,False,False,physical,recent,True,False,False,False,unknown,True,True,incident_preparation,Consumer Disputes,Consumer Disputes,Consumer Disputes,REV406
CLS000161,NAR000161_EN,Financial Fraud,Cheque forgery;Unauthorized transaction,complaint_preparation;legal_aid_request,File an urgent cheque-forgery grievance,CASE_PREPARATION,False,False,False,physical,recent,True,False,False,False,unknown,True,True,incident_preparation,Financial Fraud,Financial Fraud,Financial Fraud,REV935
CLS000162,NAR000162_EN,Domestic Violence,Spousal physical abuse;Escalating domestic threats,complaint_preparation;legal_aid_request,Obtain protection from escalating spousal abuse,ONGOING_THREAT,False,True,False,physical,past,False,True,False,False,unknown,True,True,incident_preparation,Domestic Violence,Domestic Violence,Domestic Violence,REV874
CLS000163,NAR000163_EN,Assault & Threats,Physical altercation;Physical injury;Direct threats,emergency_assistance;complaint_preparation,Obtain immediate safety and medical assistance,EMERGENCY_MEDICAL,True,True,True,physical,current,True,True,True,False,unknown,False,False,emergency_redirect,Assault & Threats,Assault & Threats,Assault & Threats,REV362
CLS000164,NAR000164_EN,Miscellaneous,Noise pollution grievance;Municipal complaint,complaint_preparation;legal_aid_request,Track a formal noise-pollution complaint,CASE_PREPARATION,False,False,False,physical,past,True,False,False,False,unknown,True,True,incident_preparation,Miscellaneous,Miscellaneous,Miscellaneous,REV214
CLS000165,NAR000165_EN,Family Law,Restitution of conjugal rights;Family conflict,legal_aid_request;complaint_preparation,Document a family dispute for mediation,CASE_PREPARATION,False,False,False,physical,recent,False,False,False,False,unknown,True,True,incident_preparation,Family Law,Family Law,Family Law,REV547
CLS000166,NAR000166_EN,Cybercrime,Identity theft;Account takeover;Fraudulent messages,complaint_preparation,Contain identity theft and warn contacts,ONGOING_THREAT,False,True,False,online,current,True,False,False,False,unknown,False,False,incident_preparation,Cybercrime,Cybercrime,Cybercrime,REV678
CLS000167,NAR000167_EN,Employment/Labour,Unfair termination;Statutory non-compliance,complaint_preparation;legal_aid_request,Challenge an unfair termination,CASE_PREPARATION,False,False,False,online,past,False,False,False,False,unknown,True,True,incident_preparation,Employment/Labour,Employment/Labour,Employment/Labour,REV408
CLS000168,NAR000168_EN,Theft and robbery,Chain snatching;Property loss,complaint_preparation;legal_aid_request,Prepare a chain-snatching report,CASE_PREPARATION,False,False,False,physical,recent,True,True,False,False,unknown,False,True,incident_preparation,Theft and robbery,Theft and robbery,Theft and robbery,REV738
CLS000169,NAR000169_EN,Employment/Labour,Unfair termination;Management non-compliance,complaint_preparation,Document unfair termination for labour review,CASE_PREPARATION,False,False,False,online,recent,True,False,False,False,unknown,True,False,incident_preparation,Employment/Labour,Employment/Labour,Employment/Labour,REV523
CLS000170,NAR000170_EN,Financial Fraud,Ponzi scheme investment fraud;Capital diversion,complaint_preparation;legal_aid_request,Prepare an investment-fraud case from transaction logs,CASE_PREPARATION,False,False,False,physical,recent,True,False,False,False,unknown,False,True,incident_preparation,Financial Fraud,Financial Fraud,Financial Fraud,REV654
CLS000171,NAR000171_EN,Employment/Labour,Breach of employment contract;Threatened termination,complaint_preparation,Document an employment-contract dispute,CASE_PREPARATION,False,False,False,online,past,True,False,False,False,unknown,False,False,incident_preparation,Employment/Labour,Employment/Labour,Employment/Labour,REV485
CLS000172,NAR000172_EN,Employment/Labour,Workplace harassment;Workplace-rights violation,complaint_preparation;legal_aid_request,Report ongoing workplace harassment,CASE_PREPARATION,False,True,False,physical,current,False,False,False,False,unknown,True,True,incident_preparation,Employment/Labour,Employment/Labour,Employment/Labour,REV454
CLS000173,NAR000173_EN,Theft and robbery,Shopbreaking;Property loss,complaint_preparation,Prepare a shopbreaking case record,CASE_PREPARATION,False,False,False,physical,recent,True,False,False,False,unknown,False,False,incident_preparation,Theft and robbery,Theft and robbery,Theft and robbery,REV499
CLS000174,NAR000174_EN,Miscellaneous,Minor civic infrastructure issue;Municipal service failure,complaint_preparation;legal_aid_request,Follow up on a civic-infrastructure complaint,CASE_PREPARATION,False,False,False,physical,recent,False,False,False,False,unknown,False,True,incident_preparation,Miscellaneous,Miscellaneous,Miscellaneous,REV187
CLS000175,NAR000175_EN,Cybercrime,Online banking fraud;Credential compromise,complaint_preparation,Report the online-banking breach,CASE_PREPARATION,False,False,False,online,past,True,True,False,False,unknown,False,False,incident_preparation,Cybercrime,Cybercrime,Cybercrime,REV205
CLS000176,NAR000176_EN,Assault & Threats,Road rage assault;Physical intimidation,complaint_preparation;legal_aid_request,Document a road-rage assault,CASE_PREPARATION,False,False,False,physical,recent,True,True,False,False,unknown,False,True,incident_preparation,Assault & Threats,Assault & Threats,Assault & Threats,REV330
CLS000177,NAR000177_EN,Theft and robbery,Chain snatching;Property loss,complaint_preparation;legal_aid_request,Prepare a chain-snatching case record,CASE_PREPARATION,False,False,False,physical,past,True,True,False,False,unknown,False,True,incident_preparation,Theft and robbery,Theft and robbery,Theft and robbery,REV237
CLS000178,NAR000178_EN,Assault & Threats,Road rage assault;Physical injury;Direct threats,complaint_preparation;legal_aid_request,Report a road-rage assault and seek protection,ONGOING_THREAT,False,True,False,physical,recent,False,True,True,False,unknown,False,True,incident_preparation,Assault & Threats,Assault & Threats,Assault & Threats,REV954
CLS000179,NAR000179_EN,Consumer Disputes,Refusal of service refund;Active merchant dispute,complaint_preparation;legal_aid_request,Resolve a refused service refund,CASE_PREPARATION,False,False,False,hybrid,recent,True,False,False,False,unknown,True,True,incident_preparation,Consumer Disputes,Consumer Disputes,Consumer Disputes,REV750
CLS000180,NAR000180_EN,Employment/Labour,Breach of employment contract;Threatened termination,complaint_preparation,Document an employment-contract dispute,CASE_PREPARATION,False,False,False,hybrid,past,True,False,False,False,unknown,True,False,incident_preparation,Employment/Labour,Employment/Labour,Employment/Labour,REV261
CLS000181,NAR000181_EN,Consumer Disputes,Expired or contaminated goods sale;Buyer safety risk;Physical harm,complaint_preparation,Escalate an unsafe-goods consumer complaint,CASE_PREPARATION,False,False,False,physical,recent,True,False,True,False,unknown,True,False,incident_preparation,Consumer Disputes,Consumer Disputes,Consumer Disputes,REV598
CLS000182,NAR000182_EN,Employment/Labour,Unfair termination;Labour-rights violation,complaint_preparation;legal_aid_request,File a labour grievance about unfair termination,CASE_PREPARATION,False,True,False,hybrid,past,True,False,False,False,unknown,False,True,incident_preparation,Employment/Labour,Employment/Labour,Employment/Labour,REV209
CLS000183,NAR000183_EN,Traffic & Road Incidents,Hit and run collision;Physical injury;Traffic hazard,complaint_preparation,File a hit-and-run traffic complaint,CASE_PREPARATION,False,False,False,physical,recent,True,False,True,False,unknown,True,False,incident_preparation,Traffic & Road Incidents,Traffic & Road Incidents,Traffic & Road Incidents,REV678
CLS000184,NAR000184_EN,Property Disputes,Land encroachment;Boundary damage;Threatened escalation,emergency_assistance;complaint_preparation;legal_aid_request,Stop active encroachment and document boundary damage,ONGOING_THREAT,False,True,False,physical,current,True,True,False,False,unknown,False,True,incident_preparation,Property Disputes,Property Disputes,Property Disputes,REV398
CLS000185,NAR000185_EN,Property Disputes,Inheritance property claim;Physical injury;Threatened escalation,complaint_preparation;legal_aid_request,Document an inheritance dispute and injury,CASE_PREPARATION,False,False,False,physical,recent,True,False,True,False,unknown,False,True,incident_preparation,Property Disputes,Property Disputes,Property Disputes,REV667
CLS000186,NAR000186_EN,Miscellaneous,Lost item reporting;Public assistance,complaint_preparation,Prepare a lost-item report,PROCEDURAL_ASSISTANCE,False,False,False,physical,recent,True,False,False,False,unknown,False,False,incident_preparation,Miscellaneous,Miscellaneous,Miscellaneous,REV945
CLS000187,NAR000187_EN,Miscellaneous,Noise pollution grievance;Municipal complaint,complaint_preparation,Submit a noise-pollution grievance,CASE_PREPARATION,False,False,False,physical,past,True,False,False,False,unknown,False,False,incident_preparation,Miscellaneous,Miscellaneous,Miscellaneous,REV475
CLS000188,NAR000188_EN,Property Disputes,Boundary wall dispute;Unauthorized alteration;Physical injury,complaint_preparation;legal_aid_request,Prepare a boundary-dispute complaint with injury details,CASE_PREPARATION,False,False,False,physical,recent,True,False,True,False,unknown,True,True,incident_preparation,Property Disputes,Property Disputes,Property Disputes,REV180
CLS000189,NAR000189_EN,Miscellaneous,Noise pollution grievance;Municipal complaint,complaint_preparation;legal_aid_request,Submit a noise-pollution grievance,CASE_PREPARATION,False,False,False,physical,recent,False,False,False,False,unknown,True,True,incident_preparation,Miscellaneous,Miscellaneous,Miscellaneous,REV319
CLS000190,NAR000190_EN,Employment/Labour,Unpaid wage dispute;Employment-contract breach,complaint_preparation;legal_aid_request,File a grievance to recover unpaid wages,CASE_PREPARATION,False,True,False,hybrid,recent,True,False,False,False,unknown,False,True,incident_preparation,Employment/Labour,Employment/Labour,Employment/Labour,REV257
CLS000191,NAR000191_EN,Theft and robbery,Online phishing theft;Property loss,complaint_preparation;legal_aid_request,Prepare an online phishing-theft report,CASE_PREPARATION,False,False,False,hybrid,recent,True,False,False,False,unknown,False,True,incident_preparation,Theft and robbery,Theft and robbery,Theft and robbery,REV689
CLS000192,NAR000192_EN,Theft and robbery,Pickpocketing;Property loss;Use of force,complaint_preparation;legal_aid_request,Prepare a pickpocketing report with witness details,CASE_PREPARATION,False,False,False,physical,recent,True,True,False,False,unknown,True,True,incident_preparation,Theft and robbery,Theft and robbery,Theft and robbery,REV378
CLS000193,NAR000193_EN,Consumer Disputes,Expired or contaminated goods sale;Merchant refusal;Physical harm,complaint_preparation;legal_aid_request,Report unsafe goods and related harm,CASE_PREPARATION,False,False,False,physical,recent,True,False,True,False,unknown,False,True,incident_preparation,Consumer Disputes,Consumer Disputes,Consumer Disputes,REV382
CLS000194,NAR000194_EN,Domestic Violence,Emotional and verbal abuse;Property damage;Unlawful confinement,emergency_assistance;complaint_preparation,Get immediate protection while hiding from the aggressor,EMERGENCY_CURRENT_DANGER,True,True,False,physical,current,True,True,False,False,unknown,True,False,emergency_redirect,Domestic Violence,Domestic Violence,Domestic Violence,REV868
CLS000195,NAR000195_EN,Miscellaneous,Noise pollution grievance;Public disturbance,complaint_preparation,Document a noise-pollution grievance,CASE_PREPARATION,False,False,False,physical,past,True,False,False,False,unknown,False,False,incident_preparation,Miscellaneous,Miscellaneous,Miscellaneous,REV203
CLS000196,NAR000196_EN,Employment/Labour,Workplace harassment;Threatened termination,complaint_preparation;legal_aid_request,Document workplace harassment and employment threats,CASE_PREPARATION,False,True,False,hybrid,past,False,False,False,False,unknown,False,True,incident_preparation,Employment/Labour,Employment/Labour,Employment/Labour,REV335
CLS000197,NAR000197_EN,Property Disputes,Land encroachment;Boundary damage;Threatened escalation,emergency_assistance;complaint_preparation;legal_aid_request,Stop active encroachment and document the damage,ONGOING_THREAT,False,True,False,physical,current,True,True,False,False,unknown,True,True,incident_preparation,Property Disputes,Property Disputes,Property Disputes,REV791
CLS000198,NAR000198_EN,Financial Fraud,Loan approval scam;Unauthorized charges,complaint_preparation;legal_aid_request,Freeze affected accounts and report the loan scam,ONGOING_THREAT,False,True,False,hybrid,recent,True,False,False,False,unknown,True,True,incident_preparation,Financial Fraud,Financial Fraud,Financial Fraud,REV953
CLS000199,NAR000199_EN,Theft and robbery,Pickpocketing;Property loss,complaint_preparation;legal_aid_request,Prepare a pickpocketing report,CASE_PREPARATION,False,False,False,physical,past,True,True,False,False,unknown,False,True,incident_preparation,Theft and robbery,Theft and robbery,Theft and robbery,REV297
CLS000200,NAR000200_EN,Cybercrime,Cyberstalking;Account takeover;Unauthorized transfers,complaint_preparation,Report cyberstalking and financial compromise,ONGOING_THREAT,False,True,False,hybrid,recent,True,True,False,False,unknown,True,False,incident_preparation,Cybercrime,Cybercrime,Cybercrime,REV640
CLS000201,NAR000201_EN,Cybercrime,Identity theft;Data breach;Financial compromise,complaint_preparation,File an identity-theft cybercrime complaint,CASE_PREPARATION,False,False,False,online,past,True,False,False,False,unknown,False,False,incident_preparation,Cybercrime,Cybercrime,Cybercrime,REV599
CLS000202,NAR000202_EN,Property Disputes,Land encroachment;Unauthorized construction;Direct threats,complaint_preparation;legal_aid_request,Stop active encroachment and document threats,ONGOING_THREAT,False,True,False,physical,current,True,True,False,False,unknown,True,True,incident_preparation,Property Disputes,Property Disputes,Property Disputes,REV663
CLS000203,NAR000203_EN,Property Disputes,Boundary wall dispute;Boundary damage;Threatened escalation,emergency_assistance;complaint_preparation;legal_aid_request,Stop an active boundary takeover and document damage,ONGOING_THREAT,False,True,False,physical,current,True,True,False,False,unknown,True,True,incident_preparation,Property Disputes,Property Disputes,Property Disputes,REV160
CLS000204,NAR000204_EN,Cybercrime,Cyberstalking;Credential compromise,complaint_preparation,Report cyberstalking and preserve technical evidence,ONGOING_THREAT,False,True,False,hybrid,past,True,True,False,False,unknown,False,False,incident_preparation,Cybercrime,Cybercrime,Cybercrime,REV742
CLS000205,NAR000205_EN,Family Law,Child custody dispute;Court-order non-compliance,legal_aid_request;lawyer_handoff,Obtain legal guidance for an ongoing custody dispute,LEGAL_INFORMATION,False,True,False,physical,recent,True,True,False,False,True,False,True,quick_query,Family Law,Family Law,Family Law,REV456
CLS000206,NAR000206_EN,Domestic Violence,Economic deprivation;Coercive control;Continuing domestic abuse,complaint_preparation;legal_aid_request,Document continuing economic abuse and seek intervention,ONGOING_THREAT,False,True,False,hybrid,past,False,True,False,False,unknown,False,True,incident_preparation,Domestic Violence,Domestic Violence,Domestic Violence,REV684
CLS000207,NAR000207_EN,Employment/Labour,Unpaid wage dispute;Statutory non-compliance,complaint_preparation;legal_aid_request,File a grievance to recover unpaid wages,CASE_PREPARATION,False,False,False,hybrid,past,True,False,False,False,unknown,False,True,incident_preparation,Employment/Labour,Employment/Labour,Employment/Labour,REV236
CLS000208,NAR000208_EN,Family Law,Restitution of conjugal rights;Child visitation;Court compliance,legal_aid_request;complaint_preparation,Prepare documents for an active family-court matter,CASE_PREPARATION,False,True,False,physical,recent,False,False,False,False,True,False,True,incident_preparation,Family Law,Family Law,Family Law,REV971
CLS000209,NAR000209_EN,Employment/Labour,Workplace harassment;Management misconduct,complaint_preparation,Document workplace harassment witnessed by a coworker,CASE_PREPARATION,False,True,False,hybrid,recent,False,False,False,False,unknown,True,False,incident_preparation,Employment/Labour,Employment/Labour,Employment/Labour,REV458
CLS000210,NAR000210_EN,Property Disputes,Land encroachment;Threatened escalation,complaint_preparation;legal_aid_request,Document land encroachment and prevent escalation,CASE_PREPARATION,False,False,False,physical,past,True,True,False,False,unknown,True,True,incident_preparation,Property Disputes,Property Disputes,Property Disputes,REV223
CLS000211,NAR000211_EN,Theft and robbery,Armed robbery;Property loss;Direct threat,emergency_assistance;fir_information;legal_aid_request,Get immediate help during an armed robbery,EMERGENCY_CURRENT_DANGER,True,True,False,physical,current,True,True,False,True,unknown,True,True,emergency_redirect,Theft and robbery,Theft and robbery,Theft and robbery,REV324
CLS000212,NAR000212_EN,Theft and robbery,Shopbreaking;Property loss;Use of force,complaint_preparation;legal_aid_request,Prepare a shopbreaking report with witness details,CASE_PREPARATION,False,False,False,physical,recent,True,True,False,False,unknown,False,True,incident_preparation,Theft and robbery,Theft and robbery,Theft and robbery,REV535
CLS000213,NAR000213_EN,Theft and robbery,Vehicle theft;Property loss,complaint_preparation,Prepare a vehicle-theft report,CASE_PREPARATION,False,False,False,physical,past,True,True,False,False,unknown,True,False,incident_preparation,Theft and robbery,Theft and robbery,Theft and robbery,REV630
CLS000214,NAR000214_EN,Consumer Disputes,Refusal of service refund;Active merchant dispute,complaint_preparation;legal_aid_request,Resolve a refused service refund,CASE_PREPARATION,False,False,False,online,recent,True,False,False,False,unknown,False,True,incident_preparation,Consumer Disputes,Consumer Disputes,Consumer Disputes,REV224
CLS000215,NAR000215_EN,Domestic Violence,Emotional and verbal abuse;Property damage;Unlawful confinement,emergency_assistance;legal_aid_request,Get immediate protection while hiding from the aggressor,EMERGENCY_CURRENT_DANGER,True,True,False,physical,current,True,True,False,False,unknown,False,True,emergency_redirect,Domestic Violence,Domestic Violence,Domestic Violence,REV950
CLS000216,NAR000216_EN,Cybercrime,Cyberstalking;Credential theft;Asset misappropriation,complaint_preparation;legal_aid_request,Report cyberstalking with preserved digital logs,ONGOING_THREAT,False,True,False,online,past,True,True,False,False,unknown,True,True,incident_preparation,Cybercrime,Cybercrime,Cybercrime,REV913
CLS000217,NAR000217_EN,Family Law,Child custody dispute;Maintenance dispute;Court compliance,legal_aid_request;lawyer_handoff,Obtain legal intervention in a custody dispute,LEGAL_INFORMATION,False,True,False,hybrid,recent,True,False,False,False,True,True,True,quick_query,Family Law,Family Law,Family Law,REV643
CLS000218,NAR000218_EN,Assault & Threats,Online harassment & threats;Immediate threat,complaint_preparation;legal_aid_request,Document online threats and seek protection,ONGOING_THREAT,False,True,False,online,recent,True,True,False,False,unknown,False,True,incident_preparation,Assault & Threats,Assault & Threats,Assault & Threats,REV684
CLS000219,NAR000219_EN,Theft and robbery,House burglary;Property loss,complaint_preparation,Prepare a burglary and property-loss report,CASE_PREPARATION,False,False,False,physical,past,True,True,False,False,unknown,False,False,incident_preparation,Theft and robbery,Theft and robbery,Theft and robbery,REV349
CLS000220,NAR000220_EN,Assault & Threats,Verbal intimidation;Immediate threat,emergency_assistance;legal_aid_request,Get immediate protection from ongoing intimidation,EMERGENCY_CURRENT_DANGER,True,True,False,hybrid,current,False,True,False,False,unknown,False,True,emergency_redirect,Assault & Threats,Assault & Threats,Assault & Threats,REV590
CLS000221,NAR000221_EN,Cybercrime,Ransomware attack;Account takeover;Fraudulent messages,complaint_preparation,Contain a recent ransomware compromise and warn contacts,ONGOING_THREAT,False,True,False,online,current,True,True,False,False,unknown,False,False,incident_preparation,Cybercrime,Cybercrime,Cybercrime,REV917
CLS000222,NAR000222_EN,Property Disputes,Illegal property possession;Boundary damage;Threatened escalation,emergency_assistance;complaint_preparation;legal_aid_request,Stop active illegal possession and document damage,ONGOING_THREAT,False,True,False,physical,current,True,True,False,False,unknown,True,True,incident_preparation,Property Disputes,Property Disputes,Property Disputes,REV569
CLS000223,NAR000223_EN,Assault & Threats,Verbal intimidation;Direct threat,complaint_preparation,Prepare an intimidation complaint,CASE_PREPARATION,False,False,False,hybrid,past,False,True,False,False,unknown,True,False,incident_preparation,Assault & Threats,Assault & Threats,Assault & Threats,REV817
CLS000224,NAR000224_EN,Family Law,Restitution of conjugal rights;Court-order non-compliance,legal_aid_request;lawyer_handoff,Obtain legal guidance on family-court non-compliance,LEGAL_INFORMATION,False,True,False,physical,recent,False,False,False,False,unknown,False,True,quick_query,Family Law,Family Law,Family Law,REV806
CLS000225,NAR000225_EN,Family Law,Divorce proceedings conflict;Court-order non-compliance,legal_aid_request;lawyer_handoff,Obtain legal guidance on divorce-order non-compliance,LEGAL_INFORMATION,False,True,False,physical,recent,False,False,False,False,unknown,True,True,quick_query,Family Law,Family Law,Family Law,REV773
CLS000226,NAR000226_EN,Property Disputes,Boundary wall dispute;Threatened escalation,complaint_preparation;legal_aid_request,Document a boundary dispute and prevent escalation,CASE_PREPARATION,False,False,False,physical,past,True,True,False,False,unknown,False,True,incident_preparation,Property Disputes,Property Disputes,Property Disputes,REV112
CLS000227,NAR000227_EN,Family Law,Restitution of conjugal rights;Court-order non-compliance,legal_aid_request;lawyer_handoff,Obtain legal guidance on family-court non-compliance,LEGAL_INFORMATION,False,True,False,physical,past,True,False,False,False,unknown,True,True,quick_query,Family Law,Family Law,Family Law,REV143
CLS000228,NAR000228_EN,Family Law,Guardianship dispute;Custody arrangements;Court compliance,legal_aid_request;lawyer_handoff,Obtain legal intervention in a guardianship dispute,LEGAL_INFORMATION,False,True,False,hybrid,recent,False,False,False,False,True,False,True,quick_query,Family Law,Family Law,Family Law,REV287
CLS000229,NAR000229_EN,Assault & Threats,Online harassment & threats;Direct threat,complaint_preparation,Document online threats for police review,ONGOING_THREAT,False,True,False,online,past,False,True,False,False,unknown,True,False,incident_preparation,Assault & Threats,Assault & Threats,Assault & Threats,REV475
CLS000230,NAR000230_EN,Financial Fraud,Insurance claim fraud;Unauthorized transaction,complaint_preparation;legal_aid_request,File an insurance-fraud grievance,CASE_PREPARATION,False,False,False,hybrid,recent,True,False,False,False,unknown,False,True,incident_preparation,Financial Fraud,Financial Fraud,Financial Fraud,REV346
CLS000231,NAR000231_EN,Assault & Threats,Online harassment & threats;Direct threats,complaint_preparation;legal_aid_request,Document online harassment and request protection,ONGOING_THREAT,False,True,False,online,past,True,True,False,False,unknown,True,True,incident_preparation,Assault & Threats,Assault & Threats,Assault & Threats,REV903
CLS000232,NAR000232_EN,Property Disputes,Tenant-landlord conflict;Unauthorized structures;Direct threats,complaint_preparation;legal_aid_request,Stop active encroachment and document threats,ONGOING_THREAT,False,True,False,hybrid,current,True,True,False,False,unknown,False,True,incident_preparation,Property Disputes,Property Disputes,Property Disputes,REV790
CLS000233,NAR000233_EN,Domestic Violence,Intimate partner violence;Continuing domestic abuse,complaint_preparation;legal_aid_request,Document continuing partner violence and seek protection,ONGOING_THREAT,False,True,False,physical,past,False,True,False,False,unknown,True,True,incident_preparation,Domestic Violence,Domestic Violence,Domestic Violence,REV241
CLS000234,NAR000234_EN,Theft and robbery,House burglary;Property loss,emergency_assistance;fir_information,Report a burglary that occurred moments ago,CASE_PREPARATION,False,False,False,physical,recent,True,False,False,False,unknown,False,False,incident_preparation,Theft and robbery,Theft and robbery,Theft and robbery,REV847
CLS000235,NAR000235_EN,Theft and robbery,Armed robbery;Property loss;CCTV evidence,complaint_preparation;fir_information;legal_aid_request,File an armed-robbery complaint and request CCTV review,CASE_PREPARATION,False,False,False,physical,recent,True,True,False,True,unknown,True,True,incident_preparation,Theft and robbery,Theft and robbery,Theft and robbery,REV799
CLS000236,NAR000236_EN,Assault & Threats,Verbal intimidation;Immediate threat,complaint_preparation;legal_aid_request,Document intimidation and seek protection,ONGOING_THREAT,False,True,False,hybrid,recent,True,True,False,False,unknown,True,True,incident_preparation,Assault & Threats,Assault & Threats,Assault & Threats,REV576
CLS000237,NAR000237_EN,Miscellaneous,Public nuisance dispute;Road obstruction,complaint_preparation,Report a public nuisance blocking access,CASE_PREPARATION,False,False,False,physical,recent,True,False,False,False,unknown,True,False,incident_preparation,Miscellaneous,Miscellaneous,Miscellaneous,REV123
CLS000238,NAR000238_EN,Employment/Labour,Safe working conditions violation;Physical injury,complaint_preparation;legal_aid_request,File an unsafe-workplace grievance with injury details,CASE_PREPARATION,False,False,False,physical,recent,False,False,True,False,unknown,False,True,incident_preparation,Employment/Labour,Employment/Labour,Employment/Labour,REV805
CLS000239,NAR000239_EN,Miscellaneous,Public nuisance dispute;Municipal notification,complaint_preparation,Submit a public-nuisance notification,CASE_PREPARATION,False,False,False,physical,past,True,False,False,False,unknown,False,False,incident_preparation,Miscellaneous,Miscellaneous,Miscellaneous,REV421
CLS000240,NAR000240_EN,Employment/Labour,Unpaid wage dispute;Management refusal,complaint_preparation;legal_aid_request,Document an unpaid-wage dispute,CASE_PREPARATION,False,True,False,physical,recent,True,False,False,False,unknown,False,True,incident_preparation,Employment/Labour,Employment/Labour,Employment/Labour,REV144
CLS000241,NAR000241_EN,Traffic & Road Incidents,Hit and run collision;Physical injury;Vehicle damage,complaint_preparation;legal_aid_request,Prepare a hit-and-run report with injury details,CASE_PREPARATION,False,False,False,physical,past,True,False,True,False,unknown,True,True,incident_preparation,Traffic & Road Incidents,Traffic & Road Incidents,Traffic & Road Incidents,REV115
CLS000242,NAR000242_EN,Miscellaneous,Stray animal hazard;Road obstruction,complaint_preparation,Report a stray-animal hazard,PROCEDURAL_ASSISTANCE,False,False,False,physical,past,False,False,False,False,unknown,False,False,incident_preparation,Miscellaneous,Miscellaneous,Miscellaneous,REV934
CLS000243,NAR000243_EN,Miscellaneous,Stray animal hazard;Active road obstruction,emergency_assistance;legal_aid_request,Warn road users and request civic assistance,PROCEDURAL_ASSISTANCE,False,True,False,physical,current,True,False,False,False,unknown,False,True,incident_preparation,Miscellaneous,Miscellaneous,Miscellaneous,REV313
CLS000244,NAR000244_EN,Cybercrime,Ransomware attack;Network intrusion,complaint_preparation;legal_aid_request,Document ransomware and containment measures,CASE_PREPARATION,False,False,False,online,past,True,True,False,False,unknown,True,True,incident_preparation,Cybercrime,Cybercrime,Cybercrime,REV767
CLS000245,NAR000245_EN,Cybercrime,Identity theft;Credential compromise,complaint_preparation;legal_aid_request,Report identity theft and preserve technical evidence,CASE_PREPARATION,False,False,False,hybrid,recent,True,False,False,False,unknown,True,True,incident_preparation,Cybercrime,Cybercrime,Cybercrime,REV691
CLS000246,NAR000246_EN,Family Law,Alimony and maintenance claim;Maintenance dispute,legal_aid_request;lawyer_handoff,Obtain legal guidance on alimony and maintenance,LEGAL_INFORMATION,False,True,False,online,past,True,False,False,False,unknown,False,True,quick_query,Family Law,Family Law,Family Law,REV744
CLS000247,NAR000247_EN,Theft and robbery,Armed robbery;Property loss;CCTV evidence,complaint_preparation;fir_information;legal_aid_request,File an armed-robbery complaint and request CCTV review,CASE_PREPARATION,False,False,False,physical,past,True,True,False,True,unknown,True,True,incident_preparation,Theft and robbery,Theft and robbery,Theft and robbery,REV928
CLS000248,NAR000248_EN,Property Disputes,Inheritance property claim;Property-rights infringement,complaint_preparation;legal_aid_request,File an inheritance-property complaint,CASE_PREPARATION,False,False,False,hybrid,past,True,True,False,False,unknown,False,True,incident_preparation,Property Disputes,Property Disputes,Property Disputes,REV278
CLS000249,NAR000249_EN,Cybercrime,Online banking fraud;Credential compromise,complaint_preparation;legal_aid_request,Report the online-banking breach,CASE_PREPARATION,False,False,False,online,recent,True,True,False,False,unknown,True,True,incident_preparation,Cybercrime,Cybercrime,Cybercrime,REV181
CLS000250,NAR000250_EN,Assault & Threats,Online harassment & threats;Immediate physical threat,emergency_assistance,Get immediate protection from active online threats,EMERGENCY_CURRENT_DANGER,True,True,False,online,current,False,True,False,False,unknown,False,False,emergency_redirect,Assault & Threats,Assault & Threats,Assault & Threats,REV382
CLS000251,NAR000251_EN,Cybercrime,Phishing scam;Data breach;Financial compromise,complaint_preparation,File a phishing cybercrime complaint,CASE_PREPARATION,False,False,False,online,recent,True,False,False,False,unknown,False,False,incident_preparation,Cybercrime,Cybercrime,Cybercrime,REV358
CLS000252,NAR000252_EN,Assault & Threats,Physical altercation;Physical intimidation,complaint_preparation;legal_aid_request,Document a witnessed physical altercation,CASE_PREPARATION,False,False,False,physical,past,True,True,False,False,unknown,True,True,incident_preparation,Assault & Threats,Assault & Threats,Assault & Threats,REV788
CLS000253,NAR000253_EN,Consumer Disputes,Overcharging and hidden fees;Merchant refusal,complaint_preparation,File an overcharging consumer complaint,CASE_PREPARATION,False,False,False,physical,recent,True,False,False,False,unknown,True,False,incident_preparation,Consumer Disputes,Consumer Disputes,Consumer Disputes,REV985
CLS000254,NAR000254_EN,Theft and robbery,Online phishing theft;Property loss,complaint_preparation;legal_aid_request,Prepare an online phishing-theft report,CASE_PREPARATION,False,False,False,hybrid,recent,True,True,False,False,unknown,True,True,incident_preparation,Theft and robbery,Theft and robbery,Theft and robbery,REV690
CLS000255,NAR000255_EN,Consumer Disputes,Refusal of service refund;Regulatory escalation,complaint_preparation;legal_aid_request,Escalate an unresolved refund complaint,CASE_PREPARATION,False,False,False,online,recent,True,False,False,False,unknown,True,True,incident_preparation,Consumer Disputes,Consumer Disputes,Consumer Disputes,REV587
CLS000256,NAR000256_EN,Assault & Threats,Domestic dispute;Threat of future harm,complaint_preparation,Document a domestic threat and seek protection,ONGOING_THREAT,False,True,False,physical,recent,True,True,False,False,unknown,True,False,incident_preparation,Assault & Threats,Assault & Threats,Assault & Threats,REV700
CLS000257,NAR000257_EN,Family Law,Guardianship dispute;Child access;Court-order non-compliance,legal_aid_request;lawyer_handoff,Find a family lawyer for an urgent guardianship motion,LEGAL_INFORMATION,False,True,False,physical,recent,False,False,False,False,True,True,True,quick_query,Family Law,Family Law,Family Law,REV141
CLS000258,NAR000258_EN,Domestic Violence,Dowry harassment;Unlawful confinement;Immediate fear,emergency_assistance;complaint_preparation,Get immediate safety assistance after being locked in a room,EMERGENCY_CURRENT_DANGER,True,True,False,hybrid,current,False,True,False,False,unknown,False,False,emergency_redirect,Domestic Violence,Domestic Violence,Domestic Violence,REV510
CLS000259,NAR000259_EN,Assault & Threats,Physical altercation;Immediate physical threat,emergency_assistance,Get immediate protection during an active altercation,EMERGENCY_CURRENT_DANGER,True,True,False,physical,current,False,True,False,False,unknown,True,False,emergency_redirect,Assault & Threats,Assault & Threats,Assault & Threats,REV279
CLS000260,NAR000260_EN,Family Law,Alimony and maintenance claim;Active family dispute,legal_aid_request;lawyer_handoff,Obtain legal guidance on an ongoing maintenance dispute,LEGAL_INFORMATION,False,True,False,hybrid,current,True,False,False,False,unknown,True,True,quick_query,Family Law,Family Law,Family Law,REV400
CLS000261,NAR000261_EN,Employment/Labour,Breach of employment contract;Unpaid dues,complaint_preparation;legal_aid_request,Recover employment dues and document the breach,CASE_PREPARATION,False,True,False,online,past,True,False,False,False,unknown,False,True,incident_preparation,Employment/Labour,Employment/Labour,Employment/Labour,REV379
CLS000262,NAR000262_EN,Family Law,Restitution of conjugal rights;Court-order non-compliance,legal_aid_request;lawyer_handoff,Obtain legal guidance for an ongoing family-court dispute,LEGAL_INFORMATION,False,True,False,physical,current,False,False,False,False,unknown,True,True,quick_query,Family Law,Family Law,Family Law,REV564
CLS000263,NAR000263_EN,Traffic & Road Incidents,Traffic signal violation dispute;Vehicle damage;Traffic hazard,complaint_preparation,Document a traffic-signal collision,CASE_PREPARATION,False,False,False,physical,recent,False,False,False,False,unknown,False,False,incident_preparation,Traffic & Road Incidents,Traffic & Road Incidents,Traffic & Road Incidents,REV834
CLS000264,NAR000264_EN,Cybercrime,Cyberstalking;Credential theft;Asset misappropriation,complaint_preparation;legal_aid_request,Report ongoing cyberstalking with digital logs,ONGOING_THREAT,False,True,False,online,current,False,True,False,False,unknown,True,True,incident_preparation,Cybercrime,Cybercrime,Cybercrime,REV871
CLS000265,NAR000265_EN,Family Law,Restitution of conjugal rights;Child visitation;Court compliance,legal_aid_request;complaint_preparation,Prepare documents for a family-court matter,CASE_PREPARATION,False,True,False,physical,past,True,False,False,False,True,False,True,incident_preparation,Family Law,Family Law,Family Law,REV919
CLS000266,NAR000266_EN,Theft and robbery,Chain snatching;Property loss,complaint_preparation,Prepare a chain-snatching report,CASE_PREPARATION,False,False,False,physical,past,True,True,False,False,unknown,False,False,incident_preparation,Theft and robbery,Theft and robbery,Theft and robbery,REV491
CLS000267,NAR000267_EN,Employment/Labour,Safe working conditions violation;Physical injury;Threatened termination,complaint_preparation;legal_aid_request,Report unsafe conditions and protect affected workers,CASE_PREPARATION,False,True,False,physical,recent,True,False,True,False,unknown,True,True,incident_preparation,Employment/Labour,Employment/Labour,Employment/Labour,REV108
CLS000268,NAR000268_EN,Consumer Disputes,False advertising and misrepresentation;Regulatory escalation,complaint_preparation;legal_aid_request,Escalate an unresolved false-advertising claim,CASE_PREPARATION,False,False,False,physical,recent,True,False,False,False,unknown,True,True,incident_preparation,Consumer Disputes,Consumer Disputes,Consumer Disputes,REV434
CLS000269,NAR000269_EN,Cybercrime,Phishing scam;Data breach;Financial compromise,complaint_preparation,File a phishing cybercrime complaint,CASE_PREPARATION,False,False,False,online,recent,True,False,False,False,unknown,True,False,incident_preparation,Cybercrime,Cybercrime,Cybercrime,REV243
CLS000270,NAR000270_EN,Family Law,Restitution of conjugal rights;Maintenance dispute;Custody arrangements,legal_aid_request;lawyer_handoff,Obtain legal intervention in a family-court dispute,LEGAL_INFORMATION,False,True,False,physical,recent,False,False,False,False,True,False,True,quick_query,Family Law,Family Law,Family Law,REV515
CLS000271,NAR000271_EN,Family Law,Restitution of conjugal rights;Child access;Court-order non-compliance,legal_aid_request;lawyer_handoff,Find a family lawyer for an urgent motion,LEGAL_INFORMATION,False,True,False,physical,past,False,False,False,False,True,True,True,quick_query,Family Law,Family Law,Family Law,REV592
CLS000272,NAR000272_EN,Family Law,Guardianship dispute;Child visitation;Court compliance,legal_aid_request;complaint_preparation,Prepare guardianship documents for family court,CASE_PREPARATION,False,True,False,physical,past,False,False,False,False,True,True,True,incident_preparation,Family Law,Family Law,Family Law,REV196
CLS000273,NAR000273_EN,Assault & Threats,Domestic dispute;Physical or verbal hostility,complaint_preparation,Document a domestic confrontation,CASE_PREPARATION,False,False,False,physical,recent,True,True,False,False,unknown,False,False,incident_preparation,Assault & Threats,Assault & Threats,Assault & Threats,REV956
CLS000274,NAR000274_EN,Assault & Threats,Domestic dispute;Immediate physical threat,emergency_assistance,Get immediate protection from an active domestic threat,EMERGENCY_CURRENT_DANGER,True,True,False,physical,current,False,True,False,False,unknown,True,False,emergency_redirect,Assault & Threats,Assault & Threats,Assault & Threats,REV529
CLS000275,NAR000275_EN,Miscellaneous,Stray animal hazard;Civic hazard,complaint_preparation,Submit a municipal stray-animal grievance,CASE_PREPARATION,False,True,False,physical,past,True,False,False,False,unknown,False,False,incident_preparation,Miscellaneous,Miscellaneous,Miscellaneous,REV417
CLS000276,NAR000276_EN,Traffic & Road Incidents,Drunk driving accident;Vehicle collision,complaint_preparation;legal_aid_request,Prepare a drunk-driving collision report,CASE_PREPARATION,False,False,False,physical,past,True,False,False,False,unknown,False,True,incident_preparation,Traffic & Road Incidents,Traffic & Road Incidents,Traffic & Road Incidents,REV449
CLS000277,NAR000277_EN,Property Disputes,Illegal property possession;Unauthorized occupation,complaint_preparation;legal_aid_request,Prepare an illegal-possession case for civil review,CASE_PREPARATION,False,False,False,physical,past,True,False,False,False,unknown,False,True,incident_preparation,Property Disputes,Property Disputes,Property Disputes,REV699
CLS000278,NAR000278_EN,Assault & Threats,Verbal intimidation;Physical intimidation,complaint_preparation;legal_aid_request,Document a witnessed intimidation incident,CASE_PREPARATION,False,False,False,hybrid,past,True,True,False,False,unknown,True,True,incident_preparation,Assault & Threats,Assault & Threats,Assault & Threats,REV101
CLS000279,NAR000279_EN,Assault & Threats,Verbal intimidation;Potential bodily harm,complaint_preparation,Document intimidation and safety concerns,ONGOING_THREAT,False,True,False,hybrid,past,True,True,False,False,unknown,False,False,incident_preparation,Assault & Threats,Assault & Threats,Assault & Threats,REV944
CLS000280,NAR000280_EN,Traffic & Road Incidents,Illegal parking blockage;Vehicle damage;Traffic obstruction,complaint_preparation;legal_aid_request,Report the parking blockage and vehicle damage,CASE_PREPARATION,False,False,False,physical,recent,True,False,False,False,unknown,False,True,incident_preparation,Traffic & Road Incidents,Traffic & Road Incidents,Traffic & Road Incidents,REV173
CLS000281,NAR000281_EN,Theft and robbery,Armed robbery;Physical injury;Property loss,complaint_preparation;fir_information,Prepare an armed-robbery report with injury details,CASE_PREPARATION,False,False,False,physical,recent,True,True,True,True,unknown,False,False,incident_preparation,Theft and robbery,Theft and robbery,Theft and robbery,REV343
CLS000282,NAR000282_EN,Assault & Threats,Physical altercation;Physical injury;Immediate threat,emergency_assistance,Get immediate safety and medical assistance,EMERGENCY_MEDICAL,True,True,True,physical,current,False,True,True,False,unknown,True,False,emergency_redirect,Assault & Threats,Assault & Threats,Assault & Threats,REV645
CLS000283,NAR000283_EN,Theft and robbery,Armed robbery;Physical injury;Property loss,complaint_preparation;fir_information,Prepare an armed-robbery case record,CASE_PREPARATION,False,False,False,physical,recent,True,True,True,True,unknown,True,False,incident_preparation,Theft and robbery,Theft and robbery,Theft and robbery,REV577
CLS000284,NAR000284_EN,Property Disputes,Illegal property possession;Property-rights infringement,complaint_preparation;legal_aid_request,File an illegal-possession property complaint,CASE_PREPARATION,False,False,False,physical,recent,True,True,False,False,unknown,True,True,incident_preparation,Property Disputes,Property Disputes,Property Disputes,REV268
CLS000285,NAR000285_EN,Financial Fraud,Loan approval scam;Forgery;Financial loss,complaint_preparation,Report a loan scam and recover lost funds,CASE_PREPARATION,False,False,False,hybrid,recent,True,False,False,False,unknown,False,False,incident_preparation,Financial Fraud,Financial Fraud,Financial Fraud,REV496
CLS000286,NAR000286_EN,Property Disputes,Land encroachment;Unauthorized occupation,complaint_preparation;legal_aid_request,Prepare a land-encroachment case for civil review,CASE_PREPARATION,False,False,False,physical,past,True,True,False,False,unknown,True,True,incident_preparation,Property Disputes,Property Disputes,Property Disputes,REV454
CLS000287,NAR000287_EN,Family Law,Restitution of conjugal rights;Guardianship or maintenance dispute,legal_aid_request;lawyer_handoff,Obtain legal guidance and family mediation,LEGAL_INFORMATION,False,True,False,physical,past,True,False,False,False,True,False,True,quick_query,Family Law,Family Law,Family Law,REV767
CLS000288,NAR000288_EN,Domestic Violence,Emotional and verbal abuse;Escalating domestic threats,complaint_preparation;legal_aid_request,Obtain protection from escalating emotional abuse,ONGOING_THREAT,False,True,False,physical,recent,True,True,False,False,unknown,False,True,incident_preparation,Domestic Violence,Domestic Violence,Domestic Violence,REV175
CLS000289,NAR000289_EN,Assault & Threats,Verbal intimidation;Physical or verbal hostility,complaint_preparation,Document an intimidation incident,CASE_PREPARATION,False,False,False,hybrid,recent,False,True,False,False,unknown,False,False,incident_preparation,Assault & Threats,Assault & Threats,Assault & Threats,REV517
CLS000290,NAR000290_EN,Property Disputes,Land encroachment;Property-rights infringement,complaint_preparation;legal_aid_request,File a land-encroachment property complaint,CASE_PREPARATION,False,False,False,physical,past,True,False,False,False,unknown,False,True,incident_preparation,Property Disputes,Property Disputes,Property Disputes,REV943
CLS000291,NAR000291_EN,Employment/Labour,Safe working conditions violation;Management refusal,complaint_preparation;legal_aid_request,Document unsafe construction-site conditions,CASE_PREPARATION,False,False,False,physical,past,False,False,False,False,unknown,False,True,incident_preparation,Employment/Labour,Employment/Labour,Employment/Labour,REV391
CLS000292,NAR000292_EN,Assault & Threats,Domestic dispute;Threat of future harm,complaint_preparation,Document a domestic threat and seek protection,ONGOING_THREAT,False,True,False,physical,past,False,True,False,False,unknown,False,False,incident_preparation,Assault & Threats,Assault & Threats,Assault & Threats,REV948
CLS000293,NAR000293_EN,Domestic Violence,Economic deprivation;Unlawful confinement;Immediate fear,emergency_assistance;legal_aid_request,Get immediate safety assistance after being locked in a room,EMERGENCY_CURRENT_DANGER,True,True,False,physical,current,True,True,False,False,unknown,True,True,emergency_redirect,Domestic Violence,Domestic Violence,Domestic Violence,REV988
CLS000294,NAR000294_EN,Assault & Threats,Verbal intimidation;Physical intimidation,complaint_preparation,Document a witnessed intimidation incident,CASE_PREPARATION,False,False,False,hybrid,recent,False,True,False,False,unknown,False,False,incident_preparation,Assault & Threats,Assault & Threats,Assault & Threats,REV904
CLS000295,NAR000295_EN,Cybercrime,Cyberstalking;Credential compromise,complaint_preparation,Report ongoing cyberstalking and preserve logs,ONGOING_THREAT,False,True,False,online,recent,False,True,False,False,unknown,False,False,incident_preparation,Cybercrime,Cybercrime,Cybercrime,REV489
CLS000296,NAR000296_EN,Domestic Violence,Economic deprivation;Property damage;Continuing domestic abuse,emergency_assistance;legal_aid_request,Document domestic abuse and obtain protective assistance,ONGOING_THREAT,False,True,False,physical,recent,True,True,False,False,unknown,False,True,incident_preparation,Domestic Violence,Domestic Violence,Domestic Violence,REV445
CLS000297,NAR000297_EN,Traffic & Road Incidents,Hit and run collision;Physical injury;Vehicle damage,complaint_preparation;legal_aid_request,Prepare a hit-and-run report with injury details,CASE_PREPARATION,False,False,False,physical,past,True,False,True,False,unknown,True,True,incident_preparation,Traffic & Road Incidents,Traffic & Road Incidents,Traffic & Road Incidents,REV763
CLS000298,NAR000298_EN,Cybercrime,Cyberstalking;Network intrusion,complaint_preparation;legal_aid_request,Document cyberstalking and technical containment,ONGOING_THREAT,False,True,False,online,past,False,True,False,False,unknown,False,True,incident_preparation,Cybercrime,Cybercrime,Cybercrime,REV967
CLS000299,NAR000299_EN,Theft and robbery,Pickpocketing;Property loss,complaint_preparation;legal_aid_request,Prepare a pickpocketing case record,CASE_PREPARATION,False,False,False,physical,recent,True,False,False,False,unknown,True,True,incident_preparation,Theft and robbery,Theft and robbery,Theft and robbery,REV256
CLS000300,NAR000300_EN,Financial Fraud,Loan approval scam;Unauthorized charges,complaint_preparation;legal_aid_request,Freeze affected accounts and report the loan scam,ONGOING_THREAT,False,True,False,hybrid,current,True,False,False,False,unknown,True,True,incident_preparation,Financial Fraud,Financial Fraud,Financial Fraud,REV653
CLS000301,NAR000301_EN,Cybercrime,Ransomware attack;Data breach;Financial compromise,complaint_preparation;legal_aid_request,File a ransomware cybercrime complaint,CASE_PREPARATION,False,False,False,online,past,True,True,False,False,unknown,True,True,incident_preparation,Cybercrime,Cybercrime,Cybercrime,REV848
CLS000302,NAR000302_EN,Theft and robbery,Online phishing theft;Property loss,complaint_preparation,Prepare an online phishing-theft report,CASE_PREPARATION,False,False,False,online,past,True,False,False,False,unknown,True,False,incident_preparation,Theft and robbery,Theft and robbery,Theft and robbery,REV872
CLS000303,NAR000303_EN,Traffic & Road Incidents,Illegal parking blockage;Traffic safety hazard,complaint_preparation;legal_aid_request,File an illegal-parking safety complaint,CASE_PREPARATION,False,False,False,physical,past,True,False,False,False,unknown,True,True,incident_preparation,Traffic & Road Incidents,Traffic & Road Incidents,Traffic & Road Incidents,REV228
CLS000304,NAR000304_EN,Theft and robbery,Armed robbery;Property loss,emergency_assistance;fir_information,Report a recent armed robbery and locate police help,CASE_PREPARATION,False,False,False,physical,recent,True,True,False,True,unknown,False,False,incident_preparation,Theft and robbery,Theft and robbery,Theft and robbery,REV214
CLS000305,NAR000305_EN,Consumer Disputes,Refusal of service refund;Unfair trade practice,complaint_preparation;legal_aid_request,Prepare a refund-refusal complaint,CASE_PREPARATION,False,False,False,online,past,True,False,False,False,unknown,True,True,incident_preparation,Consumer Disputes,Consumer Disputes,Consumer Disputes,REV709
CLS000306,NAR000306_EN,Family Law,Child custody dispute;Court-order non-compliance,legal_aid_request;lawyer_handoff,Obtain legal guidance for a custody dispute,LEGAL_INFORMATION,False,True,False,hybrid,past,False,False,False,False,True,False,True,quick_query,Family Law,Family Law,Family Law,REV427
CLS000307,NAR000307_EN,Cybercrime,Social media hacking;Network intrusion,complaint_preparation;legal_aid_request,Document a social-media intrusion and containment,CASE_PREPARATION,False,False,False,online,past,False,False,False,False,unknown,False,True,incident_preparation,Cybercrime,Cybercrime,Cybercrime,REV678
CLS000308,NAR000308_EN,Financial Fraud,Credit card cloning;Capital diversion,complaint_preparation;legal_aid_request,Prepare a card-cloning case from transaction logs,CASE_PREPARATION,False,False,False,physical,past,True,False,False,False,unknown,True,True,incident_preparation,Financial Fraud,Financial Fraud,Financial Fraud,REV819
CLS000309,NAR000309_EN,Cybercrime,Social media hacking;Credential theft,complaint_preparation;legal_aid_request,Report a social-media breach with digital logs,CASE_PREPARATION,False,False,False,online,past,True,True,False,False,unknown,True,True,incident_preparation,Cybercrime,Cybercrime,Cybercrime,REV272
CLS000310,NAR000310_EN,Cybercrime,Social media hacking;Account takeover;Fraudulent messages,complaint_preparation,Contain a hacked account and warn contacts,ONGOING_THREAT,False,True,False,online,current,True,True,False,False,unknown,False,False,incident_preparation,Cybercrime,Cybercrime,Cybercrime,REV292
CLS000311,NAR000311_EN,Cybercrime,Ransomware attack;Data breach;Financial compromise,complaint_preparation,File a ransomware cybercrime complaint,CASE_PREPARATION,False,False,False,online,past,True,True,False,False,unknown,True,False,incident_preparation,Cybercrime,Cybercrime,Cybercrime,REV969
CLS000312,NAR000312_EN,Theft and robbery,Shopbreaking;Property loss,complaint_preparation,Prepare a shopbreaking report,CASE_PREPARATION,False,False,False,physical,recent,True,False,False,False,unknown,True,False,incident_preparation,Theft and robbery,Theft and robbery,Theft and robbery,REV314
CLS000313,NAR000313_EN,Financial Fraud,Credit card cloning;Capital diversion,complaint_preparation;legal_aid_request,Prepare a card-cloning case from transaction logs,CASE_PREPARATION,False,False,False,hybrid,recent,True,False,False,False,unknown,False,True,incident_preparation,Financial Fraud,Financial Fraud,Financial Fraud,REV642
CLS000314,NAR000314_EN,Theft and robbery,Online phishing theft;Property loss,complaint_preparation;legal_aid_request,Report online phishing theft and recover losses,CASE_PREPARATION,False,False,False,hybrid,recent,True,True,False,False,unknown,False,True,incident_preparation,Theft and robbery,Theft and robbery,Theft and robbery,REV308
CLS000315,NAR000315_EN,Family Law,Guardianship dispute;Court-order non-compliance,legal_aid_request;lawyer_handoff,Obtain legal guidance for a guardianship dispute,LEGAL_INFORMATION,False,True,False,physical,recent,True,True,False,False,True,True,True,quick_query,Family Law,Family Law,Family Law,REV721
CLS000316,NAR000316_EN,Consumer Disputes,Overcharging and hidden fees;Refund refusal,complaint_preparation;legal_aid_request,Challenge hidden charges and seek a refund,CASE_PREPARATION,False,False,False,physical,recent,True,False,False,False,unknown,True,True,incident_preparation,Consumer Disputes,Consumer Disputes,Consumer Disputes,REV160
CLS000317,NAR000317_EN,Miscellaneous,Noise pollution grievance;Current civic nuisance,complaint_preparation;legal_aid_request,Report an ongoing noise disturbance,PROCEDURAL_ASSISTANCE,False,True,False,physical,current,False,False,False,False,unknown,False,True,incident_preparation,Miscellaneous,Miscellaneous,Miscellaneous,REV815
CLS000318,NAR000318_EN,Consumer Disputes,False advertising and misrepresentation;Unfair trade practice,complaint_preparation;legal_aid_request,Prepare a false-advertising complaint,CASE_PREPARATION,False,False,False,online,recent,True,False,False,False,unknown,True,True,incident_preparation,Consumer Disputes,Consumer Disputes,Consumer Disputes,REV605
CLS000319,NAR000319_EN,Property Disputes,Inheritance property claim;Threatened escalation,complaint_preparation;legal_aid_request,Document an inheritance dispute and prevent escalation,CASE_PREPARATION,False,False,False,physical,recent,True,True,False,False,unknown,False,True,incident_preparation,Property Disputes,Property Disputes,Property Disputes,REV313
CLS000320,NAR000320_EN,Traffic & Road Incidents,Reckless driving confrontation;Physical injury;Active road hazard,emergency_assistance;complaint_preparation,Obtain emergency and medical help at an active crash,EMERGENCY_MEDICAL,True,True,True,physical,current,False,True,True,False,unknown,True,False,emergency_redirect,Traffic & Road Incidents,Traffic & Road Incidents,Traffic & Road Incidents,REV435
CLS000321,NAR000321_EN,Consumer Disputes,Defective product delivery;Refund refusal,complaint_preparation,Report a defective product and seek a refund,CASE_PREPARATION,False,False,False,physical,recent,True,False,False,False,unknown,False,False,incident_preparation,Consumer Disputes,Consumer Disputes,Consumer Disputes,REV153
CLS000322,NAR000322_EN,Miscellaneous,Minor civic infrastructure issue;Public disturbance,complaint_preparation,Document a minor civic infrastructure issue,CASE_PREPARATION,False,False,False,physical,recent,True,False,False,False,unknown,False,False,incident_preparation,Miscellaneous,Miscellaneous,Miscellaneous,REV270
CLS000323,NAR000323_EN,Miscellaneous,Lost item reporting;Public assistance,complaint_preparation;legal_aid_request,Prepare a lost-item report,PROCEDURAL_ASSISTANCE,False,False,False,physical,past,True,False,False,False,unknown,False,True,incident_preparation,Miscellaneous,Miscellaneous,Miscellaneous,REV164
CLS000324,NAR000324_EN,Theft and robbery,Chain snatching;Property loss,complaint_preparation,Prepare a chain-snatching report,CASE_PREPARATION,False,False,False,physical,past,True,True,False,False,unknown,True,False,incident_preparation,Theft and robbery,Theft and robbery,Theft and robbery,REV208
CLS000325,NAR000325_EN,Domestic Violence,Dowry harassment;Continuing domestic abuse,complaint_preparation,Document ongoing dowry harassment,ONGOING_THREAT,False,True,False,hybrid,recent,False,True,False,False,unknown,False,False,incident_preparation,Domestic Violence,Domestic Violence,Domestic Violence,REV782
CLS000326,NAR000326_EN,Financial Fraud,Cheque forgery;Instrument forgery,complaint_preparation,Prepare a cheque-forgery case for financial review,CASE_PREPARATION,False,False,False,physical,recent,True,False,False,False,unknown,False,False,incident_preparation,Financial Fraud,Financial Fraud,Financial Fraud,REV313
CLS000327,NAR000327_EN,Family Law,Divorce proceedings conflict;Family confrontation,legal_aid_request;lawyer_handoff,Obtain legal guidance for a divorce dispute,LEGAL_INFORMATION,False,True,False,physical,recent,False,False,False,False,unknown,False,True,quick_query,Family Law,Family Law,Family Law,REV896
CLS000328,NAR000328_EN,Financial Fraud,Loan approval scam;Forgery;Financial loss,complaint_preparation;legal_aid_request,Report a loan scam and recover lost funds,CASE_PREPARATION,False,False,False,hybrid,recent,True,False,False,False,unknown,False,True,incident_preparation,Financial Fraud,Financial Fraud,Financial Fraud,REV668
CLS000329,NAR000329_EN,Miscellaneous,Minor civic infrastructure issue;Current road obstruction,complaint_preparation;legal_aid_request,Report an active civic obstruction,PROCEDURAL_ASSISTANCE,False,True,False,physical,current,False,False,False,False,unknown,True,True,incident_preparation,Miscellaneous,Miscellaneous,Miscellaneous,REV900
CLS000330,NAR000330_EN,Assault & Threats,Online harassment & threats;Threat of future harm,complaint_preparation;legal_aid_request,Document online threats and seek protection,ONGOING_THREAT,False,True,False,online,recent,True,True,False,False,unknown,False,True,incident_preparation,Assault & Threats,Assault & Threats,Assault & Threats,REV335
CLS000331,NAR000331_EN,Financial Fraud,Insurance claim fraud;Unauthorized transfers,complaint_preparation,Document insurance fraud using transaction records,CASE_PREPARATION,False,False,False,online,recent,True,False,False,False,unknown,False,False,incident_preparation,Financial Fraud,Financial Fraud,Financial Fraud,REV239
CLS000332,NAR000332_EN,Assault & Threats,Verbal intimidation;Threat of future harm,complaint_preparation;legal_aid_request,Document workplace intimidation and seek protection,ONGOING_THREAT,False,True,False,hybrid,recent,False,True,False,False,unknown,True,True,incident_preparation,Assault & Threats,Assault & Threats,Assault & Threats,REV420
CLS000333,NAR000333_EN,Cybercrime,Phishing scam;Credential compromise,complaint_preparation,Report phishing and secure compromised credentials,CASE_PREPARATION,False,False,False,online,past,True,True,False,False,unknown,True,False,incident_preparation,Cybercrime,Cybercrime,Cybercrime,REV469
CLS000334,NAR000334_EN,Family Law,Alimony and maintenance claim;Custody arrangements,legal_aid_request;lawyer_handoff,Obtain legal guidance on maintenance and custody,LEGAL_INFORMATION,False,True,False,hybrid,past,True,False,False,False,True,False,True,quick_query,Family Law,Family Law,Family Law,REV423
CLS000335,NAR000335_EN,Employment/Labour,Safe working conditions violation;Physical injury,complaint_preparation;legal_aid_request,File an unsafe-workplace grievance with injury details,CASE_PREPARATION,False,False,False,physical,past,True,False,True,False,unknown,False,True,incident_preparation,Employment/Labour,Employment/Labour,Employment/Labour,REV516
CLS000336,NAR000336_EN,Theft and robbery,House burglary;Property loss,complaint_preparation,Prepare a burglary case record,CASE_PREPARATION,False,False,False,physical,recent,True,True,False,False,unknown,True,False,incident_preparation,Theft and robbery,Theft and robbery,Theft and robbery,REV929
CLS000337,NAR000337_EN,Assault & Threats,Online harassment & threats;Immediate physical threat,emergency_assistance,Get immediate protection from active online threats,EMERGENCY_CURRENT_DANGER,True,True,False,online,current,False,True,False,False,unknown,False,False,emergency_redirect,Assault & Threats,Assault & Threats,Assault & Threats,REV295
CLS000338,NAR000338_EN,Consumer Disputes,False advertising and misrepresentation;Merchant refusal,complaint_preparation;legal_aid_request,Prepare a false-advertising complaint,CASE_PREPARATION,False,False,False,online,past,True,False,False,False,unknown,True,True,incident_preparation,Consumer Disputes,Consumer Disputes,Consumer Disputes,REV537
CLS000339,NAR000339_EN,Financial Fraud,Loan approval scam;Unauthorized transfers,complaint_preparation;legal_aid_request,Document a loan scam and unauthorized transfers,CASE_PREPARATION,False,False,False,online,recent,True,False,False,False,unknown,True,True,incident_preparation,Financial Fraud,Financial Fraud,Financial Fraud,REV320
CLS000340,NAR000340_EN,Financial Fraud,Credit card cloning;Document fraud;Asset misappropriation,complaint_preparation;legal_aid_request,Prepare a card-cloning complaint using audit trails,CASE_PREPARATION,False,False,False,hybrid,past,True,False,False,False,unknown,False,True,incident_preparation,Financial Fraud,Financial Fraud,Financial Fraud,REV501
CLS000341,NAR000341_EN,Employment/Labour,Unpaid wage dispute;Management refusal,complaint_preparation;legal_aid_request,Recover unpaid wages and document the dispute,CASE_PREPARATION,False,True,False,physical,past,True,False,False,False,unknown,False,True,incident_preparation,Employment/Labour,Employment/Labour,Employment/Labour,REV980
CLS000342,NAR000342_EN,Theft and robbery,Shopbreaking;Property loss,emergency_assistance;fir_information;legal_aid_request,Report a recent shopbreaking and locate police help,CASE_PREPARATION,False,False,False,physical,recent,True,True,False,False,unknown,False,True,incident_preparation,Theft and robbery,Theft and robbery,Theft and robbery,REV245
CLS000343,NAR000343_EN,Family Law,Restitution of conjugal rights;Child visitation;Court compliance,legal_aid_request;complaint_preparation,Prepare documents for an active family-court matter,CASE_PREPARATION,False,True,False,physical,recent,False,False,False,False,True,False,True,incident_preparation,Family Law,Family Law,Family Law,REV202
CLS000344,NAR000344_EN,Cybercrime,Social media hacking;Credential compromise,complaint_preparation;legal_aid_request,Report a social-media breach,CASE_PREPARATION,False,False,False,online,recent,False,False,False,False,unknown,True,True,incident_preparation,Cybercrime,Cybercrime,Cybercrime,REV304
CLS000345,NAR000345_EN,Theft and robbery,Shopbreaking;Property loss,emergency_assistance;fir_information,Report a recent shopbreaking and locate police help,CASE_PREPARATION,False,False,False,physical,recent,True,True,False,False,unknown,False,False,incident_preparation,Theft and robbery,Theft and robbery,Theft and robbery,REV246
CLS000346,NAR000346_EN,Employment/Labour,Breach of employment contract;Workplace non-compliance,complaint_preparation;legal_aid_request,Document an employment-contract breach,CASE_PREPARATION,False,True,False,online,past,True,False,False,False,unknown,True,True,incident_preparation,Employment/Labour,Employment/Labour,Employment/Labour,REV932
CLS000347,NAR000347_EN,Theft and robbery,House burglary;Property loss,complaint_preparation,Prepare a burglary report,CASE_PREPARATION,False,False,False,physical,recent,True,True,False,False,unknown,False,False,incident_preparation,Theft and robbery,Theft and robbery,Theft and robbery,REV295
CLS000348,NAR000348_EN,Assault & Threats,Online harassment & threats;Immediate physical threat,emergency_assistance,Get immediate protection from active online threats,EMERGENCY_CURRENT_DANGER,True,True,False,online,current,True,True,False,False,unknown,True,False,emergency_redirect,Assault & Threats,Assault & Threats,Assault & Threats,REV249
CLS000349,NAR000349_EN,Property Disputes,Illegal property possession;Property-rights infringement,complaint_preparation;legal_aid_request,File an illegal-possession property complaint,CASE_PREPARATION,False,False,False,physical,past,True,True,False,False,unknown,True,True,incident_preparation,Property Disputes,Property Disputes,Property Disputes,REV668
CLS000350,NAR000350_EN,Family Law,Divorce proceedings conflict;Child access;Court-order non-compliance,legal_aid_request;lawyer_handoff,Find a family lawyer for an urgent divorce motion,LEGAL_INFORMATION,False,True,False,physical,recent,False,False,False,False,True,False,True,quick_query,Family Law,Family Law,Family Law,REV995
CLS000351,NAR000351_EN,Cybercrime,Social media hacking;Account takeover;Financial compromise,complaint_preparation,Report a hacked account and financial loss,CASE_PREPARATION,False,False,False,online,past,False,False,False,False,unknown,False,False,incident_preparation,Cybercrime,Cybercrime,Cybercrime,REV366
CLS000352,NAR000352_EN,Financial Fraud,Credit card cloning;Forgery;Financial loss,complaint_preparation;legal_aid_request,Report card cloning and recover lost funds,CASE_PREPARATION,False,False,False,physical,recent,True,True,False,False,unknown,True,True,incident_preparation,Financial Fraud,Financial Fraud,Financial Fraud,REV327
CLS000353,NAR000353_EN,Cybercrime,Cyberstalking;Credential compromise,complaint_preparation;legal_aid_request,Report continuing cyberstalking,ONGOING_THREAT,False,True,False,hybrid,past,True,True,False,False,unknown,False,True,incident_preparation,Cybercrime,Cybercrime,Cybercrime,REV125
CLS000354,NAR000354_EN,Property Disputes,Land encroachment;Unauthorized construction;Direct threats,complaint_preparation;legal_aid_request,Stop active encroachment and document threats,ONGOING_THREAT,False,True,False,physical,current,True,True,False,False,unknown,False,True,incident_preparation,Property Disputes,Property Disputes,Property Disputes,REV994
CLS000355,NAR000355_EN,Cybercrime,Online banking fraud;Network intrusion,complaint_preparation;legal_aid_request,Document a banking intrusion and containment,CASE_PREPARATION,False,False,False,online,recent,True,False,False,False,unknown,False,True,incident_preparation,Cybercrime,Cybercrime,Cybercrime,REV733
CLS000356,NAR000356_EN,Theft and robbery,Chain snatching;Property loss,emergency_assistance;fir_information,Report a recent chain snatching and locate police help,CASE_PREPARATION,False,False,False,physical,recent,True,True,False,False,unknown,True,False,incident_preparation,Theft and robbery,Theft and robbery,Theft and robbery,REV413
CLS000357,NAR000357_EN,Property Disputes,Boundary wall dispute;Unauthorized alteration;Physical injury,complaint_preparation;legal_aid_request,Prepare a boundary-dispute complaint with injury details,CASE_PREPARATION,False,False,False,physical,recent,True,False,True,False,unknown,False,True,incident_preparation,Property Disputes,Property Disputes,Property Disputes,REV633
CLS000358,NAR000358_EN,Financial Fraud,Cheque forgery;Forgery;Financial loss,complaint_preparation;legal_aid_request,Report cheque forgery and recover lost funds,CASE_PREPARATION,False,False,False,physical,recent,True,True,False,False,unknown,True,True,incident_preparation,Financial Fraud,Financial Fraud,Financial Fraud,REV651
CLS000359,NAR000359_EN,Family Law,Alimony and maintenance claim;Child visitation;Court compliance,legal_aid_request;complaint_preparation,Prepare maintenance and visitation documents for court,CASE_PREPARATION,False,True,False,online,recent,True,False,False,False,True,False,True,incident_preparation,Family Law,Family Law,Family Law,REV630
CLS000360,NAR000360_EN,Theft and robbery,House burglary;Property loss,complaint_preparation;legal_aid_request,Prepare a burglary and property-loss report,CASE_PREPARATION,False,False,False,physical,past,True,False,False,False,unknown,False,True,incident_preparation,Theft and robbery,Theft and robbery,Theft and robbery,REV744
CLS000361,NAR000361_EN,Cybercrime,Identity theft;Account takeover;Fraudulent messages,complaint_preparation,Contain identity theft and warn contacts,ONGOING_THREAT,False,True,False,hybrid,current,False,True,False,False,unknown,True,False,incident_preparation,Cybercrime,Cybercrime,Cybercrime,REV770
CLS000362,NAR000362_EN,Theft and robbery,Vehicle theft;Property loss,complaint_preparation,Prepare a vehicle-theft report,CASE_PREPARATION,False,False,False,physical,past,True,True,False,False,unknown,True,False,incident_preparation,Theft and robbery,Theft and robbery,Theft and robbery,REV325
CLS000363,NAR000363_EN,Consumer Disputes,Overcharging and hidden fees;Refund refusal,complaint_preparation;legal_aid_request,Challenge hidden charges and seek a refund,CASE_PREPARATION,False,False,False,physical,past,True,False,False,False,unknown,False,True,incident_preparation,Consumer Disputes,Consumer Disputes,Consumer Disputes,REV410
CLS000364,NAR000364_EN,Cybercrime,Online banking fraud;Credential compromise,complaint_preparation;legal_aid_request,Report an online-banking fraud incident,CASE_PREPARATION,False,False,False,online,recent,True,False,False,False,unknown,False,True,incident_preparation,Cybercrime,Cybercrime,Cybercrime,REV288
CLS000365,NAR000365_EN,Property Disputes,Inheritance property claim;Contested ownership,complaint_preparation;legal_aid_request,Seek mediation for an inheritance-property dispute,CASE_PREPARATION,False,True,False,hybrid,recent,True,False,False,False,unknown,False,True,incident_preparation,Property Disputes,Property Disputes,Property Disputes,REV917
CLS000366,NAR000366_EN,Domestic Violence,Spousal physical abuse;Physical injury;Escalating domestic threats,complaint_preparation,Obtain protection from escalating spousal abuse,ONGOING_THREAT,False,True,False,physical,past,True,True,True,False,unknown,False,False,incident_preparation,Domestic Violence,Domestic Violence,Domestic Violence,REV815
CLS000367,NAR000367_EN,Consumer Disputes,Expired or contaminated goods sale;Merchant refusal;Physical harm,complaint_preparation;legal_aid_request,Report unsafe goods and related harm,CASE_PREPARATION,False,False,False,physical,past,True,False,True,False,unknown,True,True,incident_preparation,Consumer Disputes,Consumer Disputes,Consumer Disputes,REV873
CLS000368,NAR000368_EN,Family Law,Child custody dispute;Maintenance dispute;Court compliance,legal_aid_request;lawyer_handoff,Obtain legal intervention in a custody dispute,LEGAL_INFORMATION,False,True,False,physical,past,True,False,False,False,True,True,True,quick_query,Family Law,Family Law,Family Law,REV395
CLS000369,NAR000369_EN,Employment/Labour,Unpaid wage dispute;Employment-contract breach,complaint_preparation;legal_aid_request,File a grievance to recover unpaid wages,CASE_PREPARATION,False,True,False,hybrid,recent,True,False,False,False,unknown,False,True,incident_preparation,Employment/Labour,Employment/Labour,Employment/Labour,REV318
CLS000370,NAR000370_EN,Family Law,Guardianship dispute;Child access;Court-order non-compliance,legal_aid_request;lawyer_handoff,Find a family lawyer for an urgent guardianship motion,LEGAL_INFORMATION,False,True,False,hybrid,past,False,True,False,False,True,True,True,quick_query,Family Law,Family Law,Family Law,REV768
CLS000371,NAR000371_EN,Property Disputes,Tenant-landlord conflict;Unauthorized structures;Direct threats,complaint_preparation;legal_aid_request,Stop active occupation and document threats,ONGOING_THREAT,False,True,False,physical,current,True,True,False,False,unknown,False,True,incident_preparation,Property Disputes,Property Disputes,Property Disputes,REV535
CLS000372,NAR000372_EN,Cybercrime,Phishing scam;Credential compromise,complaint_preparation,Report phishing and secure credentials,CASE_PREPARATION,False,False,False,online,past,True,True,False,False,unknown,True,False,incident_preparation,Cybercrime,Cybercrime,Cybercrime,REV285
CLS000373,NAR000373_EN,Cybercrime,Ransomware attack;Credential theft;Asset misappropriation,complaint_preparation;legal_aid_request,Report ransomware with preserved digital logs,CASE_PREPARATION,False,False,False,online,recent,True,True,False,False,unknown,False,True,incident_preparation,Cybercrime,Cybercrime,Cybercrime,REV543
CLS000374,NAR000374_EN,Domestic Violence,Spousal physical abuse;Physical injury;Property damage,emergency_assistance;complaint_preparation,Document domestic abuse and obtain protective assistance,ONGOING_THREAT,False,True,False,physical,past,True,True,True,False,unknown,True,False,incident_preparation,Domestic Violence,Domestic Violence,Domestic Violence,REV258
CLS000375,NAR000375_EN,Family Law,Restitution of conjugal rights;Guardianship or maintenance dispute,legal_aid_request;lawyer_handoff,Obtain legal guidance and family mediation,LEGAL_INFORMATION,False,True,False,physical,past,False,False,False,False,True,False,True,quick_query,Family Law,Family Law,Family Law,REV472
CLS000376,NAR000376_EN,Employment/Labour,Breach of employment contract;Management non-compliance,complaint_preparation;legal_aid_request,Escalate an employment-contract breach,CASE_PREPARATION,False,False,False,online,past,True,False,False,False,unknown,False,True,incident_preparation,Employment/Labour,Employment/Labour,Employment/Labour,REV819
CLS000377,NAR000377_EN,Theft and robbery,Online phishing theft;Property loss,complaint_preparation;legal_aid_request,File an online phishing-theft complaint,CASE_PREPARATION,False,False,False,hybrid,past,True,False,False,False,unknown,False,True,incident_preparation,Theft and robbery,Theft and robbery,Theft and robbery,REV343
CLS000378,NAR000378_EN,Property Disputes,Boundary wall dispute;Physical injury;Threatened escalation,complaint_preparation;legal_aid_request,Document a boundary dispute and injury,CASE_PREPARATION,False,False,False,physical,past,True,True,True,False,unknown,False,True,incident_preparation,Property Disputes,Property Disputes,Property Disputes,REV276
CLS000379,NAR000379_EN,Property Disputes,Land encroachment;Threatened escalation,complaint_preparation;legal_aid_request,Document land encroachment and prevent escalation,CASE_PREPARATION,False,False,False,physical,recent,True,True,False,False,unknown,True,True,incident_preparation,Property Disputes,Property Disputes,Property Disputes,REV263
CLS000380,NAR000380_EN,Theft and robbery,Chain snatching;Property loss,complaint_preparation;legal_aid_request,Prepare a chain-snatching report,CASE_PREPARATION,False,False,False,physical,past,True,True,False,False,unknown,False,True,incident_preparation,Theft and robbery,Theft and robbery,Theft and robbery,REV633
CLS000381,NAR000381_EN,Theft and robbery,Shopbreaking;Property loss,complaint_preparation;legal_aid_request,Prepare a shopbreaking report,CASE_PREPARATION,False,False,False,physical,recent,True,False,False,False,unknown,False,True,incident_preparation,Theft and robbery,Theft and robbery,Theft and robbery,REV400
CLS000382,NAR000382_EN,Miscellaneous,Noise pollution grievance;Public obstruction,complaint_preparation,Submit a noise-pollution grievance,CASE_PREPARATION,False,False,False,physical,recent,True,False,False,False,unknown,False,False,incident_preparation,Miscellaneous,Miscellaneous,Miscellaneous,REV683
CLS000383,NAR000383_EN,Traffic & Road Incidents,Reckless driving confrontation;Physical injury;Vehicle damage,complaint_preparation;legal_aid_request,Prepare a reckless-driving collision report,CASE_PREPARATION,False,False,False,physical,recent,True,True,True,False,unknown,True,True,incident_preparation,Traffic & Road Incidents,Traffic & Road Incidents,Traffic & Road Incidents,REV167
CLS000384,NAR000384_EN,Cybercrime,Identity theft;Credential compromise,complaint_preparation;legal_aid_request,Report identity theft and secure credentials,CASE_PREPARATION,False,False,False,online,recent,True,True,False,False,unknown,False,True,incident_preparation,Cybercrime,Cybercrime,Cybercrime,REV931
CLS000385,NAR000385_EN,Domestic Violence,Dowry harassment;Property damage;Continuing domestic abuse,emergency_assistance;complaint_preparation,Document dowry harassment and obtain protection,ONGOING_THREAT,False,True,False,hybrid,past,True,True,False,False,unknown,True,False,incident_preparation,Domestic Violence,Domestic Violence,Domestic Violence,REV543
CLS000386,NAR000386_EN,Financial Fraud,Credit card cloning;Unauthorized transfers,complaint_preparation;legal_aid_request,Document card cloning and unauthorized transfers,CASE_PREPARATION,False,False,False,hybrid,recent,True,False,False,False,unknown,True,True,incident_preparation,Financial Fraud,Financial Fraud,Financial Fraud,REV755
CLS000387,NAR000387_EN,Assault & Threats,Online harassment & threats;Direct threats,complaint_preparation,Document online harassment and request protection,ONGOING_THREAT,False,True,False,online,past,False,True,False,False,unknown,True,False,incident_preparation,Assault & Threats,Assault & Threats,Assault & Threats,REV362
CLS000388,NAR000388_EN,Domestic Violence,Economic deprivation;Domestic intimidation,emergency_assistance;legal_aid_request,Document economic abuse and obtain support,ONGOING_THREAT,False,True,False,physical,past,True,True,False,False,unknown,False,True,incident_preparation,Domestic Violence,Domestic Violence,Domestic Violence,REV883
CLS000389,NAR000389_EN,Cybercrime,Phishing scam;Credential compromise,complaint_preparation;legal_aid_request,Report phishing and secure credentials,CASE_PREPARATION,False,False,False,online,recent,True,False,False,False,unknown,True,True,incident_preparation,Cybercrime,Cybercrime,Cybercrime,REV649
CLS000390,NAR000390_EN,Theft and robbery,Armed robbery;Physical injury;Property loss,complaint_preparation;fir_information,Prepare an armed-robbery report with injury details,CASE_PREPARATION,False,False,False,physical,past,True,True,True,True,unknown,True,False,incident_preparation,Theft and robbery,Theft and robbery,Theft and robbery,REV233
CLS000391,NAR000391_EN,Miscellaneous,Public nuisance dispute;Municipal complaint,complaint_preparation;legal_aid_request,Track a public-nuisance complaint,CASE_PREPARATION,False,False,False,physical,recent,True,False,False,False,unknown,False,True,incident_preparation,Miscellaneous,Miscellaneous,Miscellaneous,REV603
CLS000392,NAR000392_EN,Property Disputes,Illegal property possession;Unauthorized occupation,complaint_preparation;legal_aid_request,Prepare an illegal-possession case for civil review,CASE_PREPARATION,False,False,False,physical,recent,True,True,False,False,unknown,True,True,incident_preparation,Property Disputes,Property Disputes,Property Disputes,REV320
CLS000393,NAR000393_EN,Theft and robbery,Online phishing theft;Property loss;Use of force,complaint_preparation,Prepare an online phishing-theft report,CASE_PREPARATION,False,False,False,hybrid,recent,True,True,False,False,unknown,True,False,incident_preparation,Theft and robbery,Theft and robbery,Theft and robbery,REV502
CLS000394,NAR000394_EN,Miscellaneous,Lost item reporting;Public assistance,complaint_preparation;legal_aid_request,Prepare a lost-item report,PROCEDURAL_ASSISTANCE,False,False,False,physical,past,True,False,False,False,unknown,True,True,incident_preparation,Miscellaneous,Miscellaneous,Miscellaneous,REV239
CLS000395,NAR000395_EN,Traffic & Road Incidents,Drunk driving accident;Physical injury;Vehicle damage,complaint_preparation,Prepare a drunk-driving collision report,CASE_PREPARATION,False,False,False,physical,recent,True,False,True,False,unknown,True,False,incident_preparation,Traffic & Road Incidents,Traffic & Road Incidents,Traffic & Road Incidents,REV347
CLS000396,NAR000396_EN,Miscellaneous,Minor civic infrastructure issue;Public obstruction,complaint_preparation;legal_aid_request,Report a civic infrastructure obstruction,CASE_PREPARATION,False,False,False,physical,recent,False,False,False,False,unknown,False,True,incident_preparation,Miscellaneous,Miscellaneous,Miscellaneous,REV373
CLS000397,NAR000397_EN,Miscellaneous,Minor civic infrastructure issue;Municipal complaint,complaint_preparation;legal_aid_request,Track a civic infrastructure complaint,CASE_PREPARATION,False,False,False,physical,past,True,False,False,False,unknown,True,True,incident_preparation,Miscellaneous,Miscellaneous,Miscellaneous,REV888
CLS000398,NAR000398_EN,Traffic & Road Incidents,Hit and run collision;Vehicle damage,complaint_preparation,Prepare a hit-and-run collision report,CASE_PREPARATION,False,False,False,physical,past,True,False,False,False,unknown,True,False,incident_preparation,Traffic & Road Incidents,Traffic & Road Incidents,Traffic & Road Incidents,REV526
CLS000399,NAR000399_EN,Family Law,Restitution of conjugal rights;Court-order non-compliance,legal_aid_request;lawyer_handoff,Obtain legal guidance on family-court non-compliance,LEGAL_INFORMATION,False,True,False,physical,recent,False,False,False,False,unknown,True,True,quick_query,Family Law,Family Law,Family Law,REV227
CLS000400,NAR000400_EN,Theft and robbery,Chain snatching;Property loss,complaint_preparation,Prepare a chain-snatching case record,CASE_PREPARATION,False,False,False,physical,recent,True,True,False,False,unknown,True,False,incident_preparation,Theft and robbery,Theft and robbery,Theft and robbery,REV435
CLS000401,NAR000401_EN,Theft and robbery,Online phishing theft;Property loss;Use of force,complaint_preparation,Prepare an online phishing-theft report,CASE_PREPARATION,False,False,False,hybrid,recent,True,True,False,False,unknown,True,False,incident_preparation,Theft and robbery,Theft and robbery,Theft and robbery,REV496
CLS000402,NAR000402_EN,Miscellaneous,Minor civic infrastructure issue;Municipal notification,complaint_preparation;legal_aid_request,Submit a civic infrastructure notification,CASE_PREPARATION,False,False,False,physical,recent,True,False,False,False,unknown,True,True,incident_preparation,Miscellaneous,Miscellaneous,Miscellaneous,REV876
CLS000403,NAR000403_EN,Consumer Disputes,Overcharging and hidden fees;Refund refusal,complaint_preparation;legal_aid_request,Challenge hidden charges and seek a refund,CASE_PREPARATION,False,False,False,physical,past,True,False,False,False,unknown,False,True,incident_preparation,Consumer Disputes,Consumer Disputes,Consumer Disputes,REV334
CLS000404,NAR000404_EN,Cybercrime,Social media hacking;Account takeover;Fraudulent messages,complaint_preparation,Contain a hacked account and warn contacts,ONGOING_THREAT,False,True,False,online,current,False,True,False,False,unknown,False,False,incident_preparation,Cybercrime,Cybercrime,Cybercrime,REV585
CLS000405,NAR000405_EN,Property Disputes,Tenant-landlord conflict;Unauthorized structures;Direct threats,complaint_preparation;legal_aid_request,Stop active occupation and document threats,ONGOING_THREAT,False,True,False,hybrid,current,True,True,False,False,unknown,False,True,incident_preparation,Property Disputes,Property Disputes,Property Disputes,REV445
CLS000406,NAR000406_EN,Property Disputes,Tenant-landlord conflict;Contested ownership,complaint_preparation;legal_aid_request,Seek mediation for a tenant-landlord dispute,CASE_PREPARATION,False,True,False,hybrid,recent,True,False,False,False,unknown,True,True,incident_preparation,Property Disputes,Property Disputes,Property Disputes,REV274
CLS000407,NAR000407_EN,Property Disputes,Land encroachment;Unauthorized construction;Direct threats,complaint_preparation;legal_aid_request,Stop active encroachment and document threats,ONGOING_THREAT,False,True,False,physical,current,True,True,False,False,unknown,False,True,incident_preparation,Property Disputes,Property Disputes,Property Disputes,REV266
CLS000408,NAR000408_EN,Financial Fraud,Credit card cloning;Instrument forgery,complaint_preparation;legal_aid_request,Prepare a card-cloning case for financial review,CASE_PREPARATION,False,False,False,physical,past,True,False,False,False,unknown,False,True,incident_preparation,Financial Fraud,Financial Fraud,Financial Fraud,REV986
CLS000409,NAR000409_EN,Family Law,Divorce proceedings conflict;Child access;Court-order non-compliance,legal_aid_request;lawyer_handoff,Find a family lawyer for an urgent divorce motion,LEGAL_INFORMATION,False,True,False,physical,recent,False,False,False,False,True,True,True,quick_query,Family Law,Family Law,Family Law,REV425
CLS000410,NAR000410_EN,Cybercrime,Online banking fraud;Account takeover;Fraudulent messages,complaint_preparation,Contain online-banking fraud and warn contacts,ONGOING_THREAT,False,True,False,online,current,True,False,False,False,unknown,False,False,incident_preparation,Cybercrime,Cybercrime,Cybercrime,REV781
CLS000411,NAR000411_EN,Traffic & Road Incidents,Traffic signal violation dispute;Hit and run,complaint_preparation,Prepare a traffic-violation collision report,CASE_PREPARATION,False,False,False,physical,recent,False,False,False,False,unknown,False,False,incident_preparation,Traffic & Road Incidents,Traffic & Road Incidents,Traffic & Road Incidents,REV161
CLS000412,NAR000412_EN,Domestic Violence,Dowry harassment;Domestic intimidation,emergency_assistance;legal_aid_request,Document dowry harassment and obtain support,ONGOING_THREAT,False,True,False,hybrid,recent,False,True,False,False,unknown,True,True,incident_preparation,Domestic Violence,Domestic Violence,Domestic Violence,REV705
CLS000413,NAR000413_EN,Family Law,Restitution of conjugal rights;Family confrontation,legal_aid_request;complaint_preparation,Document a family dispute for mediation,CASE_PREPARATION,False,True,False,physical,recent,True,False,False,False,unknown,True,True,incident_preparation,Family Law,Family Law,Family Law,REV646
CLS000414,NAR000414_EN,Theft and robbery,Vehicle theft;Property loss,complaint_preparation;legal_aid_request,Prepare a vehicle-theft case record,CASE_PREPARATION,False,False,False,physical,recent,True,False,False,False,unknown,True,True,incident_preparation,Theft and robbery,Theft and robbery,Theft and robbery,REV187
CLS000415,NAR000415_EN,Cybercrime,Social media hacking;Credential compromise,complaint_preparation,Report a social-media breach,CASE_PREPARATION,False,False,False,online,recent,True,True,False,False,unknown,True,False,incident_preparation,Cybercrime,Cybercrime,Cybercrime,REV433
CLS000416,NAR000416_EN,Family Law,Restitution of conjugal rights;Maintenance or custody dispute,legal_aid_request;lawyer_handoff,Obtain legal intervention in a family-court dispute,LEGAL_INFORMATION,False,True,False,physical,past,False,False,False,False,True,False,True,quick_query,Family Law,Family Law,Family Law,REV985
CLS000417,NAR000417_EN,Cybercrime,Online banking fraud;Credential compromise,complaint_preparation,Report an online-banking fraud incident,CASE_PREPARATION,False,False,False,online,recent,True,True,False,False,unknown,False,False,incident_preparation,Cybercrime,Cybercrime,Cybercrime,REV530
CLS000418,NAR000418_EN,Miscellaneous,Minor civic infrastructure issue;Public disturbance,complaint_preparation,Document a minor civic infrastructure issue,CASE_PREPARATION,False,False,False,physical,past,True,False,False,False,unknown,False,False,incident_preparation,Miscellaneous,Miscellaneous,Miscellaneous,REV801
CLS000419,NAR000419_EN,Cybercrime,Cyberstalking;Credential theft;Asset misappropriation,complaint_preparation,Report cyberstalking with preserved digital logs,ONGOING_THREAT,False,True,False,hybrid,past,True,True,False,False,unknown,False,False,incident_preparation,Cybercrime,Cybercrime,Cybercrime,REV212
CLS000420,NAR000420_EN,Traffic & Road Incidents,Hit and run collision;Physical injury;Vehicle damage,complaint_preparation,Prepare a hit-and-run report with injury details,CASE_PREPARATION,False,False,False,physical,past,True,False,True,False,unknown,True,False,incident_preparation,Traffic & Road Incidents,Traffic & Road Incidents,Traffic & Road Incidents,REV291
CLS000421,NAR000421_EN,Employment/Labour,Unpaid wage dispute;Employment-contract breach,complaint_preparation,File a grievance to recover unpaid wages,CASE_PREPARATION,False,True,False,physical,recent,True,False,False,False,unknown,False,False,incident_preparation,Employment/Labour,Employment/Labour,Employment/Labour,REV399
CLS000422,NAR000422_EN,Domestic Violence,Dowry harassment;Escalating domestic threats,complaint_preparation;legal_aid_request,Obtain protection from escalating dowry harassment,ONGOING_THREAT,False,True,False,hybrid,past,True,True,False,False,unknown,False,True,incident_preparation,Domestic Violence,Domestic Violence,Domestic Violence,REV681
CLS000423,NAR000423_EN,Consumer Disputes,Defective product delivery;Buyer safety risk,complaint_preparation;legal_aid_request,Escalate an unresolved defective-product complaint,CASE_PREPARATION,False,False,False,hybrid,recent,True,False,False,False,unknown,True,True,incident_preparation,Consumer Disputes,Consumer Disputes,Consumer Disputes,REV827
CLS000424,NAR000424_EN,Cybercrime,Social media hacking;Credential theft,complaint_preparation;legal_aid_request,Report a social-media breach with digital logs,CASE_PREPARATION,False,False,False,online,past,True,False,False,False,unknown,False,True,incident_preparation,Cybercrime,Cybercrime,Cybercrime,REV606
CLS000425,NAR000425_EN,Theft and robbery,Pickpocketing;Property loss,complaint_preparation,Prepare a pickpocketing report,CASE_PREPARATION,False,False,False,physical,past,True,True,False,False,unknown,False,False,incident_preparation,Theft and robbery,Theft and robbery,Theft and robbery,REV354
CLS000426,NAR000426_EN,Financial Fraud,Cheque forgery;Forgery;Financial loss,complaint_preparation,Report cheque forgery and financial loss,CASE_PREPARATION,False,False,False,physical,past,True,True,False,False,unknown,False,False,incident_preparation,Financial Fraud,Financial Fraud,Financial Fraud,REV795
CLS000427,NAR000427_EN,Miscellaneous,Public nuisance dispute;Localized hazard,complaint_preparation,Submit a municipal nuisance grievance,CASE_PREPARATION,False,True,False,physical,recent,True,False,False,False,unknown,False,False,incident_preparation,Miscellaneous,Miscellaneous,Miscellaneous,REV133
CLS000428,NAR000428_EN,Domestic Violence,Spousal physical abuse;Physical injury;Unlawful confinement,emergency_assistance;complaint_preparation,Get immediate safety and medical assistance,EMERGENCY_MEDICAL,True,True,True,physical,current,False,True,True,False,unknown,True,False,emergency_redirect,Domestic Violence,Domestic Violence,Domestic Violence,REV243
CLS000429,NAR000429_EN,Traffic & Road Incidents,Reckless driving confrontation;Physical injury;Vehicle damage,complaint_preparation,Prepare a reckless-driving collision report,CASE_PREPARATION,False,False,False,physical,recent,False,True,True,False,unknown,True,False,incident_preparation,Traffic & Road Incidents,Traffic & Road Incidents,Traffic & Road Incidents,REV854
CLS000430,NAR000430_EN,Property Disputes,Land encroachment;Unauthorized construction;Direct threats,complaint_preparation;legal_aid_request,Stop active encroachment and document threats,ONGOING_THREAT,False,True,False,physical,current,True,True,False,False,unknown,False,True,incident_preparation,Property Disputes,Property Disputes,Property Disputes,REV137
CLS000431,NAR000431_EN,Financial Fraud,Cheque forgery;Document fraud;Asset misappropriation,complaint_preparation;legal_aid_request,Prepare a cheque-forgery complaint using audit trails,CASE_PREPARATION,False,False,False,physical,recent,True,False,False,False,unknown,True,True,incident_preparation,Financial Fraud,Financial Fraud,Financial Fraud,REV280
CLS000432,NAR000432_EN,Cybercrime,Phishing scam;Credential theft;Asset misappropriation,complaint_preparation;legal_aid_request,Report phishing with preserved digital logs,CASE_PREPARATION,False,False,False,online,past,True,False,False,False,unknown,True,True,incident_preparation,Cybercrime,Cybercrime,Cybercrime,REV622
CLS000433,NAR000433_EN,Traffic & Road Incidents,Traffic signal violation dispute;Vehicle collision,complaint_preparation,Document a traffic-signal collision,CASE_PREPARATION,False,False,False,physical,recent,False,False,False,False,unknown,True,False,incident_preparation,Traffic & Road Incidents,Traffic & Road Incidents,Traffic & Road Incidents,REV689
CLS000434,NAR000434_EN,Employment/Labour,Unfair termination;Threatened job loss,complaint_preparation;legal_aid_request,Challenge an unfair termination,CASE_PREPARATION,False,True,False,online,recent,True,False,False,False,unknown,True,True,incident_preparation,Employment/Labour,Employment/Labour,Employment/Labour,REV416
CLS000435,NAR000435_EN,Theft and robbery,Armed robbery;Physical injury;Property loss,emergency_assistance;fir_information,Report a recent armed robbery and injuries,CASE_PREPARATION,False,False,False,physical,recent,True,True,True,True,unknown,True,False,incident_preparation,Theft and robbery,Theft and robbery,Theft and robbery,REV701
CLS000436,NAR000436_EN,Assault & Threats,Domestic dispute;Threat of future harm,complaint_preparation,Document a domestic threat and seek protection,ONGOING_THREAT,False,True,False,physical,past,False,True,False,False,unknown,False,False,incident_preparation,Assault & Threats,Assault & Threats,Assault & Threats,REV301
CLS000437,NAR000437_EN,Consumer Disputes,Overcharging and hidden fees;Active merchant dispute,complaint_preparation;legal_aid_request,Resolve an overcharging dispute,CASE_PREPARATION,False,False,False,physical,recent,True,False,False,False,unknown,False,True,incident_preparation,Consumer Disputes,Consumer Disputes,Consumer Disputes,REV126
CLS000438,NAR000438_EN,Traffic & Road Incidents,Traffic signal violation dispute;Traffic safety hazard,complaint_preparation,File a traffic-signal safety complaint,CASE_PREPARATION,False,False,False,physical,past,False,False,False,False,unknown,True,False,incident_preparation,Traffic & Road Incidents,Traffic & Road Incidents,Traffic & Road Incidents,REV994
CLS000439,NAR000439_EN,Property Disputes,Inheritance property claim;Boundary damage;Active occupation,emergency_assistance;complaint_preparation;legal_aid_request,Stop an active property takeover and document damage,CASE_PREPARATION,False,True,False,hybrid,current,True,False,False,False,unknown,True,True,incident_preparation,Property Disputes,Property Disputes,Property Disputes,REV406
CLS000440,NAR000440_EN,Cybercrime,Ransomware attack;Network intrusion,complaint_preparation,Document ransomware and containment measures,CASE_PREPARATION,False,False,False,online,recent,True,True,False,False,unknown,True,False,incident_preparation,Cybercrime,Cybercrime,Cybercrime,REV454
CLS000441,NAR000441_EN,Theft and robbery,Vehicle theft;Property loss,complaint_preparation,Prepare a vehicle-theft report,CASE_PREPARATION,False,True,False,physical,current,True,False,False,False,unknown,False,False,incident_preparation,Theft and robbery,Theft and robbery,Theft and robbery,REV628
CLS000442,NAR000442_EN,Assault & Threats,Online harassment & threats;Physical intimidation,complaint_preparation,Document a witnessed online-threat incident,ONGOING_THREAT,False,True,False,online,past,False,True,False,False,unknown,False,False,incident_preparation,Assault & Threats,Assault & Threats,Assault & Threats,REV330
CLS000443,NAR000443_EN,Cybercrime,Cyberstalking;Credential theft,complaint_preparation,Report cyberstalking with digital logs,ONGOING_THREAT,False,True,False,hybrid,past,False,True,False,False,unknown,False,False,incident_preparation,Cybercrime,Cybercrime,Cybercrime,REV419
CLS000444,NAR000444_EN,Consumer Disputes,False advertising and misrepresentation;Active merchant dispute,complaint_preparation;legal_aid_request,Resolve a false-advertising dispute,CASE_PREPARATION,False,False,False,physical,past,True,False,False,False,unknown,False,True,incident_preparation,Consumer Disputes,Consumer Disputes,Consumer Disputes,REV744
CLS000445,NAR000445_EN,Employment/Labour,Safe working conditions violation;Physical injury;Unpaid dues,complaint_preparation;legal_aid_request,Report unsafe conditions and withheld dues,CASE_PREPARATION,False,True,False,physical,past,True,False,True,False,unknown,True,True,incident_preparation,Employment/Labour,Employment/Labour,Employment/Labour,REV721
CLS000446,NAR000446_EN,Consumer Disputes,Expired or contaminated goods sale;Physical harm;Merchant refusal,complaint_preparation;legal_aid_request,Report unsafe goods and related harm,CASE_PREPARATION,False,False,False,physical,past,True,False,True,False,unknown,False,True,incident_preparation,Consumer Disputes,Consumer Disputes,Consumer Disputes,REV601
CLS000447,NAR000447_EN,Employment/Labour,Safe working conditions violation;Physical injury,complaint_preparation;legal_aid_request,Document unsafe workplace conditions and injury,CASE_PREPARATION,False,True,False,physical,recent,True,False,True,False,unknown,True,True,incident_preparation,Employment/Labour,Employment/Labour,Employment/Labour,REV221
CLS000448,NAR000448_EN,Cybercrime,Identity theft;Account takeover;Fraudulent messages,complaint_preparation,Contain identity theft and warn contacts,ONGOING_THREAT,False,True,False,online,current,False,False,False,False,unknown,True,False,incident_preparation,Cybercrime,Cybercrime,Cybercrime,REV731
CLS000449,NAR000449_EN,Family Law,Alimony and maintenance claim;Court-order non-compliance,legal_aid_request;lawyer_handoff,Obtain legal guidance on an alimony dispute,LEGAL_INFORMATION,False,True,False,hybrid,past,True,False,False,False,unknown,True,True,quick_query,Family Law,Family Law,Family Law,REV666
CLS000450,NAR000450_EN,Cybercrime,Phishing scam;Data breach;Financial compromise,complaint_preparation;legal_aid_request,File a phishing cybercrime complaint,CASE_PREPARATION,False,False,False,online,past,True,False,False,False,unknown,False,True,incident_preparation,Cybercrime,Cybercrime,Cybercrime,REV420
CLS000451,NAR000451_EN,Assault & Threats,Domestic dispute;Physical or verbal hostility,complaint_preparation,Document a domestic confrontation,CASE_PREPARATION,False,False,False,physical,past,False,True,False,False,unknown,True,False,incident_preparation,Assault & Threats,Assault & Threats,Assault & Threats,REV459
CLS000452,NAR000452_EN,Assault & Threats,Road rage assault;Physical injury;Direct threat,complaint_preparation;legal_aid_request,Prepare a road-rage assault report with medical details,CASE_PREPARATION,False,False,False,physical,recent,True,True,True,False,unknown,False,True,incident_preparation,Assault & Threats,Assault & Threats,Assault & Threats,REV386
CLS000453,NAR000453_EN,Assault & Threats,Road rage assault;Physical injury;Direct threat,complaint_preparation,Prepare a road-rage assault report,CASE_PREPARATION,False,False,False,physical,past,True,True,True,False,unknown,False,False,incident_preparation,Assault & Threats,Assault & Threats,Assault & Threats,REV159
CLS000454,NAR000454_EN,Cybercrime,Ransomware attack;Account takeover;Unauthorized transfers,complaint_preparation;legal_aid_request,Report ransomware and financial loss,CASE_PREPARATION,False,False,False,online,past,True,True,False,False,unknown,True,True,incident_preparation,Cybercrime,Cybercrime,Cybercrime,REV719
CLS000455,NAR000455_EN,Cybercrime,Social media hacking;Account takeover;Unauthorized transfers,complaint_preparation;legal_aid_request,Report a hacked account and financial loss,CASE_PREPARATION,False,False,False,online,past,True,True,False,False,unknown,True,True,incident_preparation,Cybercrime,Cybercrime,Cybercrime,REV414
CLS000456,NAR000456_EN,Domestic Violence,Dowry harassment;Unlawful confinement;Immediate fear,emergency_assistance;complaint_preparation,Get immediate safety assistance after being locked in a room,EMERGENCY_CURRENT_DANGER,True,True,False,hybrid,current,False,True,False,False,unknown,True,False,emergency_redirect,Domestic Violence,Domestic Violence,Domestic Violence,REV511
CLS000457,NAR000457_EN,Property Disputes,Illegal property possession;Unauthorized structures;Direct threats,complaint_preparation;legal_aid_request,Stop active illegal possession and document threats,ONGOING_THREAT,False,True,False,physical,current,True,True,False,False,unknown,True,True,incident_preparation,Property Disputes,Property Disputes,Property Disputes,REV775
CLS000458,NAR000458_EN,Domestic Violence,Dowry harassment;Continuing domestic abuse,complaint_preparation,Document ongoing dowry harassment,ONGOING_THREAT,False,True,False,hybrid,recent,False,True,False,False,unknown,True,False,incident_preparation,Domestic Violence,Domestic Violence,Domestic Violence,REV535
CLS000459,NAR000459_EN,Theft and robbery,House burglary;Property loss;Use of force,complaint_preparation,Prepare a burglary report with witness details,CASE_PREPARATION,False,False,False,physical,past,True,True,False,False,unknown,False,False,incident_preparation,Theft and robbery,Theft and robbery,Theft and robbery,REV392
CLS000460,NAR000460_EN,Theft and robbery,Vehicle theft;Property loss,complaint_preparation;legal_aid_request,Prepare a vehicle-theft report,CASE_PREPARATION,False,False,False,physical,past,True,True,False,False,unknown,False,True,incident_preparation,Theft and robbery,Theft and robbery,Theft and robbery,REV883
CLS000461,NAR000461_EN,Consumer Disputes,Refusal of service refund;Unfair trade practice,complaint_preparation;legal_aid_request,Prepare a refund-refusal complaint,CASE_PREPARATION,False,False,False,hybrid,past,True,False,False,False,unknown,True,True,incident_preparation,Consumer Disputes,Consumer Disputes,Consumer Disputes,REV371
CLS000462,NAR000462_EN,Assault & Threats,Verbal intimidation;Physical intimidation,complaint_preparation;legal_aid_request,Document a witnessed intimidation incident,CASE_PREPARATION,False,False,False,hybrid,recent,True,True,False,False,unknown,False,True,incident_preparation,Assault & Threats,Assault & Threats,Assault & Threats,REV484
CLS000463,NAR000463_EN,Employment/Labour,Unfair termination;Statutory non-compliance,complaint_preparation;legal_aid_request,Challenge an unfair termination,CASE_PREPARATION,False,False,False,hybrid,past,True,False,False,False,unknown,False,True,incident_preparation,Employment/Labour,Employment/Labour,Employment/Labour,REV318
CLS000464,NAR000464_EN,Theft and robbery,House burglary;Property loss,complaint_preparation,Prepare a burglary case record,CASE_PREPARATION,False,False,False,physical,recent,True,False,False,False,unknown,True,False,incident_preparation,Theft and robbery,Theft and robbery,Theft and robbery,REV360
CLS000465,NAR000465_EN,Financial Fraud,Credit card cloning;Unauthorized transaction,complaint_preparation;legal_aid_request,File an urgent card-cloning grievance,CASE_PREPARATION,False,False,False,physical,recent,True,False,False,False,unknown,True,True,incident_preparation,Financial Fraud,Financial Fraud,Financial Fraud,REV229
CLS000466,NAR000466_EN,Cybercrime,Ransomware attack;Credential compromise,complaint_preparation;legal_aid_request,Report a ransomware attack,CASE_PREPARATION,False,False,False,online,past,True,True,False,False,unknown,False,True,incident_preparation,Cybercrime,Cybercrime,Cybercrime,REV276
CLS000467,NAR000467_EN,Theft and robbery,Shopbreaking;Property loss,complaint_preparation,Prepare a shopbreaking report,CASE_PREPARATION,False,False,False,physical,recent,True,True,False,False,unknown,True,False,incident_preparation,Theft and robbery,Theft and robbery,Theft and robbery,REV408
CLS000468,NAR000468_EN,Property Disputes,Tenant-landlord conflict;Contested ownership,complaint_preparation;legal_aid_request,Seek mediation for a tenant-landlord dispute,CASE_PREPARATION,False,True,False,hybrid,recent,True,False,False,False,unknown,False,True,incident_preparation,Property Disputes,Property Disputes,Property Disputes,REV231
CLS000469,NAR000469_EN,Theft and robbery,Pickpocketing;Property loss;CCTV evidence,complaint_preparation;legal_aid_request,File a pickpocketing complaint and request CCTV review,CASE_PREPARATION,False,False,False,physical,recent,True,False,False,False,unknown,False,True,incident_preparation,Theft and robbery,Theft and robbery,Theft and robbery,REV408
CLS000470,NAR000470_EN,Assault & Threats,Verbal intimidation;Potential bodily harm,complaint_preparation,Document intimidation and safety concerns,ONGOING_THREAT,False,True,False,physical,past,True,True,False,False,unknown,True,False,incident_preparation,Assault & Threats,Assault & Threats,Assault & Threats,REV374
CLS000471,NAR000471_EN,Theft and robbery,Shopbreaking;Property loss;CCTV evidence,complaint_preparation;legal_aid_request,File a shopbreaking complaint and request CCTV review,CASE_PREPARATION,False,False,False,physical,recent,True,False,False,False,unknown,False,True,incident_preparation,Theft and robbery,Theft and robbery,Theft and robbery,REV315
CLS000472,NAR000472_EN,Theft and robbery,Online phishing theft;Property loss,complaint_preparation;legal_aid_request,Prepare an online phishing-theft report,CASE_PREPARATION,False,False,False,hybrid,past,True,True,False,False,unknown,False,True,incident_preparation,Theft and robbery,Theft and robbery,Theft and robbery,REV533
CLS000473,NAR000473_EN,Domestic Violence,Emotional and verbal abuse;Continuing domestic abuse,complaint_preparation;legal_aid_request,Document continuing emotional abuse and seek protection,ONGOING_THREAT,False,True,False,physical,recent,False,True,False,False,unknown,False,True,incident_preparation,Domestic Violence,Domestic Violence,Domestic Violence,REV287
CLS000474,NAR000474_EN,Miscellaneous,Minor civic infrastructure issue;Regulatory oversight,complaint_preparation,Submit a civic infrastructure notification,CASE_PREPARATION,False,False,False,physical,past,True,False,False,False,unknown,False,False,incident_preparation,Miscellaneous,Miscellaneous,Miscellaneous,REV218
CLS000475,NAR000475_EN,Employment/Labour,Unfair termination;Statutory non-compliance,complaint_preparation;legal_aid_request,Challenge an unfair termination,CASE_PREPARATION,False,False,False,online,recent,False,False,False,False,unknown,True,True,incident_preparation,Employment/Labour,Employment/Labour,Employment/Labour,REV165
CLS000476,NAR000476_EN,Financial Fraud,Cheque forgery;Unauthorized transaction,complaint_preparation;legal_aid_request,File an urgent cheque-forgery grievance,CASE_PREPARATION,False,False,False,physical,past,True,False,False,False,unknown,True,True,incident_preparation,Financial Fraud,Financial Fraud,Financial Fraud,REV176
CLS000477,NAR000477_EN,Miscellaneous,Lost item reporting;Current public obstruction,complaint_preparation;legal_aid_request,Prepare a lost-item report,PROCEDURAL_ASSISTANCE,False,True,False,physical,current,True,False,False,False,unknown,False,True,incident_preparation,Miscellaneous,Miscellaneous,Miscellaneous,REV111
CLS000478,NAR000478_EN,Employment/Labour,Breach of employment contract;Statutory non-compliance,complaint_preparation;legal_aid_request,File an employment-contract grievance,CASE_PREPARATION,False,False,False,hybrid,past,True,False,False,False,unknown,True,True,incident_preparation,Employment/Labour,Employment/Labour,Employment/Labour,REV664
CLS000479,NAR000479_EN,Domestic Violence,Dowry harassment;Property damage;Unlawful confinement,emergency_assistance;legal_aid_request,Get immediate protection while hiding from the aggressor,EMERGENCY_CURRENT_DANGER,True,True,False,physical,current,True,True,False,False,unknown,True,True,emergency_redirect,Domestic Violence,Domestic Violence,Domestic Violence,REV327
CLS000480,NAR000480_EN,Assault & Threats,Verbal intimidation;Direct threats,complaint_preparation,Document intimidation and request protection,ONGOING_THREAT,False,True,False,hybrid,past,True,True,False,False,unknown,False,False,incident_preparation,Assault & Threats,Assault & Threats,Assault & Threats,REV144
CLS000481,NAR000481_EN,Employment/Labour,Safe working conditions violation;Physical injury,complaint_preparation;legal_aid_request,Document unsafe conditions and workplace injury,CASE_PREPARATION,False,False,False,physical,past,True,False,True,False,unknown,False,True,incident_preparation,Employment/Labour,Employment/Labour,Employment/Labour,REV542
CLS000482,NAR000482_EN,Traffic & Road Incidents,Reckless driving confrontation;Vehicle damage;Active road obstruction,emergency_assistance,Alert responders to an active roadway hazard,EMERGENCY_CURRENT_DANGER,True,True,False,physical,current,False,False,False,False,unknown,True,False,emergency_redirect,Traffic & Road Incidents,Traffic & Road Incidents,Traffic & Road Incidents,REV245
CLS000483,NAR000483_EN,Theft and robbery,House burglary;Property loss;CCTV evidence,complaint_preparation;legal_aid_request,File a burglary complaint and request CCTV review,CASE_PREPARATION,False,False,False,physical,recent,True,False,False,False,unknown,False,True,incident_preparation,Theft and robbery,Theft and robbery,Theft and robbery,REV149
CLS000484,NAR000484_EN,Property Disputes,Boundary wall dispute;Boundary damage;Threatened escalation,emergency_assistance;complaint_preparation;legal_aid_request,Stop an active boundary takeover and document damage,ONGOING_THREAT,False,True,False,physical,current,True,True,False,False,unknown,False,True,incident_preparation,Property Disputes,Property Disputes,Property Disputes,REV928
CLS000485,NAR000485_EN,Consumer Disputes,Expired or contaminated goods sale;Active merchant dispute,complaint_preparation;legal_aid_request,Resolve an unsafe-goods consumer dispute,CASE_PREPARATION,False,False,False,physical,recent,True,False,False,False,unknown,True,True,incident_preparation,Consumer Disputes,Consumer Disputes,Consumer Disputes,REV574
CLS000486,NAR000486_EN,Domestic Violence,Economic deprivation;Domestic intimidation,emergency_assistance,Document economic abuse and obtain support,ONGOING_THREAT,False,True,False,hybrid,past,False,True,False,False,unknown,True,False,incident_preparation,Domestic Violence,Domestic Violence,Domestic Violence,REV715
CLS000487,NAR000487_EN,Theft and robbery,Online phishing theft;Property loss,complaint_preparation,File an online phishing-theft complaint,CASE_PREPARATION,False,False,False,hybrid,past,True,True,False,False,unknown,True,False,incident_preparation,Theft and robbery,Theft and robbery,Theft and robbery,REV686
CLS000488,NAR000488_EN,Property Disputes,Illegal property possession;Unauthorized alteration;Threatened escalation,complaint_preparation;legal_aid_request,Prepare an illegal-possession complaint,CASE_PREPARATION,False,False,False,physical,past,True,True,False,False,unknown,False,True,incident_preparation,Property Disputes,Property Disputes,Property Disputes,REV846
CLS000489,NAR000489_EN,Traffic & Road Incidents,Hit and run collision;Traffic safety hazard,complaint_preparation,File a hit-and-run traffic complaint,CASE_PREPARATION,False,False,False,physical,past,True,False,False,False,unknown,True,False,incident_preparation,Traffic & Road Incidents,Traffic & Road Incidents,Traffic & Road Incidents,REV196
CLS000490,NAR000490_EN,Domestic Violence,Emotional and verbal abuse;Continuing domestic abuse,complaint_preparation,Document continuing emotional abuse,ONGOING_THREAT,False,True,False,physical,recent,True,True,False,False,unknown,False,False,incident_preparation,Domestic Violence,Domestic Violence,Domestic Violence,REV588
CLS000491,NAR000491_EN,Financial Fraud,Cheque forgery;Instrument forgery,complaint_preparation;legal_aid_request,Prepare a cheque-forgery case for financial review,CASE_PREPARATION,False,False,False,physical,recent,True,False,False,False,unknown,False,True,incident_preparation,Financial Fraud,Financial Fraud,Financial Fraud,REV814
CLS000492,NAR000492_EN,Cybercrime,Online banking fraud;Credential compromise,complaint_preparation,Report an online-banking fraud incident,CASE_PREPARATION,False,False,False,online,recent,True,True,False,False,unknown,False,False,incident_preparation,Cybercrime,Cybercrime,Cybercrime,REV102
CLS000493,NAR000493_EN,Consumer Disputes,Defective product delivery;Refund refusal,complaint_preparation;legal_aid_request,Report a defective product and seek a refund,CASE_PREPARATION,False,False,False,hybrid,past,True,False,False,False,unknown,True,True,incident_preparation,Consumer Disputes,Consumer Disputes,Consumer Disputes,REV564
CLS000494,NAR000494_EN,Family Law,Restitution of conjugal rights;Family confrontation,legal_aid_request;complaint_preparation,Document a family dispute for mediation,CASE_PREPARATION,False,True,False,physical,recent,True,False,False,False,unknown,True,True,incident_preparation,Family Law,Family Law,Family Law,REV339
CLS000495,NAR000495_EN,Domestic Violence,Emotional and verbal abuse;Unlawful confinement;Immediate fear,emergency_assistance;complaint_preparation,Get immediate safety assistance after being locked in a room,EMERGENCY_CURRENT_DANGER,True,True,False,physical,current,False,True,False,False,unknown,True,False,emergency_redirect,Domestic Violence,Domestic Violence,Domestic Violence,REV999
CLS000496,NAR000496_EN,Consumer Disputes,Defective product delivery;Refund refusal,complaint_preparation;legal_aid_request,Seek replacement or refund for a defective product,CASE_PREPARATION,False,False,False,physical,past,True,False,False,False,unknown,False,True,incident_preparation,Consumer Disputes,Consumer Disputes,Consumer Disputes,REV335
CLS000497,NAR000497_EN,Assault & Threats,Road rage assault;Physical intimidation,complaint_preparation,Document a road-rage assault,CASE_PREPARATION,False,False,False,physical,past,False,True,False,False,unknown,True,False,incident_preparation,Assault & Threats,Assault & Threats,Assault & Threats,REV378
CLS000498,NAR000498_EN,Miscellaneous,Lost item reporting;Regulatory assistance,complaint_preparation,Prepare a lost-item report,PROCEDURAL_ASSISTANCE,False,False,False,physical,past,True,False,False,False,unknown,True,False,incident_preparation,Miscellaneous,Miscellaneous,Miscellaneous,REV816
CLS000499,NAR000499_EN,Assault & Threats,Physical altercation;Physical injury;Direct threats,complaint_preparation;legal_aid_request,Document the altercation and request protection,ONGOING_THREAT,False,True,False,physical,recent,True,True,True,False,unknown,False,True,incident_preparation,Assault & Threats,Assault & Threats,Assault & Threats,REV221
CLS000500,NAR000500_EN,Miscellaneous,Public nuisance dispute;Public disturbance,complaint_preparation;legal_aid_request,Document a public-nuisance grievance,CASE_PREPARATION,False,False,False,physical,past,False,False,False,False,unknown,True,True,incident_preparation,Miscellaneous,Miscellaneous,Miscellaneous,REV271
CLS000501,NAR000501_EN,Employment/Labour,Safe working conditions violation;Management non-compliance,complaint_preparation;legal_aid_request,Escalate an unsafe-workplace grievance,CASE_PREPARATION,False,True,False,physical,recent,True,False,False,False,unknown,True,True,incident_preparation,Employment/Labour,Employment/Labour,Employment/Labour,REV801
CLS000502,NAR000502_EN,Family Law,Guardianship dispute;Family confrontation,legal_aid_request;lawyer_handoff,Obtain legal guidance for a guardianship dispute,LEGAL_INFORMATION,False,True,False,physical,recent,False,False,False,False,True,False,True,quick_query,Family Law,Family Law,Family Law,REV399
CLS000503,NAR000503_EN,Domestic Violence,Economic deprivation;Continuing domestic abuse,complaint_preparation,Document ongoing economic abuse,ONGOING_THREAT,False,True,False,physical,past,True,True,False,False,unknown,True,False,incident_preparation,Domestic Violence,Domestic Violence,Domestic Violence,REV887
CLS000504,NAR000504_EN,Cybercrime,Phishing scam;Credential theft;Asset misappropriation,complaint_preparation;legal_aid_request,Report phishing with preserved digital logs,CASE_PREPARATION,False,False,False,online,recent,True,True,False,False,unknown,False,True,incident_preparation,Cybercrime,Cybercrime,Cybercrime,REV119
CLS000505,NAR000505_EN,Assault & Threats,Verbal intimidation;Potential bodily harm,complaint_preparation;legal_aid_request,Document intimidation and seek protection,ONGOING_THREAT,False,True,False,hybrid,recent,False,True,False,False,unknown,True,True,incident_preparation,Assault & Threats,Assault & Threats,Assault & Threats,REV785
CLS000506,NAR000506_EN,Theft and robbery,Chain snatching;Property loss;Use of force,complaint_preparation;legal_aid_request,Prepare a chain-snatching report with witness details,CASE_PREPARATION,False,False,False,physical,past,True,True,False,False,unknown,False,True,incident_preparation,Theft and robbery,Theft and robbery,Theft and robbery,REV234
CLS000507,NAR000507_EN,Theft and robbery,House burglary;Property loss;CCTV evidence,complaint_preparation,File a burglary complaint and request CCTV review,CASE_PREPARATION,False,False,False,physical,recent,True,False,False,False,unknown,False,False,incident_preparation,Theft and robbery,Theft and robbery,Theft and robbery,REV396
CLS000508,NAR000508_EN,Domestic Violence,Economic deprivation;Property damage;Continuing domestic abuse,emergency_assistance;legal_aid_request,Document domestic abuse and obtain protective assistance,ONGOING_THREAT,False,True,False,hybrid,recent,True,True,False,False,unknown,True,True,incident_preparation,Domestic Violence,Domestic Violence,Domestic Violence,REV781
CLS000509,NAR000509_EN,Theft and robbery,Shopbreaking;Property loss,complaint_preparation;legal_aid_request,Prepare a shopbreaking report with witness details,CASE_PREPARATION,False,False,False,physical,recent,True,False,False,False,unknown,False,True,incident_preparation,Theft and robbery,Theft and robbery,Theft and robbery,REV386
CLS000510,NAR000510_EN,Employment/Labour,Unpaid wage dispute;Management non-compliance,complaint_preparation;legal_aid_request,Escalate an unpaid-wage grievance,CASE_PREPARATION,False,True,False,hybrid,past,True,False,False,False,unknown,False,True,incident_preparation,Employment/Labour,Employment/Labour,Employment/Labour,REV257
CLS000511,NAR000511_EN,Financial Fraud,Cheque forgery;Unauthorized charges,complaint_preparation;legal_aid_request,Freeze affected accounts and report cheque forgery,ONGOING_THREAT,False,True,False,physical,current,True,False,False,False,unknown,True,True,incident_preparation,Financial Fraud,Financial Fraud,Financial Fraud,REV949
CLS000512,NAR000512_EN,Employment/Labour,Workplace harassment;Management non-compliance,complaint_preparation,Document workplace harassment for labour review,CASE_PREPARATION,False,True,False,hybrid,past,True,False,False,False,unknown,False,False,incident_preparation,Employment/Labour,Employment/Labour,Employment/Labour,REV427
CLS000513,NAR000513_EN,Miscellaneous,Stray animal hazard;Current public obstruction,emergency_assistance,Warn road users and request civic assistance,PROCEDURAL_ASSISTANCE,False,True,False,physical,current,True,False,False,False,unknown,True,False,incident_preparation,Miscellaneous,Miscellaneous,Miscellaneous,REV809
CLS000514,NAR000514_EN,Theft and robbery,Armed robbery;Physical injury;Property loss,emergency_assistance;fir_information,Get immediate safety and medical help during an armed robbery,EMERGENCY_MEDICAL,True,True,True,physical,current,True,True,True,True,unknown,False,False,emergency_redirect,Theft and robbery,Theft and robbery,Theft and robbery,REV352
CLS000515,NAR000515_EN,Miscellaneous,Minor civic infrastructure issue;Localized hazard,complaint_preparation,Submit a municipal infrastructure grievance,CASE_PREPARATION,False,True,False,physical,past,False,False,False,False,unknown,True,False,incident_preparation,Miscellaneous,Miscellaneous,Miscellaneous,REV340
CLS000516,NAR000516_EN,Cybercrime,Identity theft;Data breach;Financial compromise,complaint_preparation;legal_aid_request,File an identity-theft cybercrime complaint,CASE_PREPARATION,False,False,False,hybrid,past,True,False,False,False,unknown,False,True,incident_preparation,Cybercrime,Cybercrime,Cybercrime,REV604
CLS000517,NAR000517_EN,Consumer Disputes,Defective product delivery;Merchant refusal,complaint_preparation;legal_aid_request,Prepare a defective-product complaint,CASE_PREPARATION,False,False,False,hybrid,past,True,False,False,False,unknown,False,True,incident_preparation,Consumer Disputes,Consumer Disputes,Consumer Disputes,REV101
CLS000518,NAR000518_EN,Property Disputes,Illegal property possession;Threatened escalation,complaint_preparation;legal_aid_request,Document illegal possession and prevent escalation,CASE_PREPARATION,False,False,False,physical,past,True,False,False,False,unknown,True,True,incident_preparation,Property Disputes,Property Disputes,Property Disputes,REV785
CLS000519,NAR000519_EN,Cybercrime,Online banking fraud;Account takeover;Unauthorized transfers,emergency_assistance;complaint_preparation;legal_aid_request,Contain an active banking compromise and financial loss,EMERGENCY_CURRENT_DANGER,True,True,False,online,current,True,True,False,False,unknown,True,True,emergency_redirect,Cybercrime,Cybercrime,Cybercrime,REV565
CLS000520,NAR000520_EN,Traffic & Road Incidents,Traffic signal violation dispute;Vehicle collision,complaint_preparation,Document a traffic-signal collision,CASE_PREPARATION,False,False,False,physical,recent,True,False,False,False,unknown,True,False,incident_preparation,Traffic & Road Incidents,Traffic & Road Incidents,Traffic & Road Incidents,REV443
CLS000521,NAR000521_EN,Theft and robbery,Vehicle theft;Property loss,complaint_preparation,Prepare a vehicle-theft report,CASE_PREPARATION,False,False,False,physical,recent,True,True,False,False,unknown,False,False,incident_preparation,Theft and robbery,Theft and robbery,Theft and robbery,REV385
CLS000522,NAR000522_EN,Consumer Disputes,Defective product delivery;Merchant refusal,complaint_preparation,File a defective-product consumer complaint,CASE_PREPARATION,False,False,False,physical,past,True,False,False,False,unknown,False,False,incident_preparation,Consumer Disputes,Consumer Disputes,Consumer Disputes,REV894
CLS000523,NAR000523_EN,Assault & Threats,Domestic dispute;Immediate threat,complaint_preparation,Prepare a domestic-threat complaint,ONGOING_THREAT,False,True,False,physical,past,True,True,False,False,unknown,False,False,incident_preparation,Assault & Threats,Assault & Threats,Assault & Threats,REV385
CLS000524,NAR000524_EN,Assault & Threats,Domestic dispute;Physical or verbal hostility,complaint_preparation;legal_aid_request,Document a domestic confrontation,CASE_PREPARATION,False,False,False,physical,past,True,True,False,False,unknown,False,True,incident_preparation,Assault & Threats,Assault & Threats,Assault & Threats,REV890
CLS000525,NAR000525_EN,Cybercrime,Phishing scam;Account takeover;Unauthorized transfers,complaint_preparation,Report phishing and financial loss,CASE_PREPARATION,False,False,False,online,recent,True,True,False,False,unknown,True,False,incident_preparation,Cybercrime,Cybercrime,Cybercrime,REV171
CLS000526,NAR000526_EN,Theft and robbery,Vehicle theft;Property loss,complaint_preparation;legal_aid_request,Prepare a vehicle-theft report,CASE_PREPARATION,False,False,False,physical,recent,True,True,False,False,unknown,False,True,incident_preparation,Theft and robbery,Theft and robbery,Theft and robbery,REV535
CLS000527,NAR000527_EN,Financial Fraud,Credit card cloning;Unauthorized transaction,complaint_preparation;legal_aid_request,File an urgent card-cloning grievance,CASE_PREPARATION,False,False,False,hybrid,past,True,False,False,False,unknown,True,True,incident_preparation,Financial Fraud,Financial Fraud,Financial Fraud,REV834
CLS000528,NAR000528_EN,Cybercrime,Cyberstalking;Data breach;Financial compromise,emergency_assistance;complaint_preparation,Get immediate protection from active cyberstalking,EMERGENCY_CURRENT_DANGER,True,True,False,online,current,False,True,False,False,unknown,True,False,emergency_redirect,Cybercrime,Cybercrime,Cybercrime,REV926
CLS000529,NAR000529_EN,Domestic Violence,Economic deprivation;Property damage;Domestic intimidation,emergency_assistance,Document domestic abuse and obtain support,ONGOING_THREAT,False,True,False,physical,past,False,True,False,False,unknown,True,False,incident_preparation,Domestic Violence,Domestic Violence,Domestic Violence,REV261
CLS000530,NAR000530_EN,Assault & Threats,Road rage assault;Immediate physical threat,emergency_assistance;legal_aid_request,Get immediate protection from an active road-rage threat,EMERGENCY_CURRENT_DANGER,True,True,False,physical,current,True,True,False,False,unknown,False,True,emergency_redirect,Assault & Threats,Assault & Threats,Assault & Threats,REV651
CLS000531,NAR000531_EN,Family Law,Restitution of conjugal rights;Guardianship or maintenance dispute,legal_aid_request;lawyer_handoff,Obtain legal guidance and family mediation,LEGAL_INFORMATION,False,True,False,physical,recent,False,False,False,False,True,True,True,quick_query,Family Law,Family Law,Family Law,REV841
CLS000532,NAR000532_EN,Family Law,Divorce proceedings conflict;Guardianship or maintenance dispute,legal_aid_request;lawyer_handoff,Obtain legal guidance on divorce and family rights,LEGAL_INFORMATION,False,True,False,hybrid,recent,False,False,False,False,True,False,True,quick_query,Family Law,Family Law,Family Law,REV671
CLS000533,NAR000533_EN,Employment/Labour,Safe working conditions violation;Physical injury,complaint_preparation;legal_aid_request,File an unsafe-workplace grievance with injury details,CASE_PREPARATION,False,True,False,physical,past,True,False,True,False,unknown,True,True,incident_preparation,Employment/Labour,Employment/Labour,Employment/Labour,REV399
CLS000534,NAR000534_EN,Property Disputes,Inheritance property claim;Unauthorized occupation,complaint_preparation;legal_aid_request,Prepare an inheritance-property case for civil review,CASE_PREPARATION,False,False,False,physical,past,True,True,False,False,unknown,False,True,incident_preparation,Property Disputes,Property Disputes,Property Disputes,REV344
CLS000535,NAR000535_EN,Property Disputes,Tenant-landlord conflict;Unauthorized alteration;Physical injury,complaint_preparation;legal_aid_request,Prepare a tenant-landlord complaint with injury details,CASE_PREPARATION,False,False,False,hybrid,past,True,False,True,False,unknown,True,True,incident_preparation,Property Disputes,Property Disputes,Property Disputes,REV938
CLS000536,NAR000536_EN,Traffic & Road Incidents,Drunk driving accident;Physical injury;Vehicle collision,complaint_preparation;legal_aid_request,Prepare a drunk-driving collision report,CASE_PREPARATION,False,False,False,physical,recent,True,False,True,False,unknown,True,True,incident_preparation,Traffic & Road Incidents,Traffic & Road Incidents,Traffic & Road Incidents,REV835
CLS000537,NAR000537_EN,Employment/Labour,Workplace harassment;Threatened termination;Unpaid dues,complaint_preparation;legal_aid_request,Document workplace harassment and employment threats,ONGOING_THREAT,False,True,False,physical,past,True,True,False,False,unknown,True,True,incident_preparation,Employment/Labour,Employment/Labour,Employment/Labour,REV372
CLS000538,NAR000538_EN,Domestic Violence,Dowry harassment;Unlawful confinement;Immediate fear,emergency_assistance;complaint_preparation,Get immediate safety assistance after being locked in a room,EMERGENCY_CURRENT_DANGER,True,True,False,physical,current,False,True,False,False,unknown,True,False,emergency_redirect,Domestic Violence,Domestic Violence,Domestic Violence,REV979
CLS000539,NAR000539_EN,Cybercrime,Social media hacking;Network intrusion,complaint_preparation;legal_aid_request,Document a social-media intrusion and containment,CASE_PREPARATION,False,False,False,online,recent,False,False,False,False,unknown,False,True,incident_preparation,Cybercrime,Cybercrime,Cybercrime,REV279
CLS000540,NAR000540_EN,Miscellaneous,Stray animal hazard;Municipal notification,complaint_preparation,Report a stray-animal hazard,PROCEDURAL_ASSISTANCE,False,False,False,physical,past,True,False,False,False,unknown,False,False,incident_preparation,Miscellaneous,Miscellaneous,Miscellaneous,REV303
CLS000541,NAR000541_EN,Property Disputes,Tenant-landlord conflict;Unauthorized alteration;Physical injury,complaint_preparation;legal_aid_request,Prepare a tenant-landlord complaint with injury details,CASE_PREPARATION,False,False,False,hybrid,recent,True,False,True,False,unknown,True,True,incident_preparation,Property Disputes,Property Disputes,Property Disputes,REV308
CLS000542,NAR000542_EN,Consumer Disputes,Refusal of service refund;Unfair trade practice,complaint_preparation;legal_aid_request,Prepare a refund-refusal complaint,CASE_PREPARATION,False,False,False,online,recent,True,False,False,False,unknown,False,True,incident_preparation,Consumer Disputes,Consumer Disputes,Consumer Disputes,REV136
CLS000543,NAR000543_EN,Miscellaneous,Minor civic infrastructure issue;Public disturbance,complaint_preparation;legal_aid_request,Document a minor civic infrastructure issue,CASE_PREPARATION,False,False,False,physical,recent,False,False,False,False,unknown,False,True,incident_preparation,Miscellaneous,Miscellaneous,Miscellaneous,REV668
CLS000544,NAR000544_EN,Assault & Threats,Verbal intimidation;Threat of future harm,complaint_preparation,Document intimidation and seek protection,ONGOING_THREAT,False,True,False,physical,recent,False,True,False,False,unknown,True,False,incident_preparation,Assault & Threats,Assault & Threats,Assault & Threats,REV483
CLS000545,NAR000545_EN,Theft and robbery,Online phishing theft;Property loss,complaint_preparation,Prepare an online phishing-theft report,CASE_PREPARATION,False,False,False,online,recent,True,False,False,False,unknown,True,False,incident_preparation,Theft and robbery,Theft and robbery,Theft and robbery,REV989
CLS000546,NAR000546_EN,Consumer Disputes,Defective product delivery;Regulatory escalation,complaint_preparation;legal_aid_request,Escalate an unresolved defective-product complaint,CASE_PREPARATION,False,False,False,physical,past,True,False,False,False,unknown,True,True,incident_preparation,Consumer Disputes,Consumer Disputes,Consumer Disputes,REV775
CLS000547,NAR000547_EN,Domestic Violence,Dowry harassment;Domestic intimidation,emergency_assistance;legal_aid_request,Document dowry harassment and obtain support,ONGOING_THREAT,False,True,False,hybrid,recent,True,True,False,False,unknown,False,True,incident_preparation,Domestic Violence,Domestic Violence,Domestic Violence,REV654
CLS000548,NAR000548_EN,Assault & Threats,Verbal intimidation;Potential bodily harm,complaint_preparation,Document intimidation and safety concerns,ONGOING_THREAT,False,True,False,physical,past,False,True,False,False,unknown,False,False,incident_preparation,Assault & Threats,Assault & Threats,Assault & Threats,REV724
CLS000549,NAR000549_EN,Theft and robbery,Vehicle theft;Property loss,complaint_preparation;legal_aid_request,Prepare a vehicle-theft report,CASE_PREPARATION,False,False,False,physical,recent,True,True,False,False,unknown,False,True,incident_preparation,Theft and robbery,Theft and robbery,Theft and robbery,REV967
CLS000550,NAR000550_EN,Property Disputes,Land encroachment;Unauthorized alteration,complaint_preparation;legal_aid_request,Prepare a land-encroachment complaint,CASE_PREPARATION,False,False,False,physical,past,True,False,False,False,unknown,False,True,incident_preparation,Property Disputes,Property Disputes,Property Disputes,REV876
CLS000551,NAR000551_EN,Property Disputes,Tenant-landlord conflict;Unauthorized occupation,complaint_preparation;legal_aid_request,Prepare evidence for the tenancy and possession dispute,CASE_PREPARATION,False,False,False,physical,past,True,False,False,False,unknown,False,True,incident_preparation,Property Disputes,Property Disputes,Property Disputes,REV228
CLS000552,NAR000552_EN,Consumer Disputes,False advertising;Misrepresentation;Refund refusal,complaint_preparation;legal_aid_request,Seek a refund and consumer remedy for deceptive sales,CASE_PREPARATION,False,False,False,physical,recent,True,False,False,False,unknown,True,True,incident_preparation,Consumer Disputes,Consumer Disputes,Consumer Disputes,REV893
CLS000553,NAR000553_EN,Financial Fraud,Loan approval scam;Forgery;Online financial deception,complaint_preparation;legal_aid_request,Prepare a complaint about the fraudulent loan offer,CASE_PREPARATION,False,False,False,online,recent,True,False,False,False,unknown,False,True,incident_preparation,Financial Fraud,Financial Fraud,Financial Fraud,REV465
CLS000554,NAR000554_EN,Family Law,Child custody dispute;Visitation non-compliance,legal_information;document_check,Understand custody enforcement and organize family-court documents,LEGAL_INFORMATION,False,True,False,hybrid,recent,False,False,False,False,True,False,True,quick_query,Family Law,Family Law,Family Law,REV103
CLS000555,NAR000555_EN,Financial Fraud,Credit card cloning;Unauthorized transactions,complaint_preparation,Prepare a report for cloned-card transactions,CASE_PREPARATION,False,False,False,physical,recent,True,False,False,False,unknown,False,False,incident_preparation,Financial Fraud,Financial Fraud,Financial Fraud,REV515
CLS000556,NAR000556_EN,Employment/Labour,Unsafe working conditions;Unpaid dues,complaint_preparation;legal_aid_request,Document unsafe conditions injuries and unpaid employment dues,CASE_PREPARATION,False,True,False,physical,recent,True,False,True,False,unknown,True,True,incident_preparation,Employment/Labour,Employment/Labour,Employment/Labour,REV589
CLS000557,NAR000557_EN,Assault & Threats,Physical altercation;Threat of bodily harm,complaint_preparation;legal_aid_request,Report the altercation and continuing safety threat,ONGOING_THREAT,False,True,False,physical,past,False,True,False,False,unknown,False,True,incident_preparation,Assault & Threats,Assault & Threats,Assault & Threats,REV915
CLS000558,NAR000558_EN,Family Law,Guardianship dispute;Ongoing non-compliance,legal_information;legal_aid_request,Understand remedies in the guardianship dispute,LEGAL_INFORMATION,False,True,False,hybrid,recent,False,False,False,False,True,False,True,quick_query,Family Law,Family Law,Family Law,REV829
CLS000559,NAR000559_EN,Miscellaneous,Stray animal hazard;Public safety grievance,complaint_preparation;legal_aid_request,Submit a civic complaint about the road hazard,PROCEDURAL_ASSISTANCE,False,True,False,physical,recent,False,False,False,False,unknown,False,True,quick_query,Miscellaneous,Miscellaneous,Miscellaneous,REV188
CLS000560,NAR000560_EN,Employment/Labour,Breach of employment contract;Employment dues dispute,complaint_preparation;legal_aid_request,Prepare an employment-contract claim,CASE_PREPARATION,False,True,False,online,recent,True,False,False,False,unknown,True,True,incident_preparation,Employment/Labour,Employment/Labour,Employment/Labour,REV692
CLS000561,NAR000561_EN,Cybercrime,Ransomware attack;Data breach;Financial compromise,complaint_preparation;cyber_safety_guidance,Report the ransomware attack and secure compromised systems,ONGOING_THREAT,False,True,False,online,past,True,True,False,False,unknown,True,False,incident_preparation,Cybercrime,Cybercrime,Cybercrime,REV530
CLS000562,NAR000562_EN,Traffic & Road Incidents,Illegal parking blockage;Vehicle damage,complaint_preparation;legal_aid_request,Prepare a traffic complaint and vehicle-damage record,CASE_PREPARATION,False,False,False,physical,past,True,False,False,False,unknown,True,True,incident_preparation,Traffic & Road Incidents,Traffic & Road Incidents,Traffic & Road Incidents,REV344
CLS000563,NAR000563_EN,Theft and robbery,Armed robbery;Property loss;Physical injury,complaint_preparation;medical_guidance,Report the armed robbery and document the injury and losses,PAST_INCIDENT,False,False,False,physical,recent,True,True,True,True,unknown,False,False,incident_preparation,Theft and robbery,Theft and robbery,Theft and robbery,REV237
CLS000564,NAR000564_EN,Traffic & Road Incidents,Illegal parking blockage;Road safety hazard,complaint_preparation,Submit a complaint about the parking obstruction,PROCEDURAL_ASSISTANCE,False,True,False,physical,recent,True,False,False,False,unknown,False,False,quick_query,Traffic & Road Incidents,Traffic & Road Incidents,Traffic & Road Incidents,REV590
CLS000565,NAR000565_EN,Theft and robbery,Online phishing theft;Digital payment loss,complaint_preparation;police_reporting_guidance,Report the phishing theft to police and preserve digital evidence,CASE_PREPARATION,False,True,False,online,recent,True,False,False,False,unknown,True,False,incident_preparation,Theft and robbery,Theft and robbery,Theft and robbery,REV466
CLS000566,NAR000566_EN,Employment/Labour,Unsafe working conditions;Workplace intimidation,complaint_preparation;legal_aid_request,Document the workplace dispute and threatened employment action,CASE_PREPARATION,False,True,False,physical,past,False,True,False,False,unknown,False,True,incident_preparation,Employment/Labour,Employment/Labour,Employment/Labour,REV850
CLS000567,NAR000567_EN,Traffic & Road Incidents,Traffic signal violation;Road collision,witness_statement;complaint_preparation,Provide a witness account of the collision,PAST_INCIDENT,False,False,False,physical,recent,True,False,False,False,unknown,True,False,incident_preparation,Traffic & Road Incidents,Traffic & Road Incidents,Traffic & Road Incidents,REV897
CLS000568,NAR000568_EN,Cybercrime,Social media hacking;Account compromise,complaint_preparation;cyber_safety_guidance,Document the exploit and recover the compromised account,ONGOING_THREAT,False,True,False,online,past,True,True,False,False,unknown,False,False,incident_preparation,Cybercrime,Cybercrime,Cybercrime,REV417
CLS000569,NAR000569_EN,Property Disputes,Illegal property possession;Unauthorized alteration,complaint_preparation;legal_aid_request,Prepare evidence about the unlawful occupation,CASE_PREPARATION,False,True,False,physical,past,True,True,False,False,unknown,True,True,incident_preparation,Property Disputes,Property Disputes,Property Disputes,REV429
CLS000570,NAR000570_EN,Theft and robbery,Shopbreaking;Forced entry;Property theft,witness_statement;complaint_preparation,Document the witnessed shopbreaking and stolen property,PAST_INCIDENT,False,False,False,physical,past,True,True,False,False,unknown,True,True,incident_preparation,Theft and robbery,Theft and robbery,Theft and robbery,REV901
CLS000571,NAR000571_EN,Property Disputes,Illegal property possession;Active trespass;Immediate threat,emergency_guidance;police_reporting_guidance,Reach safety and contact emergency police for the active takeover,EMERGENCY_CURRENT_DANGER,True,True,False,physical,current,True,True,False,False,unknown,True,True,emergency_redirect,Property Disputes,Property Disputes,Property Disputes,REV859
CLS000572,NAR000572_EN,Assault & Threats,Domestic dispute;Physical intimidation,witness_statement;complaint_preparation,Report the witnessed domestic intimidation,PAST_INCIDENT,False,False,False,physical,recent,True,True,False,False,unknown,True,False,incident_preparation,Assault & Threats,Assault & Threats,Assault & Threats,REV480
CLS000573,NAR000573_EN,Traffic & Road Incidents,Drunk driving accident;Collision injury;Vehicle damage,complaint_preparation;medical_guidance,Document the drunk-driving collision injuries and damage,PAST_INCIDENT,False,False,False,physical,recent,True,False,True,False,unknown,True,False,incident_preparation,Traffic & Road Incidents,Traffic & Road Incidents,Traffic & Road Incidents,REV289
CLS000574,NAR000574_EN,Employment/Labour,Breach of employment contract;Employment dues dispute,complaint_preparation;legal_aid_request,Prepare a claim for breach of the employment agreement,CASE_PREPARATION,False,True,False,online,recent,True,False,False,False,unknown,False,True,incident_preparation,Employment/Labour,Employment/Labour,Employment/Labour,REV269
CLS000575,NAR000575_EN,Assault & Threats,Domestic dispute;Immediate intimidation;Threat of harm,safety_planning;complaint_preparation,Get safety guidance and report the hostile confrontation,ONGOING_THREAT,False,True,False,physical,recent,True,True,False,False,unknown,False,False,incident_preparation,Assault & Threats,Assault & Threats,Assault & Threats,REV320
CLS000576,NAR000576_EN,Family Law,Alimony and maintenance claim;Family dispute,legal_information;legal_aid_request,Understand maintenance remedies and required documents,LEGAL_INFORMATION,False,True,False,hybrid,recent,True,False,False,False,unknown,True,True,quick_query,Family Law,Family Law,Family Law,REV473
CLS000577,NAR000577_EN,Property Disputes,Tenant-landlord conflict;Threatened dispossession,complaint_preparation;legal_aid_request,Prepare an urgent tenancy and possession complaint,CASE_PREPARATION,False,True,False,hybrid,past,True,True,False,False,unknown,False,True,incident_preparation,Property Disputes,Property Disputes,Property Disputes,REV435
CLS000578,NAR000578_EN,Cybercrime,Social media hacking;Account compromise,complaint_preparation;cyber_safety_guidance,Recover the hacked account and preserve evidence,ONGOING_THREAT,False,True,False,online,past,True,True,False,False,unknown,False,False,incident_preparation,Cybercrime,Cybercrime,Cybercrime,REV456
CLS000579,NAR000579_EN,Employment/Labour,Unpaid wage dispute;Withheld employment dues,complaint_preparation;legal_aid_request,Prepare a wage-recovery complaint,CASE_PREPARATION,False,True,False,hybrid,recent,True,False,False,False,unknown,False,True,incident_preparation,Employment/Labour,Employment/Labour,Employment/Labour,REV127
CLS000580,NAR000580_EN,Cybercrime,Identity theft;Account takeover;Active financial loss,cyber_safety_guidance;complaint_preparation,Stop the active account compromise and report the identity theft,ONGOING_THREAT,False,True,False,online,current,True,True,False,False,unknown,False,False,incident_preparation,Cybercrime,Cybercrime,Cybercrime,REV869
CLS000581,NAR000581_EN,Miscellaneous,Noise pollution grievance;Public nuisance,complaint_preparation;legal_aid_request,Submit a civic noise-pollution grievance,PROCEDURAL_ASSISTANCE,False,True,False,physical,recent,False,False,False,False,unknown,False,True,quick_query,Miscellaneous,Miscellaneous,Miscellaneous,REV736
CLS000582,NAR000582_EN,Miscellaneous,Lost item reporting;Property loss,police_reporting_guidance;complaint_preparation,Learn how to report and trace the lost item,PROCEDURAL_ASSISTANCE,False,True,False,physical,current,True,False,False,False,unknown,False,True,quick_query,Miscellaneous,Miscellaneous,Miscellaneous,REV360
CLS000583,NAR000583_EN,Theft and robbery,Online phishing theft;Digital property loss,complaint_preparation;legal_aid_request,Prepare a formal complaint for the phishing theft,CASE_PREPARATION,False,False,False,hybrid,past,True,False,False,False,unknown,True,True,incident_preparation,Theft and robbery,Theft and robbery,Theft and robbery,REV627
CLS000584,NAR000584_EN,Financial Fraud,Credit card cloning;Unauthorized charges;Continuing compromise,cyber_safety_guidance;complaint_preparation,Block further charges and report the cloned card,ONGOING_THREAT,False,True,False,physical,current,True,True,False,False,unknown,True,True,incident_preparation,Financial Fraud,Financial Fraud,Financial Fraud,REV900
CLS000585,NAR000585_EN,Family Law,Alimony and maintenance claim;Ongoing non-compliance,legal_information;legal_aid_request,Understand enforcement options for unpaid maintenance,LEGAL_INFORMATION,False,True,False,hybrid,past,True,False,False,False,unknown,True,True,quick_query,Family Law,Family Law,Family Law,REV243
CLS000586,NAR000586_EN,Cybercrime,Cyberstalking;Account hacking;Fraudulent payment requests,cyber_safety_guidance;complaint_preparation,Secure the hacked account and report the active misuse,ONGOING_THREAT,False,True,False,hybrid,current,True,True,False,False,unknown,False,False,incident_preparation,Cybercrime,Cybercrime,Cybercrime,REV774
CLS000587,NAR000587_EN,Consumer Disputes,Expired or contaminated goods;Consumer injury,complaint_preparation;legal_aid_request,Prepare a consumer complaint with medical and purchase evidence,CASE_PREPARATION,False,False,False,physical,recent,True,False,True,False,unknown,False,True,incident_preparation,Consumer Disputes,Consumer Disputes,Consumer Disputes,REV849
CLS000588,NAR000588_EN,Financial Fraud,Loan approval scam;Financial misrepresentation,complaint_preparation;legal_aid_request,Prepare an urgent banking fraud grievance,CASE_PREPARATION,False,True,False,online,recent,True,False,False,False,unknown,False,True,incident_preparation,Financial Fraud,Financial Fraud,Financial Fraud,REV348
CLS000589,NAR000589_EN,Consumer Disputes,False advertising;Unresolved consumer grievance,complaint_preparation;legal_aid_request,Escalate the deceptive-advertising complaint,CASE_PREPARATION,False,False,False,physical,past,True,False,False,False,unknown,True,True,incident_preparation,Consumer Disputes,Consumer Disputes,Consumer Disputes,REV785
CLS000590,NAR000590_EN,Property Disputes,Illegal property possession;Active takeover;Immediate threat,emergency_guidance;police_reporting_guidance,Reach safety and call police about the takeover in progress,EMERGENCY_CURRENT_DANGER,True,True,False,physical,current,True,True,False,False,unknown,False,True,emergency_redirect,Property Disputes,Property Disputes,Property Disputes,REV167
CLS000591,NAR000591_EN,Family Law,Child custody dispute;Guardianship;Maintenance mediation,legal_information;legal_aid_request,Understand custody guardianship and mediation options,LEGAL_INFORMATION,False,True,False,hybrid,recent,True,False,False,False,True,True,True,quick_query,Family Law,Family Law,Family Law,REV464
CLS000592,NAR000592_EN,Domestic Violence,Dowry harassment;Domestic intimidation;Ongoing abuse,safety_planning;complaint_preparation,Plan for safety and document the dowry harassment,ONGOING_THREAT,False,True,False,hybrid,recent,True,True,False,False,unknown,False,False,incident_preparation,Domestic Violence,Domestic Violence,Domestic Violence,REV665
CLS000593,NAR000593_EN,Property Disputes,Boundary wall dispute;Threatened interference,complaint_preparation;legal_aid_request,Prepare an urgent boundary-wall complaint,CASE_PREPARATION,False,True,False,physical,past,True,True,False,False,unknown,True,True,incident_preparation,Property Disputes,Property Disputes,Property Disputes,REV547
CLS000594,NAR000594_EN,Cybercrime,Social media hacking;Account takeover;Financial compromise,cyber_safety_guidance;complaint_preparation,Recover the account and document the related financial loss,CASE_PREPARATION,False,True,False,online,recent,True,True,False,False,unknown,True,False,incident_preparation,Cybercrime,Cybercrime,Cybercrime,REV131
CLS000595,NAR000595_EN,Assault & Threats,Verbal intimidation;Threat of bodily harm,safety_planning;complaint_preparation,Get safety guidance and document the intimidation,ONGOING_THREAT,False,True,False,hybrid,past,False,True,False,False,unknown,False,False,incident_preparation,Assault & Threats,Assault & Threats,Assault & Threats,REV854
CLS000596,NAR000596_EN,Consumer Disputes,False advertising;Consumer misrepresentation,complaint_preparation;legal_aid_request,Prepare a formal deceptive-advertising complaint,CASE_PREPARATION,False,False,False,physical,past,True,False,False,False,unknown,False,True,incident_preparation,Consumer Disputes,Consumer Disputes,Consumer Disputes,REV963
CLS000597,NAR000597_EN,Consumer Disputes,Expired or contaminated goods;Consumer injury,complaint_preparation;legal_aid_request,Document the contaminated goods injury and seek consumer relief,CASE_PREPARATION,False,False,False,physical,recent,True,False,True,False,unknown,True,True,incident_preparation,Consumer Disputes,Consumer Disputes,Consumer Disputes,REV860
CLS000598,NAR000598_EN,Employment/Labour,Unpaid wage dispute;Withheld employment dues,witness_statement;complaint_preparation;legal_aid_request,Document the witnessed wage dispute and recover unpaid dues,CASE_PREPARATION,False,True,False,physical,recent,True,False,False,False,unknown,False,True,incident_preparation,Employment/Labour,Employment/Labour,Employment/Labour,REV883
CLS000599,NAR000599_EN,Property Disputes,Boundary wall dispute;Active construction;Threatened interference,safety_planning;complaint_preparation;legal_aid_request,Stop the active boundary interference and document the threats,ONGOING_THREAT,False,True,False,physical,current,True,True,False,False,unknown,True,True,incident_preparation,Property Disputes,Property Disputes,Property Disputes,REV931
CLS000600,NAR000600_EN,Consumer Disputes,Overcharging;Hidden fees,complaint_preparation;legal_aid_request,Prepare a consumer complaint about undisclosed charges,CASE_PREPARATION,False,False,False,physical,past,True,False,False,False,unknown,False,True,incident_preparation,Consumer Disputes,Consumer Disputes,Consumer Disputes,REV599
