event_id,narrative_id,event_type,action_text,actor_entity_ids,target_entity_ids,object_entity_ids,location_entity_id,date_expression,normalised_date,time_expression,normalised_time,time_period,time_precision,method,result,event_status,source_sentence,source_start_char,source_end_char,certainty,chronological_order,linked_evidence_ids,user_confirmation_status,annotator_id,reviewer_id
EVT000001_001,NAR000001_EN,DECEPTIVE_REPRESENTATION,false advertising and misrepresentation,NONE,NAR000001_EN_E001,NONE,NONE,not_stated,2023-01-01,20:41,20:41,evening,exact,merchant misrepresentation or refusal to resolve,"Consumer suffered a disputed purchase, refund, quality, or billing loss",completed,"So I went to this shop around 20:41 and explicitly paid for premium service, but I faced absolute false advertising and misrepresentation instead.",0,146,certain,1,NONE,pending,EVT_ANN_001,REV849
EVT000001_002,NAR000001_EN,PERSON_APPROACHED,remedy requested from other party,NAR000001_EN_E001,NONE,NONE,NONE,not_stated,2023-01-01,20:41,20:41,evening,approximate,complainant approached or confronted the other party,Complainant requested a remedy or confronted the other party,completed,"When I asked the manager to fix it or give my money back, they were super rude and completely brushed me off.",147,256,certain,2,NONE,pending,EVT_ANN_001,REV849
EVT000002_001,NAR000002_EN,PUBLIC_NUISANCE_REPORTED,noise pollution grievance,NONE,NAR000002_EN_E001,NONE,NONE,2026-07-17,2026-07-17,23:20,23:20,night,exact,civic nuisance or hazard,"Public comfort, access, or civic safety was affected",unclear,"Dear Municipal Authorities, I am writing to formally log a civic grievance regarding the ongoing pattern of noise pollution grievance at the Residential street.",0,160,certain,1,NONE,pending,EVT_ANN_001,REV549
EVT000002_002,NAR000002_EN,INCIDENT_REPORTED,complaint or incident report made,NAR000002_EN_E001,NONE,NONE,NONE,2026-07-17,2026-07-17,23:20,23:20,night,approximate,formal or informal reporting by complainant,Incident was reported or legal guidance was sought,completed,"Dear Municipal Authorities, I am writing to formally log a civic grievance regarding the ongoing pattern of noise pollution grievance at the Residential street.",0,160,probable,2,NONE,pending,EVT_ANN_001,REV549
EVT000003_001,NAR000003_EN,PROPERTY_DAMAGED,drunk driving accident,NONE,NAR000003_EN_E001,NONE,NONE,not_stated,2023-01-07,06:27,06:27,morning,exact,unsafe or unlawful road conduct,"Vehicle movement, road safety, or property damage was affected",completed,A vehicular incident involving drunk driving accident occurred on the local highway at 06:27.,0,93,certain,1,NONE,pending,EVT_ANN_001,REV328
EVT000003_002,NAR000003_EN,TRAFFIC_OBSTRUCTION,traffic obstruction followed incident,NAR000003_EN_E001,NONE,NONE,NONE,not_stated,2023-01-07,06:27,06:27,morning,approximate,road blockage or bottleneck after incident,Road access or vehicle movement was blocked,completed,The collision or blockage led to structural vehicular property damage and caused a severe traffic bottleneck requiring immediate clearing..,94,233,certain,2,NONE,pending,EVT_ANN_001,REV328
EVT000004_001,NAR000004_EN,DECEPTIVE_REPRESENTATION,false advertising and misrepresentation,NONE,NONE,NONE,NONE,today,2023-01-11,07:45,07:45,morning,exact,merchant misrepresentation or refusal to resolve,"Consumer suffered a disputed purchase, refund, quality, or billing loss",completed,just experienced a massive false advertising and misrepresentation around 07:45 today.,55,141,certain,1,NONE,pending,EVT_ANN_001,REV705
EVT000004_002,NAR000004_EN,INCIDENT_REPORTED,incident details shared,NONE,NONE,NONE,NONE,today,2023-01-11,07:45,07:45,morning,approximate,complainant shared incident details for guidance,Incident details were shared for guidance,completed,super sketchy service watch out.,210,242,probable,2,NONE,pending,EVT_ANN_001,REV705
EVT000005_001,NAR000005_EN,DECEPTIVE_REPRESENTATION,social media hacking,NONE,NAR000005_EN_E001,NONE,NONE,not_stated,2023-01-12,17:10,17:10,evening,exact,online credential manipulation,"Money, account access, or financial control was compromised",completed,An incident of social media hacking compromised security systems across the specified Online platform at 17:10.,0,111,certain,1,NONE,pending,EVT_ANN_001,REV537
EVT000005_002,NAR000005_EN,INCIDENT_REPORTED,incident details shared,NAR000005_EN_E001,NONE,NONE,NONE,not_stated,2023-01-12,17:10,17:10,evening,exact,complainant shared incident details for guidance,Incident details were shared for guidance,completed,An incident of social media hacking compromised security systems across the specified Online platform at 17:10.,0,111,probable,2,NONE,pending,EVT_ANN_001,REV537
EVT000006_001,NAR000006_EN,UNSAFE_WORKING_CONDITION,safe working conditions violation,NONE,NAR000006_EN_E001,NONE,NONE,not_stated,2023-01-16,21:28,21:28,night,exact,employer action or workplace practice,"Workplace rights, wages, safety, or employment status were affected",completed,"The context of the dispute was clearly a severe case of safe working conditions violation, with the supervisor dismissing the employee's legitimate safety or financial claims arbitrarily..",121,309,certain,1,NONE,pending,EVT_ANN_001,REV242
EVT000006_002,NAR000006_EN,INCIDENT_REPORTED,incident details shared,NAR000006_EN_E001,NONE,NONE,NONE,not_stated,2023-01-16,21:28,21:28,night,exact,complainant shared incident details for guidance,Incident details were shared for guidance,completed,The observer witnessed an intense disagreement between the management and an employee inside the workplace around 21:28.,0,120,probable,2,NONE,pending,EVT_ANN_001,REV242
EVT000007_001,NAR000007_EN,PHYSICAL_ATTACK,domestic dispute,NONE,NAR000007_EN_E001,NONE,NONE,not_stated,2023-01-18,21:31,21:31,night,exact,physical force or intimidation,"Complainant reported fear, intimidation, or immediate safety concern",unclear,pls help someone is targeting me with domestic dispute right now at the Apartment!!,0,83,certain,1,NONE,pending,EVT_ANN_001,REV842
EVT000007_002,NAR000007_EN,INCIDENT_REPORTED,authorities notified,NAR000007_EN_E001,NONE,NONE,NONE,not_stated,2023-01-18,21:31,21:31,night,approximate,notification to authorities or emergency services,Authorities or emergency services were notified,completed,pls help someone is targeting me with domestic dispute right now at the Apartment!!,0,83,probable,2,NONE,pending,EVT_ANN_001,REV842
EVT000008_001,NAR000008_EN,PROPERTY_POSSESSION_DISPUTED,tenant-landlord conflict,NONE,NAR000008_EN_E001,NONE,NONE,2026-06-22,2026-06-22,09:08,09:08,morning,exact,"contested possession, access, or property control",Property access or ownership rights became disputed,completed,Complainant reports a structural civil grievance regarding tenant-landlord conflict at the site located in shop.,0,112,certain,1,NONE,pending,EVT_ANN_001,REV220
EVT000008_002,NAR000008_EN,EVIDENCE_IDENTIFIED,evidence identified,NAR000008_EN_E001,NONE,NONE,NONE,2026-06-22,2026-06-22,09:08,09:08,morning,approximate,"supporting evidence, documents, logs, or records preserved",Evidence or supporting records were identified,completed,Property ownership documents have been submitted for verification..,218,285,certain,2,NONE,pending,EVT_ANN_001,REV220
EVT000009_001,NAR000009_EN,DECEPTIVE_REPRESENTATION,overcharging and hidden fees,NONE,NAR000009_EN_E001,NONE,NONE,2026-07-05,2026-07-05,04:50,04:50,night,exact,merchant misrepresentation or refusal to resolve,"Consumer suffered a disputed purchase, refund, quality, or billing loss",completed,"Dear Consumer Forum Support, I am writing to formally register a merchant complaint regarding a severe instance of overcharging and hidden fees that occurred at Restaurant on 2026-07-05 at 04:50 hours.",0,201,certain,1,NONE,pending,EVT_ANN_001,REV887
EVT000009_002,NAR000009_EN,INCIDENT_REPORTED,complaint or incident report made,NAR000009_EN_E001,NONE,NONE,NONE,2026-07-05,2026-07-05,04:50,04:50,night,exact,formal or informal reporting by complainant,Incident was reported or legal guidance was sought,completed,"Dear Consumer Forum Support, I am writing to formally register a merchant complaint regarding a severe instance of overcharging and hidden fees that occurred at Restaurant on 2026-07-05 at 04:50 hours.",0,201,certain,2,NONE,pending,EVT_ANN_001,REV887
EVT000010_001,NAR000010_EN,DECEPTIVE_REPRESENTATION,credit card cloning,NONE,NONE,NAR000010_EN_E001,NONE,not_stated,2023-01-22,09:18,09:18,morning,exact,deceptive financial documentation or transaction,"Money, account access, or financial control was compromised",completed,"Closer inspection confirmed a premeditated instance of credit card cloning, with the perpetrator executing unauthorized balance transfers using fraudulent credentials before logging out..",106,293,certain,1,NONE,pending,EVT_ANN_001,REV622
EVT000010_002,NAR000010_EN,EVIDENCE_IDENTIFIED,evidence identified,NONE,NONE,NAR000010_EN_E001,NONE,not_stated,2023-01-22,09:18,09:18,morning,exact,"supporting evidence, documents, logs, or records preserved",Evidence or supporting records were identified,completed,The internal auditor observed highly irregular transaction entries passing through the shop around 09:18.,0,105,certain,2,NONE,pending,EVT_ANN_001,REV622
EVT000011_001,NAR000011_EN,THREAT_MADE,online harassment & threats,NONE,NAR000011_EN_E001,NONE,NONE,2026-07-01,2026-07-01,17:56,17:56,evening,approximate,physical force or intimidation,"Complainant reported fear, intimidation, or immediate safety concern",completed,"On the afternoon of 2026-07-01, an escalating conflict classified under online harassment & threats manifested at the specified social media.",0,141,certain,1,NONE,pending,EVT_ANN_001,REV751
EVT000011_002,NAR000011_EN,INCIDENT_REPORTED,authorities notified,NAR000011_EN_E001,NONE,NONE,NONE,2026-07-01,2026-07-01,17:56,17:56,evening,approximate,notification to authorities or emergency services,Authorities or emergency services were notified,completed,Security personnel were subsequently informed to review the breach of safety within the jurisdiction..,380,482,probable,2,NONE,pending,EVT_ANN_001,REV751
EVT000012_001,NAR000012_EN,DECEPTIVE_REPRESENTATION,expired or contaminated goods sale,NONE,NAR000012_EN_E001,NONE,NONE,not_stated,2023-01-25,02:32,02:32,night,exact,merchant misrepresentation or refusal to resolve,"Consumer suffered a disputed purchase, refund, quality, or billing loss",completed,"A customer was contesting a distinct case of expired or contaminated goods sale, showing clear evidence to the merchant, who continuously refused liability or proper resolution..",91,269,certain,1,NONE,pending,EVT_ANN_001,REV805
EVT000012_002,NAR000012_EN,EVIDENCE_IDENTIFIED,evidence identified,NAR000012_EN_E001,NONE,NONE,NONE,not_stated,2023-01-25,02:32,02:32,night,approximate,"supporting evidence, documents, logs, or records preserved",Evidence or supporting records were identified,completed,"A customer was contesting a distinct case of expired or contaminated goods sale, showing clear evidence to the merchant, who continuously refused liability or proper resolution..",91,269,certain,2,NONE,pending,EVT_ANN_001,REV805
EVT000013_001,NAR000013_EN,DECEPTIVE_REPRESENTATION,overcharging and hidden fees,NONE,NAR000013_EN_E001,NONE,NONE,2026-06-26,2026-06-26,03:09,03:09,night,exact,merchant misrepresentation or refusal to resolve,"Consumer suffered a disputed purchase, refund, quality, or billing loss",completed,"Complainant states that on 2026-06-26 at approximately 03:09 hours, a transaction dispute involving overcharging and hidden fees occurred at Shop.",0,146,certain,1,NONE,pending,EVT_ANN_001,REV882
EVT000013_002,NAR000013_EN,INCIDENT_REPORTED,complaint or incident report made,NAR000013_EN_E001,NONE,NONE,NONE,2026-06-26,2026-06-26,03:09,03:09,night,approximate,formal or informal reporting by complainant,Incident was reported or legal guidance was sought,completed,"The vendor reportedly engaged in unfair trade practices, failing to resolve the commercial non-compliance.",147,253,certain,2,NONE,pending,EVT_ANN_001,REV882
EVT000014_001,NAR000014_EN,PROPERTY_DAMAGED,reckless driving confrontation,NONE,NONE,NONE,NAR000014_EN_E001,2026-06-25,2026-06-25,18:17,18:17,evening,exact,unsafe or unlawful road conduct,"Vehicle movement, road safety, or property damage was affected",completed,"On 2026-06-25 at approximately 18:17 hours, a vehicular incident classified as reckless driving confrontation occurred on the designated road.",0,142,certain,1,NONE,pending,EVT_ANN_001,REV352
EVT000014_002,NAR000014_EN,INCIDENT_REPORTED,complaint or incident report made,NONE,NONE,NONE,NAR000014_EN_E001,2026-06-25,2026-06-25,18:17,18:17,evening,approximate,formal or informal reporting by complainant,Incident was reported or legal guidance was sought,completed,Case logged under regional motor vehicle acts..,232,279,probable,2,NONE,pending,EVT_ANN_001,REV352
EVT000015_001,NAR000015_EN,DECEPTIVE_REPRESENTATION,insurance claim fraud,NONE,NAR000015_EN_E001,NONE,NONE,not_stated,2023-01-28,17:39,17:39,evening,exact,deceptive financial documentation or transaction,"Money, account access, or financial control was compromised",unclear,"So I went down to the online platform around 17:39 to check my balance, and I realized I was a victim of a massive insurance claim fraud.",0,137,certain,1,NONE,pending,EVT_ANN_001,REV881
EVT000015_002,NAR000015_EN,INCIDENT_REPORTED,incident details shared,NAR000015_EN_E001,NONE,NONE,NONE,not_stated,2023-01-28,17:39,17:39,evening,exact,complainant shared incident details for guidance,Incident details were shared for guidance,completed,"So I went down to the online platform around 17:39 to check my balance, and I realized I was a victim of a massive insurance claim fraud.",0,137,probable,2,NONE,pending,EVT_ANN_001,REV881
EVT000016_001,NAR000016_EN,MAINTENANCE_WITHHELD,economic deprivation,NONE,NAR000016_EN_E001,NONE,NONE,2026-06-27,2026-06-27,05:45,05:45,night,exact,physical force or intimidation,"Complainant reported fear, intimidation, or immediate safety concern",completed,"On the date of 2026-06-27, a highly contentious domestic incident manifesting as economic deprivation occurred within the private residence.",0,140,certain,1,NONE,pending,EVT_ANN_001,REV504
EVT000016_002,NAR000016_EN,INCIDENT_REPORTED,complaint or incident report made,NAR000016_EN_E001,NONE,NONE,NONE,2026-06-27,2026-06-27,05:45,05:45,night,exact,formal or informal reporting by complainant,Incident was reported or legal guidance was sought,completed,The conflict reportedly originated from long-standing domestic pressures and rapidly intensified into aggressive behavior around 05:45.,141,276,certain,2,NONE,pending,EVT_ANN_001,REV504
EVT000017_001,NAR000017_EN,PHYSICAL_ATTACK,domestic dispute,NONE,NAR000017_EN_E001,NONE,NONE,not_stated,2023-02-01,06:00,06:00,morning,exact,physical force or intimidation,"Complainant reported fear, intimidation, or immediate safety concern",unclear,"The confrontation quickly turned into a domestic dispute, with one individual visibly projecting physical intimidation towards the other party before crowds gathered to separate them..",95,279,certain,1,NONE,pending,EVT_ANN_001,REV126
EVT000017_002,NAR000017_EN,INCIDENT_REPORTED,complaint or incident report made,NAR000017_EN_E001,NONE,NONE,NONE,not_stated,2023-02-01,06:00,06:00,morning,exact,formal or informal reporting by complainant,Incident was reported or legal guidance was sought,completed,The bystander reported observing a heated argument developing near the apartment around 06:00.,0,94,certain,2,NONE,pending,EVT_ANN_001,REV126
EVT000018_001,NAR000018_EN,DECEPTIVE_REPRESENTATION,ransomware attack,NONE,NONE,NONE,NONE,yesterday,2023-02-03,16:02,16:02,afternoon,exact,online credential manipulation,"Money, account access, or financial control was compromised",completed,I realized it was a total ransomware attack when my savings started moving out.,133,212,certain,1,NONE,pending,EVT_ANN_001,REV685
EVT000018_002,NAR000018_EN,INCIDENT_REPORTED,incident details shared,NONE,NONE,NONE,NONE,yesterday,2023-02-03,16:02,16:02,afternoon,exact,complainant shared incident details for guidance,Incident details were shared for guidance,completed,"So I clicked this link thinking it was an official notification around 16:02 yesterday, and suddenly I was locked out of my account.",0,132,probable,2,NONE,pending,EVT_ANN_001,REV685
EVT000019_001,NAR000019_EN,THREAT_MADE,dowry harassment,NONE,NAR000019_EN_E001,NONE,NONE,not_stated,2023-02-03,16:38,16:38,afternoon,exact,physical force or intimidation,"Complainant reported fear, intimidation, or immediate safety concern",completed,An incident of domestic distress categorized as dowry harassment occurred inside a residential premises at 16:38.,0,113,certain,1,NONE,pending,EVT_ANN_001,REV672
EVT000019_002,NAR000019_EN,INCIDENT_REPORTED,incident details shared,NAR000019_EN_E001,NONE,NONE,NONE,not_stated,2023-02-03,16:38,16:38,afternoon,exact,complainant shared incident details for guidance,Incident details were shared for guidance,completed,An incident of domestic distress categorized as dowry harassment occurred inside a residential premises at 16:38.,0,113,probable,2,NONE,pending,EVT_ANN_001,REV672
EVT000020_001,NAR000020_EN,DECEPTIVE_REPRESENTATION,expired or contaminated goods sale,NONE,NAR000020_EN_E001,NONE,NONE,not_stated,2023-02-06,23:11,23:11,night,exact,merchant misrepresentation or refusal to resolve,"Consumer suffered a disputed purchase, refund, quality, or billing loss",completed,A transactional incident concerning expired or contaminated goods sale broke out at the local kirana store at 23:11.,0,116,certain,1,NONE,pending,EVT_ANN_001,REV766
EVT000020_002,NAR000020_EN,INCIDENT_REPORTED,incident details shared,NAR000020_EN_E001,NONE,NONE,NONE,not_stated,2023-02-06,23:11,23:11,night,exact,complainant shared incident details for guidance,Incident details were shared for guidance,completed,A transactional incident concerning expired or contaminated goods sale broke out at the local kirana store at 23:11.,0,116,probable,2,NONE,pending,EVT_ANN_001,REV766
EVT000021_001,NAR000021_EN,PHYSICAL_ATTACK,domestic dispute,NONE,NAR000021_EN_E001,NONE,NONE,not_stated,2023-02-08,01:26,01:26,night,exact,physical force or intimidation,"Complainant reported fear, intimidation, or immediate safety concern",unclear,"The confrontation quickly turned into a domestic dispute, with one individual visibly projecting physical intimidation towards the other party before crowds gathered to separate them..",95,279,certain,1,NONE,pending,EVT_ANN_001,REV641
EVT000021_002,NAR000021_EN,INCIDENT_REPORTED,complaint or incident report made,NAR000021_EN_E001,NONE,NONE,NONE,not_stated,2023-02-08,01:26,01:26,night,exact,formal or informal reporting by complainant,Incident was reported or legal guidance was sought,completed,The bystander reported observing a heated argument developing near the apartment around 01:26.,0,94,certain,2,NONE,pending,EVT_ANN_001,REV641
EVT000022_001,NAR000022_EN,PROPERTY_DAMAGED,reckless driving confrontation,NONE,NONE,NONE,NAR000022_EN_E001,2026-07-07,2026-07-07,18:01,18:01,evening,exact,unsafe or unlawful road conduct,"Vehicle movement, road safety, or property damage was affected",completed,"On the date of 2026-07-07, a serious municipal roadway incident manifesting as reckless driving confrontation transpired on the specified road at approximately 18:01 hours.",0,172,certain,1,NONE,pending,EVT_ANN_001,REV518
EVT000022_002,NAR000022_EN,MEDICAL_HELP_SOUGHT,medical help sought,NONE,NONE,NONE,NAR000022_EN_E001,2026-07-07,2026-07-07,18:01,18:01,evening,approximate,medical or emergency assistance requested,Medical or emergency assistance was sought,completed,"Local emergency response teams arrived on site to manage structural debris and administer medical assistance where relevant, while investigating officers initiated standard vehicle documentation checks within the state jurisdiction..",325,558,probable,2,NONE,pending,EVT_ANN_001,REV518
EVT000023_001,NAR000023_EN,PROPERTY_TAKEN,vehicle theft,NONE,NONE,NONE,NAR000023_EN_E001,2026-07-11,2026-07-11,07:24,07:24,morning,approximate,taking property without consent,"Personal property was lost, taken, or reported missing",completed,"On the date of 2026-07-11, a major incidence of vehicle theft was executed at the designated roadside under complex environmental circumstances.",0,144,certain,1,NONE,pending,EVT_ANN_001,REV957
EVT000023_002,NAR000023_EN,INCIDENT_REPORTED,authorities notified,NONE,NONE,NONE,NAR000023_EN_E001,2026-07-11,2026-07-11,07:24,07:24,morning,approximate,notification to authorities or emergency services,Authorities or emergency services were notified,completed,"Emergency services were notified subsequently, initiating a localized investigation into the security vulnerabilities of this particular jurisdiction..",410,561,certain,2,NONE,pending,EVT_ANN_001,REV957
EVT000024_001,NAR000024_EN,PROPERTY_DAMAGED,drunk driving accident,NONE,NONE,NAR000024_EN_E003,NAR000024_EN_E002,today,2023-02-19,11:42,11:42,morning,exact,unsafe or unlawful road conduct,"Vehicle movement, road safety, or property damage was affected",completed,"So I was driving along the road around 11:42 today, when this car suddenly sped out and caused a complete drunk driving accident!",0,129,certain,1,NONE,pending,EVT_ANN_001,REV139
EVT000024_002,NAR000024_EN,PERSON_LEFT_LOCATION,person left location,NONE,NONE,NAR000024_EN_E003,NAR000024_EN_E002,today,2023-02-19,11:42,11:42,morning,approximate,alleged person left or evaded the scene,Alleged person left the location after the incident,completed,"The driver didn't even stop to check if anyone was hurt, they just accelerated away immediately.",130,226,probable,2,NONE,pending,EVT_ANN_001,REV139
EVT000025_001,NAR000025_EN,DECEPTIVE_REPRESENTATION,insurance claim fraud,NONE,NAR000025_EN_E001,NONE,NONE,2026-06-30,2026-06-30,10:05,10:05,morning,exact,deceptive financial documentation or transaction,"Money, account access, or financial control was compromised",unclear,Complainant reports a structured financial offense falling under the category of insurance claim fraud at the workplace.,0,120,certain,1,NONE,pending,EVT_ANN_001,REV988
EVT000025_002,NAR000025_EN,EVIDENCE_IDENTIFIED,evidence identified,NAR000025_EN_E001,NONE,NONE,NONE,2026-06-30,2026-06-30,10:05,10:05,morning,approximate,"supporting evidence, documents, logs, or records preserved",Evidence or supporting records were identified,completed,Audit trails have been preserved..,292,326,certain,2,NONE,pending,EVT_ANN_001,REV988
EVT000026_001,NAR000026_EN,PROPERTY_TAKEN,online phishing theft,NONE,NONE,NAR000026_EN_E001,NONE,not_stated,2023-02-24,05:18,05:18,night,exact,online credential manipulation,"Personal property was lost, taken, or reported missing",completed,occurred just now around 05:18 hours.,53,90,certain,1,NONE,pending,EVT_ANN_001,REV371
EVT000026_002,NAR000026_EN,INCIDENT_REPORTED,authorities notified,NONE,NONE,NAR000026_EN_E001,NONE,not_stated,2023-02-24,05:18,05:18,night,approximate,notification to authorities or emergency services,Authorities or emergency services were notified,completed,anyone nearby please help or tell me where the nearest police booth is asap!!,91,168,certain,2,NONE,pending,EVT_ANN_001,REV371
EVT000027_001,NAR000027_EN,REFUND_REFUSED,refusal of service refund,NONE,NAR000027_EN_E001,NONE,NONE,not_stated,2023-02-24,01:01,01:01,night,exact,merchant refusal after consumer request,Consumer refund or service remedy remained unresolved,completed,A transactional incident concerning refusal of service refund broke out at the local online platform at 01:01.,0,110,certain,1,NONE,pending,EVT_ANN_001,REV246
EVT000027_002,NAR000027_EN,INCIDENT_REPORTED,incident details shared,NAR000027_EN_E001,NONE,NONE,NONE,not_stated,2023-02-24,01:01,01:01,night,exact,complainant shared incident details for guidance,Incident details were shared for guidance,completed,A transactional incident concerning refusal of service refund broke out at the local online platform at 01:01.,0,110,probable,2,NONE,pending,EVT_ANN_001,REV246
EVT000028_001,NAR000028_EN,DECEPTIVE_REPRESENTATION,ransomware attack,NONE,NONE,NONE,NONE,yesterday,2023-02-25,16:31,16:31,afternoon,exact,online credential manipulation,"Money, account access, or financial control was compromised",completed,I realized it was a total ransomware attack when my savings started moving out.,133,212,certain,1,NONE,pending,EVT_ANN_001,REV323
EVT000028_002,NAR000028_EN,INCIDENT_REPORTED,incident details shared,NONE,NONE,NONE,NONE,yesterday,2023-02-25,16:31,16:31,afternoon,exact,complainant shared incident details for guidance,Incident details were shared for guidance,completed,"So I clicked this link thinking it was an official notification around 16:31 yesterday, and suddenly I was locked out of my account.",0,132,probable,2,NONE,pending,EVT_ANN_001,REV323
EVT000029_001,NAR000029_EN,PROPERTY_TAKEN,chain snatching,NONE,NONE,NONE,NAR000029_EN_E001,2026-06-20,2026-06-20,03:28,03:28,night,approximate,taking property without consent,"Personal property was lost, taken, or reported missing",completed,"On the date of 2026-06-20, a major incidence of chain snatching was executed at the designated road under complex environmental circumstances.",0,142,certain,1,NONE,pending,EVT_ANN_001,REV390
EVT000029_002,NAR000029_EN,INCIDENT_REPORTED,authorities notified,NONE,NONE,NONE,NAR000029_EN_E001,2026-06-20,2026-06-20,03:28,03:28,night,approximate,notification to authorities or emergency services,Authorities or emergency services were notified,completed,"Emergency services were notified subsequently, initiating a localized investigation into the security vulnerabilities of this particular jurisdiction..",408,559,certain,2,NONE,pending,EVT_ANN_001,REV390
EVT000030_001,NAR000030_EN,PROPERTY_POSSESSION_DISPUTED,inheritance property claim,NONE,NONE,NONE,NAR000030_EN_E001,not_stated,2023-02-28,13:38,13:38,afternoon,exact,"contested possession, access, or property control",Property access or ownership rights became disputed,unclear,experiencing a severe inheritance property claim since 13:38.,68,129,certain,1,NONE,pending,EVT_ANN_001,REV645
EVT000030_002,NAR000030_EN,INCIDENT_REPORTED,authorities notified,NONE,NONE,NONE,NAR000030_EN_E001,not_stated,2023-02-28,13:38,13:38,afternoon,approximate,notification to authorities or emergency services,Authorities or emergency services were notified,completed,guys please help they are trying to take over the House right now!!,0,67,probable,2,NONE,pending,EVT_ANN_001,REV645
EVT000031_001,NAR000031_EN,PROPERTY_DAMAGED,traffic signal violation dispute,NONE,NONE,NONE,NAR000031_EN_E001,2026-07-11,2026-07-11,11:15,11:15,morning,exact,unsafe or unlawful road conduct,"Vehicle movement, road safety, or property damage was affected",unclear,"On 2026-07-11 at approximately 11:15 hours, a vehicular incident classified as traffic signal violation dispute occurred on the designated road.",0,144,certain,1,NONE,pending,EVT_ANN_001,REV650
EVT000031_002,NAR000031_EN,INCIDENT_REPORTED,complaint or incident report made,NONE,NONE,NONE,NAR000031_EN_E001,2026-07-11,2026-07-11,11:15,11:15,morning,approximate,formal or informal reporting by complainant,Incident was reported or legal guidance was sought,completed,Case logged under regional motor vehicle acts..,234,281,probable,2,NONE,pending,EVT_ANN_001,REV650
EVT000032_001,NAR000032_EN,DECEPTIVE_REPRESENTATION,online banking fraud,NONE,NONE,NONE,NONE,yesterday,2023-03-04,22:48,22:48,night,exact,online credential manipulation,"Money, account access, or financial control was compromised",completed,I realized it was a total online banking fraud when my savings started moving out.,133,215,certain,1,NONE,pending,EVT_ANN_001,REV663
EVT000032_002,NAR000032_EN,INCIDENT_REPORTED,incident details shared,NONE,NONE,NONE,NONE,yesterday,2023-03-04,22:48,22:48,night,exact,complainant shared incident details for guidance,Incident details were shared for guidance,completed,"So I clicked this link thinking it was an official notification around 22:48 yesterday, and suddenly I was locked out of my account.",0,132,probable,2,NONE,pending,EVT_ANN_001,REV663
EVT000033_001,NAR000033_EN,DECEPTIVE_REPRESENTATION,false advertising and misrepresentation,NONE,NAR000033_EN_E001,NONE,NONE,not_stated,2023-03-09,16:27,16:27,afternoon,exact,merchant misrepresentation or refusal to resolve,"Consumer suffered a disputed purchase, refund, quality, or billing loss",completed,"So I went to this showroom around 16:27 and explicitly paid for premium service, but I faced absolute false advertising and misrepresentation instead.",0,150,certain,1,NONE,pending,EVT_ANN_001,REV103
EVT000033_002,NAR000033_EN,PERSON_APPROACHED,remedy requested from other party,NAR000033_EN_E001,NONE,NONE,NONE,not_stated,2023-03-09,16:27,16:27,afternoon,approximate,complainant approached or confronted the other party,Complainant requested a remedy or confronted the other party,completed,"When I asked the manager to fix it or give my money back, they were super rude and completely brushed me off.",151,260,certain,2,NONE,pending,EVT_ANN_001,REV103
EVT000034_001,NAR000034_EN,THREAT_MADE,workplace harassment,NONE,NONE,NONE,NONE,today,2023-03-13,07:33,07:33,morning,exact,employer action or workplace practice,"Complainant reported fear, intimidation, or immediate safety concern",completed,just had a huge fight with HR at the Showroom regarding workplace harassment around 07:33 today.,19,115,certain,1,NONE,pending,EVT_ANN_001,REV326
EVT000034_002,NAR000034_EN,INCIDENT_REPORTED,incident details shared,NONE,NONE,NONE,NONE,today,2023-03-13,07:33,07:33,morning,exact,complainant shared incident details for guidance,Incident details were shared for guidance,completed,just had a huge fight with HR at the Showroom regarding workplace harassment around 07:33 today.,19,115,probable,2,NONE,pending,EVT_ANN_001,REV326
EVT000035_001,NAR000035_EN,DECEPTIVE_REPRESENTATION,phishing scam,NONE,NONE,NAR000035_EN_E001,NONE,not_stated,2023-03-15,15:20,15:20,afternoon,exact,online credential manipulation,"Money, account access, or financial control was compromised",completed,"The system administrator observed anomalous traffic originating from unauthorized servers around 15:20, confirming a systemwide phishing scam.",0,142,certain,1,NONE,pending,EVT_ANN_001,REV688
EVT000035_002,NAR000035_EN,INCIDENT_REPORTED,incident details shared,NONE,NONE,NAR000035_EN_E001,NONE,not_stated,2023-03-15,15:20,15:20,afternoon,exact,complainant shared incident details for guidance,Incident details were shared for guidance,completed,"The system administrator observed anomalous traffic originating from unauthorized servers around 15:20, confirming a systemwide phishing scam.",0,142,probable,2,NONE,pending,EVT_ANN_001,REV688
EVT000036_001,NAR000036_EN,UNAUTHORISED_ENTRY,illegal property possession,NONE,NAR000036_EN_E001,NONE,NONE,not_stated,2023-03-15,04:01,04:01,night,exact,unauthorised occupation or alteration of property,Property or possession became disputed or physically affected,completed,A property conflict classified under illegal property possession was documented at the shop at 04:01.,0,101,certain,1,NONE,pending,EVT_ANN_001,REV800
EVT000036_002,NAR000036_EN,EVIDENCE_IDENTIFIED,evidence identified,NAR000036_EN_E001,NONE,NONE,NONE,not_stated,2023-03-15,04:01,04:01,night,approximate,"supporting evidence, documents, logs, or records preserved",Evidence or supporting records were identified,completed,"The dispute involves contested boundaries and ownership titles, requiring civil or criminal mediation to preserve public order..",102,230,probable,2,NONE,pending,EVT_ANN_001,REV800
EVT000037_001,NAR000037_EN,PERSON_FOLLOWED,cyberstalking,NONE,NONE,NONE,NAR000037_EN_E001,not_stated,2023-03-17,16:59,16:59,afternoon,exact,repeated digital monitoring or contact,"Complainant reported fear, monitoring, or loss of digital safety",completed,An incident of cyberstalking compromised security systems across the specified House at 16:59.,0,94,certain,1,NONE,pending,EVT_ANN_001,REV560
EVT000037_002,NAR000037_EN,INCIDENT_REPORTED,incident details shared,NONE,NONE,NONE,NAR000037_EN_E001,not_stated,2023-03-17,16:59,16:59,afternoon,exact,complainant shared incident details for guidance,Incident details were shared for guidance,completed,An incident of cyberstalking compromised security systems across the specified House at 16:59.,0,94,probable,2,NONE,pending,EVT_ANN_001,REV560
EVT000038_001,NAR000038_EN,PROPERTY_TAKEN,pickpocketing,NONE,NONE,NONE,NAR000038_EN_E001,2026-07-02,2026-07-02,23:47,23:47,night,exact,taking property without consent,"Personal property was lost, taken, or reported missing",completed,"Complainant states that on 2026-07-02 at approximately 23:47 hours, an incident of pickpocketing occurred at Marketplace.",0,121,certain,1,NONE,pending,EVT_ANN_001,REV888
EVT000038_002,NAR000038_EN,INCIDENT_REPORTED,complaint or incident report made,NONE,NONE,NONE,NAR000038_EN_E001,2026-07-02,2026-07-02,23:47,23:47,night,approximate,formal or informal reporting by complainant,Incident was reported or legal guidance was sought,completed,Property loss reported.,196,219,certain,2,NONE,pending,EVT_ANN_001,REV888
EVT000039_001,NAR000039_EN,PROPERTY_DAMAGED,boundary wall dispute,NONE,NAR000039_EN_E001,NONE,NONE,2026-07-07,2026-07-07,12:32,12:32,afternoon,exact,unauthorised occupation or alteration of property,Property or possession became disputed or physically affected,unclear,Complainant reports a structural civil grievance regarding boundary wall dispute at the site located in plot.,0,109,certain,1,NONE,pending,EVT_ANN_001,REV368
EVT000039_002,NAR000039_EN,EVIDENCE_IDENTIFIED,evidence identified,NAR000039_EN_E001,NONE,NONE,NONE,2026-07-07,2026-07-07,12:32,12:32,afternoon,approximate,"supporting evidence, documents, logs, or records preserved",Evidence or supporting records were identified,completed,Property ownership documents have been submitted for verification..,215,282,certain,2,NONE,pending,EVT_ANN_001,REV368
EVT000040_001,NAR000040_EN,EMPLOYMENT_TERMINATED,unfair termination,NONE,NAR000040_EN_E001,NONE,NONE,2026-07-02,2026-07-02,21:36,21:36,night,exact,employer action or workplace practice,"Workplace rights, wages, safety, or employment status were affected",completed,Complainant registers a formal grievance concerning employer violations under the category of unfair termination at the designated online platform.,0,147,certain,1,NONE,pending,EVT_ANN_001,REV613
EVT000040_002,NAR000040_EN,EVIDENCE_IDENTIFIED,evidence identified,NAR000040_EN_E001,NONE,NONE,NONE,2026-07-02,2026-07-02,21:36,21:36,night,approximate,"supporting evidence, documents, logs, or records preserved",Evidence or supporting records were identified,completed,Corporate payroll and logs have been requested..,287,335,certain,2,NONE,pending,EVT_ANN_001,REV613
EVT000041_001,NAR000041_EN,DECEPTIVE_REPRESENTATION,ponzi scheme investment fraud,NONE,NONE,NONE,NONE,today,2023-03-30,05:16,05:16,night,exact,deceptive financial documentation or transaction,"Money, account access, or financial control was compromised",completed,just discovered a major ponzi scheme investment fraud happened around 05:16 today.,70,152,certain,1,NONE,pending,EVT_ANN_001,REV709
EVT000041_002,NAR000041_EN,INCIDENT_REPORTED,authorities notified,NONE,NONE,NONE,NONE,today,2023-03-30,05:16,05:16,night,approximate,notification to authorities or emergency services,Authorities or emergency services were notified,completed,"unauthorized charges are showing up on multiple profiles, notify your branch manager asap.",153,243,probable,2,NONE,pending,EVT_ANN_001,REV709
EVT000042_001,NAR000042_EN,PHYSICAL_ATTACK,physical altercation,NONE,NAR000042_EN_E001,NONE,NONE,not_stated,2023-04-01,08:11,08:11,morning,exact,physical force or intimidation,"Complainant reported fear, intimidation, or immediate safety concern",completed,Then it escalated into a complete physical altercation and they said they'd hurt me if they saw me again.,130,235,certain,1,NONE,pending,EVT_ANN_001,REV745
EVT000042_002,NAR000042_EN,INCIDENT_REPORTED,incident details shared,NAR000042_EN_E001,NONE,NONE,NONE,not_stated,2023-04-01,08:11,08:11,morning,exact,complainant shared incident details for guidance,Incident details were shared for guidance,completed,"I was just minding my own business at the hostel around 08:11, when this aggressive person started shouting at me out of nowhere.",0,129,probable,2,NONE,pending,EVT_ANN_001,REV745
EVT000043_001,NAR000043_EN,UNAUTHORISED_ENTRY,house burglary,NONE,NONE,NONE,NAR000043_EN_E001,not_stated,2023-04-01,10:34,10:34,morning,approximate,taking property without consent,"Personal property was lost, taken, or reported missing",completed,A swift incident of house burglary took place at the local house during peak hours.,0,83,certain,1,NONE,pending,EVT_ANN_001,REV781
EVT000043_002,NAR000043_EN,PERSON_LEFT_LOCATION,person left location,NONE,NONE,NONE,NAR000043_EN_E001,not_stated,2023-04-01,10:34,10:34,morning,approximate,alleged person left or evaded the scene,Alleged person left the location after the incident,completed,"The victim lost valuable items instantly, and the unidentified suspect fled immediately before any bystanders could intervene..",84,211,probable,2,NONE,pending,EVT_ANN_001,REV781
EVT000044_001,NAR000044_EN,PROPERTY_DAMAGED,traffic signal violation dispute,NONE,NONE,NAR000044_EN_E001,NONE,not_stated,2023-04-04,20:34,20:34,evening,exact,unsafe or unlawful road conduct,"Vehicle movement, road safety, or property damage was affected",unclear,just witnessed a crazy traffic signal violation dispute around 20:34 hours.,43,118,certain,1,NONE,pending,EVT_ANN_001,REV971
EVT000044_002,NAR000044_EN,INCIDENT_REPORTED,incident details shared,NONE,NONE,NAR000044_EN_E001,NONE,not_stated,2023-04-04,20:34,20:34,evening,approximate,complainant shared incident details for guidance,Incident details were shared for guidance,completed,guys stay away from the Highway right now!,0,42,probable,2,NONE,pending,EVT_ANN_001,REV971
EVT000045_001,NAR000045_EN,PHYSICAL_ATTACK,domestic dispute,NONE,NONE,NONE,NAR000045_EN_E001,not_stated,2023-04-05,22:13,22:13,night,exact,physical force or intimidation,"Complainant reported fear, intimidation, or immediate safety concern",unclear,pls help someone is targeting me with domestic dispute right now at the House!!,0,79,certain,1,NONE,pending,EVT_ANN_001,REV126
EVT000045_002,NAR000045_EN,INCIDENT_REPORTED,authorities notified,NONE,NONE,NONE,NAR000045_EN_E001,not_stated,2023-04-05,22:13,22:13,night,approximate,notification to authorities or emergency services,Authorities or emergency services were notified,completed,pls help someone is targeting me with domestic dispute right now at the House!!,0,79,probable,2,NONE,pending,EVT_ANN_001,REV126
EVT000046_001,NAR000046_EN,DECEPTIVE_REPRESENTATION,social media hacking,NONE,NAR000046_EN_E001,NONE,NONE,2026-06-27,2026-06-27,14:01,14:01,afternoon,exact,online credential manipulation,"Money, account access, or financial control was compromised",completed,"On the date of 2026-06-27, an advanced threat actor initiated an exploit categorized under social media hacking targeting remote infrastructures at approximately 14:01.",0,168,certain,1,NONE,pending,EVT_ANN_001,REV665
EVT000046_002,NAR000046_EN,INCIDENT_REPORTED,incident details shared,NAR000046_EN_E001,NONE,NONE,NONE,2026-06-27,2026-06-27,14:01,14:01,afternoon,exact,complainant shared incident details for guidance,Incident details were shared for guidance,completed,"On the date of 2026-06-27, an advanced threat actor initiated an exploit categorized under social media hacking targeting remote infrastructures at approximately 14:01.",0,168,probable,2,NONE,pending,EVT_ANN_001,REV665
EVT000047_001,NAR000047_EN,PROPERTY_DAMAGED,boundary wall dispute,NONE,NONE,NONE,NAR000047_EN_E001,2026-07-07,2026-07-07,19:31,19:31,evening,exact,unauthorised occupation or alteration of property,Property or possession became disputed or physically affected,unclear,"Dear Revenue Officer / Police Commissioner, I am writing to register an urgent complaint regarding a critical instance of boundary wall dispute affecting my House.",0,163,certain,1,NONE,pending,EVT_ANN_001,REV961
EVT000047_002,NAR000047_EN,INCIDENT_REPORTED,complaint or incident report made,NONE,NONE,NONE,NAR000047_EN_E001,2026-07-07,2026-07-07,19:31,19:31,evening,approximate,formal or informal reporting by complainant,Incident was reported or legal guidance was sought,completed,"Dear Revenue Officer / Police Commissioner, I am writing to register an urgent complaint regarding a critical instance of boundary wall dispute affecting my House.",0,163,certain,2,NONE,pending,EVT_ANN_001,REV961
EVT000048_001,NAR000048_EN,DECEPTIVE_REPRESENTATION,defective product delivery,NONE,NONE,NONE,NAR000048_EN_E001,not_stated,2023-04-12,02:28,02:28,night,exact,merchant misrepresentation or refusal to resolve,"Consumer suffered a disputed purchase, refund, quality, or billing loss",completed,"A customer was contesting a distinct case of defective product delivery, showing clear evidence to the merchant, who continuously refused liability or proper resolution..",92,262,certain,1,NONE,pending,EVT_ANN_001,REV259
EVT000048_002,NAR000048_EN,EVIDENCE_IDENTIFIED,evidence identified,NONE,NONE,NONE,NAR000048_EN_E001,not_stated,2023-04-12,02:28,02:28,night,approximate,"supporting evidence, documents, logs, or records preserved",Evidence or supporting records were identified,completed,"A customer was contesting a distinct case of defective product delivery, showing clear evidence to the merchant, who continuously refused liability or proper resolution..",92,262,certain,2,NONE,pending,EVT_ANN_001,REV259
EVT000049_001,NAR000049_EN,REFUND_REFUSED,refusal of service refund,NONE,NONE,NONE,NONE,today,2023-04-14,01:38,01:38,night,exact,merchant refusal after consumer request,Consumer refund or service remedy remained unresolved,completed,just experienced a massive refusal of service refund around 01:38 today.,62,134,certain,1,NONE,pending,EVT_ANN_001,REV123
EVT000049_002,NAR000049_EN,INCIDENT_REPORTED,incident details shared,NONE,NONE,NONE,NONE,today,2023-04-14,01:38,01:38,night,approximate,complainant shared incident details for guidance,Incident details were shared for guidance,completed,super sketchy service watch out.,203,235,probable,2,NONE,pending,EVT_ANN_001,REV123
EVT000050_001,NAR000050_EN,PROPERTY_TAKEN,armed robbery,NONE,NAR000050_EN_E001,NONE,NONE,not_stated,2023-04-15,09:37,09:37,morning,exact,taking property without consent,"Personal property was lost, taken, or reported missing",completed,occurred just now around 09:37 hours.,55,92,certain,1,NONE,pending,EVT_ANN_001,REV111
EVT000050_002,NAR000050_EN,INCIDENT_REPORTED,authorities notified,NAR000050_EN_E001,NONE,NONE,NONE,not_stated,2023-04-15,09:37,09:37,morning,approximate,notification to authorities or emergency services,Authorities or emergency services were notified,completed,anyone nearby please help or tell me where the nearest police booth is asap!!,93,170,certain,2,NONE,pending,EVT_ANN_001,REV111
EVT000051_001,NAR000051_EN,EMPLOYMENT_CONTRACT_BREACHED,breach of employment contract,NONE,NAR000051_EN_E001,NONE,NONE,not_stated,2023-04-16,02:40,02:40,night,exact,employer action or workplace practice,"Workplace rights, wages, safety, or employment status were affected",completed,An employment dispute involving breach of employment contract escalated at the online platform at 02:40.,0,104,certain,1,NONE,pending,EVT_ANN_001,REV364
EVT000051_002,NAR000051_EN,INCIDENT_REPORTED,incident details shared,NAR000051_EN_E001,NONE,NONE,NONE,not_stated,2023-04-16,02:40,02:40,night,exact,complainant shared incident details for guidance,Incident details were shared for guidance,completed,An employment dispute involving breach of employment contract escalated at the online platform at 02:40.,0,104,probable,2,NONE,pending,EVT_ANN_001,REV364
EVT000052_001,NAR000052_EN,UNSAFE_WORKING_CONDITION,safe working conditions violation,NONE,NONE,NONE,NONE,yesterday,2023-04-19,02:15,02:15,night,exact,employer action or workplace practice,"Workplace rights, wages, safety, or employment status were affected",completed,"I've been working at this factory for months, and around 02:15 yesterday, things hit a breaking point with a massive safe working conditions violation.",0,151,certain,1,NONE,pending,EVT_ANN_001,REV930
EVT000052_002,NAR000052_EN,INCIDENT_REPORTED,incident details shared,NONE,NONE,NONE,NONE,yesterday,2023-04-19,02:15,02:15,night,exact,complainant shared incident details for guidance,Incident details were shared for guidance,completed,"I've been working at this factory for months, and around 02:15 yesterday, things hit a breaking point with a massive safe working conditions violation.",0,151,probable,2,NONE,pending,EVT_ANN_001,REV930
EVT000053_001,NAR000053_EN,DECEPTIVE_REPRESENTATION,defective product delivery,NONE,NONE,NONE,NAR000053_EN_E001,2026-07-03,2026-07-03,01:19,01:19,night,exact,merchant misrepresentation or refusal to resolve,"Consumer suffered a disputed purchase, refund, quality, or billing loss",completed,"On the date of 2026-07-03, a formal consumer conflict classified as defective product delivery manifested during a commercial interaction at the designated house around 01:19.",0,175,certain,1,NONE,pending,EVT_ANN_001,REV931
EVT000053_002,NAR000053_EN,INCIDENT_REPORTED,incident details shared,NONE,NONE,NONE,NAR000053_EN_E001,2026-07-03,2026-07-03,01:19,01:19,night,exact,complainant shared incident details for guidance,Incident details were shared for guidance,completed,"On the date of 2026-07-03, a formal consumer conflict classified as defective product delivery manifested during a commercial interaction at the designated house around 01:19.",0,175,probable,2,NONE,pending,EVT_ANN_001,REV931
EVT000054_001,NAR000054_EN,PROPERTY_TAKEN,vehicle theft,NONE,NAR000054_EN_E001,NONE,NONE,not_stated,2023-04-20,16:28,16:28,afternoon,approximate,taking property without consent,"Personal property was lost, taken, or reported missing",completed,A swift incident of vehicle theft took place at the local parking lot during peak hours.,0,88,certain,1,NONE,pending,EVT_ANN_001,REV193
EVT000054_002,NAR000054_EN,PERSON_LEFT_LOCATION,person left location,NAR000054_EN_E001,NONE,NONE,NONE,not_stated,2023-04-20,16:28,16:28,afternoon,approximate,alleged person left or evaded the scene,Alleged person left the location after the incident,completed,"The victim lost valuable items instantly, and the unidentified suspect fled immediately before any bystanders could intervene..",89,216,probable,2,NONE,pending,EVT_ANN_001,REV193
EVT000055_001,NAR000055_EN,PROPERTY_DAMAGED,reckless driving confrontation,NONE,NONE,NAR000055_EN_E001,NONE,not_stated,2023-04-22,03:22,03:22,night,exact,unsafe or unlawful road conduct,"Vehicle movement, road safety, or property damage was affected",completed,just witnessed a crazy reckless driving confrontation around 03:22 hours.,47,120,certain,1,NONE,pending,EVT_ANN_001,REV901
EVT000055_002,NAR000055_EN,INCIDENT_REPORTED,incident details shared,NONE,NONE,NAR000055_EN_E001,NONE,not_stated,2023-04-22,03:22,03:22,night,approximate,complainant shared incident details for guidance,Incident details were shared for guidance,completed,guys stay away from the Parking lot right now!,0,46,probable,2,NONE,pending,EVT_ANN_001,REV901
EVT000056_001,NAR000056_EN,DECEPTIVE_REPRESENTATION,insurance claim fraud,NONE,NAR000056_EN_E001,NONE,NONE,not_stated,2023-04-25,07:50,07:50,morning,exact,deceptive financial documentation or transaction,"Money, account access, or financial control was compromised",unclear,"Closer inspection confirmed a premeditated instance of insurance claim fraud, with the perpetrator executing unauthorized balance transfers using fraudulent credentials before logging out..",111,300,certain,1,NONE,pending,EVT_ANN_001,REV227
EVT000056_002,NAR000056_EN,EVIDENCE_IDENTIFIED,evidence identified,NAR000056_EN_E001,NONE,NONE,NONE,not_stated,2023-04-25,07:50,07:50,morning,exact,"supporting evidence, documents, logs, or records preserved",Evidence or supporting records were identified,completed,The internal auditor observed highly irregular transaction entries passing through the workplace around 07:50.,0,110,certain,2,NONE,pending,EVT_ANN_001,REV227
EVT000057_001,NAR000057_EN,PHYSICAL_ATTACK,spousal physical abuse,NONE,NONE,NONE,NAR000057_EN_E001,not_stated,2023-04-27,16:24,16:24,afternoon,exact,physical force or intimidation,"Complainant reported fear, intimidation, or immediate safety concern",completed,"Upon investigating, it appeared to be a severe case of spousal physical abuse transpiring within the household, prompting the neighbor to intervene and call for assistance..",110,283,certain,1,NONE,pending,EVT_ANN_001,REV715
EVT000057_002,NAR000057_EN,INCIDENT_REPORTED,complaint or incident report made,NONE,NONE,NONE,NAR000057_EN_E001,not_stated,2023-04-27,16:24,16:24,afternoon,exact,formal or informal reporting by complainant,Incident was reported or legal guidance was sought,completed,The neighbor reported hearing intense shouting and objects breaking from the adjacent apartment around 16:24.,0,109,certain,2,NONE,pending,EVT_ANN_001,REV715
EVT000058_001,NAR000058_EN,DECEPTIVE_REPRESENTATION,phishing scam,NONE,NAR000058_EN_E001,NONE,NONE,not_stated,2023-04-27,20:02,20:02,evening,exact,online credential manipulation,"Money, account access, or financial control was compromised",completed,hey guys warning someone hacked my account via phishing scam just now around 20:02!!,0,84,certain,1,NONE,pending,EVT_ANN_001,REV583
EVT000058_002,NAR000058_EN,INCIDENT_REPORTED,incident details shared,NAR000058_EN_E001,NONE,NONE,NONE,not_stated,2023-04-27,20:02,20:02,evening,exact,complainant shared incident details for guidance,Incident details were shared for guidance,completed,hey guys warning someone hacked my account via phishing scam just now around 20:02!!,0,84,probable,2,NONE,pending,EVT_ANN_001,REV583
EVT000059_001,NAR000059_EN,PROPERTY_TAKEN,identity theft,NONE,NAR000059_EN_E001,NONE,NONE,not_stated,2023-04-29,15:03,15:03,afternoon,exact,online credential manipulation,"Money, account access, or financial control was compromised",completed,hey guys warning someone hacked my account via identity theft just now around 15:03!!,0,85,certain,1,NONE,pending,EVT_ANN_001,REV725
EVT000059_002,NAR000059_EN,INCIDENT_REPORTED,incident details shared,NAR000059_EN_E001,NONE,NONE,NONE,not_stated,2023-04-29,15:03,15:03,afternoon,exact,complainant shared incident details for guidance,Incident details were shared for guidance,completed,hey guys warning someone hacked my account via identity theft just now around 15:03!!,0,85,probable,2,NONE,pending,EVT_ANN_001,REV725
EVT000060_001,NAR000060_EN,DECEPTIVE_REPRESENTATION,online banking fraud,NONE,NONE,NAR000060_EN_E001,NONE,not_stated,2023-05-04,12:33,12:33,afternoon,exact,online credential manipulation,"Money, account access, or financial control was compromised",completed,An incident of online banking fraud compromised security systems across the specified Mobile app at 12:33.,0,106,certain,1,NONE,pending,EVT_ANN_001,REV648
EVT000060_002,NAR000060_EN,INCIDENT_REPORTED,incident details shared,NONE,NONE,NAR000060_EN_E001,NONE,not_stated,2023-05-04,12:33,12:33,afternoon,exact,complainant shared incident details for guidance,Incident details were shared for guidance,completed,An incident of online banking fraud compromised security systems across the specified Mobile app at 12:33.,0,106,probable,2,NONE,pending,EVT_ANN_001,REV648
EVT000061_001,NAR000061_EN,DECEPTIVE_REPRESENTATION,overcharging and hidden fees,NONE,NAR000061_EN_E001,NONE,NONE,not_stated,2023-05-05,05:10,05:10,night,exact,merchant misrepresentation or refusal to resolve,"Consumer suffered a disputed purchase, refund, quality, or billing loss",completed,"A customer was contesting a distinct case of overcharging and hidden fees, showing clear evidence to the merchant, who continuously refused liability or proper resolution..",92,264,certain,1,NONE,pending,EVT_ANN_001,REV830
EVT000061_002,NAR000061_EN,EVIDENCE_IDENTIFIED,evidence identified,NAR000061_EN_E001,NONE,NONE,NONE,not_stated,2023-05-05,05:10,05:10,night,approximate,"supporting evidence, documents, logs, or records preserved",Evidence or supporting records were identified,completed,"A customer was contesting a distinct case of overcharging and hidden fees, showing clear evidence to the merchant, who continuously refused liability or proper resolution..",92,264,certain,2,NONE,pending,EVT_ANN_001,REV830
EVT000062_001,NAR000062_EN,PROPERTY_TAKEN,identity theft,NONE,NAR000062_EN_E001,NONE,NONE,2026-07-14,2026-07-14,02:45,02:45,night,exact,online credential manipulation,"Money, account access, or financial control was compromised",completed,Complainant reports unauthorized digital breach under identity theft framework.,0,79,certain,1,NONE,pending,EVT_ANN_001,REV305
EVT000062_002,NAR000062_EN,EVIDENCE_IDENTIFIED,evidence identified,NAR000062_EN_E001,NONE,NONE,NONE,2026-07-14,2026-07-14,02:45,02:45,night,approximate,"supporting evidence, documents, logs, or records preserved",Evidence or supporting records were identified,completed,Digital logs preserved for forensic analysis..,231,277,certain,2,NONE,pending,EVT_ANN_001,REV305
EVT000063_001,NAR000063_EN,CONTACT_BLOCKED,restitution of conjugal rights,NONE,NAR000063_EN_E001,NONE,NONE,2026-07-18,2026-07-18,22:59,22:59,night,exact,family access or support restriction,"Family access, support, or relationship obligations became disputed",completed,"Dear Legal Counsel / Mediation Cell, I am writing to formally report a non-compliance issue regarding our ongoing restitution of conjugal rights at the residence.",0,162,certain,1,NONE,pending,EVT_ANN_001,REV460
EVT000063_002,NAR000063_EN,INCIDENT_REPORTED,complaint or incident report made,NAR000063_EN_E001,NONE,NONE,NONE,2026-07-18,2026-07-18,22:59,22:59,night,approximate,formal or informal reporting by complainant,Incident was reported or legal guidance was sought,completed,"Dear Legal Counsel / Mediation Cell, I am writing to formally report a non-compliance issue regarding our ongoing restitution of conjugal rights at the residence.",0,162,certain,2,NONE,pending,EVT_ANN_001,REV460
EVT000064_001,NAR000064_EN,PROPERTY_TAKEN,online phishing theft,NONE,NONE,NAR000064_EN_E001,NONE,2026-07-02,2026-07-02,22:40,22:40,night,exact,online credential manipulation,"Personal property was lost, taken, or reported missing",completed,"Complainant states that on 2026-07-02 at approximately 22:40 hours, an incident of online phishing theft occurred at Mobile app.",0,128,certain,1,NONE,pending,EVT_ANN_001,REV922
EVT000064_002,NAR000064_EN,INCIDENT_REPORTED,complaint or incident report made,NONE,NONE,NAR000064_EN_E001,NONE,2026-07-02,2026-07-02,22:40,22:40,night,approximate,formal or informal reporting by complainant,Incident was reported or legal guidance was sought,completed,Property loss reported.,203,226,certain,2,NONE,pending,EVT_ANN_001,REV922
EVT000065_001,NAR000065_EN,DECEPTIVE_REPRESENTATION,overcharging and hidden fees,NONE,NONE,NONE,NONE,today,2023-05-19,21:34,21:34,night,exact,merchant misrepresentation or refusal to resolve,"Consumer suffered a disputed purchase, refund, quality, or billing loss",completed,just experienced a massive overcharging and hidden fees around 21:34 today.,52,127,certain,1,NONE,pending,EVT_ANN_001,REV802
EVT000065_002,NAR000065_EN,INCIDENT_REPORTED,incident details shared,NONE,NONE,NONE,NONE,today,2023-05-19,21:34,21:34,night,approximate,complainant shared incident details for guidance,Incident details were shared for guidance,completed,super sketchy service watch out.,196,228,probable,2,NONE,pending,EVT_ANN_001,REV802
EVT000066_001,NAR000066_EN,PROPERTY_TAKEN,online phishing theft,NONE,NONE,NAR000066_EN_E001,NONE,not_stated,2023-05-19,20:45,20:45,evening,approximate,online credential manipulation,"Personal property was lost, taken, or reported missing",completed,A swift incident of online phishing theft took place at the local mobile app during peak hours.,0,95,certain,1,NONE,pending,EVT_ANN_001,REV714
EVT000066_002,NAR000066_EN,PERSON_LEFT_LOCATION,person left location,NONE,NONE,NAR000066_EN_E001,NONE,not_stated,2023-05-19,20:45,20:45,evening,approximate,alleged person left or evaded the scene,Alleged person left the location after the incident,completed,"The victim lost valuable items instantly, and the unidentified suspect fled immediately before any bystanders could intervene..",96,223,probable,2,NONE,pending,EVT_ANN_001,REV714
EVT000067_001,NAR000067_EN,PROPERTY_DAMAGED,hit and run collision,NONE,NONE,NAR000067_EN_E002,NONE,today,2023-05-22,22:15,22:15,night,exact,unsafe or unlawful road conduct,"Vehicle movement, road safety, or property damage was affected",completed,"So I was driving along the highway around 22:15 today, when this car suddenly sped out and caused a complete hit and run collision!",0,131,certain,1,NONE,pending,EVT_ANN_001,REV127
EVT000067_002,NAR000067_EN,PERSON_LEFT_LOCATION,person left location,NONE,NONE,NAR000067_EN_E002,NONE,today,2023-05-22,22:15,22:15,night,approximate,alleged person left or evaded the scene,Alleged person left the location after the incident,completed,"The driver didn't even stop to check if anyone was hurt, they just accelerated away immediately.",132,228,probable,2,NONE,pending,EVT_ANN_001,REV127
EVT000068_001,NAR000068_EN,TRAFFIC_OBSTRUCTION,illegal parking blockage,NONE,NONE,NAR000068_EN_E002,NONE,today,2023-05-25,19:29,19:29,evening,exact,vehicle obstruction of passage or access,Road access or vehicle movement was blocked,completed,"So I was driving along the alleyway around 19:29 today, when this car suddenly sped out and caused a complete illegal parking blockage!",0,135,certain,1,NONE,pending,EVT_ANN_001,REV985
EVT000068_002,NAR000068_EN,PERSON_LEFT_LOCATION,person left location,NONE,NONE,NAR000068_EN_E002,NONE,today,2023-05-25,19:29,19:29,evening,approximate,alleged person left or evaded the scene,Alleged person left the location after the incident,completed,"The driver didn't even stop to check if anyone was hurt, they just accelerated away immediately.",136,232,probable,2,NONE,pending,EVT_ANN_001,REV985
EVT000069_001,NAR000069_EN,DECEPTIVE_REPRESENTATION,false advertising and misrepresentation,NONE,NAR000069_EN_E001,NONE,NONE,2026-06-26,2026-06-26,17:06,17:06,evening,exact,merchant misrepresentation or refusal to resolve,"Consumer suffered a disputed purchase, refund, quality, or billing loss",completed,"Complainant states that on 2026-06-26 at approximately 17:06 hours, a transaction dispute involving false advertising and misrepresentation occurred at Online platform.",0,168,certain,1,NONE,pending,EVT_ANN_001,REV401
EVT000069_002,NAR000069_EN,INCIDENT_REPORTED,complaint or incident report made,NAR000069_EN_E001,NONE,NONE,NONE,2026-06-26,2026-06-26,17:06,17:06,evening,approximate,formal or informal reporting by complainant,Incident was reported or legal guidance was sought,completed,"The vendor reportedly engaged in unfair trade practices, failing to resolve the commercial non-compliance.",169,275,certain,2,NONE,pending,EVT_ANN_001,REV401
EVT000070_001,NAR000070_EN,CONTACT_BLOCKED,child custody dispute,NONE,NAR000070_EN_E001,NONE,NONE,not_stated,2023-05-27,15:35,15:35,afternoon,exact,family access or support restriction,"Family access, support, or relationship obligations became disputed",unclear,A family civil dispute categorized as child custody dispute manifested within a private residence at 15:35.,0,107,certain,1,NONE,pending,EVT_ANN_001,REV744
EVT000070_002,NAR000070_EN,INCIDENT_REPORTED,incident details shared,NAR000070_EN_E001,NONE,NONE,NONE,not_stated,2023-05-27,15:35,15:35,afternoon,exact,complainant shared incident details for guidance,Incident details were shared for guidance,completed,A family civil dispute categorized as child custody dispute manifested within a private residence at 15:35.,0,107,probable,2,NONE,pending,EVT_ANN_001,REV744
EVT000071_001,NAR000071_EN,MAINTENANCE_WITHHELD,alimony and maintenance claim,NONE,NAR000071_EN_E001,NONE,NONE,2026-07-09,2026-07-09,21:26,21:26,night,exact,family access or support restriction,"Family access, support, or relationship obligations became disputed",unclear,Complainant registers a family matter notification involving an active alimony and maintenance claim at the premises.,0,117,certain,1,NONE,pending,EVT_ANN_001,REV233
EVT000071_002,NAR000071_EN,PERSON_APPROACHED,remedy requested from other party,NAR000071_EN_E001,NONE,NONE,NONE,2026-07-09,2026-07-09,21:26,21:26,night,approximate,complainant approached or confronted the other party,Complainant requested a remedy or confronted the other party,completed,Relevant documentation has been requested for family court presentation..,244,317,probable,2,NONE,pending,EVT_ANN_001,REV233
EVT000072_001,NAR000072_EN,THREAT_MADE,online harassment & threats,NONE,NAR000072_EN_E001,NONE,NONE,2026-06-30,2026-06-30,20:21,20:21,evening,approximate,physical force or intimidation,"Complainant reported fear, intimidation, or immediate safety concern",completed,"On the afternoon of 2026-06-30, an escalating conflict classified under online harassment & threats manifested at the specified online platform.",0,144,certain,1,NONE,pending,EVT_ANN_001,REV249
EVT000072_002,NAR000072_EN,INCIDENT_REPORTED,authorities notified,NAR000072_EN_E001,NONE,NONE,NONE,2026-06-30,2026-06-30,20:21,20:21,evening,approximate,notification to authorities or emergency services,Authorities or emergency services were notified,completed,Security personnel were subsequently informed to review the breach of safety within the jurisdiction..,383,485,probable,2,NONE,pending,EVT_ANN_001,REV249
EVT000073_001,NAR000073_EN,UNAUTHORISED_ENTRY,land encroachment,NONE,NAR000073_EN_E001,NONE,NONE,not_stated,2023-05-31,03:11,03:11,night,exact,unauthorised occupation or alteration of property,Property or possession became disputed or physically affected,completed,experiencing a severe land encroachment since 03:11.,80,132,certain,1,NONE,pending,EVT_ANN_001,REV195
EVT000073_002,NAR000073_EN,INCIDENT_REPORTED,authorities notified,NAR000073_EN_E001,NONE,NONE,NONE,not_stated,2023-05-31,03:11,03:11,night,approximate,notification to authorities or emergency services,Authorities or emergency services were notified,completed,guys please help they are trying to take over the Agricultural land right now!!,0,79,probable,2,NONE,pending,EVT_ANN_001,REV195
EVT000074_001,NAR000074_EN,DECEPTIVE_REPRESENTATION,insurance claim fraud,NONE,NAR000074_EN_E001,NONE,NONE,2026-07-17,2026-07-17,15:27,15:27,afternoon,exact,deceptive financial documentation or transaction,"Money, account access, or financial control was compromised",unclear,"On the morning of 2026-07-17, a sophisticated financial manipulation strategy matching the parameters of insurance claim fraud was discovered at the designated office around 15:27 hours.",0,186,certain,1,NONE,pending,EVT_ANN_001,REV876
EVT000074_002,NAR000074_EN,INCIDENT_REPORTED,complaint or incident report made,NAR000074_EN_E001,NONE,NONE,NONE,2026-07-17,2026-07-17,15:27,15:27,afternoon,approximate,formal or informal reporting by complainant,Incident was reported or legal guidance was sought,completed,Internal risk assets teams have initiated emergency containment protocols while formal complaints are being forwarded to statutory economic offenses wings within the state jurisdiction..,340,526,certain,2,NONE,pending,EVT_ANN_001,REV876
EVT000075_001,NAR000075_EN,UNAUTHORISED_ENTRY,illegal property possession,NONE,NONE,NONE,NAR000075_EN_E001,not_stated,2023-06-07,13:06,13:06,afternoon,exact,unauthorised occupation or alteration of property,Property or possession became disputed or physically affected,completed,"Several individuals were actively contesting an instance of illegal property possession, with local residents stepping in to prevent physical escalation before authorities were notified..",92,279,certain,1,NONE,pending,EVT_ANN_001,REV851
EVT000075_002,NAR000075_EN,INCIDENT_REPORTED,authorities notified,NONE,NONE,NONE,NAR000075_EN_E001,not_stated,2023-06-07,13:06,13:06,afternoon,approximate,notification to authorities or emergency services,Authorities or emergency services were notified,completed,"Several individuals were actively contesting an instance of illegal property possession, with local residents stepping in to prevent physical escalation before authorities were notified..",92,279,certain,2,NONE,pending,EVT_ANN_001,REV851
EVT000076_001,NAR000076_EN,PROPERTY_TAKEN,pickpocketing,NONE,NONE,NAR000076_EN_E003,NAR000076_EN_E002,yesterday,2023-06-09,12:35,12:35,afternoon,exact,taking property without consent,"Personal property was lost, taken, or reported missing",completed,"So I was just standing at the marketplace around 12:35 yesterday, checking my phone, when this guy suddenly rushed past me and grabbed my belongings out of nowhere!",0,164,certain,1,NONE,pending,EVT_ANN_001,REV233
EVT000076_002,NAR000076_EN,INCIDENT_REPORTED,incident details shared,NONE,NONE,NAR000076_EN_E003,NAR000076_EN_E002,yesterday,2023-06-09,12:35,12:35,afternoon,exact,complainant shared incident details for guidance,Incident details were shared for guidance,completed,"So I was just standing at the marketplace around 12:35 yesterday, checking my phone, when this guy suddenly rushed past me and grabbed my belongings out of nowhere!",0,164,probable,2,NONE,pending,EVT_ANN_001,REV233
EVT000077_001,NAR000077_EN,CONTACT_BLOCKED,guardianship dispute,NONE,NONE,NONE,NONE,today,2023-06-12,13:34,13:34,afternoon,exact,family access or support restriction,"Family access, support, or relationship obligations became disputed",unclear,"So I was waiting at the apartment around 13:34 today for my scheduled meeting, when my ex turned up and started an absolute argument over our guardianship dispute.",0,163,certain,1,NONE,pending,EVT_ANN_001,REV536
EVT000077_002,NAR000077_EN,INCIDENT_REPORTED,incident details shared,NONE,NONE,NONE,NONE,today,2023-06-12,13:34,13:34,afternoon,exact,complainant shared incident details for guidance,Incident details were shared for guidance,completed,"So I was waiting at the apartment around 13:34 today for my scheduled meeting, when my ex turned up and started an absolute argument over our guardianship dispute.",0,163,probable,2,NONE,pending,EVT_ANN_001,REV536
EVT000078_001,NAR000078_EN,THREAT_MADE,dowry harassment,NONE,NAR000078_EN_E001,NONE,NONE,not_stated,2023-06-12,03:03,03:03,night,exact,physical force or intimidation,"Complainant reported fear, intimidation, or immediate safety concern",completed,he is screaming and throwing things again it's really bad dowry harassment right now at home since 03:03 hours.,0,111,certain,1,NONE,pending,EVT_ANN_001,REV693
EVT000078_002,NAR000078_EN,INCIDENT_REPORTED,authorities notified,NAR000078_EN_E001,NONE,NONE,NONE,not_stated,2023-06-12,03:03,03:03,night,approximate,notification to authorities or emergency services,Authorities or emergency services were notified,completed,please call someone or come over i am hiding in the washroom right now text me back please.,112,203,probable,2,NONE,pending,EVT_ANN_001,REV693
EVT000079_001,NAR000079_EN,PROPERTY_TAKEN,chain snatching,NONE,NONE,NONE,NAR000079_EN_E001,not_stated,2023-06-14,08:06,08:06,morning,exact,taking property without consent,"Personal property was lost, taken, or reported missing",completed,"Shortly after, they approached the victim from behind, forcefully committed chain snatching, and fled the scene on a two-wheeler heading north..",86,230,certain,1,NONE,pending,EVT_ANN_001,REV368
EVT000079_002,NAR000079_EN,PERSON_LEFT_LOCATION,person left location,NONE,NONE,NONE,NAR000079_EN_E001,not_stated,2023-06-14,08:06,08:06,morning,approximate,alleged person left or evaded the scene,Alleged person left the location after the incident,completed,"Shortly after, they approached the victim from behind, forcefully committed chain snatching, and fled the scene on a two-wheeler heading north..",86,230,probable,2,NONE,pending,EVT_ANN_001,REV368
EVT000080_001,NAR000080_EN,PROPERTY_POSSESSION_DISPUTED,inheritance property claim,NONE,NAR000080_EN_E001,NONE,NONE,not_stated,2023-06-16,10:41,10:41,morning,exact,"contested possession, access, or property control",Property access or ownership rights became disputed,unclear,A property conflict classified under inheritance property claim was documented at the plot at 10:41.,0,100,certain,1,NONE,pending,EVT_ANN_001,REV637
EVT000080_002,NAR000080_EN,EVIDENCE_IDENTIFIED,evidence identified,NAR000080_EN_E001,NONE,NONE,NONE,not_stated,2023-06-16,10:41,10:41,morning,approximate,"supporting evidence, documents, logs, or records preserved",Evidence or supporting records were identified,completed,"The dispute involves contested boundaries and ownership titles, requiring civil or criminal mediation to preserve public order..",101,229,probable,2,NONE,pending,EVT_ANN_001,REV637
EVT000081_001,NAR000081_EN,EMPLOYMENT_CONTRACT_BREACHED,breach of employment contract,NONE,NAR000081_EN_E001,NONE,NONE,2026-07-06,2026-07-06,04:43,04:43,night,exact,employer action or workplace practice,"Workplace rights, wages, safety, or employment status were affected",completed,"Dear Human Resources and Labor Commissioner, I am writing to formally lodge a grievance regarding the ongoing pattern of breach of employment contract within the Online platform.",0,178,certain,1,NONE,pending,EVT_ANN_001,REV188
EVT000081_002,NAR000081_EN,INCIDENT_REPORTED,complaint or incident report made,NAR000081_EN_E001,NONE,NONE,NONE,2026-07-06,2026-07-06,04:43,04:43,night,approximate,formal or informal reporting by complainant,Incident was reported or legal guidance was sought,completed,"Dear Human Resources and Labor Commissioner, I am writing to formally lodge a grievance regarding the ongoing pattern of breach of employment contract within the Online platform.",0,178,probable,2,NONE,pending,EVT_ANN_001,REV188
EVT000082_001,NAR000082_EN,PROPERTY_POSSESSION_DISPUTED,tenant-landlord conflict,NONE,NONE,NONE,NAR000082_EN_E001,2026-06-28,2026-06-28,23:37,23:37,night,exact,"contested possession, access, or property control",Property access or ownership rights became disputed,completed,"On the afternoon of 2026-06-28, a long-standing land friction culminated in an explicit case of tenant-landlord conflict at the designated house around 23:37 hours.",0,164,certain,1,NONE,pending,EVT_ANN_001,REV401
EVT000082_002,NAR000082_EN,INCIDENT_REPORTED,incident details shared,NONE,NONE,NONE,NAR000082_EN_E001,2026-06-28,2026-06-28,23:37,23:37,night,exact,complainant shared incident details for guidance,Incident details were shared for guidance,completed,"On the afternoon of 2026-06-28, a long-standing land friction culminated in an explicit case of tenant-landlord conflict at the designated house around 23:37 hours.",0,164,probable,2,NONE,pending,EVT_ANN_001,REV401
EVT000083_001,NAR000083_EN,TRAFFIC_OBSTRUCTION,illegal parking blockage,NONE,NONE,NAR000083_EN_E001,NONE,not_stated,2023-06-21,02:39,02:39,night,exact,vehicle obstruction of passage or access,Road access or vehicle movement was blocked,completed,just witnessed a crazy illegal parking blockage around 02:39 hours.,44,111,certain,1,NONE,pending,EVT_ANN_001,REV511
EVT000083_002,NAR000083_EN,INCIDENT_REPORTED,incident details shared,NONE,NONE,NAR000083_EN_E001,NONE,not_stated,2023-06-21,02:39,02:39,night,approximate,complainant shared incident details for guidance,Incident details were shared for guidance,completed,guys stay away from the Alleyway right now!,0,43,probable,2,NONE,pending,EVT_ANN_001,REV511
EVT000084_001,NAR000084_EN,DECEPTIVE_REPRESENTATION,false advertising and misrepresentation,NONE,NAR000084_EN_E001,NONE,NONE,2026-07-03,2026-07-03,01:34,01:34,night,exact,merchant misrepresentation or refusal to resolve,"Consumer suffered a disputed purchase, refund, quality, or billing loss",completed,"On the date of 2026-07-03, a formal consumer conflict classified as false advertising and misrepresentation manifested during a commercial interaction at the designated showroom around 01:34.",0,191,certain,1,NONE,pending,EVT_ANN_001,REV991
EVT000084_002,NAR000084_EN,INCIDENT_REPORTED,incident details shared,NAR000084_EN_E001,NONE,NONE,NONE,2026-07-03,2026-07-03,01:34,01:34,night,exact,complainant shared incident details for guidance,Incident details were shared for guidance,completed,"On the date of 2026-07-03, a formal consumer conflict classified as false advertising and misrepresentation manifested during a commercial interaction at the designated showroom around 01:34.",0,191,probable,2,NONE,pending,EVT_ANN_001,REV991
EVT000085_001,NAR000085_EN,DECEPTIVE_REPRESENTATION,insurance claim fraud,NONE,NAR000085_EN_E001,NONE,NONE,2026-07-18,2026-07-18,07:31,07:31,morning,exact,deceptive financial documentation or transaction,"Money, account access, or financial control was compromised",unclear,Complainant reports a structured financial offense falling under the category of insurance claim fraud at the office.,0,117,certain,1,NONE,pending,EVT_ANN_001,REV355
EVT000085_002,NAR000085_EN,EVIDENCE_IDENTIFIED,evidence identified,NAR000085_EN_E001,NONE,NONE,NONE,2026-07-18,2026-07-18,07:31,07:31,morning,approximate,"supporting evidence, documents, logs, or records preserved",Evidence or supporting records were identified,completed,Audit trails have been preserved..,289,323,certain,2,NONE,pending,EVT_ANN_001,REV355
EVT000086_001,NAR000086_EN,PHYSICAL_ATTACK,physical altercation,NONE,NONE,NONE,NAR000086_EN_E002,today,2023-06-30,11:34,11:34,morning,exact,physical force or intimidation,"Complainant reported fear, intimidation, or immediate safety concern",completed,"Dear Management, I am writing to formally log a grievance regarding a distressing incident of physical altercation that occurred today at approximately 11:34 within the Road.",0,174,certain,1,NONE,pending,EVT_ANN_001,REV538
EVT000086_002,NAR000086_EN,INCIDENT_REPORTED,complaint or incident report made,NONE,NONE,NONE,NAR000086_EN_E002,today,2023-06-30,11:34,11:34,morning,exact,formal or informal reporting by complainant,Incident was reported or legal guidance was sought,completed,"Dear Management, I am writing to formally log a grievance regarding a distressing incident of physical altercation that occurred today at approximately 11:34 within the Road.",0,174,probable,2,NONE,pending,EVT_ANN_001,REV538
EVT000087_001,NAR000087_EN,DECEPTIVE_REPRESENTATION,phishing scam,NONE,NAR000087_EN_E001,NONE,NONE,2026-07-05,2026-07-05,17:14,17:14,evening,exact,online credential manipulation,"Money, account access, or financial control was compromised",completed,Complainant reports unauthorized digital breach under phishing scam framework.,0,78,certain,1,NONE,pending,EVT_ANN_001,REV470
EVT000087_002,NAR000087_EN,EVIDENCE_IDENTIFIED,evidence identified,NAR000087_EN_E001,NONE,NONE,NONE,2026-07-05,2026-07-05,17:14,17:14,evening,approximate,"supporting evidence, documents, logs, or records preserved",Evidence or supporting records were identified,completed,Digital logs preserved for forensic analysis..,230,276,certain,2,NONE,pending,EVT_ANN_001,REV470
EVT000088_001,NAR000088_EN,PHYSICAL_ATTACK,intimate partner violence,NONE,NAR000088_EN_E001,NONE,NONE,2026-06-28,2026-06-28,19:44,19:44,evening,exact,physical force or intimidation,"Complainant reported fear, intimidation, or immediate safety concern",completed,"Dear Protection Officer, I am writing to formally report an escalating pattern of domestic violence, specifically intimate partner violence, at my residence.",0,157,certain,1,NONE,pending,EVT_ANN_001,REV703
EVT000088_002,NAR000088_EN,INCIDENT_REPORTED,complaint or incident report made,NAR000088_EN_E001,NONE,NONE,NONE,2026-06-28,2026-06-28,19:44,19:44,evening,approximate,formal or informal reporting by complainant,Incident was reported or legal guidance was sought,completed,"Dear Protection Officer, I am writing to formally report an escalating pattern of domestic violence, specifically intimate partner violence, at my residence.",0,157,certain,2,NONE,pending,EVT_ANN_001,REV703
EVT000089_001,NAR000089_EN,DECEPTIVE_REPRESENTATION,loan approval scam,NONE,NAR000089_EN_E001,NONE,NONE,not_stated,2023-07-03,06:20,06:20,morning,exact,deceptive financial documentation or transaction,"Money, account access, or financial control was compromised",completed,"Closer inspection confirmed a premeditated instance of loan approval scam, with the perpetrator executing unauthorized balance transfers using fraudulent credentials before logging out..",108,294,certain,1,NONE,pending,EVT_ANN_001,REV328
EVT000089_002,NAR000089_EN,EVIDENCE_IDENTIFIED,evidence identified,NAR000089_EN_E001,NONE,NONE,NONE,not_stated,2023-07-03,06:20,06:20,morning,exact,"supporting evidence, documents, logs, or records preserved",Evidence or supporting records were identified,completed,The internal auditor observed highly irregular transaction entries passing through the office around 06:20.,0,107,certain,2,NONE,pending,EVT_ANN_001,REV328
EVT000090_001,NAR000090_EN,THREAT_MADE,dowry harassment,NONE,NAR000090_EN_E001,NONE,NONE,not_stated,2023-07-08,01:06,01:06,night,exact,physical force or intimidation,"Complainant reported fear, intimidation, or immediate safety concern",completed,he is screaming and throwing things again it's really bad dowry harassment right now at home since 01:06 hours.,0,111,certain,1,NONE,pending,EVT_ANN_001,REV804
EVT000090_002,NAR000090_EN,INCIDENT_REPORTED,authorities notified,NAR000090_EN_E001,NONE,NONE,NONE,not_stated,2023-07-08,01:06,01:06,night,approximate,notification to authorities or emergency services,Authorities or emergency services were notified,completed,please call someone or come over i am hiding in the washroom right now text me back please.,112,203,probable,2,NONE,pending,EVT_ANN_001,REV804
EVT000091_001,NAR000091_EN,PHYSICAL_ATTACK,spousal physical abuse,NONE,NAR000091_EN_E001,NONE,NONE,2026-07-07,2026-07-07,03:42,03:42,night,exact,physical force or intimidation,"Complainant reported fear, intimidation, or immediate safety concern",completed,"On 2026-07-07 at 03:42 hours, a severe incident involving spousal physical abuse occurred, resulting in immediate emotional and physical distress.",73,219,certain,1,NONE,pending,EVT_ANN_001,REV820
EVT000091_002,NAR000091_EN,PERSON_APPROACHED,remedy requested from other party,NAR000091_EN_E001,NONE,NONE,NONE,2026-07-07,2026-07-07,03:42,03:42,night,approximate,complainant approached or confronted the other party,Complainant requested a remedy or confronted the other party,completed,Intervention was requested by the victim's family members..,220,279,probable,2,NONE,pending,EVT_ANN_001,REV820
EVT000092_001,NAR000092_EN,PROPERTY_TAKEN,pickpocketing,NONE,NONE,NONE,NAR000092_EN_E001,not_stated,2023-07-11,03:24,03:24,night,exact,taking property without consent,"Personal property was lost, taken, or reported missing",completed,occurred just now around 03:24 hours.,54,91,certain,1,NONE,pending,EVT_ANN_001,REV764
EVT000092_002,NAR000092_EN,INCIDENT_REPORTED,authorities notified,NONE,NONE,NONE,NAR000092_EN_E001,not_stated,2023-07-11,03:24,03:24,night,approximate,notification to authorities or emergency services,Authorities or emergency services were notified,completed,anyone nearby please help or tell me where the nearest police booth is asap!!,92,169,certain,2,NONE,pending,EVT_ANN_001,REV764
EVT000093_001,NAR000093_EN,REFUND_REFUSED,refusal of service refund,NONE,NAR000093_EN_E001,NONE,NONE,2026-07-12,2026-07-12,17:07,17:07,evening,exact,merchant refusal after consumer request,Consumer refund or service remedy remained unresolved,completed,"Complainant states that on 2026-07-12 at approximately 17:07 hours, a transaction dispute involving refusal of service refund occurred at Workplace.",0,148,certain,1,NONE,pending,EVT_ANN_001,REV458
EVT000093_002,NAR000093_EN,INCIDENT_REPORTED,complaint or incident report made,NAR000093_EN_E001,NONE,NONE,NONE,2026-07-12,2026-07-12,17:07,17:07,evening,approximate,formal or informal reporting by complainant,Incident was reported or legal guidance was sought,completed,"The vendor reportedly engaged in unfair trade practices, failing to resolve the commercial non-compliance.",149,255,certain,2,NONE,pending,EVT_ANN_001,REV458
EVT000094_001,NAR000094_EN,CONTACT_BLOCKED,divorce proceedings conflict,NONE,NONE,NONE,NONE,today,2023-07-15,09:43,09:43,morning,exact,family access or support restriction,"Family access, support, or relationship obligations became disputed",completed,"hey guys, my ex just blocked me from seeing the kids / resolving the divorce proceedings conflict at the Apartment around 09:43 today.",0,134,certain,1,NONE,pending,EVT_ANN_001,REV285
EVT000094_002,NAR000094_EN,CONTACT_BLOCKED,access or contact blocked,NONE,NONE,NONE,NONE,today,2023-07-15,09:43,09:43,morning,exact,contact or access was restricted,Complainant access or contact was blocked,completed,"hey guys, my ex just blocked me from seeing the kids / resolving the divorce proceedings conflict at the Apartment around 09:43 today.",0,134,probable,2,NONE,pending,EVT_ANN_001,REV285
EVT000095_001,NAR000095_EN,EMPLOYMENT_CONTRACT_BREACHED,breach of employment contract,NONE,NAR000095_EN_E001,NONE,NONE,not_stated,2023-07-20,22:26,22:26,night,exact,employer action or workplace practice,"Workplace rights, wages, safety, or employment status were affected",completed,An employment dispute involving breach of employment contract escalated at the online platform at 22:26.,0,104,certain,1,NONE,pending,EVT_ANN_001,REV260
EVT000095_002,NAR000095_EN,INCIDENT_REPORTED,incident details shared,NAR000095_EN_E001,NONE,NONE,NONE,not_stated,2023-07-20,22:26,22:26,night,exact,complainant shared incident details for guidance,Incident details were shared for guidance,completed,An employment dispute involving breach of employment contract escalated at the online platform at 22:26.,0,104,probable,2,NONE,pending,EVT_ANN_001,REV260
EVT000096_001,NAR000096_EN,UNSAFE_WORKING_CONDITION,safe working conditions violation,NONE,NAR000096_EN_E001,NONE,NONE,not_stated,2023-07-22,11:39,11:39,morning,exact,employer action or workplace practice,"Workplace rights, wages, safety, or employment status were affected",completed,An employment dispute involving safe working conditions violation escalated at the construction site at 11:39.,0,110,certain,1,NONE,pending,EVT_ANN_001,REV537
EVT000096_002,NAR000096_EN,INCIDENT_REPORTED,incident details shared,NAR000096_EN_E001,NONE,NONE,NONE,not_stated,2023-07-22,11:39,11:39,morning,exact,complainant shared incident details for guidance,Incident details were shared for guidance,completed,An employment dispute involving safe working conditions violation escalated at the construction site at 11:39.,0,110,probable,2,NONE,pending,EVT_ANN_001,REV537
EVT000097_001,NAR000097_EN,MAINTENANCE_WITHHELD,economic deprivation,NONE,NAR000097_EN_E001,NONE,NONE,2026-06-23,2026-06-23,18:16,18:16,evening,exact,physical force or intimidation,"Complainant reported fear, intimidation, or immediate safety concern",completed,"On 2026-06-23 at 18:16 hours, a severe incident involving economic deprivation occurred, resulting in immediate emotional and physical distress.",73,217,certain,1,NONE,pending,EVT_ANN_001,REV620
EVT000097_002,NAR000097_EN,PERSON_APPROACHED,remedy requested from other party,NAR000097_EN_E001,NONE,NONE,NONE,2026-06-23,2026-06-23,18:16,18:16,evening,approximate,complainant approached or confronted the other party,Complainant requested a remedy or confronted the other party,completed,Intervention was requested by the victim's family members..,218,277,probable,2,NONE,pending,EVT_ANN_001,REV620
EVT000098_001,NAR000098_EN,PHYSICAL_ATTACK,physical altercation,NONE,NONE,NONE,NONE,today,2023-07-23,00:18,00:18,night,exact,physical force or intimidation,"Complainant reported fear, intimidation, or immediate safety concern",completed,"Dear Management, I am writing to formally log a grievance regarding a distressing incident of physical altercation that occurred today at approximately 00:18 within the Hostel.",0,176,certain,1,NONE,pending,EVT_ANN_001,REV574
EVT000098_002,NAR000098_EN,INCIDENT_REPORTED,complaint or incident report made,NONE,NONE,NONE,NONE,today,2023-07-23,00:18,00:18,night,exact,formal or informal reporting by complainant,Incident was reported or legal guidance was sought,completed,"Dear Management, I am writing to formally log a grievance regarding a distressing incident of physical altercation that occurred today at approximately 00:18 within the Hostel.",0,176,probable,2,NONE,pending,EVT_ANN_001,REV574
EVT000099_001,NAR000099_EN,CIVIC_HAZARD_REPORTED,minor civic infrastructure issue,NONE,NAR000099_EN_E001,NONE,NONE,2026-07-18,2026-07-18,10:23,10:23,morning,exact,civic nuisance or hazard,"Public comfort, access, or civic safety was affected",completed,"Dear Municipal Authorities, I am writing to formally log a civic grievance regarding the ongoing pattern of minor civic infrastructure issue at the Alleyway.",0,157,certain,1,NONE,pending,EVT_ANN_001,REV273
EVT000099_002,NAR000099_EN,INCIDENT_REPORTED,complaint or incident report made,NAR000099_EN_E001,NONE,NONE,NONE,2026-07-18,2026-07-18,10:23,10:23,morning,approximate,formal or informal reporting by complainant,Incident was reported or legal guidance was sought,completed,"Dear Municipal Authorities, I am writing to formally log a civic grievance regarding the ongoing pattern of minor civic infrastructure issue at the Alleyway.",0,157,probable,2,NONE,pending,EVT_ANN_001,REV273
EVT000100_001,NAR000100_EN,REFUND_REFUSED,refusal of service refund,NONE,NAR000100_EN_E001,NONE,NONE,not_stated,2023-07-30,05:38,05:38,night,exact,merchant refusal after consumer request,Consumer refund or service remedy remained unresolved,completed,"A customer was contesting a distinct case of refusal of service refund, showing clear evidence to the merchant, who continuously refused liability or proper resolution..",91,260,certain,1,NONE,pending,EVT_ANN_001,REV961
EVT000100_002,NAR000100_EN,EVIDENCE_IDENTIFIED,evidence identified,NAR000100_EN_E001,NONE,NONE,NONE,not_stated,2023-07-30,05:38,05:38,night,approximate,"supporting evidence, documents, logs, or records preserved",Evidence or supporting records were identified,completed,"A customer was contesting a distinct case of refusal of service refund, showing clear evidence to the merchant, who continuously refused liability or proper resolution..",91,260,certain,2,NONE,pending,EVT_ANN_001,REV961
EVT000101_001,NAR000101_EN,REFUND_REFUSED,refusal of service refund,NONE,NAR000101_EN_E001,NONE,NONE,not_stated,2023-07-30,15:46,15:46,afternoon,exact,merchant refusal after consumer request,Consumer refund or service remedy remained unresolved,completed,"A customer was contesting a distinct case of refusal of service refund, showing clear evidence to the merchant, who continuously refused liability or proper resolution.",132,300,certain,1,NONE,pending,EVT_ANN_001,REV198
EVT000101_002,NAR000101_EN,INCIDENT_REPORTED,complaint or incident report made,NAR000101_EN_E001,NONE,NONE,NONE,not_stated,2023-07-30,15:46,15:46,afternoon,approximate,formal or informal reporting by complainant,Incident was reported or legal guidance was sought,completed,I want to report an incident.,0,29,certain,2,NONE,pending,EVT_ANN_001,REV198
EVT000102_001,NAR000102_EN,PHYSICAL_ATTACK,emotional and verbal abuse,NONE,NONE,NAR000102_EN_E001,NONE,not_stated,2023-08-04,12:48,12:48,afternoon,exact,physical force or intimidation,"Complainant reported fear, intimidation, or immediate safety concern",completed,Things escalated so quickly and it turned into full-blown emotional and verbal abuse.,70,155,certain,1,NONE,pending,EVT_ANN_001,REV934
EVT000102_002,NAR000102_EN,INCIDENT_REPORTED,complaint or incident report made,NONE,NONE,NAR000102_EN_E001,NONE,not_stated,2023-08-04,12:48,12:48,afternoon,approximate,formal or informal reporting by complainant,Incident was reported or legal guidance was sought,completed,I want to report an incident.,0,29,certain,2,NONE,pending,EVT_ANN_001,REV934
EVT000103_001,NAR000103_EN,UNAUTHORISED_ENTRY,shopbreaking,NONE,NAR000103_EN_E001,NONE,NONE,not_stated,2023-08-05,10:55,10:55,morning,exact,taking property without consent,"Personal property was lost, taken, or reported missing",completed,"Shortly after, they approached the victim from behind, forcefully committed shopbreaking, and fled the scene on a two-wheeler heading north.",116,256,certain,1,NONE,pending,EVT_ANN_001,REV599
EVT000103_002,NAR000103_EN,INCIDENT_REPORTED,complaint or incident report made,NAR000103_EN_E001,NONE,NONE,NONE,not_stated,2023-08-05,10:55,10:55,morning,approximate,formal or informal reporting by complainant,Incident was reported or legal guidance was sought,completed,I want to report an incident.,0,29,certain,2,NONE,pending,EVT_ANN_001,REV599
EVT000104_001,NAR000104_EN,CONTACT_BLOCKED,guardianship dispute,NONE,NONE,NONE,NAR000104_EN_E002,today,2023-08-09,00:43,00:43,night,exact,family access or support restriction,"Family access, support, or relationship obligations became disputed",unclear,"hey guys, my ex just blocked me from seeing the kids / resolving the guardianship dispute at the House around 00:43 today.",30,152,certain,1,NONE,pending,EVT_ANN_001,REV956
EVT000104_002,NAR000104_EN,INCIDENT_REPORTED,complaint or incident report made,NONE,NONE,NONE,NAR000104_EN_E002,today,2023-08-09,00:43,00:43,night,approximate,formal or informal reporting by complainant,Incident was reported or legal guidance was sought,completed,I want to report an incident.,0,29,certain,2,NONE,pending,EVT_ANN_001,REV956
EVT000105_001,NAR000105_EN,DECEPTIVE_REPRESENTATION,defective product delivery,NONE,NAR000105_EN_E001,NONE,NONE,not_stated,2023-08-10,19:41,19:41,evening,exact,merchant misrepresentation or refusal to resolve,"Consumer suffered a disputed purchase, refund, quality, or billing loss",completed,A transactional incident concerning defective product delivery broke out at the local online platform at 19:41.,30,141,certain,1,NONE,pending,EVT_ANN_001,REV264
EVT000105_002,NAR000105_EN,INCIDENT_REPORTED,complaint or incident report made,NAR000105_EN_E001,NONE,NONE,NONE,not_stated,2023-08-10,19:41,19:41,evening,approximate,formal or informal reporting by complainant,Incident was reported or legal guidance was sought,completed,I want to report an incident.,0,29,certain,2,NONE,pending,EVT_ANN_001,REV264
EVT000106_001,NAR000106_EN,PROPERTY_DAMAGED,boundary wall dispute,NONE,NONE,NONE,NAR000106_EN_E001,2026-07-02,2026-07-02,06:38,06:38,morning,exact,unauthorised occupation or alteration of property,Property or possession became disputed or physically affected,unclear,Complainant reports a structural civil grievance regarding boundary wall dispute at the site located in house.,30,140,certain,1,NONE,pending,EVT_ANN_001,REV536
EVT000106_002,NAR000106_EN,INCIDENT_REPORTED,complaint or incident report made,NONE,NONE,NONE,NAR000106_EN_E001,2026-07-02,2026-07-02,06:38,06:38,morning,approximate,formal or informal reporting by complainant,Incident was reported or legal guidance was sought,completed,I want to report an incident.,0,29,certain,2,NONE,pending,EVT_ANN_001,REV536
EVT000107_001,NAR000107_EN,DECEPTIVE_REPRESENTATION,ransomware attack,NONE,NAR000107_EN_E001,NONE,NONE,2026-07-11,2026-07-11,10:11,10:11,morning,exact,online credential manipulation,"Money, account access, or financial control was compromised",completed,"On the date of 2026-07-11, an advanced threat actor initiated an exploit categorized under ransomware attack targeting remote infrastructures at approximately 10:11.",30,195,certain,1,NONE,pending,EVT_ANN_001,REV571
EVT000107_002,NAR000107_EN,INCIDENT_REPORTED,complaint or incident report made,NAR000107_EN_E001,NONE,NONE,NONE,2026-07-11,2026-07-11,10:11,10:11,morning,approximate,formal or informal reporting by complainant,Incident was reported or legal guidance was sought,completed,I want to report an incident.,0,29,certain,2,NONE,pending,EVT_ANN_001,REV571
EVT000108_001,NAR000108_EN,EMPLOYMENT_CONTRACT_BREACHED,breach of employment contract,NONE,NAR000108_EN_E001,NONE,NONE,2026-07-10,2026-07-10,23:22,23:22,night,exact,employer action or workplace practice,"Workplace rights, wages, safety, or employment status were affected",completed,"On the date of 2026-07-10, a major institutional friction classified as breach of employment contract materialized at the specified office at approximately 23:22.",30,192,certain,1,NONE,pending,EVT_ANN_001,REV568
EVT000108_002,NAR000108_EN,INCIDENT_REPORTED,complaint or incident report made,NAR000108_EN_E001,NONE,NONE,NONE,2026-07-10,2026-07-10,23:22,23:22,night,approximate,formal or informal reporting by complainant,Incident was reported or legal guidance was sought,completed,I want to report an incident.,0,29,certain,2,NONE,pending,EVT_ANN_001,REV568
EVT000109_001,NAR000109_EN,UNSAFE_WORKING_CONDITION,safe working conditions violation,NONE,NAR000109_EN_E001,NONE,NONE,2026-07-20,2026-07-20,08:38,08:38,morning,exact,employer action or workplace practice,"Workplace rights, wages, safety, or employment status were affected",completed,Complainant registers a formal grievance concerning employer violations under the category of safe working conditions violation at the designated workplace.,30,186,certain,1,NONE,pending,EVT_ANN_001,REV645
EVT000109_002,NAR000109_EN,INCIDENT_REPORTED,complaint or incident report made,NAR000109_EN_E001,NONE,NONE,NONE,2026-07-20,2026-07-20,08:38,08:38,morning,approximate,formal or informal reporting by complainant,Incident was reported or legal guidance was sought,completed,I want to report an incident.,0,29,certain,2,NONE,pending,EVT_ANN_001,REV645
EVT000110_001,NAR000110_EN,PUBLIC_NUISANCE_REPORTED,public nuisance dispute,NONE,NONE,NONE,NAR000110_EN_E001,2026-06-29,2026-06-29,06:57,06:57,morning,exact,civic nuisance or hazard,"Public comfort, access, or civic safety was affected",unclear,"On the date of 2026-06-29, a minor unclassified neighborhood disruption manifesting as public nuisance dispute materialized at the specified road at approximately 06:57 hours.",30,205,certain,1,NONE,pending,EVT_ANN_001,REV550
EVT000110_002,NAR000110_EN,INCIDENT_REPORTED,complaint or incident report made,NONE,NONE,NONE,NAR000110_EN_E001,2026-06-29,2026-06-29,06:57,06:57,morning,approximate,formal or informal reporting by complainant,Incident was reported or legal guidance was sought,completed,I want to report an incident.,0,29,certain,2,NONE,pending,EVT_ANN_001,REV550
EVT000111_001,NAR000111_EN,DECEPTIVE_REPRESENTATION,phishing scam,NONE,NONE,NAR000111_EN_E001,NONE,not_stated,2023-08-18,00:48,00:48,night,exact,online credential manipulation,"Money, account access, or financial control was compromised",completed,"The system administrator observed anomalous traffic originating from unauthorized servers around 00:48, confirming a systemwide phishing scam.",30,172,certain,1,NONE,pending,EVT_ANN_001,REV155
EVT000111_002,NAR000111_EN,INCIDENT_REPORTED,complaint or incident report made,NONE,NONE,NAR000111_EN_E001,NONE,not_stated,2023-08-18,00:48,00:48,night,approximate,formal or informal reporting by complainant,Incident was reported or legal guidance was sought,completed,I want to report an incident.,0,29,certain,2,NONE,pending,EVT_ANN_001,REV155
EVT000112_001,NAR000112_EN,PROPERTY_POSSESSION_DISPUTED,inheritance property claim,NONE,NAR000112_EN_E001,NONE,NONE,not_stated,2023-08-25,13:04,13:04,afternoon,exact,"contested possession, access, or property control",Property access or ownership rights became disputed,unclear,"Several individuals were actively contesting an instance of inheritance property claim, with local residents stepping in to prevent physical escalation before authorities were notified.",121,306,certain,1,NONE,pending,EVT_ANN_001,REV999
EVT000112_002,NAR000112_EN,INCIDENT_REPORTED,complaint or incident report made,NAR000112_EN_E001,NONE,NONE,NONE,not_stated,2023-08-25,13:04,13:04,afternoon,approximate,formal or informal reporting by complainant,Incident was reported or legal guidance was sought,completed,I want to report an incident.,0,29,certain,2,NONE,pending,EVT_ANN_001,REV999
EVT000113_001,NAR000113_EN,PROPERTY_DAMAGED,drunk driving accident,NONE,NONE,NAR000113_EN_E002,NONE,today,2023-08-26,10:34,10:34,morning,exact,unsafe or unlawful road conduct,"Vehicle movement, road safety, or property damage was affected",completed,"So I was driving along the highway around 10:34 today, when this car suddenly sped out and caused a complete drunk driving accident!",30,162,certain,1,NONE,pending,EVT_ANN_001,REV580
EVT000113_002,NAR000113_EN,INCIDENT_REPORTED,complaint or incident report made,NONE,NONE,NAR000113_EN_E002,NONE,today,2023-08-26,10:34,10:34,morning,approximate,formal or informal reporting by complainant,Incident was reported or legal guidance was sought,completed,I want to report an incident.,0,29,certain,2,NONE,pending,EVT_ANN_001,REV580
EVT000114_001,NAR000114_EN,PROPERTY_DAMAGED,traffic signal violation dispute,NONE,NONE,NAR000114_EN_E002,NAR000114_EN_E001,not_stated,2023-08-28,09:15,09:15,morning,exact,unsafe or unlawful road conduct,"Vehicle movement, road safety, or property damage was affected",unclear,just witnessed a crazy traffic signal violation dispute around 09:15 hours.,70,145,certain,1,NONE,pending,EVT_ANN_001,REV571
EVT000114_002,NAR000114_EN,INCIDENT_REPORTED,complaint or incident report made,NONE,NONE,NAR000114_EN_E002,NAR000114_EN_E001,not_stated,2023-08-28,09:15,09:15,morning,approximate,formal or informal reporting by complainant,Incident was reported or legal guidance was sought,completed,I want to report an incident.,0,29,certain,2,NONE,pending,EVT_ANN_001,REV571
EVT000115_001,NAR000115_EN,DECEPTIVE_REPRESENTATION,loan approval scam,NONE,NONE,NAR000115_EN_E002,NONE,today,2023-08-29,09:04,09:04,morning,exact,deceptive financial documentation or transaction,"Money, account access, or financial control was compromised",completed,just discovered a major loan approval scam happened around 09:04 today.,95,166,certain,1,NONE,pending,EVT_ANN_001,REV665
EVT000115_002,NAR000115_EN,INCIDENT_REPORTED,complaint or incident report made,NONE,NONE,NAR000115_EN_E002,NONE,today,2023-08-29,09:04,09:04,morning,approximate,formal or informal reporting by complainant,Incident was reported or legal guidance was sought,completed,I want to report an incident.,0,29,certain,2,NONE,pending,EVT_ANN_001,REV665
EVT000116_001,NAR000116_EN,PUBLIC_NUISANCE_REPORTED,public nuisance dispute,NONE,NAR000116_EN_E001,NONE,NONE,not_stated,2023-08-29,13:33,13:33,afternoon,exact,civic nuisance or hazard,"Public comfort, access, or civic safety was affected",unclear,A civic or localized incident classified under public nuisance dispute manifested at the designated alleyway at 13:33.,30,148,certain,1,NONE,pending,EVT_ANN_001,REV367
EVT000116_002,NAR000116_EN,INCIDENT_REPORTED,complaint or incident report made,NAR000116_EN_E001,NONE,NONE,NONE,not_stated,2023-08-29,13:33,13:33,afternoon,approximate,formal or informal reporting by complainant,Incident was reported or legal guidance was sought,completed,I want to report an incident.,0,29,certain,2,NONE,pending,EVT_ANN_001,REV367
EVT000117_001,NAR000117_EN,DECEPTIVE_REPRESENTATION,cheque forgery,NONE,NAR000117_EN_E001,NONE,NONE,2026-06-28,2026-06-28,23:53,23:53,night,exact,deceptive financial documentation or transaction,"Money, account access, or financial control was compromised",completed,Complainant reports a structured financial offense falling under the category of cheque forgery at the office.,30,140,certain,1,NONE,pending,EVT_ANN_001,REV903
EVT000117_002,NAR000117_EN,INCIDENT_REPORTED,complaint or incident report made,NAR000117_EN_E001,NONE,NONE,NONE,2026-06-28,2026-06-28,23:53,23:53,night,approximate,formal or informal reporting by complainant,Incident was reported or legal guidance was sought,completed,I want to report an incident.,0,29,certain,2,NONE,pending,EVT_ANN_001,REV903
EVT000118_001,NAR000118_EN,DECEPTIVE_REPRESENTATION,social media hacking,NONE,NAR000118_EN_E001,NONE,NONE,2026-07-10,2026-07-10,10:08,10:08,morning,exact,online credential manipulation,"Money, account access, or financial control was compromised",completed,Complainant reports unauthorized digital breach under social media hacking framework.,30,115,certain,1,NONE,pending,EVT_ANN_001,REV455
EVT000118_002,NAR000118_EN,INCIDENT_REPORTED,complaint or incident report made,NAR000118_EN_E001,NONE,NONE,NONE,2026-07-10,2026-07-10,10:08,10:08,morning,approximate,formal or informal reporting by complainant,Incident was reported or legal guidance was sought,completed,I want to report an incident.,0,29,certain,2,NONE,pending,EVT_ANN_001,REV455
EVT000119_001,NAR000119_EN,PROPERTY_TAKEN,online phishing theft,NONE,NONE,NAR000119_EN_E001,NONE,2026-06-25,2026-06-25,18:21,18:21,evening,exact,online credential manipulation,"Personal property was lost, taken, or reported missing",completed,"Complainant states that on 2026-06-25 at approximately 18:21 hours, an incident of online phishing theft occurred at Mobile app.",30,158,certain,1,NONE,pending,EVT_ANN_001,REV523
EVT000119_002,NAR000119_EN,INCIDENT_REPORTED,complaint or incident report made,NONE,NONE,NAR000119_EN_E001,NONE,2026-06-25,2026-06-25,18:21,18:21,evening,approximate,formal or informal reporting by complainant,Incident was reported or legal guidance was sought,completed,I want to report an incident.,0,29,certain,2,NONE,pending,EVT_ANN_001,REV523
EVT000120_001,NAR000120_EN,UNAUTHORISED_ENTRY,land encroachment,NONE,NAR000120_EN_E001,NONE,NONE,not_stated,2023-09-07,04:00,04:00,night,exact,unauthorised occupation or alteration of property,Property or possession became disputed or physically affected,completed,A property conflict classified under land encroachment was documented at the plot at 04:00.,30,121,certain,1,NONE,pending,EVT_ANN_001,REV291
EVT000120_002,NAR000120_EN,INCIDENT_REPORTED,complaint or incident report made,NAR000120_EN_E001,NONE,NONE,NONE,not_stated,2023-09-07,04:00,04:00,night,approximate,formal or informal reporting by complainant,Incident was reported or legal guidance was sought,completed,I want to report an incident.,0,29,certain,2,NONE,pending,EVT_ANN_001,REV291
EVT000121_001,NAR000121_EN,PHYSICAL_ATTACK,domestic dispute,NONE,NAR000121_EN_E001,NONE,NONE,not_stated,2023-09-11,04:41,04:41,night,exact,physical force or intimidation,"Complainant reported fear, intimidation, or immediate safety concern",unclear,"The confrontation quickly turned into a domestic dispute, with one individual visibly projecting physical intimidation towards the other party before crowds gathered to separate them.",125,308,certain,1,NONE,pending,EVT_ANN_001,REV158
EVT000121_002,NAR000121_EN,INCIDENT_REPORTED,complaint or incident report made,NAR000121_EN_E001,NONE,NONE,NONE,not_stated,2023-09-11,04:41,04:41,night,approximate,formal or informal reporting by complainant,Incident was reported or legal guidance was sought,completed,I want to report an incident.,0,29,certain,2,NONE,pending,EVT_ANN_001,REV158
EVT000122_001,NAR000122_EN,PROPERTY_TAKEN,identity theft,NONE,NAR000122_EN_E001,NONE,NONE,2026-06-23,2026-06-23,03:58,03:58,night,exact,online credential manipulation,"Money, account access, or financial control was compromised",completed,"Dear Cyber Crime Portal, I am writing to register an official cybercrime incident regarding identity theft that targets my system.",30,160,certain,1,NONE,pending,EVT_ANN_001,REV984
EVT000122_002,NAR000122_EN,INCIDENT_REPORTED,complaint or incident report made,NAR000122_EN_E001,NONE,NONE,NONE,2026-06-23,2026-06-23,03:58,03:58,night,approximate,formal or informal reporting by complainant,Incident was reported or legal guidance was sought,completed,I want to report an incident.,0,29,certain,2,NONE,pending,EVT_ANN_001,REV984
EVT000123_001,NAR000123_EN,DECEPTIVE_REPRESENTATION,loan approval scam,NONE,NAR000123_EN_E001,NONE,NONE,2026-07-01,2026-07-01,17:39,17:39,evening,exact,deceptive financial documentation or transaction,"Money, account access, or financial control was compromised",completed,Complainant reports a structured financial offense falling under the category of loan approval scam at the online platform.,30,153,certain,1,NONE,pending,EVT_ANN_001,REV916
EVT000123_002,NAR000123_EN,INCIDENT_REPORTED,complaint or incident report made,NAR000123_EN_E001,NONE,NONE,NONE,2026-07-01,2026-07-01,17:39,17:39,evening,approximate,formal or informal reporting by complainant,Incident was reported or legal guidance was sought,completed,I want to report an incident.,0,29,certain,2,NONE,pending,EVT_ANN_001,REV916
EVT000124_001,NAR000124_EN,PROPERTY_TAKEN,chain snatching,NONE,NONE,NAR000124_EN_E003,NAR000124_EN_E002,yesterday,2023-09-18,12:45,12:45,afternoon,exact,taking property without consent,"Personal property was lost, taken, or reported missing",completed,"So I was just standing at the road around 12:45 yesterday, checking my phone, when this guy suddenly rushed past me and grabbed my belongings out of nowhere!",30,187,certain,1,NONE,pending,EVT_ANN_001,REV148
EVT000124_002,NAR000124_EN,INCIDENT_REPORTED,complaint or incident report made,NONE,NONE,NAR000124_EN_E003,NAR000124_EN_E002,yesterday,2023-09-18,12:45,12:45,afternoon,approximate,formal or informal reporting by complainant,Incident was reported or legal guidance was sought,completed,I want to report an incident.,0,29,certain,2,NONE,pending,EVT_ANN_001,REV148
EVT000125_001,NAR000125_EN,DECEPTIVE_REPRESENTATION,phishing scam,NONE,NAR000125_EN_E001,NONE,NONE,not_stated,2023-09-19,06:42,06:42,morning,exact,online credential manipulation,"Money, account access, or financial control was compromised",completed,An incident of phishing scam compromised security systems across the specified Online platform at 06:42.,30,134,certain,1,NONE,pending,EVT_ANN_001,REV468
EVT000125_002,NAR000125_EN,INCIDENT_REPORTED,complaint or incident report made,NAR000125_EN_E001,NONE,NONE,NONE,not_stated,2023-09-19,06:42,06:42,morning,approximate,formal or informal reporting by complainant,Incident was reported or legal guidance was sought,completed,I want to report an incident.,0,29,certain,2,NONE,pending,EVT_ANN_001,REV468
EVT000126_001,NAR000126_EN,DECEPTIVE_REPRESENTATION,ransomware attack,NONE,NAR000126_EN_E001,NONE,NONE,2026-07-15,2026-07-15,04:18,04:18,night,exact,online credential manipulation,"Money, account access, or financial control was compromised",completed,"Dear Cyber Crime Portal, I am writing to register an official cybercrime incident regarding ransomware attack that targets my system.",30,163,certain,1,NONE,pending,EVT_ANN_001,REV309
EVT000126_002,NAR000126_EN,INCIDENT_REPORTED,complaint or incident report made,NAR000126_EN_E001,NONE,NONE,NONE,2026-07-15,2026-07-15,04:18,04:18,night,approximate,formal or informal reporting by complainant,Incident was reported or legal guidance was sought,completed,I want to report an incident.,0,29,certain,2,NONE,pending,EVT_ANN_001,REV309
EVT000127_001,NAR000127_EN,PROPERTY_DAMAGED,hit and run collision,NONE,NAR000127_EN_E001,NONE,NONE,not_stated,2023-09-26,12:29,12:29,afternoon,exact,unsafe or unlawful road conduct,"Vehicle movement, road safety, or property damage was affected",completed,A vehicular incident involving hit and run collision occurred on the local highway at 12:29.,30,122,certain,1,NONE,pending,EVT_ANN_001,REV413
EVT000127_002,NAR000127_EN,TRAFFIC_OBSTRUCTION,traffic obstruction followed incident,NAR000127_EN_E001,NONE,NONE,NONE,not_stated,2023-09-26,12:29,12:29,afternoon,approximate,road blockage or bottleneck after incident,Road access or vehicle movement was blocked,completed,The collision or blockage led to structural vehicular property damage and caused a severe traffic bottleneck requiring immediate clearing.,123,261,certain,2,NONE,pending,EVT_ANN_001,REV413
EVT000128_001,NAR000128_EN,CONTACT_BLOCKED,guardianship dispute,NONE,NONE,NONE,NONE,today,2023-09-28,20:42,20:42,evening,exact,family access or support restriction,"Family access, support, or relationship obligations became disputed",unclear,"So I was waiting at the hostel around 20:42 today for my scheduled meeting, when my ex turned up and started an absolute argument over our guardianship dispute.",30,190,certain,1,NONE,pending,EVT_ANN_001,REV747
EVT000128_002,NAR000128_EN,INCIDENT_REPORTED,complaint or incident report made,NONE,NONE,NONE,NONE,today,2023-09-28,20:42,20:42,evening,approximate,formal or informal reporting by complainant,Incident was reported or legal guidance was sought,completed,I want to report an incident.,0,29,certain,2,NONE,pending,EVT_ANN_001,REV747
EVT000129_001,NAR000129_EN,PROPERTY_DAMAGED,traffic signal violation dispute,NONE,NONE,NONE,NAR000129_EN_E001,not_stated,2023-09-28,12:43,12:43,afternoon,exact,unsafe or unlawful road conduct,"Vehicle movement, road safety, or property damage was affected",unclear,A vehicular incident involving traffic signal violation dispute occurred on the local road at 12:43.,30,130,certain,1,NONE,pending,EVT_ANN_001,REV353
EVT000129_002,NAR000129_EN,TRAFFIC_OBSTRUCTION,traffic obstruction followed incident,NONE,NONE,NONE,NAR000129_EN_E001,not_stated,2023-09-28,12:43,12:43,afternoon,approximate,road blockage or bottleneck after incident,Road access or vehicle movement was blocked,completed,The collision or blockage led to structural vehicular property damage and caused a severe traffic bottleneck requiring immediate clearing.,131,269,certain,2,NONE,pending,EVT_ANN_001,REV353
EVT000130_001,NAR000130_EN,PROPERTY_POSSESSION_DISPUTED,tenant-landlord conflict,NONE,NAR000130_EN_E001,NONE,NONE,not_stated,2023-09-30,16:07,16:07,afternoon,exact,"contested possession, access, or property control",Property access or ownership rights became disputed,completed,A property conflict classified under tenant-landlord conflict was documented at the apartment at 16:07.,30,133,certain,1,NONE,pending,EVT_ANN_001,REV933
EVT000130_002,NAR000130_EN,INCIDENT_REPORTED,complaint or incident report made,NAR000130_EN_E001,NONE,NONE,NONE,not_stated,2023-09-30,16:07,16:07,afternoon,approximate,formal or informal reporting by complainant,Incident was reported or legal guidance was sought,completed,I want to report an incident.,0,29,certain,2,NONE,pending,EVT_ANN_001,REV933
EVT000131_001,NAR000131_EN,DECEPTIVE_REPRESENTATION,expired or contaminated goods sale,NONE,NONE,NONE,NONE,today,2023-10-01,07:25,07:25,morning,exact,merchant misrepresentation or refusal to resolve,"Consumer suffered a disputed purchase, refund, quality, or billing loss",completed,just experienced a massive expired or contaminated goods sale around 07:25 today.,89,170,certain,1,NONE,pending,EVT_ANN_001,REV152
EVT000131_002,NAR000131_EN,INCIDENT_REPORTED,complaint or incident report made,NONE,NONE,NONE,NONE,today,2023-10-01,07:25,07:25,morning,approximate,formal or informal reporting by complainant,Incident was reported or legal guidance was sought,completed,I want to report an incident.,0,29,certain,2,NONE,pending,EVT_ANN_001,REV152
EVT000132_001,NAR000132_EN,PROPERTY_DAMAGED,reckless driving confrontation,NONE,NAR000132_EN_E001,NONE,NONE,2026-07-14,2026-07-14,09:15,09:15,morning,exact,unsafe or unlawful road conduct,"Vehicle movement, road safety, or property damage was affected",completed,"Dear Traffic Police Commissioner, I am writing to formally report an escalating safety issue, specifically a recent reckless driving confrontation that occurred at the Highway.",30,206,certain,1,NONE,pending,EVT_ANN_001,REV103
EVT000132_002,NAR000132_EN,INCIDENT_REPORTED,complaint or incident report made,NAR000132_EN_E001,NONE,NONE,NONE,2026-07-14,2026-07-14,09:15,09:15,morning,approximate,formal or informal reporting by complainant,Incident was reported or legal guidance was sought,completed,I want to report an incident.,0,29,certain,2,NONE,pending,EVT_ANN_001,REV103
EVT000133_001,NAR000133_EN,DECEPTIVE_REPRESENTATION,ransomware attack,NONE,NONE,NONE,NONE,yesterday,2023-10-06,16:54,16:54,afternoon,exact,online credential manipulation,"Money, account access, or financial control was compromised",completed,I realized it was a total ransomware attack when my savings started moving out.,163,242,certain,1,NONE,pending,EVT_ANN_001,REV477
EVT000133_002,NAR000133_EN,INCIDENT_REPORTED,complaint or incident report made,NONE,NONE,NONE,NONE,yesterday,2023-10-06,16:54,16:54,afternoon,approximate,formal or informal reporting by complainant,Incident was reported or legal guidance was sought,completed,I want to report an incident.,0,29,certain,2,NONE,pending,EVT_ANN_001,REV477
EVT000134_001,NAR000134_EN,DECEPTIVE_REPRESENTATION,phishing scam,NONE,NAR000134_EN_E001,NONE,NONE,not_stated,2023-10-07,23:11,23:11,night,exact,online credential manipulation,"Money, account access, or financial control was compromised",completed,An incident of phishing scam compromised security systems across the specified Online platform at 23:11.,30,134,certain,1,NONE,pending,EVT_ANN_001,REV908
EVT000134_002,NAR000134_EN,INCIDENT_REPORTED,complaint or incident report made,NAR000134_EN_E001,NONE,NONE,NONE,not_stated,2023-10-07,23:11,23:11,night,approximate,formal or informal reporting by complainant,Incident was reported or legal guidance was sought,completed,I want to report an incident.,0,29,certain,2,NONE,pending,EVT_ANN_001,REV908
EVT000135_001,NAR000135_EN,UNAUTHORISED_ENTRY,land encroachment,NONE,NONE,NONE,NAR000135_EN_E001,2026-06-30,2026-06-30,13:49,13:49,afternoon,exact,unauthorised occupation or alteration of property,Property or possession became disputed or physically affected,completed,"Dear Revenue Officer / Police Commissioner, I am writing to register an urgent complaint regarding a critical instance of land encroachment affecting my House.",30,189,certain,1,NONE,pending,EVT_ANN_001,REV173
EVT000135_002,NAR000135_EN,INCIDENT_REPORTED,complaint or incident report made,NONE,NONE,NONE,NAR000135_EN_E001,2026-06-30,2026-06-30,13:49,13:49,afternoon,approximate,formal or informal reporting by complainant,Incident was reported or legal guidance was sought,completed,I want to report an incident.,0,29,certain,2,NONE,pending,EVT_ANN_001,REV173
EVT000136_001,NAR000136_EN,DECEPTIVE_REPRESENTATION,online banking fraud,NONE,NONE,NONE,NAR000136_EN_E001,2026-07-02,2026-07-02,15:42,15:42,afternoon,exact,online credential manipulation,"Money, account access, or financial control was compromised",completed,"On the date of 2026-07-02, an advanced threat actor initiated an exploit categorized under online banking fraud targeting remote infrastructures at approximately 15:42.",30,198,certain,1,NONE,pending,EVT_ANN_001,REV117
EVT000136_002,NAR000136_EN,INCIDENT_REPORTED,complaint or incident report made,NONE,NONE,NONE,NAR000136_EN_E001,2026-07-02,2026-07-02,15:42,15:42,afternoon,approximate,formal or informal reporting by complainant,Incident was reported or legal guidance was sought,completed,I want to report an incident.,0,29,certain,2,NONE,pending,EVT_ANN_001,REV117
EVT000137_001,NAR000137_EN,REFUND_REFUSED,refusal of service refund,NONE,NAR000137_EN_E001,NONE,NONE,not_stated,2023-10-12,09:47,09:47,morning,exact,merchant refusal after consumer request,Consumer refund or service remedy remained unresolved,completed,"So I went to this online platform around 09:47 and explicitly paid for premium service, but I faced absolute refusal of service refund instead.",30,173,certain,1,NONE,pending,EVT_ANN_001,REV365
EVT000137_002,NAR000137_EN,INCIDENT_REPORTED,complaint or incident report made,NAR000137_EN_E001,NONE,NONE,NONE,not_stated,2023-10-12,09:47,09:47,morning,approximate,formal or informal reporting by complainant,Incident was reported or legal guidance was sought,completed,I want to report an incident.,0,29,certain,2,NONE,pending,EVT_ANN_001,REV365
EVT000138_001,NAR000138_EN,DECEPTIVE_REPRESENTATION,false advertising and misrepresentation,NONE,NAR000138_EN_E001,NONE,NONE,2026-06-22,2026-06-22,18:56,18:56,evening,exact,merchant misrepresentation or refusal to resolve,"Consumer suffered a disputed purchase, refund, quality, or billing loss",completed,"Dear Consumer Forum Support, I am writing to formally register a merchant complaint regarding a severe instance of false advertising and misrepresentation that occurred at Shop on 2026-06-22 at 18:56 hours.",30,236,certain,1,NONE,pending,EVT_ANN_001,REV832
EVT000138_002,NAR000138_EN,INCIDENT_REPORTED,complaint or incident report made,NAR000138_EN_E001,NONE,NONE,NONE,2026-06-22,2026-06-22,18:56,18:56,evening,approximate,formal or informal reporting by complainant,Incident was reported or legal guidance was sought,completed,I want to report an incident.,0,29,certain,2,NONE,pending,EVT_ANN_001,REV832
EVT000139_001,NAR000139_EN,CONTACT_BLOCKED,divorce proceedings conflict,NONE,NONE,NONE,NAR000139_EN_E001,2026-06-22,2026-06-22,07:37,07:37,morning,exact,family access or support restriction,"Family access, support, or relationship obligations became disputed",completed,"On the date of 2026-06-22, a major civil friction classified under divorce proceedings conflict escalated during a familial meeting at the designated house at approximately 07:37 hours.",30,215,certain,1,NONE,pending,EVT_ANN_001,REV218
EVT000139_002,NAR000139_EN,INCIDENT_REPORTED,complaint or incident report made,NONE,NONE,NONE,NAR000139_EN_E001,2026-06-22,2026-06-22,07:37,07:37,morning,approximate,formal or informal reporting by complainant,Incident was reported or legal guidance was sought,completed,I want to report an incident.,0,29,certain,2,NONE,pending,EVT_ANN_001,REV218
EVT000140_001,NAR000140_EN,DECEPTIVE_REPRESENTATION,defective product delivery,NONE,NAR000140_EN_E001,NONE,NONE,not_stated,2023-10-23,14:25,14:25,afternoon,exact,merchant misrepresentation or refusal to resolve,"Consumer suffered a disputed purchase, refund, quality, or billing loss",completed,"So I went to this shop around 14:25 and explicitly paid for premium service, but I faced absolute defective product delivery instead.",30,163,certain,1,NONE,pending,EVT_ANN_001,REV569
EVT000140_002,NAR000140_EN,INCIDENT_REPORTED,complaint or incident report made,NAR000140_EN_E001,NONE,NONE,NONE,not_stated,2023-10-23,14:25,14:25,afternoon,approximate,formal or informal reporting by complainant,Incident was reported or legal guidance was sought,completed,I want to report an incident.,0,29,certain,2,NONE,pending,EVT_ANN_001,REV569
EVT000141_001,NAR000141_EN,PHYSICAL_ATTACK,emotional and verbal abuse,NONE,NAR000141_EN_E001,NONE,NONE,2026-07-03,2026-07-03,20:49,20:49,evening,exact,physical force or intimidation,"Complainant reported fear, intimidation, or immediate safety concern",completed,"Dear Protection Officer, I am writing to formally report an escalating pattern of domestic violence, specifically emotional and verbal abuse, at my residence.",30,188,certain,1,NONE,pending,EVT_ANN_001,REV688
EVT000141_002,NAR000141_EN,INCIDENT_REPORTED,complaint or incident report made,NAR000141_EN_E001,NONE,NONE,NONE,2026-07-03,2026-07-03,20:49,20:49,evening,approximate,formal or informal reporting by complainant,Incident was reported or legal guidance was sought,completed,I want to report an incident.,0,29,certain,2,NONE,pending,EVT_ANN_001,REV688
EVT000142_001,NAR000142_EN,PHYSICAL_ATTACK,physical altercation,NONE,NONE,NONE,NAR000142_EN_E001,not_stated,2023-10-24,15:29,15:29,afternoon,exact,physical force or intimidation,"Complainant reported fear, intimidation, or immediate safety concern",completed,Then it escalated into a complete physical altercation and they said they'd hurt me if they saw me again.,158,263,certain,1,NONE,pending,EVT_ANN_001,REV616
EVT000142_002,NAR000142_EN,INCIDENT_REPORTED,complaint or incident report made,NONE,NONE,NONE,NAR000142_EN_E001,not_stated,2023-10-24,15:29,15:29,afternoon,approximate,formal or informal reporting by complainant,Incident was reported or legal guidance was sought,completed,I want to report an incident.,0,29,certain,2,NONE,pending,EVT_ANN_001,REV616
EVT000143_001,NAR000143_EN,PERSON_FOLLOWED,cyberstalking,NONE,NAR000143_EN_E001,NONE,NONE,not_stated,2023-10-31,12:58,12:58,afternoon,exact,repeated digital monitoring or contact,"Complainant reported fear, monitoring, or loss of digital safety",completed,hey guys warning someone hacked my account via cyberstalking just now around 12:58!!,30,114,certain,1,NONE,pending,EVT_ANN_001,REV136
EVT000143_002,NAR000143_EN,INCIDENT_REPORTED,complaint or incident report made,NAR000143_EN_E001,NONE,NONE,NONE,not_stated,2023-10-31,12:58,12:58,afternoon,approximate,formal or informal reporting by complainant,Incident was reported or legal guidance was sought,completed,I want to report an incident.,0,29,certain,2,NONE,pending,EVT_ANN_001,REV136
EVT000144_001,NAR000144_EN,REFUND_REFUSED,refusal of service refund,NONE,NAR000144_EN_E001,NONE,NONE,2026-07-04,2026-07-04,20:11,20:11,evening,exact,merchant refusal after consumer request,Consumer refund or service remedy remained unresolved,completed,"Complainant states that on 2026-07-04 at approximately 20:11 hours, a transaction dispute involving refusal of service refund occurred at Shop.",30,173,certain,1,NONE,pending,EVT_ANN_001,REV888
EVT000144_002,NAR000144_EN,INCIDENT_REPORTED,complaint or incident report made,NAR000144_EN_E001,NONE,NONE,NONE,2026-07-04,2026-07-04,20:11,20:11,evening,approximate,formal or informal reporting by complainant,Incident was reported or legal guidance was sought,completed,I want to report an incident.,0,29,certain,2,NONE,pending,EVT_ANN_001,REV888
EVT000145_001,NAR000145_EN,PROPERTY_TAKEN,vehicle theft,NONE,NONE,NAR000145_EN_E001,NONE,not_stated,2023-11-02,02:46,02:46,night,exact,taking property without consent,"Personal property was lost, taken, or reported missing",completed,occurred just now around 02:46 hours.,84,121,certain,1,NONE,pending,EVT_ANN_001,REV793
EVT000145_002,NAR000145_EN,INCIDENT_REPORTED,complaint or incident report made,NONE,NONE,NAR000145_EN_E001,NONE,not_stated,2023-11-02,02:46,02:46,night,approximate,formal or informal reporting by complainant,Incident was reported or legal guidance was sought,completed,I want to report an incident.,0,29,certain,2,NONE,pending,EVT_ANN_001,REV793
EVT000146_001,NAR000146_EN,DECEPTIVE_REPRESENTATION,overcharging and hidden fees,NONE,NAR000146_EN_E001,NONE,NONE,not_stated,2023-11-05,10:35,10:35,morning,exact,merchant misrepresentation or refusal to resolve,"Consumer suffered a disputed purchase, refund, quality, or billing loss",completed,"So I went to this restaurant around 10:35 and explicitly paid for premium service, but I faced absolute overcharging and hidden fees instead.",30,171,certain,1,NONE,pending,EVT_ANN_001,REV161
EVT000146_002,NAR000146_EN,INCIDENT_REPORTED,complaint or incident report made,NAR000146_EN_E001,NONE,NONE,NONE,not_stated,2023-11-05,10:35,10:35,morning,approximate,formal or informal reporting by complainant,Incident was reported or legal guidance was sought,completed,I want to report an incident.,0,29,certain,2,NONE,pending,EVT_ANN_001,REV161
EVT000147_001,NAR000147_EN,INCIDENT_REPORTED,lost item reporting,NONE,NAR000147_EN_E001,NONE,NONE,not_stated,2023-11-06,11:35,11:35,morning,exact,civic nuisance or hazard,"Personal property was lost, taken, or reported missing",completed,"The situation involved a distinct lost item reporting, drawing the attention of passing commuters before local municipal workers arrived on site.",132,277,certain,1,NONE,pending,EVT_ANN_001,REV438
EVT000147_002,NAR000147_EN,INCIDENT_REPORTED,complaint or incident report made,NAR000147_EN_E001,NONE,NONE,NONE,not_stated,2023-11-06,11:35,11:35,morning,approximate,formal or informal reporting by complainant,Incident was reported or legal guidance was sought,completed,I want to report an incident.,0,29,certain,2,NONE,pending,EVT_ANN_001,REV438
EVT000148_001,NAR000148_EN,PUBLIC_NUISANCE_REPORTED,public nuisance dispute,NONE,NAR000148_EN_E001,NONE,NONE,2026-06-28,2026-06-28,18:10,18:10,evening,exact,civic nuisance or hazard,"Public comfort, access, or civic safety was affected",unclear,"Dear Municipal Authorities, I am writing to formally log a civic grievance regarding the ongoing pattern of public nuisance dispute at the Residential street.",30,188,certain,1,NONE,pending,EVT_ANN_001,REV978
EVT000148_002,NAR000148_EN,INCIDENT_REPORTED,complaint or incident report made,NAR000148_EN_E001,NONE,NONE,NONE,2026-06-28,2026-06-28,18:10,18:10,evening,approximate,formal or informal reporting by complainant,Incident was reported or legal guidance was sought,completed,I want to report an incident.,0,29,certain,2,NONE,pending,EVT_ANN_001,REV978
EVT000149_001,NAR000149_EN,PHYSICAL_ATTACK,physical altercation,NONE,NAR000149_EN_E001,NONE,NONE,not_stated,2023-11-10,04:54,04:54,night,exact,physical force or intimidation,"Complainant reported fear, intimidation, or immediate safety concern",completed,An incident involving sudden physical altercation broke out at the bar/pub around 04:54.,30,118,certain,1,NONE,pending,EVT_ANN_001,REV916
EVT000149_002,NAR000149_EN,INCIDENT_REPORTED,complaint or incident report made,NAR000149_EN_E001,NONE,NONE,NONE,not_stated,2023-11-10,04:54,04:54,night,approximate,formal or informal reporting by complainant,Incident was reported or legal guidance was sought,completed,I want to report an incident.,0,29,certain,2,NONE,pending,EVT_ANN_001,REV916
EVT000150_001,NAR000150_EN,PROPERTY_DAMAGED,drunk driving accident,NONE,NONE,NONE,NAR000150_EN_E001,not_stated,2023-11-14,03:08,03:08,night,exact,unsafe or unlawful road conduct,"Vehicle movement, road safety, or property damage was affected",completed,A vehicular incident involving drunk driving accident occurred on the local road at 03:08.,30,120,certain,1,NONE,pending,EVT_ANN_001,REV903
EVT000150_002,NAR000150_EN,TRAFFIC_OBSTRUCTION,traffic obstruction followed incident,NONE,NONE,NONE,NAR000150_EN_E001,not_stated,2023-11-14,03:08,03:08,night,approximate,road blockage or bottleneck after incident,Road access or vehicle movement was blocked,completed,The collision or blockage led to structural vehicular property damage and caused a severe traffic bottleneck requiring immediate clearing.,121,259,certain,2,NONE,pending,EVT_ANN_001,REV903
EVT000151_001,NAR000151_EN,PHYSICAL_ATTACK,physical altercation,NONE,NONE,NONE,NAR000151_EN_E001,2026-06-21,2026-06-21,13:21,13:21,afternoon,exact,physical force or intimidation,"Complainant reported fear, intimidation, or immediate safety concern",completed,"Complainant states that on 2026-06-21 at approximately 13:21 hours, a severe case of physical altercation transpired at Road.",30,155,certain,1,NONE,pending,EVT_ANN_001,REV555
EVT000151_002,NAR000151_EN,INCIDENT_REPORTED,complaint or incident report made,NONE,NONE,NONE,NAR000151_EN_E001,2026-06-21,2026-06-21,13:21,13:21,afternoon,approximate,formal or informal reporting by complainant,Incident was reported or legal guidance was sought,completed,I want to report an incident.,0,29,certain,2,NONE,pending,EVT_ANN_001,REV555
EVT000152_001,NAR000152_EN,PROPERTY_TAKEN,vehicle theft,NONE,NAR000152_EN_E001,NONE,NONE,not_stated,2023-11-16,19:19,19:19,evening,exact,taking property without consent,"Personal property was lost, taken, or reported missing",completed,"Shortly after, they approached the victim from behind, forcefully committed vehicle theft, and fled the scene on a two-wheeler heading north.",123,264,certain,1,NONE,pending,EVT_ANN_001,REV232
EVT000152_002,NAR000152_EN,INCIDENT_REPORTED,complaint or incident report made,NAR000152_EN_E001,NONE,NONE,NONE,not_stated,2023-11-16,19:19,19:19,evening,approximate,formal or informal reporting by complainant,Incident was reported or legal guidance was sought,completed,I want to report an incident.,0,29,certain,2,NONE,pending,EVT_ANN_001,REV232
EVT000153_001,NAR000153_EN,DECEPTIVE_REPRESENTATION,cheque forgery,NONE,NAR000153_EN_E001,NONE,NONE,2026-07-06,2026-07-06,17:15,17:15,evening,exact,deceptive financial documentation or transaction,"Money, account access, or financial control was compromised",completed,"On the morning of 2026-07-06, a sophisticated financial manipulation strategy matching the parameters of cheque forgery was discovered at the designated office around 17:15 hours.",30,209,certain,1,NONE,pending,EVT_ANN_001,REV533
EVT000153_002,NAR000153_EN,INCIDENT_REPORTED,complaint or incident report made,NAR000153_EN_E001,NONE,NONE,NONE,2026-07-06,2026-07-06,17:15,17:15,evening,approximate,formal or informal reporting by complainant,Incident was reported or legal guidance was sought,completed,I want to report an incident.,0,29,certain,2,NONE,pending,EVT_ANN_001,REV533
EVT000154_001,NAR000154_EN,CONTACT_BLOCKED,restitution of conjugal rights,NONE,NAR000154_EN_E001,NONE,NONE,2026-06-23,2026-06-23,11:16,11:16,morning,exact,family access or support restriction,"Family access, support, or relationship obligations became disputed",completed,Complainant registers a family matter notification involving an active restitution of conjugal rights at the premises.,30,148,certain,1,NONE,pending,EVT_ANN_001,REV676
EVT000154_002,NAR000154_EN,INCIDENT_REPORTED,complaint or incident report made,NAR000154_EN_E001,NONE,NONE,NONE,2026-06-23,2026-06-23,11:16,11:16,morning,approximate,formal or informal reporting by complainant,Incident was reported or legal guidance was sought,completed,I want to report an incident.,0,29,certain,2,NONE,pending,EVT_ANN_001,REV676
EVT000155_001,NAR000155_EN,UNAUTHORISED_ENTRY,shopbreaking,NONE,NAR000155_EN_E001,NONE,NONE,not_stated,2023-11-22,03:44,03:44,night,approximate,taking property without consent,"Personal property was lost, taken, or reported missing",completed,A swift incident of shopbreaking took place at the local showroom during peak hours.,30,114,certain,1,NONE,pending,EVT_ANN_001,REV950
EVT000155_002,NAR000155_EN,INCIDENT_REPORTED,complaint or incident report made,NAR000155_EN_E001,NONE,NONE,NONE,not_stated,2023-11-22,03:44,03:44,night,approximate,formal or informal reporting by complainant,Incident was reported or legal guidance was sought,completed,I want to report an incident.,0,29,certain,2,NONE,pending,EVT_ANN_001,REV950
EVT000156_001,NAR000156_EN,EMPLOYMENT_CONTRACT_BREACHED,breach of employment contract,NONE,NAR000156_EN_E001,NONE,NONE,2026-07-02,2026-07-02,06:55,06:55,morning,exact,employer action or workplace practice,"Workplace rights, wages, safety, or employment status were affected",completed,"Dear Human Resources and Labor Commissioner, I am writing to formally lodge a grievance regarding the ongoing pattern of breach of employment contract within the Online platform.",30,208,certain,1,NONE,pending,EVT_ANN_001,REV494
EVT000156_002,NAR000156_EN,INCIDENT_REPORTED,complaint or incident report made,NAR000156_EN_E001,NONE,NONE,NONE,2026-07-02,2026-07-02,06:55,06:55,morning,approximate,formal or informal reporting by complainant,Incident was reported or legal guidance was sought,completed,I want to report an incident.,0,29,certain,2,NONE,pending,EVT_ANN_001,REV494
EVT000157_001,NAR000157_EN,THREAT_MADE,verbal intimidation,NONE,NAR000157_EN_E001,NONE,NONE,not_stated,2023-11-25,17:35,17:35,evening,exact,physical force or intimidation,"Complainant reported fear, intimidation, or immediate safety concern",completed,Then it escalated into a complete verbal intimidation and they said they'd hurt me if they saw me again.,158,262,certain,1,NONE,pending,EVT_ANN_001,REV911
EVT000157_002,NAR000157_EN,INCIDENT_REPORTED,complaint or incident report made,NAR000157_EN_E001,NONE,NONE,NONE,not_stated,2023-11-25,17:35,17:35,evening,approximate,formal or informal reporting by complainant,Incident was reported or legal guidance was sought,completed,I want to report an incident.,0,29,certain,2,NONE,pending,EVT_ANN_001,REV911
EVT000158_001,NAR000158_EN,UNAUTHORISED_ENTRY,illegal property possession,NONE,NONE,NONE,NAR000158_EN_E001,2026-07-08,2026-07-08,22:26,22:26,night,exact,unauthorised occupation or alteration of property,Property or possession became disputed or physically affected,completed,"On the afternoon of 2026-07-08, a long-standing land friction culminated in an explicit case of illegal property possession at the designated house around 22:26 hours.",30,197,certain,1,NONE,pending,EVT_ANN_001,REV868
EVT000158_002,NAR000158_EN,INCIDENT_REPORTED,complaint or incident report made,NONE,NONE,NONE,NAR000158_EN_E001,2026-07-08,2026-07-08,22:26,22:26,night,approximate,formal or informal reporting by complainant,Incident was reported or legal guidance was sought,completed,I want to report an incident.,0,29,certain,2,NONE,pending,EVT_ANN_001,REV868
EVT000159_001,NAR000159_EN,DECEPTIVE_REPRESENTATION,overcharging and hidden fees,NONE,NAR000159_EN_E001,NONE,NONE,2026-07-16,2026-07-16,15:05,15:05,afternoon,exact,merchant misrepresentation or refusal to resolve,"Consumer suffered a disputed purchase, refund, quality, or billing loss",completed,"Complainant states that on 2026-07-16 at approximately 15:05 hours, a transaction dispute involving overcharging and hidden fees occurred at Hotel.",30,177,certain,1,NONE,pending,EVT_ANN_001,REV565
EVT000159_002,NAR000159_EN,INCIDENT_REPORTED,complaint or incident report made,NAR000159_EN_E001,NONE,NONE,NONE,2026-07-16,2026-07-16,15:05,15:05,afternoon,approximate,formal or informal reporting by complainant,Incident was reported or legal guidance was sought,completed,I want to report an incident.,0,29,certain,2,NONE,pending,EVT_ANN_001,REV565
EVT000160_001,NAR000160_EN,DECEPTIVE_REPRESENTATION,overcharging and hidden fees,NONE,NAR000160_EN_E001,NONE,NONE,not_stated,2023-11-29,23:42,23:42,night,exact,merchant misrepresentation or refusal to resolve,"Consumer suffered a disputed purchase, refund, quality, or billing loss",completed,"So I went to this restaurant around 23:42 and explicitly paid for premium service, but I faced absolute overcharging and hidden fees instead.",30,171,certain,1,NONE,pending,EVT_ANN_001,REV406
EVT000160_002,NAR000160_EN,INCIDENT_REPORTED,complaint or incident report made,NAR000160_EN_E001,NONE,NONE,NONE,not_stated,2023-11-29,23:42,23:42,night,approximate,formal or informal reporting by complainant,Incident was reported or legal guidance was sought,completed,I want to report an incident.,0,29,certain,2,NONE,pending,EVT_ANN_001,REV406
EVT000161_001,NAR000161_EN,DECEPTIVE_REPRESENTATION,cheque forgery,NONE,NONE,NONE,NAR000161_EN_E001,2026-06-26,2026-06-26,05:41,05:41,night,exact,deceptive financial documentation or transaction,"Money, account access, or financial control was compromised",completed,"Dear Nodal Officer / Bank Authority, I am writing to formally log an emergency grievance regarding an severe case of cheque forgery executed against my portfolio through the Office.",30,211,certain,1,NONE,pending,EVT_ANN_001,REV935
EVT000161_002,NAR000161_EN,INCIDENT_REPORTED,complaint or incident report made,NONE,NONE,NONE,NAR000161_EN_E001,2026-06-26,2026-06-26,05:41,05:41,night,approximate,formal or informal reporting by complainant,Incident was reported or legal guidance was sought,completed,I want to report an incident.,0,29,certain,2,NONE,pending,EVT_ANN_001,REV935
EVT000162_001,NAR000162_EN,PHYSICAL_ATTACK,spousal physical abuse,NONE,NAR000162_EN_E001,NONE,NONE,2026-07-10,2026-07-10,01:31,01:31,night,exact,physical force or intimidation,"Complainant reported fear, intimidation, or immediate safety concern",completed,"Dear Protection Officer, I am writing to formally report an escalating pattern of domestic violence, specifically spousal physical abuse, at my residence.",30,184,certain,1,NONE,pending,EVT_ANN_001,REV874
EVT000162_002,NAR000162_EN,INCIDENT_REPORTED,complaint or incident report made,NAR000162_EN_E001,NONE,NONE,NONE,2026-07-10,2026-07-10,01:31,01:31,night,approximate,formal or informal reporting by complainant,Incident was reported or legal guidance was sought,completed,I want to report an incident.,0,29,certain,2,NONE,pending,EVT_ANN_001,REV874
EVT000163_001,NAR000163_EN,PHYSICAL_ATTACK,physical altercation,NONE,NONE,NONE,NAR000163_EN_E002,today,2023-12-11,02:53,02:53,night,exact,physical force or intimidation,"Complainant reported fear, intimidation, or immediate safety concern",completed,"Dear Management, I am writing to formally log a grievance regarding a distressing incident of physical altercation that occurred today at approximately 02:53 within the Road.",30,204,certain,1,NONE,pending,EVT_ANN_001,REV362
EVT000163_002,NAR000163_EN,INCIDENT_REPORTED,complaint or incident report made,NONE,NONE,NONE,NAR000163_EN_E002,today,2023-12-11,02:53,02:53,night,approximate,formal or informal reporting by complainant,Incident was reported or legal guidance was sought,completed,I want to report an incident.,0,29,certain,2,NONE,pending,EVT_ANN_001,REV362
EVT000164_001,NAR000164_EN,PUBLIC_NUISANCE_REPORTED,noise pollution grievance,NONE,NAR000164_EN_E001,NONE,NONE,2026-07-10,2026-07-10,00:24,00:24,night,exact,civic nuisance or hazard,"Public comfort, access, or civic safety was affected",unclear,"On the date of 2026-07-10, a minor unclassified neighborhood disruption manifesting as noise pollution grievance materialized at the specified apartment at approximately 00:24 hours.",30,212,certain,1,NONE,pending,EVT_ANN_001,REV214
EVT000164_002,NAR000164_EN,INCIDENT_REPORTED,complaint or incident report made,NAR000164_EN_E001,NONE,NONE,NONE,2026-07-10,2026-07-10,00:24,00:24,night,approximate,formal or informal reporting by complainant,Incident was reported or legal guidance was sought,completed,I want to report an incident.,0,29,certain,2,NONE,pending,EVT_ANN_001,REV214
EVT000165_001,NAR000165_EN,CONTACT_BLOCKED,restitution of conjugal rights,NONE,NONE,NONE,NAR000165_EN_E001,not_stated,2023-12-12,21:58,21:58,night,exact,family access or support restriction,"Family access, support, or relationship obligations became disputed",completed,"The argument was explicitly regarding a severe case of restitution of conjugal rights, with both sides loudly contesting rights before local residents requested calm.",151,317,certain,1,NONE,pending,EVT_ANN_001,REV547
EVT000165_002,NAR000165_EN,INCIDENT_REPORTED,complaint or incident report made,NONE,NONE,NONE,NAR000165_EN_E001,not_stated,2023-12-12,21:58,21:58,night,approximate,formal or informal reporting by complainant,Incident was reported or legal guidance was sought,completed,I want to report an incident.,0,29,certain,2,NONE,pending,EVT_ANN_001,REV547
EVT000166_001,NAR000166_EN,PROPERTY_TAKEN,identity theft,NONE,NAR000166_EN_E001,NONE,NONE,not_stated,2023-12-14,07:10,07:10,morning,exact,online credential manipulation,"Money, account access, or financial control was compromised",completed,hey guys warning someone hacked my account via identity theft just now around 07:10!!,30,115,certain,1,NONE,pending,EVT_ANN_001,REV678
EVT000166_002,NAR000166_EN,INCIDENT_REPORTED,complaint or incident report made,NAR000166_EN_E001,NONE,NONE,NONE,not_stated,2023-12-14,07:10,07:10,morning,approximate,formal or informal reporting by complainant,Incident was reported or legal guidance was sought,completed,I want to report an incident.,0,29,certain,2,NONE,pending,EVT_ANN_001,REV678
EVT000167_001,NAR000167_EN,EMPLOYMENT_TERMINATED,unfair termination,NONE,NAR000167_EN_E001,NONE,NONE,2026-06-27,2026-06-27,00:56,00:56,night,exact,employer action or workplace practice,"Workplace rights, wages, safety, or employment status were affected",completed,Complainant registers a formal grievance concerning employer violations under the category of unfair termination at the designated office.,30,168,certain,1,NONE,pending,EVT_ANN_001,REV408
EVT000167_002,NAR000167_EN,INCIDENT_REPORTED,complaint or incident report made,NAR000167_EN_E001,NONE,NONE,NONE,2026-06-27,2026-06-27,00:56,00:56,night,approximate,formal or informal reporting by complainant,Incident was reported or legal guidance was sought,completed,I want to report an incident.,0,29,certain,2,NONE,pending,EVT_ANN_001,REV408
EVT000168_001,NAR000168_EN,PROPERTY_TAKEN,chain snatching,NONE,NAR000168_EN_E001,NONE,NONE,not_stated,2023-12-24,17:13,17:13,evening,approximate,taking property without consent,"Personal property was lost, taken, or reported missing",completed,A swift incident of chain snatching took place at the local alleyway during peak hours.,30,117,certain,1,NONE,pending,EVT_ANN_001,REV738
EVT000168_002,NAR000168_EN,INCIDENT_REPORTED,complaint or incident report made,NAR000168_EN_E001,NONE,NONE,NONE,not_stated,2023-12-24,17:13,17:13,evening,approximate,formal or informal reporting by complainant,Incident was reported or legal guidance was sought,completed,I want to report an incident.,0,29,certain,2,NONE,pending,EVT_ANN_001,REV738
EVT000169_001,NAR000169_EN,EMPLOYMENT_TERMINATED,unfair termination,NONE,NAR000169_EN_E001,NONE,NONE,2026-07-03,2026-07-03,06:32,06:32,morning,exact,employer action or workplace practice,"Workplace rights, wages, safety, or employment status were affected",completed,"On the date of 2026-07-03, a major institutional friction classified as unfair termination materialized at the specified office at approximately 06:32.",30,181,certain,1,NONE,pending,EVT_ANN_001,REV523
EVT000169_002,NAR000169_EN,INCIDENT_REPORTED,complaint or incident report made,NAR000169_EN_E001,NONE,NONE,NONE,2026-07-03,2026-07-03,06:32,06:32,morning,approximate,formal or informal reporting by complainant,Incident was reported or legal guidance was sought,completed,I want to report an incident.,0,29,certain,2,NONE,pending,EVT_ANN_001,REV523
EVT000170_001,NAR000170_EN,DECEPTIVE_REPRESENTATION,ponzi scheme investment fraud,NONE,NONE,NONE,NAR000170_EN_E001,2026-07-08,2026-07-08,08:29,08:29,morning,exact,deceptive financial documentation or transaction,"Money, account access, or financial control was compromised",completed,"On the morning of 2026-07-08, a sophisticated financial manipulation strategy matching the parameters of ponzi scheme investment fraud was discovered at the designated house around 08:29 hours.",30,223,certain,1,NONE,pending,EVT_ANN_001,REV654
EVT000170_002,NAR000170_EN,INCIDENT_REPORTED,complaint or incident report made,NONE,NONE,NONE,NAR000170_EN_E001,2026-07-08,2026-07-08,08:29,08:29,morning,approximate,formal or informal reporting by complainant,Incident was reported or legal guidance was sought,completed,I want to report an incident.,0,29,certain,2,NONE,pending,EVT_ANN_001,REV654
EVT000171_001,NAR000171_EN,EMPLOYMENT_CONTRACT_BREACHED,breach of employment contract,NONE,NONE,NONE,NONE,today,2023-12-26,08:45,08:45,morning,exact,employer action or workplace practice,"Workplace rights, wages, safety, or employment status were affected",completed,just had a huge fight with HR at the Online platform regarding breach of employment contract around 08:45 today.,49,161,certain,1,NONE,pending,EVT_ANN_001,REV485
EVT000171_002,NAR000171_EN,INCIDENT_REPORTED,complaint or incident report made,NONE,NONE,NONE,NONE,today,2023-12-26,08:45,08:45,morning,approximate,formal or informal reporting by complainant,Incident was reported or legal guidance was sought,completed,I want to report an incident.,0,29,certain,2,NONE,pending,EVT_ANN_001,REV485
EVT000172_001,NAR000172_EN,THREAT_MADE,workplace harassment,NONE,NAR000172_EN_E001,NONE,NONE,not_stated,2023-12-31,19:44,19:44,evening,exact,employer action or workplace practice,"Complainant reported fear, intimidation, or immediate safety concern",completed,An employment dispute involving workplace harassment escalated at the showroom at 19:44.,30,118,certain,1,NONE,pending,EVT_ANN_001,REV454
EVT000172_002,NAR000172_EN,INCIDENT_REPORTED,complaint or incident report made,NAR000172_EN_E001,NONE,NONE,NONE,not_stated,2023-12-31,19:44,19:44,evening,approximate,formal or informal reporting by complainant,Incident was reported or legal guidance was sought,completed,I want to report an incident.,0,29,certain,2,NONE,pending,EVT_ANN_001,REV454
EVT000173_001,NAR000173_EN,UNAUTHORISED_ENTRY,shopbreaking,NONE,NAR000173_EN_E001,NONE,NONE,2026-07-08,2026-07-08,13:34,13:34,afternoon,approximate,taking property without consent,"Personal property was lost, taken, or reported missing",completed,"On the date of 2026-07-08, a major incidence of shopbreaking was executed at the designated shop under complex environmental circumstances.",30,169,certain,1,NONE,pending,EVT_ANN_001,REV499
EVT000173_002,NAR000173_EN,INCIDENT_REPORTED,complaint or incident report made,NAR000173_EN_E001,NONE,NONE,NONE,2026-07-08,2026-07-08,13:34,13:34,afternoon,approximate,formal or informal reporting by complainant,Incident was reported or legal guidance was sought,completed,I want to report an incident.,0,29,certain,2,NONE,pending,EVT_ANN_001,REV499
EVT000174_001,NAR000174_EN,CIVIC_HAZARD_REPORTED,minor civic infrastructure issue,NONE,NAR000174_EN_E001,NONE,NONE,2026-06-22,2026-06-22,01:39,01:39,night,exact,civic nuisance or hazard,"Public comfort, access, or civic safety was affected",completed,"On the date of 2026-06-22, a minor unclassified neighborhood disruption manifesting as minor civic infrastructure issue materialized at the specified alleyway at approximately 01:39 hours.",30,218,certain,1,NONE,pending,EVT_ANN_001,REV187
EVT000174_002,NAR000174_EN,INCIDENT_REPORTED,complaint or incident report made,NAR000174_EN_E001,NONE,NONE,NONE,2026-06-22,2026-06-22,01:39,01:39,night,approximate,formal or informal reporting by complainant,Incident was reported or legal guidance was sought,completed,I want to report an incident.,0,29,certain,2,NONE,pending,EVT_ANN_001,REV187
EVT000175_001,NAR000175_EN,DECEPTIVE_REPRESENTATION,online banking fraud,NONE,NONE,NAR000175_EN_E002,NAR000175_EN_E001,not_stated,2024-01-07,02:31,02:31,night,exact,online credential manipulation,"Money, account access, or financial control was compromised",completed,An incident of online banking fraud compromised security systems across the specified Mobile app at 02:31.,30,136,certain,1,NONE,pending,EVT_ANN_001,REV205
EVT000175_002,NAR000175_EN,INCIDENT_REPORTED,complaint or incident report made,NONE,NONE,NAR000175_EN_E002,NAR000175_EN_E001,not_stated,2024-01-07,02:31,02:31,night,approximate,formal or informal reporting by complainant,Incident was reported or legal guidance was sought,completed,I want to report an incident.,0,29,certain,2,NONE,pending,EVT_ANN_001,REV205
EVT000176_001,NAR000176_EN,PHYSICAL_ATTACK,road rage assault,NONE,NONE,NONE,NAR000176_EN_E001,not_stated,2024-01-08,00:57,00:57,night,exact,physical force or intimidation,"Complainant reported fear, intimidation, or immediate safety concern",completed,An incident involving sudden road rage assault broke out at the road around 00:57.,30,112,certain,1,NONE,pending,EVT_ANN_001,REV330
EVT000176_002,NAR000176_EN,INCIDENT_REPORTED,complaint or incident report made,NONE,NONE,NONE,NAR000176_EN_E001,not_stated,2024-01-08,00:57,00:57,night,approximate,formal or informal reporting by complainant,Incident was reported or legal guidance was sought,completed,I want to report an incident.,0,29,certain,2,NONE,pending,EVT_ANN_001,REV330
EVT000177_001,NAR000177_EN,PROPERTY_TAKEN,chain snatching,NONE,NAR000177_EN_E001,NONE,NONE,2026-07-03,2026-07-03,18:37,18:37,evening,approximate,taking property without consent,"Personal property was lost, taken, or reported missing",completed,"On the date of 2026-07-03, a major incidence of chain snatching was executed at the designated residential street under complex environmental circumstances.",30,186,certain,1,NONE,pending,EVT_ANN_001,REV237
EVT000177_002,NAR000177_EN,INCIDENT_REPORTED,complaint or incident report made,NAR000177_EN_E001,NONE,NONE,NONE,2026-07-03,2026-07-03,18:37,18:37,evening,approximate,formal or informal reporting by complainant,Incident was reported or legal guidance was sought,completed,I want to report an incident.,0,29,certain,2,NONE,pending,EVT_ANN_001,REV237
EVT000178_001,NAR000178_EN,PHYSICAL_ATTACK,road rage assault,NONE,NONE,NONE,NAR000178_EN_E002,today,2024-01-13,04:40,04:40,night,exact,physical force or intimidation,"Complainant reported fear, intimidation, or immediate safety concern",completed,"Dear Management, I am writing to formally log a grievance regarding a distressing incident of road rage assault that occurred today at approximately 04:40 within the Highway.",30,204,certain,1,NONE,pending,EVT_ANN_001,REV954
EVT000178_002,NAR000178_EN,INCIDENT_REPORTED,complaint or incident report made,NONE,NONE,NONE,NAR000178_EN_E002,today,2024-01-13,04:40,04:40,night,approximate,formal or informal reporting by complainant,Incident was reported or legal guidance was sought,completed,I want to report an incident.,0,29,certain,2,NONE,pending,EVT_ANN_001,REV954
EVT000179_001,NAR000179_EN,REFUND_REFUSED,refusal of service refund,NONE,NAR000179_EN_E001,NONE,NONE,not_stated,2024-01-14,06:31,06:31,morning,exact,merchant refusal after consumer request,Consumer refund or service remedy remained unresolved,completed,A transactional incident concerning refusal of service refund broke out at the local workplace at 06:31.,30,134,certain,1,NONE,pending,EVT_ANN_001,REV750
EVT000179_002,NAR000179_EN,INCIDENT_REPORTED,complaint or incident report made,NAR000179_EN_E001,NONE,NONE,NONE,not_stated,2024-01-14,06:31,06:31,morning,approximate,formal or informal reporting by complainant,Incident was reported or legal guidance was sought,completed,I want to report an incident.,0,29,certain,2,NONE,pending,EVT_ANN_001,REV750
EVT000180_001,NAR000180_EN,EMPLOYMENT_CONTRACT_BREACHED,breach of employment contract,NONE,NONE,NONE,NONE,today,2024-01-19,10:57,10:57,morning,exact,employer action or workplace practice,"Workplace rights, wages, safety, or employment status were affected",completed,just had a huge fight with HR at the Online platform regarding breach of employment contract around 10:57 today.,49,161,certain,1,NONE,pending,EVT_ANN_001,REV261
EVT000180_002,NAR000180_EN,INCIDENT_REPORTED,complaint or incident report made,NONE,NONE,NONE,NONE,today,2024-01-19,10:57,10:57,morning,approximate,formal or informal reporting by complainant,Incident was reported or legal guidance was sought,completed,I want to report an incident.,0,29,certain,2,NONE,pending,EVT_ANN_001,REV261
EVT000181_001,NAR000181_EN,DECEPTIVE_REPRESENTATION,expired or contaminated goods sale,NONE,NONE,NONE,NAR000181_EN_E001,2026-06-29,2026-06-29,19:29,19:29,evening,exact,merchant misrepresentation or refusal to resolve,"Consumer suffered a disputed purchase, refund, quality, or billing loss",completed,"On the date of 2026-06-29, a formal consumer conflict classified as expired or contaminated goods sale manifested during a commercial interaction at the designated marketplace around 19:29.",30,219,certain,1,NONE,pending,EVT_ANN_001,REV598
EVT000181_002,NAR000181_EN,INCIDENT_REPORTED,complaint or incident report made,NONE,NONE,NONE,NAR000181_EN_E001,2026-06-29,2026-06-29,19:29,19:29,evening,approximate,formal or informal reporting by complainant,Incident was reported or legal guidance was sought,completed,I want to report an incident.,0,29,certain,2,NONE,pending,EVT_ANN_001,REV598
EVT000182_001,NAR000182_EN,EMPLOYMENT_TERMINATED,unfair termination,NONE,NAR000182_EN_E001,NONE,NONE,2026-07-03,2026-07-03,06:32,06:32,morning,exact,employer action or workplace practice,"Workplace rights, wages, safety, or employment status were affected",completed,"Dear Human Resources and Labor Commissioner, I am writing to formally lodge a grievance regarding the ongoing pattern of unfair termination within the Workplace.",30,191,certain,1,NONE,pending,EVT_ANN_001,REV209
EVT000182_002,NAR000182_EN,INCIDENT_REPORTED,complaint or incident report made,NAR000182_EN_E001,NONE,NONE,NONE,2026-07-03,2026-07-03,06:32,06:32,morning,approximate,formal or informal reporting by complainant,Incident was reported or legal guidance was sought,completed,I want to report an incident.,0,29,certain,2,NONE,pending,EVT_ANN_001,REV209
EVT000183_001,NAR000183_EN,PROPERTY_DAMAGED,hit and run collision,NONE,NONE,NONE,NAR000183_EN_E001,2026-07-07,2026-07-07,10:21,10:21,morning,exact,unsafe or unlawful road conduct,"Vehicle movement, road safety, or property damage was affected",completed,"Dear Traffic Police Commissioner, I am writing to formally report an escalating safety issue, specifically a recent hit and run collision that occurred at the Road.",30,194,certain,1,NONE,pending,EVT_ANN_001,REV678
EVT000183_002,NAR000183_EN,INCIDENT_REPORTED,complaint or incident report made,NONE,NONE,NONE,NAR000183_EN_E001,2026-07-07,2026-07-07,10:21,10:21,morning,approximate,formal or informal reporting by complainant,Incident was reported or legal guidance was sought,completed,I want to report an incident.,0,29,certain,2,NONE,pending,EVT_ANN_001,REV678
EVT000184_001,NAR000184_EN,UNAUTHORISED_ENTRY,land encroachment,NONE,NAR000184_EN_E001,NONE,NONE,not_stated,2024-01-23,08:37,08:37,morning,exact,unauthorised occupation or alteration of property,Property or possession became disputed or physically affected,completed,experiencing a severe land encroachment since 08:37.,110,162,certain,1,NONE,pending,EVT_ANN_001,REV398
EVT000184_002,NAR000184_EN,INCIDENT_REPORTED,complaint or incident report made,NAR000184_EN_E001,NONE,NONE,NONE,not_stated,2024-01-23,08:37,08:37,morning,approximate,formal or informal reporting by complainant,Incident was reported or legal guidance was sought,completed,I want to report an incident.,0,29,certain,2,NONE,pending,EVT_ANN_001,REV398
EVT000185_001,NAR000185_EN,PROPERTY_POSSESSION_DISPUTED,inheritance property claim,NONE,NONE,NONE,NAR000185_EN_E001,not_stated,2024-01-24,22:24,22:24,night,exact,"contested possession, access, or property control",Property access or ownership rights became disputed,unclear,"Several individuals were actively contesting an instance of inheritance property claim, with local residents stepping in to prevent physical escalation before authorities were notified.",122,307,certain,1,NONE,pending,EVT_ANN_001,REV667
EVT000185_002,NAR000185_EN,INCIDENT_REPORTED,complaint or incident report made,NONE,NONE,NONE,NAR000185_EN_E001,not_stated,2024-01-24,22:24,22:24,night,approximate,formal or informal reporting by complainant,Incident was reported or legal guidance was sought,completed,I want to report an incident.,0,29,certain,2,NONE,pending,EVT_ANN_001,REV667
EVT000186_001,NAR000186_EN,INCIDENT_REPORTED,lost item reporting,NONE,NONE,NONE,NONE,today,2024-01-25,15:19,15:19,afternoon,exact,civic nuisance or hazard,"Personal property was lost, taken, or reported missing",completed,there is a massive lost item reporting that happened around 15:19 today.,99,171,certain,1,NONE,pending,EVT_ANN_001,REV945
EVT000186_002,NAR000186_EN,INCIDENT_REPORTED,complaint or incident report made,NONE,NONE,NONE,NONE,today,2024-01-25,15:19,15:19,afternoon,approximate,formal or informal reporting by complainant,Incident was reported or legal guidance was sought,completed,I want to report an incident.,0,29,certain,2,NONE,pending,EVT_ANN_001,REV945
EVT000187_001,NAR000187_EN,PUBLIC_NUISANCE_REPORTED,noise pollution grievance,NONE,NAR000187_EN_E001,NONE,NONE,2026-06-27,2026-06-27,03:51,03:51,night,exact,civic nuisance or hazard,"Public comfort, access, or civic safety was affected",unclear,Complainant registers a general municipal or public service notification regarding noise pollution grievance at the location of residential street.,30,177,certain,1,NONE,pending,EVT_ANN_001,REV475
EVT000187_002,NAR000187_EN,INCIDENT_REPORTED,complaint or incident report made,NAR000187_EN_E001,NONE,NONE,NONE,2026-06-27,2026-06-27,03:51,03:51,night,approximate,formal or informal reporting by complainant,Incident was reported or legal guidance was sought,completed,I want to report an incident.,0,29,certain,2,NONE,pending,EVT_ANN_001,REV475
EVT000188_001,NAR000188_EN,PROPERTY_DAMAGED,boundary wall dispute,NONE,NAR000188_EN_E001,NONE,NONE,2026-07-07,2026-07-07,00:47,00:47,night,exact,unauthorised occupation or alteration of property,Property or possession became disputed or physically affected,unclear,Complainant reports a structural civil grievance regarding boundary wall dispute at the site located in villa.,30,140,certain,1,NONE,pending,EVT_ANN_001,REV180
EVT000188_002,NAR000188_EN,INCIDENT_REPORTED,complaint or incident report made,NAR000188_EN_E001,NONE,NONE,NONE,2026-07-07,2026-07-07,00:47,00:47,night,approximate,formal or informal reporting by complainant,Incident was reported or legal guidance was sought,completed,I want to report an incident.,0,29,certain,2,NONE,pending,EVT_ANN_001,REV180
EVT000189_001,NAR000189_EN,PUBLIC_NUISANCE_REPORTED,noise pollution grievance,NONE,NONE,NONE,NAR000189_EN_E001,2026-07-02,2026-07-02,21:40,21:40,night,exact,civic nuisance or hazard,"Public comfort, access, or civic safety was affected",unclear,Complainant registers a general municipal or public service notification regarding noise pollution grievance at the location of house.,30,164,certain,1,NONE,pending,EVT_ANN_001,REV319
EVT000189_002,NAR000189_EN,INCIDENT_REPORTED,complaint or incident report made,NONE,NONE,NONE,NAR000189_EN_E001,2026-07-02,2026-07-02,21:40,21:40,night,approximate,formal or informal reporting by complainant,Incident was reported or legal guidance was sought,completed,I want to report an incident.,0,29,certain,2,NONE,pending,EVT_ANN_001,REV319
EVT000190_001,NAR000190_EN,WAGES_WITHHELD,unpaid wage dispute,NONE,NAR000190_EN_E001,NONE,NONE,2026-06-23,2026-06-23,13:29,13:29,afternoon,exact,employer action or workplace practice,"Workplace rights, wages, safety, or employment status were affected",unclear,"Dear Human Resources and Labor Commissioner, I am writing to formally lodge a grievance regarding the ongoing pattern of unpaid wage dispute within the Shop.",30,187,certain,1,NONE,pending,EVT_ANN_001,REV257
EVT000190_002,NAR000190_EN,INCIDENT_REPORTED,complaint or incident report made,NAR000190_EN_E001,NONE,NONE,NONE,2026-06-23,2026-06-23,13:29,13:29,afternoon,approximate,formal or informal reporting by complainant,Incident was reported or legal guidance was sought,completed,I want to report an incident.,0,29,certain,2,NONE,pending,EVT_ANN_001,REV257
EVT000191_001,NAR000191_EN,PROPERTY_TAKEN,online phishing theft,NONE,NAR000191_EN_E001,NONE,NONE,2026-06-30,2026-06-30,02:52,02:52,night,exact,online credential manipulation,"Personal property was lost, taken, or reported missing",completed,"Complainant states that on 2026-06-30 at approximately 02:52 hours, an incident of online phishing theft occurred at Online platform.",30,163,certain,1,NONE,pending,EVT_ANN_001,REV689
EVT000191_002,NAR000191_EN,INCIDENT_REPORTED,complaint or incident report made,NAR000191_EN_E001,NONE,NONE,NONE,2026-06-30,2026-06-30,02:52,02:52,night,approximate,formal or informal reporting by complainant,Incident was reported or legal guidance was sought,completed,I want to report an incident.,0,29,certain,2,NONE,pending,EVT_ANN_001,REV689
EVT000192_001,NAR000192_EN,PROPERTY_TAKEN,pickpocketing,NONE,NAR000192_EN_E001,NONE,NONE,not_stated,2024-02-10,15:20,15:20,afternoon,exact,taking property without consent,"Personal property was lost, taken, or reported missing",completed,"Shortly after, they approached the victim from behind, forcefully committed pickpocketing, and fled the scene on a two-wheeler heading north.",127,268,certain,1,NONE,pending,EVT_ANN_001,REV378
EVT000192_002,NAR000192_EN,INCIDENT_REPORTED,complaint or incident report made,NAR000192_EN_E001,NONE,NONE,NONE,not_stated,2024-02-10,15:20,15:20,afternoon,approximate,formal or informal reporting by complainant,Incident was reported or legal guidance was sought,completed,I want to report an incident.,0,29,certain,2,NONE,pending,EVT_ANN_001,REV378
EVT000193_001,NAR000193_EN,DECEPTIVE_REPRESENTATION,expired or contaminated goods sale,NONE,NONE,NONE,NAR000193_EN_E001,not_stated,2024-02-10,22:23,22:23,night,exact,merchant misrepresentation or refusal to resolve,"Consumer suffered a disputed purchase, refund, quality, or billing loss",completed,"A customer was contesting a distinct case of expired or contaminated goods sale, showing clear evidence to the merchant, who continuously refused liability or proper resolution.",128,305,certain,1,NONE,pending,EVT_ANN_001,REV382
EVT000193_002,NAR000193_EN,INCIDENT_REPORTED,complaint or incident report made,NONE,NONE,NONE,NAR000193_EN_E001,not_stated,2024-02-10,22:23,22:23,night,approximate,formal or informal reporting by complainant,Incident was reported or legal guidance was sought,completed,I want to report an incident.,0,29,certain,2,NONE,pending,EVT_ANN_001,REV382
EVT000194_001,NAR000194_EN,PHYSICAL_ATTACK,emotional and verbal abuse,NONE,NAR000194_EN_E001,NONE,NONE,not_stated,2024-02-10,18:30,18:30,evening,exact,physical force or intimidation,"Complainant reported fear, intimidation, or immediate safety concern",completed,he is screaming and throwing things again it's really bad emotional and verbal abuse right now at home since 18:30 hours.,30,151,certain,1,NONE,pending,EVT_ANN_001,REV868
EVT000194_002,NAR000194_EN,INCIDENT_REPORTED,complaint or incident report made,NAR000194_EN_E001,NONE,NONE,NONE,not_stated,2024-02-10,18:30,18:30,evening,approximate,formal or informal reporting by complainant,Incident was reported or legal guidance was sought,completed,I want to report an incident.,0,29,certain,2,NONE,pending,EVT_ANN_001,REV868
EVT000195_001,NAR000195_EN,PUBLIC_NUISANCE_REPORTED,noise pollution grievance,NONE,NAR000195_EN_E001,NONE,NONE,not_stated,2024-02-12,18:21,18:21,evening,exact,civic nuisance or hazard,"Public comfort, access, or civic safety was affected",unclear,"The situation involved a distinct noise pollution grievance, drawing the attention of passing commuters before local municipal workers arrived on site.",126,277,certain,1,NONE,pending,EVT_ANN_001,REV203
EVT000195_002,NAR000195_EN,INCIDENT_REPORTED,complaint or incident report made,NAR000195_EN_E001,NONE,NONE,NONE,not_stated,2024-02-12,18:21,18:21,evening,approximate,formal or informal reporting by complainant,Incident was reported or legal guidance was sought,completed,I want to report an incident.,0,29,certain,2,NONE,pending,EVT_ANN_001,REV203
EVT000196_001,NAR000196_EN,THREAT_MADE,workplace harassment,NONE,NONE,NONE,NONE,today,2024-02-15,11:52,11:52,morning,exact,employer action or workplace practice,"Complainant reported fear, intimidation, or immediate safety concern",completed,just had a huge fight with HR at the Showroom regarding workplace harassment around 11:52 today.,49,145,certain,1,NONE,pending,EVT_ANN_001,REV335
EVT000196_002,NAR000196_EN,INCIDENT_REPORTED,complaint or incident report made,NONE,NONE,NONE,NONE,today,2024-02-15,11:52,11:52,morning,approximate,formal or informal reporting by complainant,Incident was reported or legal guidance was sought,completed,I want to report an incident.,0,29,certain,2,NONE,pending,EVT_ANN_001,REV335
EVT000197_001,NAR000197_EN,UNAUTHORISED_ENTRY,land encroachment,NONE,NAR000197_EN_E001,NONE,NONE,not_stated,2024-02-16,10:00,10:00,morning,exact,unauthorised occupation or alteration of property,Property or possession became disputed or physically affected,completed,experiencing a severe land encroachment since 10:00.,97,149,certain,1,NONE,pending,EVT_ANN_001,REV791
EVT000197_002,NAR000197_EN,INCIDENT_REPORTED,complaint or incident report made,NAR000197_EN_E001,NONE,NONE,NONE,not_stated,2024-02-16,10:00,10:00,morning,approximate,formal or informal reporting by complainant,Incident was reported or legal guidance was sought,completed,I want to report an incident.,0,29,certain,2,NONE,pending,EVT_ANN_001,REV791
EVT000198_001,NAR000198_EN,DECEPTIVE_REPRESENTATION,loan approval scam,NONE,NONE,NONE,NONE,today,2024-02-16,20:28,20:28,evening,exact,deceptive financial documentation or transaction,"Money, account access, or financial control was compromised",completed,just discovered a major loan approval scam happened around 20:28 today.,91,162,certain,1,NONE,pending,EVT_ANN_001,REV953
EVT000198_002,NAR000198_EN,INCIDENT_REPORTED,complaint or incident report made,NONE,NONE,NONE,NONE,today,2024-02-16,20:28,20:28,evening,approximate,formal or informal reporting by complainant,Incident was reported or legal guidance was sought,completed,I want to report an incident.,0,29,certain,2,NONE,pending,EVT_ANN_001,REV953
EVT000199_001,NAR000199_EN,PROPERTY_TAKEN,pickpocketing,NONE,NONE,NAR000199_EN_E002,NONE,yesterday,2024-02-23,16:14,16:14,afternoon,exact,taking property without consent,"Personal property was lost, taken, or reported missing",completed,"So I was just standing at the railway station around 16:14 yesterday, checking my phone, when this guy suddenly rushed past me and grabbed my belongings out of nowhere!",30,198,certain,1,NONE,pending,EVT_ANN_001,REV297
EVT000199_002,NAR000199_EN,INCIDENT_REPORTED,complaint or incident report made,NONE,NONE,NAR000199_EN_E002,NONE,yesterday,2024-02-23,16:14,16:14,afternoon,approximate,formal or informal reporting by complainant,Incident was reported or legal guidance was sought,completed,I want to report an incident.,0,29,certain,2,NONE,pending,EVT_ANN_001,REV297
EVT000200_001,NAR000200_EN,PERSON_FOLLOWED,cyberstalking,NONE,NONE,NONE,NONE,yesterday,2024-02-25,18:06,18:06,evening,exact,repeated digital monitoring or contact,"Complainant reported fear, monitoring, or loss of digital safety",completed,I realized it was a total cyberstalking when my savings started moving out.,163,238,certain,1,NONE,pending,EVT_ANN_001,REV640
EVT000200_002,NAR000200_EN,INCIDENT_REPORTED,complaint or incident report made,NONE,NONE,NONE,NONE,yesterday,2024-02-25,18:06,18:06,evening,approximate,formal or informal reporting by complainant,Incident was reported or legal guidance was sought,completed,I want to report an incident.,0,29,certain,2,NONE,pending,EVT_ANN_001,REV640
EVT000201_001,NAR000201_EN,PROPERTY_TAKEN,identity theft,NONE,NAR000201_EN_E001,NONE,NONE,2026-07-17,2026-07-17,18:51,18:51,evening,exact,online credential manipulation,"Money, account access, or financial control was compromised",completed,"Dear Cyber Crime Portal, I am writing to register an official cybercrime incident regarding identity theft that targets my system.",0,130,certain,1,NONE,pending,EVT_ANN_001,REV599
EVT000201_002,NAR000201_EN,INCIDENT_REPORTED,complaint or incident report made,NAR000201_EN_E001,NONE,NONE,NONE,2026-07-17,2026-07-17,18:51,18:51,evening,approximate,formal or informal reporting by complainant,Incident was reported or legal guidance was sought,completed,"Dear Cyber Crime Portal, I am writing to register an official cybercrime incident regarding identity theft that targets my system.",0,130,certain,2,NONE,pending,EVT_ANN_001,REV599
EVT000202_001,NAR000202_EN,UNAUTHORISED_ENTRY,land encroachment,NONE,NONE,NONE,NONE,today,2024-02-28,13:38,13:38,afternoon,exact,unauthorised occupation or alteration of property,Property or possession became disputed or physically affected,completed,"When I confronted them about this blatant land encroachment, they straight up threatened me and refused to move back.",127,244,certain,1,NONE,pending,EVT_ANN_001,REV663
EVT000202_002,NAR000202_EN,PERSON_APPROACHED,remedy requested from other party,NONE,NONE,NONE,NONE,today,2024-02-28,13:38,13:38,afternoon,approximate,complainant approached or confronted the other party,Complainant requested a remedy or confronted the other party,completed,"When I confronted them about this blatant land encroachment, they straight up threatened me and refused to move back.",127,244,probable,2,NONE,pending,EVT_ANN_001,REV663
EVT000203_001,NAR000203_EN,PROPERTY_DAMAGED,boundary wall dispute,NONE,NAR000203_EN_E001,NONE,NONE,not_stated,2024-03-01,14:04,14:04,afternoon,exact,unauthorised occupation or alteration of property,Property or possession became disputed or physically affected,unclear,experiencing a severe boundary wall dispute since 14:04.,67,123,certain,1,NONE,pending,EVT_ANN_001,REV160
EVT000203_002,NAR000203_EN,INCIDENT_REPORTED,authorities notified,NAR000203_EN_E001,NONE,NONE,NONE,not_stated,2024-03-01,14:04,14:04,afternoon,approximate,notification to authorities or emergency services,Authorities or emergency services were notified,completed,guys please help they are trying to take over the Plot right now!!,0,66,probable,2,NONE,pending,EVT_ANN_001,REV160
EVT000204_001,NAR000204_EN,PERSON_FOLLOWED,cyberstalking,NONE,NAR000204_EN_E001,NONE,NONE,not_stated,2024-03-05,07:12,07:12,morning,exact,repeated digital monitoring or contact,"Complainant reported fear, monitoring, or loss of digital safety",completed,"The system administrator observed anomalous traffic originating from unauthorized servers around 07:12, confirming a systemwide cyberstalking.",0,142,certain,1,NONE,pending,EVT_ANN_001,REV742
EVT000204_002,NAR000204_EN,INCIDENT_REPORTED,incident details shared,NAR000204_EN_E001,NONE,NONE,NONE,not_stated,2024-03-05,07:12,07:12,morning,exact,complainant shared incident details for guidance,Incident details were shared for guidance,completed,"The system administrator observed anomalous traffic originating from unauthorized servers around 07:12, confirming a systemwide cyberstalking.",0,142,probable,2,NONE,pending,EVT_ANN_001,REV742
EVT000205_001,NAR000205_EN,CONTACT_BLOCKED,child custody dispute,NONE,NONE,NONE,NONE,today,2024-03-06,12:20,12:20,afternoon,exact,family access or support restriction,"Family access, support, or relationship obligations became disputed",unclear,"So I was waiting at the apartment around 12:20 today for my scheduled meeting, when my ex turned up and started an absolute argument over our child custody dispute.",0,164,certain,1,NONE,pending,EVT_ANN_001,REV456
EVT000205_002,NAR000205_EN,INCIDENT_REPORTED,incident details shared,NONE,NONE,NONE,NONE,today,2024-03-06,12:20,12:20,afternoon,exact,complainant shared incident details for guidance,Incident details were shared for guidance,completed,"So I was waiting at the apartment around 12:20 today for my scheduled meeting, when my ex turned up and started an absolute argument over our child custody dispute.",0,164,probable,2,NONE,pending,EVT_ANN_001,REV456
EVT000206_001,NAR000206_EN,MAINTENANCE_WITHHELD,economic deprivation,NONE,NAR000206_EN_E001,NONE,NONE,2026-07-05,2026-07-05,17:57,17:57,evening,exact,physical force or intimidation,"Complainant reported fear, intimidation, or immediate safety concern",completed,"On the date of 2026-07-05, a highly contentious domestic incident manifesting as economic deprivation occurred within the private residence.",0,140,certain,1,NONE,pending,EVT_ANN_001,REV684
EVT000206_002,NAR000206_EN,INCIDENT_REPORTED,complaint or incident report made,NAR000206_EN_E001,NONE,NONE,NONE,2026-07-05,2026-07-05,17:57,17:57,evening,exact,formal or informal reporting by complainant,Incident was reported or legal guidance was sought,completed,The conflict reportedly originated from long-standing domestic pressures and rapidly intensified into aggressive behavior around 17:57.,141,276,certain,2,NONE,pending,EVT_ANN_001,REV684
EVT000207_001,NAR000207_EN,WAGES_WITHHELD,unpaid wage dispute,NONE,NAR000207_EN_E001,NONE,NONE,2026-06-22,2026-06-22,20:03,20:03,evening,exact,employer action or workplace practice,"Workplace rights, wages, safety, or employment status were affected",unclear,Complainant registers a formal grievance concerning employer violations under the category of unpaid wage dispute at the designated workplace.,0,142,certain,1,NONE,pending,EVT_ANN_001,REV236
EVT000207_002,NAR000207_EN,EVIDENCE_IDENTIFIED,evidence identified,NAR000207_EN_E001,NONE,NONE,NONE,2026-06-22,2026-06-22,20:03,20:03,evening,approximate,"supporting evidence, documents, logs, or records preserved",Evidence or supporting records were identified,completed,Corporate payroll and logs have been requested..,282,330,certain,2,NONE,pending,EVT_ANN_001,REV236
EVT000208_001,NAR000208_EN,CONTACT_BLOCKED,restitution of conjugal rights,NONE,NAR000208_EN_E001,NONE,NONE,2026-07-06,2026-07-06,23:59,23:59,night,exact,family access or support restriction,"Family access, support, or relationship obligations became disputed",completed,Complainant registers a family matter notification involving an active restitution of conjugal rights at the premises.,0,118,certain,1,NONE,pending,EVT_ANN_001,REV971
EVT000208_002,NAR000208_EN,PERSON_APPROACHED,remedy requested from other party,NAR000208_EN_E001,NONE,NONE,NONE,2026-07-06,2026-07-06,23:59,23:59,night,approximate,complainant approached or confronted the other party,Complainant requested a remedy or confronted the other party,completed,Relevant documentation has been requested for family court presentation..,245,318,probable,2,NONE,pending,EVT_ANN_001,REV971
EVT000209_001,NAR000209_EN,THREAT_MADE,workplace harassment,NONE,NAR000209_EN_E001,NONE,NONE,not_stated,2024-03-18,23:44,23:44,night,exact,employer action or workplace practice,"Complainant reported fear, intimidation, or immediate safety concern",completed,"The context of the dispute was clearly a severe case of workplace harassment, with the supervisor dismissing the employee's legitimate safety or financial claims arbitrarily..",121,296,certain,1,NONE,pending,EVT_ANN_001,REV458
EVT000209_002,NAR000209_EN,INCIDENT_REPORTED,incident details shared,NAR000209_EN_E001,NONE,NONE,NONE,not_stated,2024-03-18,23:44,23:44,night,exact,complainant shared incident details for guidance,Incident details were shared for guidance,completed,The observer witnessed an intense disagreement between the management and an employee inside the workplace around 23:44.,0,120,probable,2,NONE,pending,EVT_ANN_001,REV458
EVT000210_001,NAR000210_EN,UNAUTHORISED_ENTRY,land encroachment,NONE,NAR000210_EN_E001,NONE,NONE,not_stated,2024-03-21,18:19,18:19,evening,exact,unauthorised occupation or alteration of property,Property or possession became disputed or physically affected,completed,"Several individuals were actively contesting an instance of land encroachment, with local residents stepping in to prevent physical escalation before authorities were notified..",104,281,certain,1,NONE,pending,EVT_ANN_001,REV223
EVT000210_002,NAR000210_EN,INCIDENT_REPORTED,authorities notified,NAR000210_EN_E001,NONE,NONE,NONE,not_stated,2024-03-21,18:19,18:19,evening,approximate,notification to authorities or emergency services,Authorities or emergency services were notified,completed,"Several individuals were actively contesting an instance of land encroachment, with local residents stepping in to prevent physical escalation before authorities were notified..",104,281,certain,2,NONE,pending,EVT_ANN_001,REV223
EVT000211_001,NAR000211_EN,PROPERTY_TAKEN,armed robbery,NONE,NONE,NAR000211_EN_E003,NAR000211_EN_E002,yesterday,2024-03-25,23:33,23:33,night,exact,taking property without consent,"Personal property was lost, taken, or reported missing",completed,"So I was just standing at the bank around 23:33 yesterday, checking my phone, when this guy suddenly rushed past me and grabbed my belongings out of nowhere!",0,157,certain,1,NONE,pending,EVT_ANN_001,REV324
EVT000211_002,NAR000211_EN,INCIDENT_REPORTED,incident details shared,NONE,NONE,NAR000211_EN_E003,NAR000211_EN_E002,yesterday,2024-03-25,23:33,23:33,night,exact,complainant shared incident details for guidance,Incident details were shared for guidance,completed,"So I was just standing at the bank around 23:33 yesterday, checking my phone, when this guy suddenly rushed past me and grabbed my belongings out of nowhere!",0,157,probable,2,NONE,pending,EVT_ANN_001,REV324
EVT000212_001,NAR000212_EN,UNAUTHORISED_ENTRY,shopbreaking,NONE,NAR000212_EN_E001,NONE,NONE,not_stated,2024-03-27,23:10,23:10,night,exact,taking property without consent,"Personal property was lost, taken, or reported missing",completed,"Shortly after, they approached the victim from behind, forcefully committed shopbreaking, and fled the scene on a two-wheeler heading north..",86,227,certain,1,NONE,pending,EVT_ANN_001,REV535
EVT000212_002,NAR000212_EN,PERSON_LEFT_LOCATION,person left location,NAR000212_EN_E001,NONE,NONE,NONE,not_stated,2024-03-27,23:10,23:10,night,approximate,alleged person left or evaded the scene,Alleged person left the location after the incident,completed,"Shortly after, they approached the victim from behind, forcefully committed shopbreaking, and fled the scene on a two-wheeler heading north..",86,227,probable,2,NONE,pending,EVT_ANN_001,REV535
EVT000213_001,NAR000213_EN,PROPERTY_TAKEN,vehicle theft,NONE,NAR000213_EN_E001,NONE,NONE,2026-06-28,2026-06-28,02:30,02:30,night,exact,taking property without consent,"Personal property was lost, taken, or reported missing",completed,"Complainant states that on 2026-06-28 at approximately 02:30 hours, an incident of vehicle theft occurred at Garage.",0,116,certain,1,NONE,pending,EVT_ANN_001,REV630
EVT000213_002,NAR000213_EN,INCIDENT_REPORTED,complaint or incident report made,NAR000213_EN_E001,NONE,NONE,NONE,2026-06-28,2026-06-28,02:30,02:30,night,approximate,formal or informal reporting by complainant,Incident was reported or legal guidance was sought,completed,Property loss reported.,191,214,certain,2,NONE,pending,EVT_ANN_001,REV630
EVT000214_001,NAR000214_EN,REFUND_REFUSED,refusal of service refund,NONE,NAR000214_EN_E001,NONE,NONE,not_stated,2024-03-28,01:13,01:13,night,exact,merchant refusal after consumer request,Consumer refund or service remedy remained unresolved,completed,A transactional incident concerning refusal of service refund broke out at the local online platform at 01:13.,0,110,certain,1,NONE,pending,EVT_ANN_001,REV224
EVT000214_002,NAR000214_EN,INCIDENT_REPORTED,incident details shared,NAR000214_EN_E001,NONE,NONE,NONE,not_stated,2024-03-28,01:13,01:13,night,exact,complainant shared incident details for guidance,Incident details were shared for guidance,completed,A transactional incident concerning refusal of service refund broke out at the local online platform at 01:13.,0,110,probable,2,NONE,pending,EVT_ANN_001,REV224
EVT000215_001,NAR000215_EN,PHYSICAL_ATTACK,emotional and verbal abuse,NONE,NONE,NONE,NAR000215_EN_E001,not_stated,2024-03-29,17:47,17:47,evening,exact,physical force or intimidation,"Complainant reported fear, intimidation, or immediate safety concern",completed,he is screaming and throwing things again it's really bad emotional and verbal abuse right now at home since 17:47 hours.,0,121,certain,1,NONE,pending,EVT_ANN_001,REV950
EVT000215_002,NAR000215_EN,INCIDENT_REPORTED,authorities notified,NONE,NONE,NONE,NAR000215_EN_E001,not_stated,2024-03-29,17:47,17:47,evening,approximate,notification to authorities or emergency services,Authorities or emergency services were notified,completed,please call someone or come over i am hiding in the washroom right now text me back please.,122,213,probable,2,NONE,pending,EVT_ANN_001,REV950
EVT000216_001,NAR000216_EN,PERSON_FOLLOWED,cyberstalking,NONE,NAR000216_EN_E001,NONE,NONE,2026-06-27,2026-06-27,19:56,19:56,evening,exact,repeated digital monitoring or contact,"Complainant reported fear, monitoring, or loss of digital safety",completed,Complainant reports unauthorized digital breach under cyberstalking framework.,0,78,certain,1,NONE,pending,EVT_ANN_001,REV913
EVT000216_002,NAR000216_EN,EVIDENCE_IDENTIFIED,evidence identified,NAR000216_EN_E001,NONE,NONE,NONE,2026-06-27,2026-06-27,19:56,19:56,evening,approximate,"supporting evidence, documents, logs, or records preserved",Evidence or supporting records were identified,completed,Digital logs preserved for forensic analysis..,221,267,certain,2,NONE,pending,EVT_ANN_001,REV913
EVT000217_001,NAR000217_EN,CONTACT_BLOCKED,child custody dispute,NONE,NONE,NONE,NAR000217_EN_E001,2026-06-29,2026-06-29,22:48,22:48,night,exact,family access or support restriction,"Family access, support, or relationship obligations became disputed",unclear,"On the date of 2026-06-29, a major civil friction classified under child custody dispute escalated during a familial meeting at the designated house at approximately 22:48 hours.",0,178,certain,1,NONE,pending,EVT_ANN_001,REV643
EVT000217_002,NAR000217_EN,INCIDENT_REPORTED,incident details shared,NONE,NONE,NONE,NAR000217_EN_E001,2026-06-29,2026-06-29,22:48,22:48,night,exact,complainant shared incident details for guidance,Incident details were shared for guidance,completed,"On the date of 2026-06-29, a major civil friction classified under child custody dispute escalated during a familial meeting at the designated house at approximately 22:48 hours.",0,178,probable,2,NONE,pending,EVT_ANN_001,REV643
EVT000218_001,NAR000218_EN,THREAT_MADE,online harassment & threats,NONE,NAR000218_EN_E001,NONE,NONE,2026-06-24,2026-06-24,19:53,19:53,evening,exact,physical force or intimidation,"Complainant reported fear, intimidation, or immediate safety concern",completed,"Complainant states that on 2026-06-24 at approximately 19:53 hours, a severe case of online harassment & threats transpired at Online platform.",0,143,certain,1,NONE,pending,EVT_ANN_001,REV684
EVT000218_002,NAR000218_EN,MEDICAL_HELP_SOUGHT,medical help sought,NAR000218_EN_E001,NONE,NONE,NONE,2026-06-24,2026-06-24,19:53,19:53,evening,approximate,medical or emergency assistance requested,Medical or emergency assistance was sought,completed,Medical examination conducted where applicable..,234,282,probable,2,NONE,pending,EVT_ANN_001,REV684
EVT000219_001,NAR000219_EN,UNAUTHORISED_ENTRY,house burglary,NONE,NONE,NONE,NAR000219_EN_E001,2026-07-10,2026-07-10,08:02,08:02,morning,approximate,taking property without consent,"Personal property was lost, taken, or reported missing",completed,"On the date of 2026-07-10, a major incidence of house burglary was executed at the designated villa under complex environmental circumstances.",0,142,certain,1,NONE,pending,EVT_ANN_001,REV349
EVT000219_002,NAR000219_EN,INCIDENT_REPORTED,authorities notified,NONE,NONE,NONE,NAR000219_EN_E001,2026-07-10,2026-07-10,08:02,08:02,morning,approximate,notification to authorities or emergency services,Authorities or emergency services were notified,completed,"Emergency services were notified subsequently, initiating a localized investigation into the security vulnerabilities of this particular jurisdiction..",408,559,certain,2,NONE,pending,EVT_ANN_001,REV349
EVT000220_001,NAR000220_EN,THREAT_MADE,verbal intimidation,NONE,NONE,NONE,NAR000220_EN_E001,not_stated,2024-04-05,20:57,20:57,evening,exact,physical force or intimidation,"Complainant reported fear, intimidation, or immediate safety concern",completed,An incident involving sudden verbal intimidation broke out at the residential street around 20:57.,0,98,certain,1,NONE,pending,EVT_ANN_001,REV590
EVT000220_002,NAR000220_EN,INCIDENT_REPORTED,incident details shared,NONE,NONE,NONE,NAR000220_EN_E001,not_stated,2024-04-05,20:57,20:57,evening,exact,complainant shared incident details for guidance,Incident details were shared for guidance,completed,An incident involving sudden verbal intimidation broke out at the residential street around 20:57.,0,98,probable,2,NONE,pending,EVT_ANN_001,REV590
EVT000221_001,NAR000221_EN,DECEPTIVE_REPRESENTATION,ransomware attack,NONE,NAR000221_EN_E001,NONE,NONE,not_stated,2024-04-09,15:19,15:19,afternoon,exact,online credential manipulation,"Money, account access, or financial control was compromised",completed,hey guys warning someone hacked my account via ransomware attack just now around 15:19!!,0,88,certain,1,NONE,pending,EVT_ANN_001,REV917
EVT000221_002,NAR000221_EN,INCIDENT_REPORTED,incident details shared,NAR000221_EN_E001,NONE,NONE,NONE,not_stated,2024-04-09,15:19,15:19,afternoon,exact,complainant shared incident details for guidance,Incident details were shared for guidance,completed,hey guys warning someone hacked my account via ransomware attack just now around 15:19!!,0,88,probable,2,NONE,pending,EVT_ANN_001,REV917
EVT000222_001,NAR000222_EN,UNAUTHORISED_ENTRY,illegal property possession,NONE,NAR000222_EN_E001,NONE,NONE,not_stated,2024-04-15,04:18,04:18,night,exact,unauthorised occupation or alteration of property,Property or possession became disputed or physically affected,completed,experiencing a severe illegal property possession since 04:18.,67,129,certain,1,NONE,pending,EVT_ANN_001,REV569
EVT000222_002,NAR000222_EN,INCIDENT_REPORTED,authorities notified,NAR000222_EN_E001,NONE,NONE,NONE,not_stated,2024-04-15,04:18,04:18,night,approximate,notification to authorities or emergency services,Authorities or emergency services were notified,completed,guys please help they are trying to take over the Shop right now!!,0,66,probable,2,NONE,pending,EVT_ANN_001,REV569
EVT000223_001,NAR000223_EN,THREAT_MADE,verbal intimidation,NONE,NAR000223_EN_E001,NONE,NONE,2026-06-25,2026-06-25,15:38,15:38,afternoon,exact,physical force or intimidation,"Complainant reported fear, intimidation, or immediate safety concern",completed,"Complainant states that on 2026-06-25 at approximately 15:38 hours, a severe case of verbal intimidation transpired at Shop.",0,124,certain,1,NONE,pending,EVT_ANN_001,REV817
EVT000223_002,NAR000223_EN,MEDICAL_HELP_SOUGHT,medical help sought,NAR000223_EN_E001,NONE,NONE,NONE,2026-06-25,2026-06-25,15:38,15:38,afternoon,approximate,medical or emergency assistance requested,Medical or emergency assistance was sought,completed,Medical examination conducted where applicable..,215,263,probable,2,NONE,pending,EVT_ANN_001,REV817
EVT000224_001,NAR000224_EN,CONTACT_BLOCKED,restitution of conjugal rights,NONE,NAR000224_EN_E001,NONE,NONE,2026-07-06,2026-07-06,06:59,06:59,morning,exact,family access or support restriction,"Family access, support, or relationship obligations became disputed",completed,"Dear Legal Counsel / Mediation Cell, I am writing to formally report a non-compliance issue regarding our ongoing restitution of conjugal rights at the residence.",0,162,certain,1,NONE,pending,EVT_ANN_001,REV806
EVT000224_002,NAR000224_EN,INCIDENT_REPORTED,complaint or incident report made,NAR000224_EN_E001,NONE,NONE,NONE,2026-07-06,2026-07-06,06:59,06:59,morning,approximate,formal or informal reporting by complainant,Incident was reported or legal guidance was sought,completed,"Dear Legal Counsel / Mediation Cell, I am writing to formally report a non-compliance issue regarding our ongoing restitution of conjugal rights at the residence.",0,162,certain,2,NONE,pending,EVT_ANN_001,REV806
EVT000225_001,NAR000225_EN,CONTACT_BLOCKED,divorce proceedings conflict,NONE,NAR000225_EN_E001,NONE,NONE,2026-07-10,2026-07-10,03:01,03:01,night,exact,family access or support restriction,"Family access, support, or relationship obligations became disputed",completed,"Dear Legal Counsel / Mediation Cell, I am writing to formally report a non-compliance issue regarding our ongoing divorce proceedings conflict at the residence.",0,160,certain,1,NONE,pending,EVT_ANN_001,REV773
EVT000225_002,NAR000225_EN,INCIDENT_REPORTED,complaint or incident report made,NAR000225_EN_E001,NONE,NONE,NONE,2026-07-10,2026-07-10,03:01,03:01,night,approximate,formal or informal reporting by complainant,Incident was reported or legal guidance was sought,completed,"Dear Legal Counsel / Mediation Cell, I am writing to formally report a non-compliance issue regarding our ongoing divorce proceedings conflict at the residence.",0,160,certain,2,NONE,pending,EVT_ANN_001,REV773
EVT000226_001,NAR000226_EN,PROPERTY_DAMAGED,boundary wall dispute,NONE,NAR000226_EN_E001,NONE,NONE,not_stated,2024-04-21,00:57,00:57,night,exact,unauthorised occupation or alteration of property,Property or possession became disputed or physically affected,unclear,"Several individuals were actively contesting an instance of boundary wall dispute, with local residents stepping in to prevent physical escalation before authorities were notified..",92,273,certain,1,NONE,pending,EVT_ANN_001,REV112
EVT000226_002,NAR000226_EN,INCIDENT_REPORTED,authorities notified,NAR000226_EN_E001,NONE,NONE,NONE,not_stated,2024-04-21,00:57,00:57,night,approximate,notification to authorities or emergency services,Authorities or emergency services were notified,completed,"Several individuals were actively contesting an instance of boundary wall dispute, with local residents stepping in to prevent physical escalation before authorities were notified..",92,273,certain,2,NONE,pending,EVT_ANN_001,REV112
EVT000227_001,NAR000227_EN,CONTACT_BLOCKED,restitution of conjugal rights,NONE,NAR000227_EN_E001,NONE,NONE,2026-07-04,2026-07-04,08:59,08:59,morning,exact,family access or support restriction,"Family access, support, or relationship obligations became disputed",completed,"Dear Legal Counsel / Mediation Cell, I am writing to formally report a non-compliance issue regarding our ongoing restitution of conjugal rights at the residence.",0,162,certain,1,NONE,pending,EVT_ANN_001,REV143
EVT000227_002,NAR000227_EN,INCIDENT_REPORTED,complaint or incident report made,NAR000227_EN_E001,NONE,NONE,NONE,2026-07-04,2026-07-04,08:59,08:59,morning,approximate,formal or informal reporting by complainant,Incident was reported or legal guidance was sought,completed,"Dear Legal Counsel / Mediation Cell, I am writing to formally report a non-compliance issue regarding our ongoing restitution of conjugal rights at the residence.",0,162,certain,2,NONE,pending,EVT_ANN_001,REV143
EVT000228_001,NAR000228_EN,CONTACT_BLOCKED,guardianship dispute,NONE,NAR000228_EN_E001,NONE,NONE,2026-07-09,2026-07-09,01:47,01:47,night,exact,family access or support restriction,"Family access, support, or relationship obligations became disputed",unclear,"On the date of 2026-07-09, a major civil friction classified under guardianship dispute escalated during a familial meeting at the designated apartment at approximately 01:47 hours.",0,181,certain,1,NONE,pending,EVT_ANN_001,REV287
EVT000228_002,NAR000228_EN,INCIDENT_REPORTED,incident details shared,NAR000228_EN_E001,NONE,NONE,NONE,2026-07-09,2026-07-09,01:47,01:47,night,exact,complainant shared incident details for guidance,Incident details were shared for guidance,completed,"On the date of 2026-07-09, a major civil friction classified under guardianship dispute escalated during a familial meeting at the designated apartment at approximately 01:47 hours.",0,181,probable,2,NONE,pending,EVT_ANN_001,REV287
EVT000229_001,NAR000229_EN,THREAT_MADE,online harassment & threats,NONE,NAR000229_EN_E001,NONE,NONE,2026-06-25,2026-06-25,22:25,22:25,night,exact,physical force or intimidation,"Complainant reported fear, intimidation, or immediate safety concern",completed,"Complainant states that on 2026-06-25 at approximately 22:25 hours, a severe case of online harassment & threats transpired at Online platform.",0,143,certain,1,NONE,pending,EVT_ANN_001,REV475
EVT000229_002,NAR000229_EN,MEDICAL_HELP_SOUGHT,medical help sought,NAR000229_EN_E001,NONE,NONE,NONE,2026-06-25,2026-06-25,22:25,22:25,night,approximate,medical or emergency assistance requested,Medical or emergency assistance was sought,completed,Medical examination conducted where applicable..,234,282,probable,2,NONE,pending,EVT_ANN_001,REV475
EVT000230_001,NAR000230_EN,DECEPTIVE_REPRESENTATION,insurance claim fraud,NONE,NONE,NONE,NAR000230_EN_E001,2026-07-08,2026-07-08,16:43,16:43,afternoon,exact,deceptive financial documentation or transaction,"Money, account access, or financial control was compromised",unclear,"Dear Nodal Officer / Bank Authority, I am writing to formally log an emergency grievance regarding an severe case of insurance claim fraud executed against my portfolio through the Office.",0,188,certain,1,NONE,pending,EVT_ANN_001,REV346
EVT000230_002,NAR000230_EN,INCIDENT_REPORTED,complaint or incident report made,NONE,NONE,NONE,NAR000230_EN_E001,2026-07-08,2026-07-08,16:43,16:43,afternoon,approximate,formal or informal reporting by complainant,Incident was reported or legal guidance was sought,completed,"Dear Nodal Officer / Bank Authority, I am writing to formally log an emergency grievance regarding an severe case of insurance claim fraud executed against my portfolio through the Office.",0,188,probable,2,NONE,pending,EVT_ANN_001,REV346
EVT000231_001,NAR000231_EN,THREAT_MADE,online harassment & threats,NONE,NONE,NONE,NONE,today,2024-05-02,23:25,23:25,night,exact,physical force or intimidation,"Complainant reported fear, intimidation, or immediate safety concern",completed,"Dear Management, I am writing to formally log a grievance regarding a distressing incident of online harassment & threats that occurred today at approximately 23:25 within the Social media.",0,189,certain,1,NONE,pending,EVT_ANN_001,REV903
EVT000231_002,NAR000231_EN,INCIDENT_REPORTED,complaint or incident report made,NONE,NONE,NONE,NONE,today,2024-05-02,23:25,23:25,night,exact,formal or informal reporting by complainant,Incident was reported or legal guidance was sought,completed,"Dear Management, I am writing to formally log a grievance regarding a distressing incident of online harassment & threats that occurred today at approximately 23:25 within the Social media.",0,189,probable,2,NONE,pending,EVT_ANN_001,REV903
EVT000232_001,NAR000232_EN,PROPERTY_POSSESSION_DISPUTED,tenant-landlord conflict,NONE,NONE,NONE,NAR000232_EN_E002,today,2024-05-04,15:17,15:17,afternoon,exact,"contested possession, access, or property control",Property access or ownership rights became disputed,completed,"When I confronted them about this blatant tenant-landlord conflict, they straight up threatened me and refused to move back.",115,239,certain,1,NONE,pending,EVT_ANN_001,REV790
EVT000232_002,NAR000232_EN,PERSON_APPROACHED,remedy requested from other party,NONE,NONE,NONE,NAR000232_EN_E002,today,2024-05-04,15:17,15:17,afternoon,approximate,complainant approached or confronted the other party,Complainant requested a remedy or confronted the other party,completed,"When I confronted them about this blatant tenant-landlord conflict, they straight up threatened me and refused to move back.",115,239,probable,2,NONE,pending,EVT_ANN_001,REV790
EVT000233_001,NAR000233_EN,PHYSICAL_ATTACK,intimate partner violence,NONE,NAR000233_EN_E001,NONE,NONE,2026-06-21,2026-06-21,06:19,06:19,morning,exact,physical force or intimidation,"Complainant reported fear, intimidation, or immediate safety concern",completed,"On the date of 2026-06-21, a highly contentious domestic incident manifesting as intimate partner violence occurred within the private residence.",0,145,certain,1,NONE,pending,EVT_ANN_001,REV241
EVT000233_002,NAR000233_EN,INCIDENT_REPORTED,complaint or incident report made,NAR000233_EN_E001,NONE,NONE,NONE,2026-06-21,2026-06-21,06:19,06:19,morning,exact,formal or informal reporting by complainant,Incident was reported or legal guidance was sought,completed,The conflict reportedly originated from long-standing domestic pressures and rapidly intensified into aggressive behavior around 06:19.,146,281,certain,2,NONE,pending,EVT_ANN_001,REV241
EVT000234_001,NAR000234_EN,UNAUTHORISED_ENTRY,house burglary,NONE,NONE,NAR000234_EN_E002,NAR000234_EN_E001,not_stated,2024-05-09,07:37,07:37,morning,exact,taking property without consent,"Personal property was lost, taken, or reported missing",completed,occurred just now around 07:37 hours.,48,85,certain,1,NONE,pending,EVT_ANN_001,REV847
EVT000234_002,NAR000234_EN,INCIDENT_REPORTED,authorities notified,NONE,NONE,NAR000234_EN_E002,NAR000234_EN_E001,not_stated,2024-05-09,07:37,07:37,morning,approximate,notification to authorities or emergency services,Authorities or emergency services were notified,completed,anyone nearby please help or tell me where the nearest police booth is asap!!,86,163,certain,2,NONE,pending,EVT_ANN_001,REV847
EVT000235_001,NAR000235_EN,PROPERTY_TAKEN,armed robbery,NONE,NAR000235_EN_E001,NONE,NONE,2026-06-20,2026-06-20,10:11,10:11,morning,exact,taking property without consent,"Personal property was lost, taken, or reported missing",completed,"Dear Authority, I am writing to formally lodge a complaint regarding a armed robbery incident that transpired at the Highway on 2026-06-20.",0,139,certain,1,NONE,pending,EVT_ANN_001,REV799
EVT000235_002,NAR000235_EN,INCIDENT_REPORTED,complaint or incident report made,NAR000235_EN_E001,NONE,NONE,NONE,2026-06-20,2026-06-20,10:11,10:11,morning,approximate,formal or informal reporting by complainant,Incident was reported or legal guidance was sought,completed,"Dear Authority, I am writing to formally lodge a complaint regarding a armed robbery incident that transpired at the Highway on 2026-06-20.",0,139,certain,2,NONE,pending,EVT_ANN_001,REV799
EVT000236_001,NAR000236_EN,THREAT_MADE,verbal intimidation,NONE,NAR000236_EN_E001,NONE,NONE,2026-06-30,2026-06-30,16:42,16:42,afternoon,exact,physical force or intimidation,"Complainant reported fear, intimidation, or immediate safety concern",completed,"Complainant states that on 2026-06-30 at approximately 16:42 hours, a severe case of verbal intimidation transpired at Shop.",0,124,certain,1,NONE,pending,EVT_ANN_001,REV576
EVT000236_002,NAR000236_EN,MEDICAL_HELP_SOUGHT,medical help sought,NAR000236_EN_E001,NONE,NONE,NONE,2026-06-30,2026-06-30,16:42,16:42,afternoon,approximate,medical or emergency assistance requested,Medical or emergency assistance was sought,completed,Medical examination conducted where applicable..,215,263,probable,2,NONE,pending,EVT_ANN_001,REV576
EVT000237_001,NAR000237_EN,PUBLIC_NUISANCE_REPORTED,public nuisance dispute,NONE,NONE,NONE,NAR000237_EN_E002,today,2024-05-17,11:00,11:00,morning,exact,civic nuisance or hazard,"Public comfort, access, or civic safety was affected",unclear,"So I was just going out past the road around 11:00 today, and I ran straight into a total public nuisance dispute.",0,114,certain,1,NONE,pending,EVT_ANN_001,REV123
EVT000237_002,NAR000237_EN,CONTACT_BLOCKED,access or contact blocked,NONE,NONE,NONE,NAR000237_EN_E002,today,2024-05-17,11:00,11:00,morning,approximate,contact or access was restricted,Complainant access or contact was blocked,completed,It completely blocked my path and nobody around seemed to know who to call to get it fixed or sorted out.,115,220,probable,2,NONE,pending,EVT_ANN_001,REV123
EVT000238_001,NAR000238_EN,UNSAFE_WORKING_CONDITION,safe working conditions violation,NONE,NAR000238_EN_E001,NONE,NONE,2026-07-10,2026-07-10,13:21,13:21,afternoon,exact,employer action or workplace practice,"Workplace rights, wages, safety, or employment status were affected",completed,Complainant registers a formal grievance concerning employer violations under the category of safe working conditions violation at the designated factory.,0,154,certain,1,NONE,pending,EVT_ANN_001,REV805
EVT000238_002,NAR000238_EN,EVIDENCE_IDENTIFIED,evidence identified,NAR000238_EN_E001,NONE,NONE,NONE,2026-07-10,2026-07-10,13:21,13:21,afternoon,approximate,"supporting evidence, documents, logs, or records preserved",Evidence or supporting records were identified,completed,Corporate payroll and logs have been requested..,294,342,certain,2,NONE,pending,EVT_ANN_001,REV805
EVT000239_001,NAR000239_EN,PUBLIC_NUISANCE_REPORTED,public nuisance dispute,NONE,NONE,NONE,NAR000239_EN_E001,2026-06-27,2026-06-27,12:42,12:42,afternoon,exact,civic nuisance or hazard,"Public comfort, access, or civic safety was affected",unclear,Complainant registers a general municipal or public service notification regarding public nuisance dispute at the location of park.,0,131,certain,1,NONE,pending,EVT_ANN_001,REV421
EVT000239_002,NAR000239_EN,INCIDENT_REPORTED,incident details shared,NONE,NONE,NONE,NAR000239_EN_E001,2026-06-27,2026-06-27,12:42,12:42,afternoon,approximate,complainant shared incident details for guidance,Incident details were shared for guidance,completed,Complainant registers a general municipal or public service notification regarding public nuisance dispute at the location of park.,0,131,certain,2,NONE,pending,EVT_ANN_001,REV421
EVT000240_001,NAR000240_EN,WAGES_WITHHELD,unpaid wage dispute,NONE,NAR000240_EN_E001,NONE,NONE,not_stated,2024-05-22,18:05,18:05,evening,exact,employer action or workplace practice,"Workplace rights, wages, safety, or employment status were affected",unclear,"The context of the dispute was clearly a severe case of unpaid wage dispute, with the supervisor dismissing the employee's legitimate safety or financial claims arbitrarily..",116,290,certain,1,NONE,pending,EVT_ANN_001,REV144
EVT000240_002,NAR000240_EN,INCIDENT_REPORTED,incident details shared,NAR000240_EN_E001,NONE,NONE,NONE,not_stated,2024-05-22,18:05,18:05,evening,exact,complainant shared incident details for guidance,Incident details were shared for guidance,completed,The observer witnessed an intense disagreement between the management and an employee inside the shop around 18:05.,0,115,probable,2,NONE,pending,EVT_ANN_001,REV144
EVT000241_001,NAR000241_EN,PROPERTY_DAMAGED,hit and run collision,NONE,NONE,NONE,NAR000241_EN_E001,not_stated,2024-05-22,18:09,18:09,evening,exact,unsafe or unlawful road conduct,"Vehicle movement, road safety, or property damage was affected",completed,"A driver committed a blatant hit and run collision, resulting in an immediate vehicle collision and a heated argument between the affected commuters before police arrived..",86,258,certain,1,NONE,pending,EVT_ANN_001,REV115
EVT000241_002,NAR000241_EN,INCIDENT_REPORTED,authorities notified,NONE,NONE,NONE,NAR000241_EN_E001,not_stated,2024-05-22,18:09,18:09,evening,approximate,notification to authorities or emergency services,Authorities or emergency services were notified,completed,"A driver committed a blatant hit and run collision, resulting in an immediate vehicle collision and a heated argument between the affected commuters before police arrived..",86,258,certain,2,NONE,pending,EVT_ANN_001,REV115
EVT000242_001,NAR000242_EN,CIVIC_HAZARD_REPORTED,stray animal hazard,NONE,NONE,NONE,NAR000242_EN_E002,today,2024-05-23,17:54,17:54,evening,exact,civic nuisance or hazard,"Public comfort, access, or civic safety was affected",completed,"So I was just going out past the residential street around 17:54 today, and I ran straight into a total stray animal hazard.",0,124,certain,1,NONE,pending,EVT_ANN_001,REV934
EVT000242_002,NAR000242_EN,CONTACT_BLOCKED,access or contact blocked,NONE,NONE,NONE,NAR000242_EN_E002,today,2024-05-23,17:54,17:54,evening,approximate,contact or access was restricted,Complainant access or contact was blocked,completed,It completely blocked my path and nobody around seemed to know who to call to get it fixed or sorted out.,125,230,probable,2,NONE,pending,EVT_ANN_001,REV934
EVT000243_001,NAR000243_EN,CIVIC_HAZARD_REPORTED,stray animal hazard,NONE,NONE,NONE,NAR000243_EN_E002,today,2024-05-24,11:12,11:12,morning,exact,civic nuisance or hazard,"Public comfort, access, or civic safety was affected",completed,there is a massive stray animal hazard that happened around 11:12 today.,58,130,certain,1,NONE,pending,EVT_ANN_001,REV313
EVT000243_002,NAR000243_EN,INCIDENT_REPORTED,incident details shared,NONE,NONE,NONE,NAR000243_EN_E002,today,2024-05-24,11:12,11:12,morning,approximate,complainant shared incident details for guidance,Incident details were shared for guidance,completed,hey guys warning if u are passing by the Road right now!!,0,57,probable,2,NONE,pending,EVT_ANN_001,REV313
EVT000244_001,NAR000244_EN,DECEPTIVE_REPRESENTATION,ransomware attack,NONE,NAR000244_EN_E001,NONE,NONE,2026-07-13,2026-07-13,20:44,20:44,evening,exact,online credential manipulation,"Money, account access, or financial control was compromised",completed,"On the date of 2026-07-13, an advanced threat actor initiated an exploit categorized under ransomware attack targeting remote infrastructures at approximately 20:44.",0,165,certain,1,NONE,pending,EVT_ANN_001,REV767
EVT000244_002,NAR000244_EN,INCIDENT_REPORTED,incident details shared,NAR000244_EN_E001,NONE,NONE,NONE,2026-07-13,2026-07-13,20:44,20:44,evening,exact,complainant shared incident details for guidance,Incident details were shared for guidance,completed,"On the date of 2026-07-13, an advanced threat actor initiated an exploit categorized under ransomware attack targeting remote infrastructures at approximately 20:44.",0,165,probable,2,NONE,pending,EVT_ANN_001,REV767
EVT000245_001,NAR000245_EN,PROPERTY_TAKEN,identity theft,NONE,NAR000245_EN_E001,NONE,NONE,2026-06-24,2026-06-24,15:26,15:26,afternoon,exact,online credential manipulation,"Money, account access, or financial control was compromised",completed,"On the date of 2026-06-24, an advanced threat actor initiated an exploit categorized under identity theft targeting remote infrastructures at approximately 15:26.",0,162,certain,1,NONE,pending,EVT_ANN_001,REV691
EVT000245_002,NAR000245_EN,INCIDENT_REPORTED,incident details shared,NAR000245_EN_E001,NONE,NONE,NONE,2026-06-24,2026-06-24,15:26,15:26,afternoon,exact,complainant shared incident details for guidance,Incident details were shared for guidance,completed,"On the date of 2026-06-24, an advanced threat actor initiated an exploit categorized under identity theft targeting remote infrastructures at approximately 15:26.",0,162,probable,2,NONE,pending,EVT_ANN_001,REV691
EVT000246_001,NAR000246_EN,MAINTENANCE_WITHHELD,alimony and maintenance claim,NONE,NAR000246_EN_E001,NONE,NONE,not_stated,2024-06-01,12:08,12:08,afternoon,exact,family access or support restriction,"Family access, support, or relationship obligations became disputed",unclear,A family civil dispute categorized as alimony and maintenance claim manifested within a private residence at 12:08.,0,115,certain,1,NONE,pending,EVT_ANN_001,REV744
EVT000246_002,NAR000246_EN,INCIDENT_REPORTED,incident details shared,NAR000246_EN_E001,NONE,NONE,NONE,not_stated,2024-06-01,12:08,12:08,afternoon,exact,complainant shared incident details for guidance,Incident details were shared for guidance,completed,A family civil dispute categorized as alimony and maintenance claim manifested within a private residence at 12:08.,0,115,probable,2,NONE,pending,EVT_ANN_001,REV744
EVT000247_001,NAR000247_EN,PROPERTY_TAKEN,armed robbery,NONE,NAR000247_EN_E001,NONE,NONE,2026-07-16,2026-07-16,02:58,02:58,night,exact,taking property without consent,"Personal property was lost, taken, or reported missing",completed,"Dear Authority, I am writing to formally lodge a complaint regarding a armed robbery incident that transpired at the Jewelry shop on 2026-07-16.",0,144,certain,1,NONE,pending,EVT_ANN_001,REV928
EVT000247_002,NAR000247_EN,INCIDENT_REPORTED,complaint or incident report made,NAR000247_EN_E001,NONE,NONE,NONE,2026-07-16,2026-07-16,02:58,02:58,night,approximate,formal or informal reporting by complainant,Incident was reported or legal guidance was sought,completed,"Dear Authority, I am writing to formally lodge a complaint regarding a armed robbery incident that transpired at the Jewelry shop on 2026-07-16.",0,144,certain,2,NONE,pending,EVT_ANN_001,REV928
EVT000248_001,NAR000248_EN,PROPERTY_POSSESSION_DISPUTED,inheritance property claim,NONE,NONE,NONE,NAR000248_EN_E001,2026-06-23,2026-06-23,08:45,08:45,morning,exact,"contested possession, access, or property control",Property access or ownership rights became disputed,unclear,"Dear Revenue Officer / Police Commissioner, I am writing to register an urgent complaint regarding a critical instance of inheritance property claim affecting my House.",0,168,certain,1,NONE,pending,EVT_ANN_001,REV278
EVT000248_002,NAR000248_EN,INCIDENT_REPORTED,complaint or incident report made,NONE,NONE,NONE,NAR000248_EN_E001,2026-06-23,2026-06-23,08:45,08:45,morning,approximate,formal or informal reporting by complainant,Incident was reported or legal guidance was sought,completed,"Dear Revenue Officer / Police Commissioner, I am writing to register an urgent complaint regarding a critical instance of inheritance property claim affecting my House.",0,168,certain,2,NONE,pending,EVT_ANN_001,REV278
EVT000249_001,NAR000249_EN,DECEPTIVE_REPRESENTATION,online banking fraud,NONE,NONE,NONE,NAR000249_EN_E001,not_stated,2024-06-10,05:17,05:17,night,exact,online credential manipulation,"Money, account access, or financial control was compromised",completed,An incident of online banking fraud compromised security systems across the specified Online platform at 05:17.,0,111,certain,1,NONE,pending,EVT_ANN_001,REV181
EVT000249_002,NAR000249_EN,INCIDENT_REPORTED,incident details shared,NONE,NONE,NONE,NAR000249_EN_E001,not_stated,2024-06-10,05:17,05:17,night,exact,complainant shared incident details for guidance,Incident details were shared for guidance,completed,An incident of online banking fraud compromised security systems across the specified Online platform at 05:17.,0,111,probable,2,NONE,pending,EVT_ANN_001,REV181
EVT000250_001,NAR000250_EN,THREAT_MADE,online harassment & threats,NONE,NAR000250_EN_E001,NONE,NONE,not_stated,2024-06-12,03:38,03:38,night,exact,physical force or intimidation,"Complainant reported fear, intimidation, or immediate safety concern",completed,pls help someone is targeting me with online harassment & threats right now at the Online platform!!,0,100,certain,1,NONE,pending,EVT_ANN_001,REV382
EVT000250_002,NAR000250_EN,INCIDENT_REPORTED,authorities notified,NAR000250_EN_E001,NONE,NONE,NONE,not_stated,2024-06-12,03:38,03:38,night,approximate,notification to authorities or emergency services,Authorities or emergency services were notified,completed,pls help someone is targeting me with online harassment & threats right now at the Online platform!!,0,100,probable,2,NONE,pending,EVT_ANN_001,REV382
EVT000251_001,NAR000251_EN,DECEPTIVE_REPRESENTATION,phishing scam,NONE,NONE,NAR000251_EN_E001,NONE,2026-07-17,2026-07-17,00:31,00:31,night,exact,online credential manipulation,"Money, account access, or financial control was compromised",completed,"Dear Cyber Crime Portal, I am writing to register an official cybercrime incident regarding phishing scam that targets my system.",0,129,certain,1,NONE,pending,EVT_ANN_001,REV358
EVT000251_002,NAR000251_EN,INCIDENT_REPORTED,complaint or incident report made,NONE,NONE,NAR000251_EN_E001,NONE,2026-07-17,2026-07-17,00:31,00:31,night,approximate,formal or informal reporting by complainant,Incident was reported or legal guidance was sought,completed,"Dear Cyber Crime Portal, I am writing to register an official cybercrime incident regarding phishing scam that targets my system.",0,129,certain,2,NONE,pending,EVT_ANN_001,REV358
EVT000252_001,NAR000252_EN,PHYSICAL_ATTACK,physical altercation,NONE,NAR000252_EN_E001,NONE,NONE,not_stated,2024-06-13,03:04,03:04,night,exact,physical force or intimidation,"Complainant reported fear, intimidation, or immediate safety concern",completed,"The confrontation quickly turned into a physical altercation, with one individual visibly projecting physical intimidation towards the other party before crowds gathered to separate them..",93,281,certain,1,NONE,pending,EVT_ANN_001,REV788
EVT000252_002,NAR000252_EN,INCIDENT_REPORTED,complaint or incident report made,NAR000252_EN_E001,NONE,NONE,NONE,not_stated,2024-06-13,03:04,03:04,night,exact,formal or informal reporting by complainant,Incident was reported or legal guidance was sought,completed,The bystander reported observing a heated argument developing near the bar/pub around 03:04.,0,92,certain,2,NONE,pending,EVT_ANN_001,REV788
EVT000253_001,NAR000253_EN,DECEPTIVE_REPRESENTATION,overcharging and hidden fees,NONE,NAR000253_EN_E001,NONE,NONE,2026-06-27,2026-06-27,13:47,13:47,afternoon,exact,merchant misrepresentation or refusal to resolve,"Consumer suffered a disputed purchase, refund, quality, or billing loss",completed,"Dear Consumer Forum Support, I am writing to formally register a merchant complaint regarding a severe instance of overcharging and hidden fees that occurred at Shop on 2026-06-27 at 13:47 hours.",0,195,certain,1,NONE,pending,EVT_ANN_001,REV985
EVT000253_002,NAR000253_EN,INCIDENT_REPORTED,complaint or incident report made,NAR000253_EN_E001,NONE,NONE,NONE,2026-06-27,2026-06-27,13:47,13:47,afternoon,exact,formal or informal reporting by complainant,Incident was reported or legal guidance was sought,completed,"Dear Consumer Forum Support, I am writing to formally register a merchant complaint regarding a severe instance of overcharging and hidden fees that occurred at Shop on 2026-06-27 at 13:47 hours.",0,195,certain,2,NONE,pending,EVT_ANN_001,REV985
EVT000254_001,NAR000254_EN,PROPERTY_TAKEN,online phishing theft,NONE,NONE,NAR000254_EN_E001,NONE,2026-06-30,2026-06-30,22:41,22:41,night,exact,online credential manipulation,"Personal property was lost, taken, or reported missing",completed,"Complainant states that on 2026-06-30 at approximately 22:41 hours, an incident of online phishing theft occurred at Mobile app.",0,128,certain,1,NONE,pending,EVT_ANN_001,REV690
EVT000254_002,NAR000254_EN,INCIDENT_REPORTED,complaint or incident report made,NONE,NONE,NAR000254_EN_E001,NONE,2026-06-30,2026-06-30,22:41,22:41,night,approximate,formal or informal reporting by complainant,Incident was reported or legal guidance was sought,completed,Property loss reported.,203,226,certain,2,NONE,pending,EVT_ANN_001,REV690
EVT000255_001,NAR000255_EN,REFUND_REFUSED,refusal of service refund,NONE,NAR000255_EN_E001,NONE,NONE,2026-06-23,2026-06-23,02:12,02:12,night,exact,merchant refusal after consumer request,Consumer refund or service remedy remained unresolved,completed,"On the date of 2026-06-23, a formal consumer conflict classified as refusal of service refund manifested during a commercial interaction at the designated online platform around 02:12.",0,184,certain,1,NONE,pending,EVT_ANN_001,REV587
EVT000255_002,NAR000255_EN,INCIDENT_REPORTED,incident details shared,NAR000255_EN_E001,NONE,NONE,NONE,2026-06-23,2026-06-23,02:12,02:12,night,exact,complainant shared incident details for guidance,Incident details were shared for guidance,completed,"On the date of 2026-06-23, a formal consumer conflict classified as refusal of service refund manifested during a commercial interaction at the designated online platform around 02:12.",0,184,probable,2,NONE,pending,EVT_ANN_001,REV587
EVT000256_001,NAR000256_EN,PHYSICAL_ATTACK,domestic dispute,NONE,NONE,NONE,NAR000256_EN_E001,not_stated,2024-06-24,20:58,20:58,evening,exact,physical force or intimidation,"Complainant reported fear, intimidation, or immediate safety concern",unclear,Then it escalated into a complete domestic dispute and they said they'd hurt me if they saw me again.,129,230,certain,1,NONE,pending,EVT_ANN_001,REV700
EVT000256_002,NAR000256_EN,INCIDENT_REPORTED,incident details shared,NONE,NONE,NONE,NAR000256_EN_E001,not_stated,2024-06-24,20:58,20:58,evening,exact,complainant shared incident details for guidance,Incident details were shared for guidance,completed,"I was just minding my own business at the house around 20:58, when this aggressive person started shouting at me out of nowhere.",0,128,probable,2,NONE,pending,EVT_ANN_001,REV700
EVT000257_001,NAR000257_EN,CONTACT_BLOCKED,guardianship dispute,NONE,NONE,NONE,NONE,today,2024-06-24,10:53,10:53,morning,exact,family access or support restriction,"Family access, support, or relationship obligations became disputed",unclear,"hey guys, my ex just blocked me from seeing the kids / resolving the guardianship dispute at the Hostel around 10:53 today.",0,123,certain,1,NONE,pending,EVT_ANN_001,REV141
EVT000257_002,NAR000257_EN,CONTACT_BLOCKED,access or contact blocked,NONE,NONE,NONE,NONE,today,2024-06-24,10:53,10:53,morning,exact,contact or access was restricted,Complainant access or contact was blocked,completed,"hey guys, my ex just blocked me from seeing the kids / resolving the guardianship dispute at the Hostel around 10:53 today.",0,123,probable,2,NONE,pending,EVT_ANN_001,REV141
EVT000258_001,NAR000258_EN,THREAT_MADE,dowry harassment,NONE,NONE,NAR000258_EN_E002,NAR000258_EN_E001,not_stated,2024-06-27,08:28,08:28,morning,exact,physical force or intimidation,"Complainant reported fear, intimidation, or immediate safety concern",completed,Things escalated so quickly and it turned into full-blown dowry harassment.,40,115,certain,1,NONE,pending,EVT_ANN_001,REV510
EVT000258_002,NAR000258_EN,INCIDENT_REPORTED,incident details shared,NONE,NONE,NAR000258_EN_E002,NAR000258_EN_E001,not_stated,2024-06-27,08:28,08:28,morning,exact,complainant shared incident details for guidance,Incident details were shared for guidance,completed,It happened again at home around 08:28.,0,39,probable,2,NONE,pending,EVT_ANN_001,REV510
EVT000259_001,NAR000259_EN,PHYSICAL_ATTACK,physical altercation,NONE,NAR000259_EN_E001,NONE,NONE,not_stated,2024-06-29,17:22,17:22,evening,exact,physical force or intimidation,"Complainant reported fear, intimidation, or immediate safety concern",completed,pls help someone is targeting me with physical altercation right now at the Bar/Pub!!,0,85,certain,1,NONE,pending,EVT_ANN_001,REV279
EVT000259_002,NAR000259_EN,INCIDENT_REPORTED,authorities notified,NAR000259_EN_E001,NONE,NONE,NONE,not_stated,2024-06-29,17:22,17:22,evening,approximate,notification to authorities or emergency services,Authorities or emergency services were notified,completed,pls help someone is targeting me with physical altercation right now at the Bar/Pub!!,0,85,probable,2,NONE,pending,EVT_ANN_001,REV279
EVT000260_001,NAR000260_EN,MAINTENANCE_WITHHELD,alimony and maintenance claim,NONE,NAR000260_EN_E001,NONE,NONE,not_stated,2024-06-30,00:03,00:03,night,exact,family access or support restriction,"Family access, support, or relationship obligations became disputed",unclear,"The argument was explicitly regarding a severe case of alimony and maintenance claim, with both sides loudly contesting rights before local residents requested calm..",131,297,certain,1,NONE,pending,EVT_ANN_001,REV400
EVT000260_002,NAR000260_EN,PERSON_APPROACHED,remedy requested from other party,NAR000260_EN_E001,NONE,NONE,NONE,not_stated,2024-06-30,00:03,00:03,night,approximate,complainant approached or confronted the other party,Complainant requested a remedy or confronted the other party,completed,"The argument was explicitly regarding a severe case of alimony and maintenance claim, with both sides loudly contesting rights before local residents requested calm..",131,297,probable,2,NONE,pending,EVT_ANN_001,REV400
EVT000261_001,NAR000261_EN,EMPLOYMENT_CONTRACT_BREACHED,breach of employment contract,NONE,NONE,NONE,NONE,yesterday,2024-06-30,05:00,05:00,night,exact,employer action or workplace practice,"Workplace rights, wages, safety, or employment status were affected",completed,"I've been working at this online platform for months, and around 05:00 yesterday, things hit a breaking point with a massive breach of employment contract.",0,155,certain,1,NONE,pending,EVT_ANN_001,REV379
EVT000261_002,NAR000261_EN,INCIDENT_REPORTED,incident details shared,NONE,NONE,NONE,NONE,yesterday,2024-06-30,05:00,05:00,night,exact,complainant shared incident details for guidance,Incident details were shared for guidance,completed,"I've been working at this online platform for months, and around 05:00 yesterday, things hit a breaking point with a massive breach of employment contract.",0,155,probable,2,NONE,pending,EVT_ANN_001,REV379
EVT000262_001,NAR000262_EN,CONTACT_BLOCKED,restitution of conjugal rights,NONE,NONE,NONE,NONE,today,2024-07-04,09:36,09:36,morning,exact,family access or support restriction,"Family access, support, or relationship obligations became disputed",completed,"So I was waiting at the apartment around 09:36 today for my scheduled meeting, when my ex turned up and started an absolute argument over our restitution of conjugal rights.",0,173,certain,1,NONE,pending,EVT_ANN_001,REV564
EVT000262_002,NAR000262_EN,INCIDENT_REPORTED,incident details shared,NONE,NONE,NONE,NONE,today,2024-07-04,09:36,09:36,morning,exact,complainant shared incident details for guidance,Incident details were shared for guidance,completed,"So I was waiting at the apartment around 09:36 today for my scheduled meeting, when my ex turned up and started an absolute argument over our restitution of conjugal rights.",0,173,probable,2,NONE,pending,EVT_ANN_001,REV564
EVT000263_001,NAR000263_EN,PROPERTY_DAMAGED,traffic signal violation dispute,NONE,NONE,NONE,NAR000263_EN_E001,2026-07-05,2026-07-05,12:07,12:07,afternoon,exact,unsafe or unlawful road conduct,"Vehicle movement, road safety, or property damage was affected",unclear,"On the date of 2026-07-05, a serious municipal roadway incident manifesting as traffic signal violation dispute transpired on the specified road at approximately 12:07 hours.",0,174,certain,1,NONE,pending,EVT_ANN_001,REV834
EVT000263_002,NAR000263_EN,MEDICAL_HELP_SOUGHT,medical help sought,NONE,NONE,NONE,NAR000263_EN_E001,2026-07-05,2026-07-05,12:07,12:07,afternoon,approximate,medical or emergency assistance requested,Medical or emergency assistance was sought,completed,"Local emergency response teams arrived on site to manage structural debris and administer medical assistance where relevant, while investigating officers initiated standard vehicle documentation checks within the state jurisdiction..",327,560,probable,2,NONE,pending,EVT_ANN_001,REV834
EVT000264_001,NAR000264_EN,PERSON_FOLLOWED,cyberstalking,NONE,NAR000264_EN_E001,NONE,NONE,2026-07-20,2026-07-20,15:37,15:37,afternoon,exact,repeated digital monitoring or contact,"Complainant reported fear, monitoring, or loss of digital safety",completed,Complainant reports unauthorized digital breach under cyberstalking framework.,0,78,certain,1,NONE,pending,EVT_ANN_001,REV871
EVT000264_002,NAR000264_EN,EVIDENCE_IDENTIFIED,evidence identified,NAR000264_EN_E001,NONE,NONE,NONE,2026-07-20,2026-07-20,15:37,15:37,afternoon,approximate,"supporting evidence, documents, logs, or records preserved",Evidence or supporting records were identified,completed,Digital logs preserved for forensic analysis..,230,276,certain,2,NONE,pending,EVT_ANN_001,REV871
EVT000265_001,NAR000265_EN,CONTACT_BLOCKED,restitution of conjugal rights,NONE,NAR000265_EN_E001,NONE,NONE,2026-07-15,2026-07-15,23:40,23:40,night,exact,family access or support restriction,"Family access, support, or relationship obligations became disputed",completed,Complainant registers a family matter notification involving an active restitution of conjugal rights at the premises.,0,118,certain,1,NONE,pending,EVT_ANN_001,REV919
EVT000265_002,NAR000265_EN,PERSON_APPROACHED,remedy requested from other party,NAR000265_EN_E001,NONE,NONE,NONE,2026-07-15,2026-07-15,23:40,23:40,night,approximate,complainant approached or confronted the other party,Complainant requested a remedy or confronted the other party,completed,Relevant documentation has been requested for family court presentation..,245,318,probable,2,NONE,pending,EVT_ANN_001,REV919
EVT000266_001,NAR000266_EN,PROPERTY_TAKEN,chain snatching,NONE,NONE,NONE,NAR000266_EN_E001,not_stated,2024-07-10,22:26,22:26,night,approximate,taking property without consent,"Personal property was lost, taken, or reported missing",completed,A swift incident of chain snatching took place at the local residential street during peak hours.,0,97,certain,1,NONE,pending,EVT_ANN_001,REV491
EVT000266_002,NAR000266_EN,PERSON_LEFT_LOCATION,person left location,NONE,NONE,NONE,NAR000266_EN_E001,not_stated,2024-07-10,22:26,22:26,night,approximate,alleged person left or evaded the scene,Alleged person left the location after the incident,completed,"The victim lost valuable items instantly, and the unidentified suspect fled immediately before any bystanders could intervene..",98,225,probable,2,NONE,pending,EVT_ANN_001,REV491
EVT000267_001,NAR000267_EN,UNSAFE_WORKING_CONDITION,safe working conditions violation,NONE,NONE,NONE,NONE,today,2024-07-11,08:51,08:51,morning,exact,employer action or workplace practice,"Workplace rights, wages, safety, or employment status were affected",completed,just had a huge fight with HR at the Construction site regarding safe working conditions violation around 08:51 today.,19,137,certain,1,NONE,pending,EVT_ANN_001,REV108
EVT000267_002,NAR000267_EN,INCIDENT_REPORTED,incident details shared,NONE,NONE,NONE,NONE,today,2024-07-11,08:51,08:51,morning,exact,complainant shared incident details for guidance,Incident details were shared for guidance,completed,just had a huge fight with HR at the Construction site regarding safe working conditions violation around 08:51 today.,19,137,probable,2,NONE,pending,EVT_ANN_001,REV108
EVT000268_001,NAR000268_EN,DECEPTIVE_REPRESENTATION,false advertising and misrepresentation,NONE,NAR000268_EN_E001,NONE,NONE,2026-07-18,2026-07-18,06:28,06:28,morning,exact,merchant misrepresentation or refusal to resolve,"Consumer suffered a disputed purchase, refund, quality, or billing loss",completed,"On the date of 2026-07-18, a formal consumer conflict classified as false advertising and misrepresentation manifested during a commercial interaction at the designated online platform around 06:28.",0,198,certain,1,NONE,pending,EVT_ANN_001,REV434
EVT000268_002,NAR000268_EN,INCIDENT_REPORTED,incident details shared,NAR000268_EN_E001,NONE,NONE,NONE,2026-07-18,2026-07-18,06:28,06:28,morning,exact,complainant shared incident details for guidance,Incident details were shared for guidance,completed,"On the date of 2026-07-18, a formal consumer conflict classified as false advertising and misrepresentation manifested during a commercial interaction at the designated online platform around 06:28.",0,198,probable,2,NONE,pending,EVT_ANN_001,REV434
EVT000269_001,NAR000269_EN,DECEPTIVE_REPRESENTATION,phishing scam,NONE,NONE,NAR000269_EN_E001,NONE,2026-07-01,2026-07-01,17:37,17:37,evening,exact,online credential manipulation,"Money, account access, or financial control was compromised",completed,"Dear Cyber Crime Portal, I am writing to register an official cybercrime incident regarding phishing scam that targets my system.",0,129,certain,1,NONE,pending,EVT_ANN_001,REV243
EVT000269_002,NAR000269_EN,INCIDENT_REPORTED,complaint or incident report made,NONE,NONE,NAR000269_EN_E001,NONE,2026-07-01,2026-07-01,17:37,17:37,evening,approximate,formal or informal reporting by complainant,Incident was reported or legal guidance was sought,completed,"Dear Cyber Crime Portal, I am writing to register an official cybercrime incident regarding phishing scam that targets my system.",0,129,certain,2,NONE,pending,EVT_ANN_001,REV243
EVT000270_001,NAR000270_EN,CONTACT_BLOCKED,restitution of conjugal rights,NONE,NAR000270_EN_E001,NONE,NONE,2026-07-17,2026-07-17,21:36,21:36,night,exact,family access or support restriction,"Family access, support, or relationship obligations became disputed",completed,"On the date of 2026-07-17, a major civil friction classified under restitution of conjugal rights escalated during a familial meeting at the designated apartment at approximately 21:36 hours.",0,191,certain,1,NONE,pending,EVT_ANN_001,REV515
EVT000270_002,NAR000270_EN,INCIDENT_REPORTED,incident details shared,NAR000270_EN_E001,NONE,NONE,NONE,2026-07-17,2026-07-17,21:36,21:36,night,exact,complainant shared incident details for guidance,Incident details were shared for guidance,completed,"On the date of 2026-07-17, a major civil friction classified under restitution of conjugal rights escalated during a familial meeting at the designated apartment at approximately 21:36 hours.",0,191,probable,2,NONE,pending,EVT_ANN_001,REV515
EVT000271_001,NAR000271_EN,CONTACT_BLOCKED,restitution of conjugal rights,NONE,NONE,NONE,NAR000271_EN_E002,today,2024-07-27,16:23,16:23,afternoon,exact,family access or support restriction,"Family access, support, or relationship obligations became disputed",completed,"hey guys, my ex just blocked me from seeing the kids / resolving the restitution of conjugal rights at the House around 16:23 today.",0,132,certain,1,NONE,pending,EVT_ANN_001,REV592
EVT000271_002,NAR000271_EN,CONTACT_BLOCKED,access or contact blocked,NONE,NONE,NONE,NAR000271_EN_E002,today,2024-07-27,16:23,16:23,afternoon,exact,contact or access was restricted,Complainant access or contact was blocked,completed,"hey guys, my ex just blocked me from seeing the kids / resolving the restitution of conjugal rights at the House around 16:23 today.",0,132,probable,2,NONE,pending,EVT_ANN_001,REV592
EVT000272_001,NAR000272_EN,CONTACT_BLOCKED,guardianship dispute,NONE,NAR000272_EN_E001,NONE,NONE,2026-07-11,2026-07-11,03:27,03:27,night,exact,family access or support restriction,"Family access, support, or relationship obligations became disputed",unclear,Complainant registers a family matter notification involving an active guardianship dispute at the premises.,0,108,certain,1,NONE,pending,EVT_ANN_001,REV196
EVT000272_002,NAR000272_EN,PERSON_APPROACHED,remedy requested from other party,NAR000272_EN_E001,NONE,NONE,NONE,2026-07-11,2026-07-11,03:27,03:27,night,approximate,complainant approached or confronted the other party,Complainant requested a remedy or confronted the other party,completed,Relevant documentation has been requested for family court presentation..,235,308,probable,2,NONE,pending,EVT_ANN_001,REV196
EVT000273_001,NAR000273_EN,PHYSICAL_ATTACK,domestic dispute,NONE,NONE,NONE,NAR000273_EN_E001,not_stated,2024-07-29,20:55,20:55,evening,exact,physical force or intimidation,"Complainant reported fear, intimidation, or immediate safety concern",unclear,An incident involving sudden domestic dispute broke out at the house around 20:55.,0,82,certain,1,NONE,pending,EVT_ANN_001,REV956
EVT000273_002,NAR000273_EN,INCIDENT_REPORTED,incident details shared,NONE,NONE,NONE,NAR000273_EN_E001,not_stated,2024-07-29,20:55,20:55,evening,exact,complainant shared incident details for guidance,Incident details were shared for guidance,completed,An incident involving sudden domestic dispute broke out at the house around 20:55.,0,82,probable,2,NONE,pending,EVT_ANN_001,REV956
EVT000274_001,NAR000274_EN,PHYSICAL_ATTACK,domestic dispute,NONE,NAR000274_EN_E001,NONE,NONE,not_stated,2024-07-29,00:46,00:46,night,exact,physical force or intimidation,"Complainant reported fear, intimidation, or immediate safety concern",unclear,pls help someone is targeting me with domestic dispute right now at the Apartment!!,0,83,certain,1,NONE,pending,EVT_ANN_001,REV529
EVT000274_002,NAR000274_EN,INCIDENT_REPORTED,authorities notified,NAR000274_EN_E001,NONE,NONE,NONE,not_stated,2024-07-29,00:46,00:46,night,approximate,notification to authorities or emergency services,Authorities or emergency services were notified,completed,pls help someone is targeting me with domestic dispute right now at the Apartment!!,0,83,probable,2,NONE,pending,EVT_ANN_001,REV529
EVT000275_001,NAR000275_EN,CIVIC_HAZARD_REPORTED,stray animal hazard,NONE,NONE,NONE,NAR000275_EN_E001,2026-06-29,2026-06-29,04:26,04:26,night,exact,civic nuisance or hazard,"Public comfort, access, or civic safety was affected",completed,"Dear Municipal Authorities, I am writing to formally log a civic grievance regarding the ongoing pattern of stray animal hazard at the Residential street.",0,154,certain,1,NONE,pending,EVT_ANN_001,REV417
EVT000275_002,NAR000275_EN,INCIDENT_REPORTED,complaint or incident report made,NONE,NONE,NONE,NAR000275_EN_E001,2026-06-29,2026-06-29,04:26,04:26,night,approximate,formal or informal reporting by complainant,Incident was reported or legal guidance was sought,completed,"Dear Municipal Authorities, I am writing to formally log a civic grievance regarding the ongoing pattern of stray animal hazard at the Residential street.",0,154,probable,2,NONE,pending,EVT_ANN_001,REV417
EVT000276_001,NAR000276_EN,PROPERTY_DAMAGED,drunk driving accident,NONE,NAR000276_EN_E001,NONE,NONE,not_stated,2024-08-01,16:04,16:04,afternoon,exact,unsafe or unlawful road conduct,"Vehicle movement, road safety, or property damage was affected",completed,"A driver committed a blatant drunk driving accident, resulting in an immediate vehicle collision and a heated argument between the affected commuters before police arrived..",89,262,certain,1,NONE,pending,EVT_ANN_001,REV449
EVT000276_002,NAR000276_EN,INCIDENT_REPORTED,authorities notified,NAR000276_EN_E001,NONE,NONE,NONE,not_stated,2024-08-01,16:04,16:04,afternoon,approximate,notification to authorities or emergency services,Authorities or emergency services were notified,completed,"A driver committed a blatant drunk driving accident, resulting in an immediate vehicle collision and a heated argument between the affected commuters before police arrived..",89,262,certain,2,NONE,pending,EVT_ANN_001,REV449
EVT000277_001,NAR000277_EN,UNAUTHORISED_ENTRY,illegal property possession,NONE,NONE,NONE,NAR000277_EN_E001,2026-07-19,2026-07-19,04:29,04:29,night,exact,unauthorised occupation or alteration of property,Property or possession became disputed or physically affected,completed,"On the afternoon of 2026-07-19, a long-standing land friction culminated in an explicit case of illegal property possession at the designated house around 04:29 hours.",0,167,certain,1,NONE,pending,EVT_ANN_001,REV699
EVT000277_002,NAR000277_EN,INCIDENT_REPORTED,incident details shared,NONE,NONE,NONE,NAR000277_EN_E001,2026-07-19,2026-07-19,04:29,04:29,night,exact,complainant shared incident details for guidance,Incident details were shared for guidance,completed,"On the afternoon of 2026-07-19, a long-standing land friction culminated in an explicit case of illegal property possession at the designated house around 04:29 hours.",0,167,probable,2,NONE,pending,EVT_ANN_001,REV699
EVT000278_001,NAR000278_EN,THREAT_MADE,verbal intimidation,NONE,NONE,NONE,NAR000278_EN_E001,not_stated,2024-08-07,08:18,08:18,morning,exact,physical force or intimidation,"Complainant reported fear, intimidation, or immediate safety concern",completed,"The confrontation quickly turned into a verbal intimidation, with one individual visibly projecting physical intimidation towards the other party before crowds gathered to separate them..",104,291,certain,1,NONE,pending,EVT_ANN_001,REV101
EVT000278_002,NAR000278_EN,INCIDENT_REPORTED,complaint or incident report made,NONE,NONE,NONE,NAR000278_EN_E001,not_stated,2024-08-07,08:18,08:18,morning,exact,formal or informal reporting by complainant,Incident was reported or legal guidance was sought,completed,The bystander reported observing a heated argument developing near the residential street around 08:18.,0,103,certain,2,NONE,pending,EVT_ANN_001,REV101
EVT000279_001,NAR000279_EN,THREAT_MADE,verbal intimidation,NONE,NAR000279_EN_E001,NONE,NONE,2026-06-26,2026-06-26,06:30,06:30,morning,approximate,physical force or intimidation,"Complainant reported fear, intimidation, or immediate safety concern",completed,"On the afternoon of 2026-06-26, an escalating conflict classified under verbal intimidation manifested at the specified shop.",0,125,certain,1,NONE,pending,EVT_ANN_001,REV944
EVT000279_002,NAR000279_EN,INCIDENT_REPORTED,authorities notified,NAR000279_EN_E001,NONE,NONE,NONE,2026-06-26,2026-06-26,06:30,06:30,morning,approximate,notification to authorities or emergency services,Authorities or emergency services were notified,completed,Security personnel were subsequently informed to review the breach of safety within the jurisdiction..,364,466,probable,2,NONE,pending,EVT_ANN_001,REV944
EVT000280_001,NAR000280_EN,TRAFFIC_OBSTRUCTION,illegal parking blockage,NONE,NONE,NONE,NAR000280_EN_E001,not_stated,2024-08-10,14:35,14:35,afternoon,exact,vehicle obstruction of passage or access,Road access or vehicle movement was blocked,completed,A vehicular incident involving illegal parking blockage occurred on the local road at 14:35.,0,92,certain,1,NONE,pending,EVT_ANN_001,REV173
EVT000280_002,NAR000280_EN,TRAFFIC_OBSTRUCTION,traffic obstruction followed incident,NONE,NONE,NONE,NAR000280_EN_E001,not_stated,2024-08-10,14:35,14:35,afternoon,exact,road blockage or bottleneck after incident,Road access or vehicle movement was blocked,completed,A vehicular incident involving illegal parking blockage occurred on the local road at 14:35.,0,92,probable,2,NONE,pending,EVT_ANN_001,REV173
EVT000281_001,NAR000281_EN,PROPERTY_TAKEN,armed robbery,NONE,NAR000281_EN_E001,NONE,NONE,2026-06-25,2026-06-25,11:47,11:47,morning,exact,taking property without consent,"Personal property was lost, taken, or reported missing",completed,"Complainant states that on 2026-06-25 at approximately 11:47 hours, an incident of armed robbery occurred at Highway.",0,117,certain,1,NONE,pending,EVT_ANN_001,REV343
EVT000281_002,NAR000281_EN,INCIDENT_REPORTED,complaint or incident report made,NAR000281_EN_E001,NONE,NONE,NONE,2026-06-25,2026-06-25,11:47,11:47,morning,approximate,formal or informal reporting by complainant,Incident was reported or legal guidance was sought,completed,Property loss reported.,192,215,certain,2,NONE,pending,EVT_ANN_001,REV343
EVT000282_001,NAR000282_EN,PHYSICAL_ATTACK,physical altercation,NONE,NAR000282_EN_E001,NONE,NONE,not_stated,2024-08-16,02:27,02:27,night,exact,physical force or intimidation,"Complainant reported fear, intimidation, or immediate safety concern",completed,pls help someone is targeting me with physical altercation right now at the Hostel!!,0,84,certain,1,NONE,pending,EVT_ANN_001,REV645
EVT000282_002,NAR000282_EN,INCIDENT_REPORTED,authorities notified,NAR000282_EN_E001,NONE,NONE,NONE,not_stated,2024-08-16,02:27,02:27,night,approximate,notification to authorities or emergency services,Authorities or emergency services were notified,completed,pls help someone is targeting me with physical altercation right now at the Hostel!!,0,84,probable,2,NONE,pending,EVT_ANN_001,REV645
EVT000283_001,NAR000283_EN,PROPERTY_TAKEN,armed robbery,NONE,NONE,NONE,NAR000283_EN_E001,2026-06-29,2026-06-29,17:17,17:17,evening,approximate,taking property without consent,"Personal property was lost, taken, or reported missing",completed,"On the date of 2026-06-29, a major incidence of armed robbery was executed at the designated bank under complex environmental circumstances.",0,140,certain,1,NONE,pending,EVT_ANN_001,REV577
EVT000283_002,NAR000283_EN,INCIDENT_REPORTED,authorities notified,NONE,NONE,NONE,NAR000283_EN_E001,2026-06-29,2026-06-29,17:17,17:17,evening,approximate,notification to authorities or emergency services,Authorities or emergency services were notified,completed,"Emergency services were notified subsequently, initiating a localized investigation into the security vulnerabilities of this particular jurisdiction..",406,557,certain,2,NONE,pending,EVT_ANN_001,REV577
EVT000284_001,NAR000284_EN,UNAUTHORISED_ENTRY,illegal property possession,NONE,NONE,NONE,NAR000284_EN_E001,2026-06-22,2026-06-22,15:33,15:33,afternoon,exact,unauthorised occupation or alteration of property,Property or possession became disputed or physically affected,completed,"Dear Revenue Officer / Police Commissioner, I am writing to register an urgent complaint regarding a critical instance of illegal property possession affecting my Shop.",0,168,certain,1,NONE,pending,EVT_ANN_001,REV268
EVT000284_002,NAR000284_EN,INCIDENT_REPORTED,complaint or incident report made,NONE,NONE,NONE,NAR000284_EN_E001,2026-06-22,2026-06-22,15:33,15:33,afternoon,approximate,formal or informal reporting by complainant,Incident was reported or legal guidance was sought,completed,"Dear Revenue Officer / Police Commissioner, I am writing to register an urgent complaint regarding a critical instance of illegal property possession affecting my Shop.",0,168,certain,2,NONE,pending,EVT_ANN_001,REV268
EVT000285_001,NAR000285_EN,DECEPTIVE_REPRESENTATION,loan approval scam,NONE,NONE,NAR000285_EN_E001,NONE,not_stated,2024-08-24,02:11,02:11,night,exact,deceptive financial documentation or transaction,"Money, account access, or financial control was compromised",completed,"So I went down to the mobile app around 02:11 to check my balance, and I realized I was a victim of a massive loan approval scam.",0,129,certain,1,NONE,pending,EVT_ANN_001,REV496
EVT000285_002,NAR000285_EN,INCIDENT_REPORTED,incident details shared,NONE,NONE,NAR000285_EN_E001,NONE,not_stated,2024-08-24,02:11,02:11,night,exact,complainant shared incident details for guidance,Incident details were shared for guidance,completed,"So I went down to the mobile app around 02:11 to check my balance, and I realized I was a victim of a massive loan approval scam.",0,129,probable,2,NONE,pending,EVT_ANN_001,REV496
EVT000286_001,NAR000286_EN,UNAUTHORISED_ENTRY,land encroachment,NONE,NONE,NONE,NAR000286_EN_E001,2026-07-11,2026-07-11,17:05,17:05,evening,exact,unauthorised occupation or alteration of property,Property or possession became disputed or physically affected,completed,"On the afternoon of 2026-07-11, a long-standing land friction culminated in an explicit case of land encroachment at the designated house around 17:05 hours.",0,157,certain,1,NONE,pending,EVT_ANN_001,REV454
EVT000286_002,NAR000286_EN,INCIDENT_REPORTED,incident details shared,NONE,NONE,NONE,NAR000286_EN_E001,2026-07-11,2026-07-11,17:05,17:05,evening,exact,complainant shared incident details for guidance,Incident details were shared for guidance,completed,"On the afternoon of 2026-07-11, a long-standing land friction culminated in an explicit case of land encroachment at the designated house around 17:05 hours.",0,157,probable,2,NONE,pending,EVT_ANN_001,REV454
EVT000287_001,NAR000287_EN,CONTACT_BLOCKED,restitution of conjugal rights,NONE,NAR000287_EN_E001,NONE,NONE,not_stated,2024-08-31,18:15,18:15,evening,exact,family access or support restriction,"Family access, support, or relationship obligations became disputed",completed,A family civil dispute categorized as restitution of conjugal rights manifested within a private residence at 18:15.,0,116,certain,1,NONE,pending,EVT_ANN_001,REV767
EVT000287_002,NAR000287_EN,INCIDENT_REPORTED,incident details shared,NAR000287_EN_E001,NONE,NONE,NONE,not_stated,2024-08-31,18:15,18:15,evening,exact,complainant shared incident details for guidance,Incident details were shared for guidance,completed,A family civil dispute categorized as restitution of conjugal rights manifested within a private residence at 18:15.,0,116,probable,2,NONE,pending,EVT_ANN_001,REV767
EVT000288_001,NAR000288_EN,PHYSICAL_ATTACK,emotional and verbal abuse,NONE,NONE,NONE,NAR000288_EN_E001,2026-06-25,2026-06-25,03:01,03:01,night,exact,physical force or intimidation,"Complainant reported fear, intimidation, or immediate safety concern",completed,"Dear Protection Officer, I am writing to formally report an escalating pattern of domestic violence, specifically emotional and verbal abuse, at my residence.",0,158,certain,1,NONE,pending,EVT_ANN_001,REV175
EVT000288_002,NAR000288_EN,INCIDENT_REPORTED,complaint or incident report made,NONE,NONE,NONE,NAR000288_EN_E001,2026-06-25,2026-06-25,03:01,03:01,night,approximate,formal or informal reporting by complainant,Incident was reported or legal guidance was sought,completed,"Dear Protection Officer, I am writing to formally report an escalating pattern of domestic violence, specifically emotional and verbal abuse, at my residence.",0,158,certain,2,NONE,pending,EVT_ANN_001,REV175
EVT000289_001,NAR000289_EN,THREAT_MADE,verbal intimidation,NONE,NAR000289_EN_E001,NONE,NONE,not_stated,2024-09-03,10:03,10:03,morning,exact,physical force or intimidation,"Complainant reported fear, intimidation, or immediate safety concern",completed,An incident involving sudden verbal intimidation broke out at the shop around 10:03.,0,84,certain,1,NONE,pending,EVT_ANN_001,REV517
EVT000289_002,NAR000289_EN,INCIDENT_REPORTED,incident details shared,NAR000289_EN_E001,NONE,NONE,NONE,not_stated,2024-09-03,10:03,10:03,morning,exact,complainant shared incident details for guidance,Incident details were shared for guidance,completed,An incident involving sudden verbal intimidation broke out at the shop around 10:03.,0,84,probable,2,NONE,pending,EVT_ANN_001,REV517
EVT000290_001,NAR000290_EN,UNAUTHORISED_ENTRY,land encroachment,NONE,NONE,NONE,NAR000290_EN_E001,2026-06-21,2026-06-21,04:58,04:58,night,exact,unauthorised occupation or alteration of property,Property or possession became disputed or physically affected,completed,"Dear Revenue Officer / Police Commissioner, I am writing to register an urgent complaint regarding a critical instance of land encroachment affecting my House.",0,159,certain,1,NONE,pending,EVT_ANN_001,REV943
EVT000290_002,NAR000290_EN,INCIDENT_REPORTED,complaint or incident report made,NONE,NONE,NONE,NAR000290_EN_E001,2026-06-21,2026-06-21,04:58,04:58,night,approximate,formal or informal reporting by complainant,Incident was reported or legal guidance was sought,completed,"Dear Revenue Officer / Police Commissioner, I am writing to register an urgent complaint regarding a critical instance of land encroachment affecting my House.",0,159,certain,2,NONE,pending,EVT_ANN_001,REV943
EVT000291_001,NAR000291_EN,UNSAFE_WORKING_CONDITION,safe working conditions violation,NONE,NAR000291_EN_E001,NONE,NONE,not_stated,2024-09-05,11:22,11:22,morning,exact,employer action or workplace practice,"Workplace rights, wages, safety, or employment status were affected",completed,"The context of the dispute was clearly a severe case of safe working conditions violation, with the supervisor dismissing the employee's legitimate safety or financial claims arbitrarily..",129,317,certain,1,NONE,pending,EVT_ANN_001,REV391
EVT000291_002,NAR000291_EN,INCIDENT_REPORTED,incident details shared,NAR000291_EN_E001,NONE,NONE,NONE,not_stated,2024-09-05,11:22,11:22,morning,exact,complainant shared incident details for guidance,Incident details were shared for guidance,completed,The observer witnessed an intense disagreement between the management and an employee inside the construction site around 11:22.,0,128,probable,2,NONE,pending,EVT_ANN_001,REV391
EVT000292_001,NAR000292_EN,PHYSICAL_ATTACK,domestic dispute,NONE,NONE,NONE,NAR000292_EN_E001,not_stated,2024-09-05,18:35,18:35,evening,exact,physical force or intimidation,"Complainant reported fear, intimidation, or immediate safety concern",unclear,Then it escalated into a complete domestic dispute and they said they'd hurt me if they saw me again.,129,230,certain,1,NONE,pending,EVT_ANN_001,REV948
EVT000292_002,NAR000292_EN,INCIDENT_REPORTED,incident details shared,NONE,NONE,NONE,NAR000292_EN_E001,not_stated,2024-09-05,18:35,18:35,evening,exact,complainant shared incident details for guidance,Incident details were shared for guidance,completed,"I was just minding my own business at the house around 18:35, when this aggressive person started shouting at me out of nowhere.",0,128,probable,2,NONE,pending,EVT_ANN_001,REV948
EVT000293_001,NAR000293_EN,MAINTENANCE_WITHHELD,economic deprivation,NONE,NONE,NAR000293_EN_E002,NAR000293_EN_E001,not_stated,2024-09-08,21:24,21:24,night,exact,physical force or intimidation,"Complainant reported fear, intimidation, or immediate safety concern",completed,Things escalated so quickly and it turned into full-blown economic deprivation.,40,119,certain,1,NONE,pending,EVT_ANN_001,REV988
EVT000293_002,NAR000293_EN,INCIDENT_REPORTED,incident details shared,NONE,NONE,NAR000293_EN_E002,NAR000293_EN_E001,not_stated,2024-09-08,21:24,21:24,night,exact,complainant shared incident details for guidance,Incident details were shared for guidance,completed,It happened again at home around 21:24.,0,39,probable,2,NONE,pending,EVT_ANN_001,REV988
EVT000294_001,NAR000294_EN,THREAT_MADE,verbal intimidation,NONE,NAR000294_EN_E001,NONE,NONE,not_stated,2024-09-10,19:11,19:11,evening,exact,physical force or intimidation,"Complainant reported fear, intimidation, or immediate safety concern",completed,"The confrontation quickly turned into a verbal intimidation, with one individual visibly projecting physical intimidation towards the other party before crowds gathered to separate them..",90,277,certain,1,NONE,pending,EVT_ANN_001,REV904
EVT000294_002,NAR000294_EN,INCIDENT_REPORTED,complaint or incident report made,NAR000294_EN_E001,NONE,NONE,NONE,not_stated,2024-09-10,19:11,19:11,evening,exact,formal or informal reporting by complainant,Incident was reported or legal guidance was sought,completed,The bystander reported observing a heated argument developing near the shop around 19:11.,0,89,certain,2,NONE,pending,EVT_ANN_001,REV904
EVT000295_001,NAR000295_EN,PERSON_FOLLOWED,cyberstalking,NONE,NAR000295_EN_E001,NONE,NONE,not_stated,2024-09-11,07:29,07:29,morning,exact,repeated digital monitoring or contact,"Complainant reported fear, monitoring, or loss of digital safety",completed,"The system administrator observed anomalous traffic originating from unauthorized servers around 07:29, confirming a systemwide cyberstalking.",0,142,certain,1,NONE,pending,EVT_ANN_001,REV489
EVT000295_002,NAR000295_EN,INCIDENT_REPORTED,incident details shared,NAR000295_EN_E001,NONE,NONE,NONE,not_stated,2024-09-11,07:29,07:29,morning,exact,complainant shared incident details for guidance,Incident details were shared for guidance,completed,"The system administrator observed anomalous traffic originating from unauthorized servers around 07:29, confirming a systemwide cyberstalking.",0,142,probable,2,NONE,pending,EVT_ANN_001,REV489
EVT000296_001,NAR000296_EN,MAINTENANCE_WITHHELD,economic deprivation,NONE,NONE,NONE,NAR000296_EN_E001,not_stated,2024-09-14,01:32,01:32,night,exact,physical force or intimidation,"Complainant reported fear, intimidation, or immediate safety concern",completed,"Upon investigating, it appeared to be a severe case of economic deprivation transpiring within the household, prompting the neighbor to intervene and call for assistance..",110,281,certain,1,NONE,pending,EVT_ANN_001,REV445
EVT000296_002,NAR000296_EN,INCIDENT_REPORTED,complaint or incident report made,NONE,NONE,NONE,NAR000296_EN_E001,not_stated,2024-09-14,01:32,01:32,night,exact,formal or informal reporting by complainant,Incident was reported or legal guidance was sought,completed,The neighbor reported hearing intense shouting and objects breaking from the adjacent apartment around 01:32.,0,109,certain,2,NONE,pending,EVT_ANN_001,REV445
EVT000297_001,NAR000297_EN,PROPERTY_DAMAGED,hit and run collision,NONE,NONE,NONE,NAR000297_EN_E001,2026-07-16,2026-07-16,16:11,16:11,afternoon,exact,unsafe or unlawful road conduct,"Vehicle movement, road safety, or property damage was affected",completed,"On 2026-07-16 at approximately 16:11 hours, a vehicular incident classified as hit and run collision occurred on the designated road.",0,133,certain,1,NONE,pending,EVT_ANN_001,REV763
EVT000297_002,NAR000297_EN,INCIDENT_REPORTED,complaint or incident report made,NONE,NONE,NONE,NAR000297_EN_E001,2026-07-16,2026-07-16,16:11,16:11,afternoon,approximate,formal or informal reporting by complainant,Incident was reported or legal guidance was sought,completed,Case logged under regional motor vehicle acts..,223,270,probable,2,NONE,pending,EVT_ANN_001,REV763
EVT000298_001,NAR000298_EN,PERSON_FOLLOWED,cyberstalking,NONE,NONE,NONE,NAR000298_EN_E001,2026-07-01,2026-07-01,02:11,02:11,night,exact,repeated digital monitoring or contact,"Complainant reported fear, monitoring, or loss of digital safety",completed,"On the date of 2026-07-01, an advanced threat actor initiated an exploit categorized under cyberstalking targeting remote infrastructures at approximately 02:11.",0,161,certain,1,NONE,pending,EVT_ANN_001,REV967
EVT000298_002,NAR000298_EN,INCIDENT_REPORTED,incident details shared,NONE,NONE,NONE,NAR000298_EN_E001,2026-07-01,2026-07-01,02:11,02:11,night,exact,complainant shared incident details for guidance,Incident details were shared for guidance,completed,"On the date of 2026-07-01, an advanced threat actor initiated an exploit categorized under cyberstalking targeting remote infrastructures at approximately 02:11.",0,161,probable,2,NONE,pending,EVT_ANN_001,REV967
EVT000299_001,NAR000299_EN,PROPERTY_TAKEN,pickpocketing,NONE,NAR000299_EN_E001,NONE,NONE,2026-06-29,2026-06-29,13:21,13:21,afternoon,approximate,taking property without consent,"Personal property was lost, taken, or reported missing",completed,"On the date of 2026-06-29, a major incidence of pickpocketing was executed at the designated railway station under complex environmental circumstances.",0,151,certain,1,NONE,pending,EVT_ANN_001,REV256
EVT000299_002,NAR000299_EN,INCIDENT_REPORTED,authorities notified,NAR000299_EN_E001,NONE,NONE,NONE,2026-06-29,2026-06-29,13:21,13:21,afternoon,approximate,notification to authorities or emergency services,Authorities or emergency services were notified,completed,"Emergency services were notified subsequently, initiating a localized investigation into the security vulnerabilities of this particular jurisdiction..",417,568,certain,2,NONE,pending,EVT_ANN_001,REV256
EVT000300_001,NAR000300_EN,DECEPTIVE_REPRESENTATION,loan approval scam,NONE,NONE,NAR000300_EN_E002,NONE,today,2024-09-26,15:26,15:26,afternoon,exact,deceptive financial documentation or transaction,"Money, account access, or financial control was compromised",completed,just discovered a major loan approval scam happened around 15:26 today.,65,136,certain,1,NONE,pending,EVT_ANN_001,REV653
EVT000300_002,NAR000300_EN,INCIDENT_REPORTED,authorities notified,NONE,NONE,NAR000300_EN_E002,NONE,today,2024-09-26,15:26,15:26,afternoon,approximate,notification to authorities or emergency services,Authorities or emergency services were notified,completed,"unauthorized charges are showing up on multiple profiles, notify your branch manager asap.",137,227,probable,2,NONE,pending,EVT_ANN_001,REV653
