output_id,scenario_id,narrative_id,language,clarification_answer_ids,gold_event_ids,gold_timeline_text,citizen_summary,structured_incident_summary,complaint_preparation_draft,lawyer_legal_aid_intake,police_visit_checklist,evidence_index,missing_information_summary,contradictions_summary,procedural_guidance_summary,supporting_passage_ids,unsupported_statement_count,hallucination_present,factuality_score,completeness_score,event_order_preserved,law_review_status,reviewer_id,split
GOUT000001_EN,SCN000001,NAR000001_EN,en,ANS000001;ANS000002;ANS000003;ANS000004;ANS000005;ANS000006,EVT000001_001;EVT000001_002,"1. So I went to this shop around 20:41 and explicitly paid for premium service, but I faced absolute false advertising and misrepresentation instead. 2. When I asked the manager to fix it or give my money back, they were super rude and completely brushed me off.","You reported a consumer disputes matter about false advertising and misrepresentation at Shop on 2023-01-01 around 20:41. The record notes danger status as No, threat mentioned as True, injury mentioned as False, and police contact as True.","incident_family=Consumer Disputes | issue=False advertising and misrepresentation | place=Shop, Uttar Pradesh, India | date_time=2023-01-01 20:41 | events=EVT000001_001;EVT000001_002 | property_involved=True | threat_involved=True | injury_involved=False | open_questions=partially_provided: product_or_service | optional: evidence_available","To the concerned authority, I wish to report that on 2023-01-01 around 20:41, at Shop, I experienced/reported an incident described as False advertising and misrepresentation. My account is: So I went to this shop around 20:41 and explicitly paid for premium service, but I faced absolute false advertising and misrepresentation instead. When I asked the manager to fix it or give my money back, they were super rude and completely brushed me off. Never buying from here again.. I request that the information be recorded, that appropriate lawful guidance or action be considered, and that I be told if any further documents or details are needed. This draft does not assert guilt, authenticate evidence, or state that an FIR has already been filed.","Case intake: Consumer Disputes / False advertising and misrepresentation; location Shop, Uttar Pradesh; incident date/time 2023-01-01 20:41; danger=No; threat=True; injury=False; property=True; police_contacted=True; legal_help_requested=False; event_ids=EVT000001_001;EVT000001_002; key remaining gaps: partially_provided: product_or_service | optional: evidence_available",Carry identity proof if needed; written timeline; location details; screenshots/photos/messages; receipts or documents where applicable; medical records if injury exists; property or account details if relevant; names/contact details of witnesses if safely available; copies of any prior complaint or authority response.,"So I went to this shop around 20:41 and explicitly paid for premium service, but I faced absolute false advertising and misrepresentation instead; I have the payment screenshot and chat with the seller",partially_provided: product_or_service | optional: evidence_available,No contradiction linked in slot annotations or clarification answers.,"No immediate danger is recorded, but reassess safety before taking action. Prepare payment proof, seller communication, product/service details, and consider consumer grievance or platform escalation. Police already contacted: True. Legal help requested: False.",LP_CONSUMER_COMPLAINT_001;LP_REFUND_RIGHTS_001;LP_ECOMMERCE_001,0,False,5,4,True,team-reviewed,REV849,validation
GOUT000002_EN,SCN000002,NAR000002_EN,en,ANS000007;ANS000008;ANS000009;ANS000010;ANS000011;ANS000012;ANS000013;ANS000014;ANS000015,EVT000002_001;EVT000002_002,"1. Dear Municipal Authorities, I am writing to formally log a civic grievance regarding the ongoing pattern of noise pollution grievance at the Residential street. 2. Dear Municipal Authorities, I am writing to formally log a civic grievance regarding the ongoing pattern of noise pollution grievance at the Residential street.","You reported a miscellaneous matter about noise pollution grievance at Residential street on 2023-01-01 around 23:20. The record notes danger status as No, threat mentioned as False, injury mentioned as False, and police contact as True.","incident_family=Miscellaneous | issue=Noise pollution grievance | place=Residential street, Maharashtra, India | date_time=2023-01-01 23:20 | events=EVT000002_001;EVT000002_002 | property_involved=True | threat_involved=False | injury_involved=False | open_questions=partially_provided: risk_to_public | optional: item_or_property_affected, authority_to_contact","To the concerned authority, I wish to report that on 2023-01-01 around 23:20, at Residential street, I experienced/reported an incident described as Noise pollution grievance. My account is: Dear Municipal Authorities, I am writing to formally log a civic grievance regarding the ongoing pattern of noise pollution grievance at the Residential street. The latest escalation occurred on 2026-07-17 at 23:20 hours, causing localized hazards that require immediate civic attention.. I request that the information be recorded, that appropriate lawful guidance or action be considered, and that I be told if any further documents or details are needed. This draft does not assert guilt, authenticate evidence, or state that an FIR has already been filed.","Case intake: Miscellaneous / Noise pollution grievance; location Residential street, Maharashtra; incident date/time 2023-01-01 23:20; danger=No; threat=False; injury=False; property=True; police_contacted=True; legal_help_requested=False; event_ids=EVT000002_001;EVT000002_002; key remaining gaps: partially_provided: risk_to_public | optional: item_or_property_affected, authority_to_contact",Carry identity proof if needed; written timeline; location details; screenshots/photos/messages; receipts or documents where applicable; medical records if injury exists; property or account details if relevant; names/contact details of witnesses if safely available; copies of any prior complaint or authority response.,"No specific evidence item is confirmed; ask user to preserve screenshots, documents, photos, receipts, and messages where available.","partially_provided: risk_to_public | optional: item_or_property_affected, authority_to_contact",No contradiction linked in slot annotations or clarification answers.,"No immediate danger is recorded, but reassess safety before taking action. Collect date, location, evidence, authority contacted, and any safety concerns before escalation. Police already contacted: True. Legal help requested: False.",LP_CRIME_REPORTING_001;LP_EMERGENCY_HELP_001;LP_LEGAL_AID_001,0,False,5,4,True,team-reviewed,REV549,test
GOUT000003_EN,SCN000003,NAR000003_EN,en,ANS000016;ANS000017;ANS000018;ANS000019;ANS000020;ANS000021,EVT000003_001;EVT000003_002,1. A vehicular incident involving drunk driving accident occurred on the local highway at 06:27. 2. The collision or blockage led to structural vehicular property damage and caused a severe traffic bottleneck requiring immediate clearing..,"You reported a traffic & road incidents matter about drunk driving accident at Highway on 2023-01-07 around 06:27. The record notes danger status as No, threat mentioned as False, injury mentioned as True, and police contact as True.","incident_family=Traffic & Road Incidents | issue=Drunk driving accident | place=Highway, Maharashtra, India | date_time=2023-01-07 06:27 | events=EVT000003_001;EVT000003_002 | property_involved=True | threat_involved=False | injury_involved=True | open_questions=partially_provided: vehicle_details | optional: offending_vehicle_left","To the concerned authority, I wish to report that on 2023-01-07 around 06:27, at Highway, I experienced/reported an incident described as Drunk driving accident. My account is: A vehicular incident involving drunk driving accident occurred on the local highway at 06:27. The collision or blockage led to structural vehicular property damage and caused a severe traffic bottleneck requiring immediate clearing.. I request that the information be recorded, that appropriate lawful guidance or action be considered, and that I be told if any further documents or details are needed. This draft does not assert guilt, authenticate evidence, or state that an FIR has already been filed.","Case intake: Traffic & Road Incidents / Drunk driving accident; location Highway, Maharashtra; incident date/time 2023-01-07 06:27; danger=No; threat=False; injury=True; property=True; police_contacted=True; legal_help_requested=False; event_ids=EVT000003_001;EVT000003_002; key remaining gaps: partially_provided: vehicle_details | optional: offending_vehicle_left",Carry identity proof if needed; written timeline; location details; screenshots/photos/messages; receipts or documents where applicable; medical records if injury exists; property or account details if relevant; names/contact details of witnesses if safely available; copies of any prior complaint or authority response.,"No specific evidence item is confirmed; ask user to preserve screenshots, documents, photos, receipts, and messages where available.",partially_provided: vehicle_details | optional: offending_vehicle_left,No contradiction linked in slot annotations or clarification answers.,"No immediate danger is recorded, but reassess safety before taking action. Record vehicle details, photos, injury and damage information, witnesses, and insurance/police documents. Police already contacted: True. Legal help requested: False.",LP_TRAFFIC_ACCIDENT_001;LP_HIT_AND_RUN_001;LP_MOTOR_CLAIM_001,0,False,5,4,True,team-reviewed,REV328,test
GOUT000004_EN,SCN000004,NAR000004_EN,en,ANS000022;ANS000023;ANS000024;ANS000025;ANS000026;ANS000027,EVT000004_001;EVT000004_002,1. just experienced a massive false advertising and misrepresentation around 07:45 today. 2. super sketchy service watch out.,"You reported a consumer disputes matter about false advertising and misrepresentation at Showroom on 2023-01-11 around 07:45. The record notes danger status as No, threat mentioned as False, injury mentioned as False, and police contact as False.","incident_family=Consumer Disputes | issue=False advertising and misrepresentation | place=Showroom, Karnataka, India | date_time=2023-01-11 07:45 | events=EVT000004_001;EVT000004_002 | property_involved=True | threat_involved=False | injury_involved=False | open_questions=partially_provided: product_or_service | optional: evidence_available","To the concerned authority, I wish to report that on 2023-01-11 around 07:45, at Showroom, I experienced/reported an incident described as False advertising and misrepresentation. My account is: guys heads up do NOT buy anything from that Showroom!! just experienced a massive false advertising and misrepresentation around 07:45 today. they completely cheated me on the transaction and refused a refund. super sketchy service watch out. I request that the information be recorded, that appropriate lawful guidance or action be considered, and that I be told if any further documents or details are needed. This draft does not assert guilt, authenticate evidence, or state that an FIR has already been filed.","Case intake: Consumer Disputes / False advertising and misrepresentation; location Showroom, Karnataka; incident date/time 2023-01-11 07:45; danger=No; threat=False; injury=False; property=True; police_contacted=False; legal_help_requested=True; event_ids=EVT000004_001;EVT000004_002; key remaining gaps: partially_provided: product_or_service | optional: evidence_available",Carry identity proof if needed; written timeline; location details; screenshots/photos/messages; receipts or documents where applicable; medical records if injury exists; property or account details if relevant; names/contact details of witnesses if safely available; copies of any prior complaint or authority response.,they completely cheated me on the transaction and refused a refund; I have the payment screenshot and chat with the seller,partially_provided: product_or_service | optional: evidence_available,No contradiction linked in slot annotations or clarification answers.,"No immediate danger is recorded, but reassess safety before taking action. Prepare payment proof, seller communication, product/service details, and consider consumer grievance or platform escalation. Police already contacted: False. Legal help requested: True.",LP_CONSUMER_COMPLAINT_001;LP_REFUND_RIGHTS_001;LP_ECOMMERCE_001,0,False,5,4,True,team-reviewed,REV705,Train
GOUT000005_EN,SCN000005,NAR000005_EN,en,ANS000028;ANS000029;ANS000030;ANS000031;ANS000032;ANS000033;ANS000034;ANS000035;ANS000036,EVT000005_001;EVT000005_002,1. An incident of social media hacking compromised security systems across the specified Online platform at 17:10. 2. An incident of social media hacking compromised security systems across the specified Online platform at 17:10.,"You reported a cybercrime matter about social media hacking at Online platform on 2023-01-12 around 17:10. The record notes danger status as No, threat mentioned as False, injury mentioned as False, and police contact as True.","incident_family=Cybercrime | issue=Social media hacking | place=Online platform, Tamil Nadu, India | date_time=2023-01-12 17:10 | events=EVT000005_001;EVT000005_002 | property_involved=True | threat_involved=False | injury_involved=False | open_questions=optional: digital_evidence, security_steps_taken | partially_provided: ongoing_access_risk","To the concerned authority, I wish to report that on 2023-01-12 around 17:10, at Online platform, I experienced/reported an incident described as Social media hacking. My account is: An incident of social media hacking compromised security systems across the specified Online platform at 17:10. Electronic credentials were manipulated remotely by unknown malicious actors, triggering secondary security protocols.. I request that the information be recorded, that appropriate lawful guidance or action be considered, and that I be told if any further documents or details are needed. This draft does not assert guilt, authenticate evidence, or state that an FIR has already been filed.","Case intake: Cybercrime / Social media hacking; location Online platform, Tamil Nadu; incident date/time 2023-01-12 17:10; danger=No; threat=False; injury=False; property=True; police_contacted=True; legal_help_requested=True; event_ids=EVT000005_001;EVT000005_002; key remaining gaps: optional: digital_evidence, security_steps_taken | partially_provided: ongoing_access_risk",Carry identity proof if needed; written timeline; location details; screenshots/photos/messages; receipts or documents where applicable; medical records if injury exists; property or account details if relevant; names/contact details of witnesses if safely available; copies of any prior complaint or authority response.,"Screenshots, suspicious link, login alert, and transaction message are available","optional: digital_evidence, security_steps_taken | partially_provided: ongoing_access_risk",No contradiction linked in slot annotations or clarification answers.,"No immediate danger is recorded, but reassess safety before taking action. Preserve digital evidence, secure accounts, notify bank/platform if relevant, and use cyber reporting channels. Police already contacted: True. Legal help requested: True.",LP_CYBER_REPORTING_001;LP_ACCOUNT_SECURITY_001;LP_DIGITAL_EVIDENCE_001;LP_FINANCIAL_CYBER_FRAUD_001,0,False,5,4,True,team-reviewed,REV537,test
GOUT000006_EN,SCN000006,NAR000006_EN,en,ANS000037;ANS000038;ANS000039;ANS000040;ANS000041;ANS000042,EVT000006_001;EVT000006_002,"1. The context of the dispute was clearly a severe case of safe working conditions violation, with the supervisor dismissing the employee's legitimate safety or financial claims arbitrarily.. 2. The observer witnessed an intense disagreement between the management and an employee inside the workplace around 21:28.","You reported a employment/labour matter about safe working conditions violation at Workplace on 2023-01-16 around 21:28. The record notes danger status as No, threat mentioned as False, injury mentioned as True, and police contact as False.","incident_family=Employment/Labour | issue=Safe working conditions violation | place=Workplace, Gujarat, India | date_time=2023-01-16 21:28 | events=EVT000006_001;EVT000006_002 | property_involved=False | threat_involved=False | injury_involved=True | open_questions=optional: employment_documents, wage_or_benefit_amount","To the concerned authority, I wish to report that on 2023-01-16 around 21:28, at Workplace, I experienced/reported an incident described as Safe working conditions violation. My account is: The observer witnessed an intense disagreement between the management and an employee inside the workplace around 21:28. The context of the dispute was clearly a severe case of safe working conditions violation, with the supervisor dismissing the employee's legitimate safety or financial claims arbitrarily.. I request that the information be recorded, that appropriate lawful guidance or action be considered, and that I be told if any further documents or details are needed. This draft does not assert guilt, authenticate evidence, or state that an FIR has already been filed.","Case intake: Employment/Labour / Safe working conditions violation; location Workplace, Gujarat; incident date/time 2023-01-16 21:28; danger=No; threat=False; injury=True; property=False; police_contacted=False; legal_help_requested=False; event_ids=EVT000006_001;EVT000006_002; key remaining gaps: optional: employment_documents, wage_or_benefit_amount",Carry identity proof if needed; written timeline; location details; screenshots/photos/messages; receipts or documents where applicable; medical records if injury exists; property or account details if relevant; names/contact details of witnesses if safely available; copies of any prior complaint or authority response.,"I have some emails and employment records, but not every document","optional: employment_documents, wage_or_benefit_amount",No contradiction linked in slot annotations or clarification answers.,"No immediate danger is recorded, but reassess safety before taking action. Collect employment documents, payslips, emails, HR communication, and wage/termination details. Police already contacted: False. Legal help requested: False.",LP_LABOUR_COMPLAINT_001;LP_WAGE_CLAIM_001;LP_LEGAL_AID_001,0,False,5,4,True,team-reviewed,REV242,Train
GOUT000007_EN,SCN000007,NAR000007_EN,en,ANS000043;ANS000044;ANS000045;ANS000046;ANS000047;ANS000048;ANS000049;ANS000050;ANS000051;ANS000052;ANS000053;ANS000054,EVT000007_001;EVT000007_002,1. pls help someone is targeting me with domestic dispute right now at the Apartment!! 2. pls help someone is targeting me with domestic dispute right now at the Apartment!!,"You reported a assault & threats matter about domestic dispute at Apartment on 2023-01-18 around 21:31. The record notes danger status as No, threat mentioned as True, injury mentioned as False, and police contact as False.","incident_family=Assault & Threats | issue=Domestic dispute | place=Apartment, Karnataka, India | date_time=2023-01-18 21:31 | events=EVT000007_001;EVT000007_002 | property_involved=True | threat_involved=True | injury_involved=False | open_questions=missing: threat_or_attack_description, injury_details | optional: safe_place_available, medical_help_status","To the concerned authority, I wish to report that on 2023-01-18 around 21:31, at Apartment, I experienced/reported an incident described as Domestic dispute. My account is: pls help someone is targeting me with domestic dispute right now at the Apartment!! they are threatening to hit me or worse. happened around 21:31. is anyone nearby who can come stay with me? urgent. I request that the information be recorded, that appropriate lawful guidance or action be considered, and that I be told if any further documents or details are needed. This draft does not assert guilt, authenticate evidence, or state that an FIR has already been filed.","Case intake: Assault & Threats / Domestic dispute; location Apartment, Karnataka; incident date/time 2023-01-18 21:31; danger=No; threat=True; injury=False; property=True; police_contacted=False; legal_help_requested=True; event_ids=EVT000007_001;EVT000007_002; key remaining gaps: missing: threat_or_attack_description, injury_details | optional: safe_place_available, medical_help_status",Carry identity proof if needed; written timeline; location details; screenshots/photos/messages; receipts or documents where applicable; medical records if injury exists; property or account details if relevant; names/contact details of witnesses if safely available; copies of any prior complaint or authority response.,"No specific evidence item is confirmed; ask user to preserve screenshots, documents, photos, receipts, and messages where available.","missing: threat_or_attack_description, injury_details | optional: safe_place_available, medical_help_status",No contradiction linked in slot annotations or clarification answers.,"No immediate danger is recorded, but reassess safety before taking action. If threat or injury exists, seek safety and medical support; preserve messages, witness details, and complaint facts. Police already contacted: False. Legal help requested: True.",LP_CRIME_REPORTING_001;LP_EMERGENCY_HELP_001;LP_FIR_PROCESS_001,0,False,5,4,True,team-reviewed,REV842,validation
GOUT000008_EN,SCN000008,NAR000008_EN,en,ANS000055;ANS000056;ANS000057;ANS000058;ANS000059;ANS000060;ANS000061;ANS000062;ANS000063,EVT000008_001;EVT000008_002,1. Complainant reports a structural civil grievance regarding tenant-landlord conflict at the site located in shop. 2. Property ownership documents have been submitted for verification..,"You reported a property disputes matter about tenant-landlord conflict at Shop on 2023-01-19 around 09:08. The record notes danger status as No, threat mentioned as True, injury mentioned as False, and police contact as True.","incident_family=Property Disputes | issue=Tenant-landlord conflict | place=Shop, Gujarat, India | date_time=2023-01-19 09:08 | events=EVT000008_001;EVT000008_002 | property_involved=True | threat_involved=True | injury_involved=False | open_questions=partially_provided: property_type, ownership_documents, current_possession","To the concerned authority, I wish to report that on 2023-01-19 around 09:08, at Shop, I experienced/reported an incident described as Tenant-landlord conflict. My account is: Complainant reports a structural civil grievance regarding tenant-landlord conflict at the site located in shop. On 2026-06-22 at 09:08 hours, opposing parties gathered and attempted unauthorized physical alterations. Property ownership documents have been submitted for verification.. I request that the information be recorded, that appropriate lawful guidance or action be considered, and that I be told if any further documents or details are needed. This draft does not assert guilt, authenticate evidence, or state that an FIR has already been filed.","Case intake: Property Disputes / Tenant-landlord conflict; location Shop, Gujarat; incident date/time 2023-01-19 09:08; danger=No; threat=True; injury=False; property=True; police_contacted=True; legal_help_requested=True; event_ids=EVT000008_001;EVT000008_002; key remaining gaps: partially_provided: property_type, ownership_documents, current_possession",Carry identity proof if needed; written timeline; location details; screenshots/photos/messages; receipts or documents where applicable; medical records if injury exists; property or account details if relevant; names/contact details of witnesses if safely available; copies of any prior complaint or authority response.,"Property ownership documents have been submitted for verification; I can show possession through receipts, photos, or property documents","partially_provided: property_type, ownership_documents, current_possession",No contradiction linked in slot annotations or clarification answers.,"No immediate danger is recorded, but reassess safety before taking action. Collect ownership/possession documents, photos of the site, opposing-party details, and avoid confrontation. Police already contacted: True. Legal help requested: True.",LP_PROPERTY_DISPUTE_001;LP_CRIME_REPORTING_001;LP_DIGITAL_EVIDENCE_001,0,False,5,4,True,team-reviewed,REV220,test
GOUT000009_EN,SCN000009,NAR000009_EN,en,ANS000064;ANS000065;ANS000066;ANS000067;ANS000068;ANS000069;ANS000070;ANS000071;ANS000072,EVT000009_001;EVT000009_002,"1. Dear Consumer Forum Support, I am writing to formally register a merchant complaint regarding a severe instance of overcharging and hidden fees that occurred at Restaurant on 2026-07-05 at 04:50 hours. 2. Dear Consumer Forum Support, I am writing to formally register a merchant complaint regarding a severe instance of overcharging and hidden fees that occurred at Restaurant on 2026-07-05 at 04:50 hours.","You reported a consumer disputes matter about overcharging and hidden fees at Restaurant on 2023-01-21 around 04:50. The record notes danger status as No, threat mentioned as False, injury mentioned as False, and police contact as False.","incident_family=Consumer Disputes | issue=Overcharging and hidden fees | place=Restaurant, Karnataka, India | date_time=2023-01-21 04:50 | events=EVT000009_001;EVT000009_002 | property_involved=True | threat_involved=False | injury_involved=False | open_questions=partially_provided: product_or_service | missing: payment_information | optional: evidence_available","To the concerned authority, I wish to report that on 2023-01-21 around 04:50, at Restaurant, I experienced/reported an incident described as Overcharging and hidden fees. My account is: Dear Consumer Forum Support, I am writing to formally register a merchant complaint regarding a severe instance of overcharging and hidden fees that occurred at Restaurant on 2026-07-05 at 04:50 hours. Despite multiple amicable requests, the management refused to honor the standard consumer guarantees.. I request that the information be recorded, that appropriate lawful guidance or action be considered, and that I be told if any further documents or details are needed. This draft does not assert guilt, authenticate evidence, or state that an FIR has already been filed.","Case intake: Consumer Disputes / Overcharging and hidden fees; location Restaurant, Karnataka; incident date/time 2023-01-21 04:50; danger=No; threat=False; injury=False; property=True; police_contacted=False; legal_help_requested=True; event_ids=EVT000009_001;EVT000009_002; key remaining gaps: partially_provided: product_or_service | missing: payment_information | optional: evidence_available",Carry identity proof if needed; written timeline; location details; screenshots/photos/messages; receipts or documents where applicable; medical records if injury exists; property or account details if relevant; names/contact details of witnesses if safely available; copies of any prior complaint or authority response.,"Payment was made before the dispute, and I can provide the receipt or screenshot; I have the payment screenshot and chat with the seller",partially_provided: product_or_service | missing: payment_information | optional: evidence_available,No contradiction linked in slot annotations or clarification answers.,"No immediate danger is recorded, but reassess safety before taking action. Prepare payment proof, seller communication, product/service details, and consider consumer grievance or platform escalation. Police already contacted: False. Legal help requested: True.",LP_CONSUMER_COMPLAINT_001;LP_REFUND_RIGHTS_001;LP_ECOMMERCE_001,0,False,5,4,True,team-reviewed,REV887,test
GOUT000010_EN,SCN000010,NAR000010_EN,en,ANS000073;ANS000074;ANS000075,EVT000010_001;EVT000010_002,"1. Closer inspection confirmed a premeditated instance of credit card cloning, with the perpetrator executing unauthorized balance transfers using fraudulent credentials before logging out.. 2. The internal auditor observed highly irregular transaction entries passing through the shop around 09:18.","You reported a financial fraud matter about credit card cloning at Shop on 2023-01-22 around 09:18. The record notes danger status as No, threat mentioned as False, injury mentioned as False, and police contact as True.","incident_family=Financial Fraud | issue=Credit card cloning | place=Shop, Tamil Nadu, India | date_time=2023-01-22 09:18 | events=EVT000010_001;EVT000010_002 | property_involved=True | threat_involved=False | injury_involved=False | open_questions=optional: institution_notified","To the concerned authority, I wish to report that on 2023-01-22 around 09:18, at Shop, I experienced/reported an incident described as Credit card cloning. My account is: The internal auditor observed highly irregular transaction entries passing through the shop around 09:18. Closer inspection confirmed a premeditated instance of credit card cloning, with the perpetrator executing unauthorized balance transfers using fraudulent credentials before logging out.. I request that the information be recorded, that appropriate lawful guidance or action be considered, and that I be told if any further documents or details are needed. This draft does not assert guilt, authenticate evidence, or state that an FIR has already been filed.","Case intake: Financial Fraud / Credit card cloning; location Shop, Tamil Nadu; incident date/time 2023-01-22 09:18; danger=No; threat=False; injury=False; property=True; police_contacted=True; legal_help_requested=True; event_ids=EVT000010_001;EVT000010_002; key remaining gaps: optional: institution_notified",Carry identity proof if needed; written timeline; location details; screenshots/photos/messages; receipts or documents where applicable; medical records if injury exists; property or account details if relevant; names/contact details of witnesses if safely available; copies of any prior complaint or authority response.,The internal auditor observed highly irregular transaction entries passing through the shop around 09:18,optional: institution_notified,No contradiction linked in slot annotations or clarification answers.,"No immediate danger is recorded, but reassess safety before taking action. Notify the financial institution quickly, preserve transaction records, and consider police/cyber reporting depending on facts. Police already contacted: True. Legal help requested: True.",LP_FINANCIAL_CYBER_FRAUD_001;LP_CYBER_REPORTING_001;LP_DIGITAL_EVIDENCE_001,0,False,5,4,True,team-reviewed,REV622,Train
GOUT000011_EN,SCN000011,NAR000011_EN,en,ANS000076;ANS000077;ANS000078;ANS000079;ANS000080;ANS000081;ANS000082;ANS000083;ANS000084;ANS000085;ANS000086;ANS000087,EVT000011_001;EVT000011_002,"1. On the afternoon of 2026-07-01, an escalating conflict classified under online harassment & threats manifested at the specified social media. 2. Security personnel were subsequently informed to review the breach of safety within the jurisdiction..","You reported a assault & threats matter about online harassment & threats at Social media on 2023-01-25 around 17:56. The record notes danger status as No, threat mentioned as True, injury mentioned as False, and police contact as False.","incident_family=Assault & Threats | issue=Online harassment & threats | place=Social media, Maharashtra, India | date_time=2023-01-25 17:56 | events=EVT000011_001;EVT000011_002 | property_involved=False | threat_involved=True | injury_involved=False | open_questions=missing: threat_or_attack_description, injury_details | optional: safe_place_available, medical_help_status","To the concerned authority, I wish to report that on 2023-01-25 around 17:56, at Social media, I experienced/reported an incident described as Online harassment & threats. My account is: On the afternoon of 2026-07-01, an escalating conflict classified under online harassment & threats manifested at the specified social media. Initial verbal friction rapidly degenerated into targeted hostility, establishing clear intent of intimidation and potential bodily harm. The victim sought refuge immediately while nearby witnesses attempted to de-escalate the situation. Security personnel were subsequently informed to review the breach of safety within the jurisdiction.. I request that the information be recorded, that appropriate lawful guidance or action be considered, and that I be told if any further documents or details are needed. This draft does not assert guilt, authenticate evidence, or state that an FIR has already been filed.","Case intake: Assault & Threats / Online harassment & threats; location Social media, Maharashtra; incident date/time 2023-01-25 17:56; danger=No; threat=True; injury=False; property=False; police_contacted=False; legal_help_requested=False; event_ids=EVT000011_001;EVT000011_002; key remaining gaps: missing: threat_or_attack_description, injury_details | optional: safe_place_available, medical_help_status",Carry identity proof if needed; written timeline; location details; screenshots/photos/messages; receipts or documents where applicable; medical records if injury exists; property or account details if relevant; names/contact details of witnesses if safely available; copies of any prior complaint or authority response.,"No specific evidence item is confirmed; ask user to preserve screenshots, documents, photos, receipts, and messages where available.","missing: threat_or_attack_description, injury_details | optional: safe_place_available, medical_help_status",No contradiction linked in slot annotations or clarification answers.,"No immediate danger is recorded, but reassess safety before taking action. If threat or injury exists, seek safety and medical support; preserve messages, witness details, and complaint facts. Police already contacted: False. Legal help requested: False.",LP_CRIME_REPORTING_001;LP_EMERGENCY_HELP_001;LP_FIR_PROCESS_001,0,False,5,4,True,team-reviewed,REV751,validation
GOUT000012_EN,SCN000012,NAR000012_EN,en,ANS000088;ANS000089;ANS000090;ANS000091;ANS000092;ANS000093;ANS000094;ANS000095;ANS000096,EVT000012_001;EVT000012_002,"1. A customer was contesting a distinct case of expired or contaminated goods sale, showing clear evidence to the merchant, who continuously refused liability or proper resolution.. 2. A customer was contesting a distinct case of expired or contaminated goods sale, showing clear evidence to the merchant, who continuously refused liability or proper resolution..","You reported a consumer disputes matter about expired or contaminated goods sale at Shop on 2023-01-25 around 02:32. The record notes danger status as No, threat mentioned as False, injury mentioned as False, and police contact as True.","incident_family=Consumer Disputes | issue=Expired or contaminated goods sale | place=Shop, Gujarat, India | date_time=2023-01-25 02:32 | events=EVT000012_001;EVT000012_002 | property_involved=True | threat_involved=False | injury_involved=False | open_questions=partially_provided: product_or_service | missing: payment_information, refund_or_remedy_requested","To the concerned authority, I wish to report that on 2023-01-25 around 02:32, at Shop, I experienced/reported an incident described as Expired or contaminated goods sale. My account is: The observer noted a clear altercation developing at the counter of the shop around 02:32. A customer was contesting a distinct case of expired or contaminated goods sale, showing clear evidence to the merchant, who continuously refused liability or proper resolution.. I request that the information be recorded, that appropriate lawful guidance or action be considered, and that I be told if any further documents or details are needed. This draft does not assert guilt, authenticate evidence, or state that an FIR has already been filed.","Case intake: Consumer Disputes / Expired or contaminated goods sale; location Shop, Gujarat; incident date/time 2023-01-25 02:32; danger=No; threat=False; injury=False; property=True; police_contacted=True; legal_help_requested=True; event_ids=EVT000012_001;EVT000012_002; key remaining gaps: partially_provided: product_or_service | missing: payment_information, refund_or_remedy_requested",Carry identity proof if needed; written timeline; location details; screenshots/photos/messages; receipts or documents where applicable; medical records if injury exists; property or account details if relevant; names/contact details of witnesses if safely available; copies of any prior complaint or authority response.,"A customer was contesting a distinct case of expired or contaminated goods sale, showing clear evidence to the merchant, who continuously refused liability or proper resolution; Payment was made before the dispute, and I can provide the receipt or screenshot","partially_provided: product_or_service | missing: payment_information, refund_or_remedy_requested",No contradiction linked in slot annotations or clarification answers.,"No immediate danger is recorded, but reassess safety before taking action. Prepare payment proof, seller communication, product/service details, and consider consumer grievance or platform escalation. Police already contacted: True. Legal help requested: True.",LP_CONSUMER_COMPLAINT_001;LP_REFUND_RIGHTS_001;LP_ECOMMERCE_001,0,False,5,4,True,team-reviewed,REV805,Train
GOUT000013_EN,SCN000013,NAR000013_EN,en,ANS000097;ANS000098;ANS000099;ANS000100;ANS000101;ANS000102,EVT000013_001;EVT000013_002,"1. Complainant states that on 2026-06-26 at approximately 03:09 hours, a transaction dispute involving overcharging and hidden fees occurred at Shop. 2. The vendor reportedly engaged in unfair trade practices, failing to resolve the commercial non-compliance.","You reported a consumer disputes matter about overcharging and hidden fees at Shop on 2023-01-25 around 03:09. The record notes danger status as No, threat mentioned as False, injury mentioned as False, and police contact as True.","incident_family=Consumer Disputes | issue=Overcharging and hidden fees | place=Shop, Gujarat, India | date_time=2023-01-25 03:09 | events=EVT000013_001;EVT000013_002 | property_involved=True | threat_involved=False | injury_involved=False | open_questions=partially_provided: product_or_service | missing: refund_or_remedy_requested","To the concerned authority, I wish to report that on 2023-01-25 around 03:09, at Shop, I experienced/reported an incident described as Overcharging and hidden fees. My account is: Complainant states that on 2026-06-26 at approximately 03:09 hours, a transaction dispute involving overcharging and hidden fees occurred at Shop. The vendor reportedly engaged in unfair trade practices, failing to resolve the commercial non-compliance. Relevant purchase invoices have been logged.. I request that the information be recorded, that appropriate lawful guidance or action be considered, and that I be told if any further documents or details are needed. This draft does not assert guilt, authenticate evidence, or state that an FIR has already been filed.","Case intake: Consumer Disputes / Overcharging and hidden fees; location Shop, Gujarat; incident date/time 2023-01-25 03:09; danger=No; threat=False; injury=False; property=True; police_contacted=True; legal_help_requested=False; event_ids=EVT000013_001;EVT000013_002; key remaining gaps: partially_provided: product_or_service | missing: refund_or_remedy_requested",Carry identity proof if needed; written timeline; location details; screenshots/photos/messages; receipts or documents where applicable; medical records if injury exists; property or account details if relevant; names/contact details of witnesses if safely available; copies of any prior complaint or authority response.,"Complainant states that on 2026-06-26 at approximately 03:09 hours, a transaction dispute involving overcharging and hidden fees occurred at Shop; Relevant purchase invoices have been logged",partially_provided: product_or_service | missing: refund_or_remedy_requested,No contradiction linked in slot annotations or clarification answers.,"No immediate danger is recorded, but reassess safety before taking action. Prepare payment proof, seller communication, product/service details, and consider consumer grievance or platform escalation. Police already contacted: True. Legal help requested: False.",LP_CONSUMER_COMPLAINT_001;LP_REFUND_RIGHTS_001;LP_ECOMMERCE_001,0,False,5,4,True,team-reviewed,REV882,test
GOUT000014_EN,SCN000014,NAR000014_EN,en,ANS000103;ANS000104;ANS000105,EVT000014_001;EVT000014_002,"1. On 2026-06-25 at approximately 18:17 hours, a vehicular incident classified as reckless driving confrontation occurred on the designated road. 2. Case logged under regional motor vehicle acts..","You reported a traffic & road incidents matter about reckless driving confrontation at Road on 2023-01-26 around 18:17. The record notes danger status as No, threat mentioned as True, injury mentioned as True, and police contact as True.","incident_family=Traffic & Road Incidents | issue=Reckless driving confrontation | place=Road, Telangana, India | date_time=2023-01-26 18:17 | events=EVT000014_001;EVT000014_002 | property_involved=True | threat_involved=True | injury_involved=True | open_questions=partially_provided: vehicle_details","To the concerned authority, I wish to report that on 2023-01-26 around 18:17, at Road, I experienced/reported an incident described as Reckless driving confrontation. My account is: On 2026-06-25 at approximately 18:17 hours, a vehicular incident classified as reckless driving confrontation occurred on the designated road. The offending vehicle failed to yield, causing impact and substantial structural damage. Case logged under regional motor vehicle acts.. I request that the information be recorded, that appropriate lawful guidance or action be considered, and that I be told if any further documents or details are needed. This draft does not assert guilt, authenticate evidence, or state that an FIR has already been filed.","Case intake: Traffic & Road Incidents / Reckless driving confrontation; location Road, Telangana; incident date/time 2023-01-26 18:17; danger=No; threat=True; injury=True; property=True; police_contacted=True; legal_help_requested=False; event_ids=EVT000014_001;EVT000014_002; key remaining gaps: partially_provided: vehicle_details",Carry identity proof if needed; written timeline; location details; screenshots/photos/messages; receipts or documents where applicable; medical records if injury exists; property or account details if relevant; names/contact details of witnesses if safely available; copies of any prior complaint or authority response.,"No specific evidence item is confirmed; ask user to preserve screenshots, documents, photos, receipts, and messages where available.",partially_provided: vehicle_details,No contradiction linked in slot annotations or clarification answers.,"No immediate danger is recorded, but reassess safety before taking action. Record vehicle details, photos, injury and damage information, witnesses, and insurance/police documents. Police already contacted: True. Legal help requested: False.",LP_TRAFFIC_ACCIDENT_001;LP_HIT_AND_RUN_001;LP_MOTOR_CLAIM_001,0,False,5,4,True,team-reviewed,REV352,test
GOUT000015_EN,SCN000015,NAR000015_EN,en,ANS000106;ANS000107;ANS000108;ANS000109;ANS000110;ANS000111,EVT000015_001;EVT000015_002,"1. So I went down to the online platform around 17:39 to check my balance, and I realized I was a victim of a massive insurance claim fraud. 2. So I went down to the online platform around 17:39 to check my balance, and I realized I was a victim of a massive insurance claim fraud.","You reported a financial fraud matter about insurance claim fraud at Online platform on 2023-01-28 around 17:39. The record notes danger status as No, threat mentioned as True, injury mentioned as False, and police contact as False.","incident_family=Financial Fraud | issue=Insurance claim fraud | place=Online platform, Uttar Pradesh, India | date_time=2023-01-28 17:39 | events=EVT000015_001;EVT000015_002 | property_involved=True | threat_involved=True | injury_involved=False | open_questions=optional: documents_or_audit_trail, institution_notified","To the concerned authority, I wish to report that on 2023-01-28 around 17:39, at Online platform, I experienced/reported an incident described as Insurance claim fraud. My account is: So I went down to the online platform around 17:39 to check my balance, and I realized I was a victim of a massive insurance claim fraud. They completely forged my details and cleared out the pending funds out of nowhere. I don't even know how I'm going to manage this month's expenses.. I request that the information be recorded, that appropriate lawful guidance or action be considered, and that I be told if any further documents or details are needed. This draft does not assert guilt, authenticate evidence, or state that an FIR has already been filed.","Case intake: Financial Fraud / Insurance claim fraud; location Online platform, Uttar Pradesh; incident date/time 2023-01-28 17:39; danger=No; threat=True; injury=False; property=True; police_contacted=False; legal_help_requested=True; event_ids=EVT000015_001;EVT000015_002; key remaining gaps: optional: documents_or_audit_trail, institution_notified",Carry identity proof if needed; written timeline; location details; screenshots/photos/messages; receipts or documents where applicable; medical records if injury exists; property or account details if relevant; names/contact details of witnesses if safely available; copies of any prior complaint or authority response.,"I can provide more details, but I need to check the exact information","optional: documents_or_audit_trail, institution_notified",No contradiction linked in slot annotations or clarification answers.,"No immediate danger is recorded, but reassess safety before taking action. Notify the financial institution quickly, preserve transaction records, and consider police/cyber reporting depending on facts. Police already contacted: False. Legal help requested: True.",LP_FINANCIAL_CYBER_FRAUD_001;LP_CYBER_REPORTING_001;LP_DIGITAL_EVIDENCE_001,0,False,5,4,True,team-reviewed,REV881,validation
GOUT000016_EN,SCN000016,NAR000016_EN,en,ANS000112;ANS000113;ANS000114;ANS000115;ANS000116;ANS000117;ANS000118;ANS000119;ANS000120;ANS000121;ANS000122;ANS000123;ANS000124;ANS000125;ANS000126,EVT000016_001;EVT000016_002,"1. On the date of 2026-06-27, a highly contentious domestic incident manifesting as economic deprivation occurred within the private residence. 2. The conflict reportedly originated from long-standing domestic pressures and rapidly intensified into aggressive behavior around 05:45.","You reported a domestic violence matter about economic deprivation at Apartment on 2023-01-29 around 05:45. The record notes danger status as No, threat mentioned as True, injury mentioned as False, and police contact as False.","incident_family=Domestic Violence | issue=Economic deprivation | place=Apartment, Tamil Nadu, India | date_time=2023-01-29 05:45 | events=EVT000016_001;EVT000016_002 | property_involved=False | threat_involved=True | injury_involved=False | open_questions=partially_provided: relationship_to_offender, current_shelter_safety | optional: children_or_dependents, evidence_available | missing: injury_or_medical_need","To the concerned authority, I wish to report that on 2023-01-29 around 05:45, at Apartment, I experienced/reported an incident described as Economic deprivation. My account is: On the date of 2026-06-27, a highly contentious domestic incident manifesting as economic deprivation occurred within the private residence. The conflict reportedly originated from long-standing domestic pressures and rapidly intensified into aggressive behavior around 05:45. The victim sustained significant psychological and physical strain before external family structures could be notified. Local authorities are reviewing the continuous pattern of behavior under the protection laws of the jurisdiction.. I request that the information be recorded, that appropriate lawful guidance or action be considered, and that I be told if any further documents or details are needed. This draft does not assert guilt, authenticate evidence, or state that an FIR has already been filed.","Case intake: Domestic Violence / Economic deprivation; location Apartment, Tamil Nadu; incident date/time 2023-01-29 05:45; danger=No; threat=True; injury=False; property=False; police_contacted=False; legal_help_requested=True; event_ids=EVT000016_001;EVT000016_002; key remaining gaps: partially_provided: relationship_to_offender, current_shelter_safety | optional: children_or_dependents, evidence_available | missing: injury_or_medical_need",Carry identity proof if needed; written timeline; location details; screenshots/photos/messages; receipts or documents where applicable; medical records if injury exists; property or account details if relevant; names/contact details of witnesses if safely available; copies of any prior complaint or authority response.,I have photos and messages related to the incident,"partially_provided: relationship_to_offender, current_shelter_safety | optional: children_or_dependents, evidence_available | missing: injury_or_medical_need",No contradiction linked in slot annotations or clarification answers.,"No immediate danger is recorded, but reassess safety before taking action. Prioritise safety planning, trusted support, medical documentation if needed, and legal-aid/protection options. Police already contacted: False. Legal help requested: True.",LP_DOMESTIC_VIOLENCE_001;LP_EMERGENCY_HELP_001;LP_LEGAL_AID_001,0,False,5,4,True,team-reviewed,REV504,test
GOUT000017_EN,SCN000017,NAR000017_EN,en,ANS000127;ANS000128;ANS000129;ANS000130;ANS000131;ANS000132;ANS000133;ANS000134;ANS000135;ANS000136;ANS000137;ANS000138;ANS000139;ANS000140;ANS000141,EVT000017_001;EVT000017_002,"1. The confrontation quickly turned into a domestic dispute, with one individual visibly projecting physical intimidation towards the other party before crowds gathered to separate them.. 2. The bystander reported observing a heated argument developing near the apartment around 06:00.","You reported a assault & threats matter about domestic dispute at Apartment on 2023-02-01 around 06:00. The record notes danger status as No, threat mentioned as True, injury mentioned as False, and police contact as False.","incident_family=Assault & Threats | issue=Domestic dispute | place=Apartment, Telangana, India | date_time=2023-02-01 06:00 | events=EVT000017_001;EVT000017_002 | property_involved=False | threat_involved=True | injury_involved=False | open_questions=missing: threat_or_attack_description, injury_details | optional: alleged_offender_identity, safe_place_available, medical_help_status","To the concerned authority, I wish to report that on 2023-02-01 around 06:00, at Apartment, I experienced/reported an incident described as Domestic dispute. My account is: The bystander reported observing a heated argument developing near the apartment around 06:00. The confrontation quickly turned into a domestic dispute, with one individual visibly projecting physical intimidation towards the other party before crowds gathered to separate them.. I request that the information be recorded, that appropriate lawful guidance or action be considered, and that I be told if any further documents or details are needed. This draft does not assert guilt, authenticate evidence, or state that an FIR has already been filed.","Case intake: Assault & Threats / Domestic dispute; location Apartment, Telangana; incident date/time 2023-02-01 06:00; danger=No; threat=True; injury=False; property=False; police_contacted=False; legal_help_requested=True; event_ids=EVT000017_001;EVT000017_002; key remaining gaps: missing: threat_or_attack_description, injury_details | optional: alleged_offender_identity, safe_place_available, medical_help_status",Carry identity proof if needed; written timeline; location details; screenshots/photos/messages; receipts or documents where applicable; medical records if injury exists; property or account details if relevant; names/contact details of witnesses if safely available; copies of any prior complaint or authority response.,"No specific evidence item is confirmed; ask user to preserve screenshots, documents, photos, receipts, and messages where available.","missing: threat_or_attack_description, injury_details | optional: alleged_offender_identity, safe_place_available, medical_help_status",No contradiction linked in slot annotations or clarification answers.,"No immediate danger is recorded, but reassess safety before taking action. If threat or injury exists, seek safety and medical support; preserve messages, witness details, and complaint facts. Police already contacted: False. Legal help requested: True.",LP_CRIME_REPORTING_001;LP_EMERGENCY_HELP_001;LP_FIR_PROCESS_001,0,False,5,4,True,team-reviewed,REV126,test
GOUT000018_EN,SCN000018,NAR000018_EN,en,ANS000142;ANS000143;ANS000144;ANS000145;ANS000146;ANS000147;ANS000148;ANS000149;ANS000150;ANS000151;ANS000152;ANS000153,EVT000018_001;EVT000018_002,"1. I realized it was a total ransomware attack when my savings started moving out. 2. So I clicked this link thinking it was an official notification around 16:02 yesterday, and suddenly I was locked out of my account.","You reported a cybercrime matter about ransomware attack at Shop on 2023-02-03 around 16:02. The record notes danger status as No, threat mentioned as True, injury mentioned as False, and police contact as True.","incident_family=Cybercrime | issue=Ransomware attack | place=Shop, Telangana, India | date_time=2023-02-03 16:02 | events=EVT000018_001;EVT000018_002 | property_involved=True | threat_involved=True | injury_involved=False | open_questions=optional: digital_evidence, suspect_or_sender_identity, security_steps_taken | partially_provided: ongoing_access_risk","To the concerned authority, I wish to report that on 2023-02-03 around 16:02, at Shop, I experienced/reported an incident described as Ransomware attack. My account is: So I clicked this link thinking it was an official notification around 16:02 yesterday, and suddenly I was locked out of my account. I realized it was a total ransomware attack when my savings started moving out. I'm completely panicking right now.. I request that the information be recorded, that appropriate lawful guidance or action be considered, and that I be told if any further documents or details are needed. This draft does not assert guilt, authenticate evidence, or state that an FIR has already been filed.","Case intake: Cybercrime / Ransomware attack; location Shop, Telangana; incident date/time 2023-02-03 16:02; danger=No; threat=True; injury=False; property=True; police_contacted=True; legal_help_requested=True; event_ids=EVT000018_001;EVT000018_002; key remaining gaps: optional: digital_evidence, suspect_or_sender_identity, security_steps_taken | partially_provided: ongoing_access_risk",Carry identity proof if needed; written timeline; location details; screenshots/photos/messages; receipts or documents where applicable; medical records if injury exists; property or account details if relevant; names/contact details of witnesses if safely available; copies of any prior complaint or authority response.,"Screenshots, suspicious link, login alert, and transaction message are available","optional: digital_evidence, suspect_or_sender_identity, security_steps_taken | partially_provided: ongoing_access_risk",No contradiction linked in slot annotations or clarification answers.,"No immediate danger is recorded, but reassess safety before taking action. Preserve digital evidence, secure accounts, notify bank/platform if relevant, and use cyber reporting channels. Police already contacted: True. Legal help requested: True.",LP_CYBER_REPORTING_001;LP_ACCOUNT_SECURITY_001;LP_DIGITAL_EVIDENCE_001;LP_FINANCIAL_CYBER_FRAUD_001,0,False,5,4,True,team-reviewed,REV685,test
GOUT000019_EN,SCN000019,NAR000019_EN,en,ANS000154;ANS000155;ANS000156;ANS000157;ANS000158;ANS000159;ANS000160;ANS000161;ANS000162;ANS000163;ANS000164;ANS000165;ANS000166;ANS000167;ANS000168;ANS000169;ANS000170;ANS000171,EVT000019_001;EVT000019_002,1. An incident of domestic distress categorized as dowry harassment occurred inside a residential premises at 16:38. 2. An incident of domestic distress categorized as dowry harassment occurred inside a residential premises at 16:38.,"You reported a domestic violence matter about dowry harassment at Workplace on 2023-02-03 around 16:38. The record notes danger status as Yes, threat mentioned as True, injury mentioned as False, and police contact as True.","incident_family=Domestic Violence | issue=Dowry harassment | place=Workplace, Maharashtra, India | date_time=2023-02-03 16:38 | events=EVT000019_001;EVT000019_002 | property_involved=False | threat_involved=True | injury_involved=False | open_questions=partially_provided: relationship_to_offender | optional: children_or_dependents, prior_incident_pattern, evidence_available, support_person_contact | missing: injury_or_medical_need","To the concerned authority, I wish to report that on 2023-02-03 around 16:38, at Workplace, I experienced/reported an incident described as Dowry harassment. My account is: An incident of domestic distress categorized as dowry harassment occurred inside a residential premises at 16:38. The dispute caused a severe breach of domestic peace, requiring immediate support and mediation for the affected individuals.. I request that the information be recorded, that appropriate lawful guidance or action be considered, and that I be told if any further documents or details are needed. This draft does not assert guilt, authenticate evidence, or state that an FIR has already been filed.","Case intake: Domestic Violence / Dowry harassment; location Workplace, Maharashtra; incident date/time 2023-02-03 16:38; danger=Yes; threat=True; injury=False; property=False; police_contacted=True; legal_help_requested=True; event_ids=EVT000019_001;EVT000019_002; key remaining gaps: partially_provided: relationship_to_offender | optional: children_or_dependents, prior_incident_pattern, evidence_available, support_person_contact | missing: injury_or_medical_need",Carry identity proof if needed; written timeline; location details; screenshots/photos/messages; receipts or documents where applicable; medical records if injury exists; property or account details if relevant; names/contact details of witnesses if safely available; copies of any prior complaint or authority response.,I have photos and messages related to the incident,"partially_provided: relationship_to_offender | optional: children_or_dependents, prior_incident_pattern, evidence_available, support_person_contact | missing: injury_or_medical_need",No contradiction linked in slot annotations or clarification answers.,"Prioritise immediate safety and emergency assistance before document preparation. Prioritise safety planning, trusted support, medical documentation if needed, and legal-aid/protection options. Police already contacted: True. Legal help requested: True.",LP_DOMESTIC_VIOLENCE_001;LP_EMERGENCY_HELP_001;LP_LEGAL_AID_001,0,False,5,4,True,team-reviewed,REV672,Train
GOUT000020_EN,SCN000020,NAR000020_EN,en,ANS000172;ANS000173;ANS000174;ANS000175;ANS000176;ANS000177;ANS000178;ANS000179;ANS000180,EVT000020_001;EVT000020_002,1. A transactional incident concerning expired or contaminated goods sale broke out at the local kirana store at 23:11. 2. A transactional incident concerning expired or contaminated goods sale broke out at the local kirana store at 23:11.,"You reported a consumer disputes matter about expired or contaminated goods sale at Kirana store on 2023-02-06 around 23:11. The record notes danger status as No, threat mentioned as False, injury mentioned as False, and police contact as True.","incident_family=Consumer Disputes | issue=Expired or contaminated goods sale | place=Kirana store, Tamil Nadu, India | date_time=2023-02-06 23:11 | events=EVT000020_001;EVT000020_002 | property_involved=True | threat_involved=False | injury_involved=False | open_questions=partially_provided: product_or_service | missing: refund_or_remedy_requested | optional: evidence_available","To the concerned authority, I wish to report that on 2023-02-06 around 23:11, at Kirana store, I experienced/reported an incident described as Expired or contaminated goods sale. My account is: A transactional incident concerning expired or contaminated goods sale broke out at the local kirana store at 23:11. The buyer alleged a direct breach of contractual terms regarding product quality or billing accuracy, resulting in an active consumer dispute.. I request that the information be recorded, that appropriate lawful guidance or action be considered, and that I be told if any further documents or details are needed. This draft does not assert guilt, authenticate evidence, or state that an FIR has already been filed.","Case intake: Consumer Disputes / Expired or contaminated goods sale; location Kirana store, Tamil Nadu; incident date/time 2023-02-06 23:11; danger=No; threat=False; injury=False; property=True; police_contacted=True; legal_help_requested=True; event_ids=EVT000020_001;EVT000020_002; key remaining gaps: partially_provided: product_or_service | missing: refund_or_remedy_requested | optional: evidence_available",Carry identity proof if needed; written timeline; location details; screenshots/photos/messages; receipts or documents where applicable; medical records if injury exists; property or account details if relevant; names/contact details of witnesses if safely available; copies of any prior complaint or authority response.,A transactional incident concerning expired or contaminated goods sale broke out at the local kirana store at 23:11; I have the payment screenshot and chat with the seller,partially_provided: product_or_service | missing: refund_or_remedy_requested | optional: evidence_available,No contradiction linked in slot annotations or clarification answers.,"No immediate danger is recorded, but reassess safety before taking action. Prepare payment proof, seller communication, product/service details, and consider consumer grievance or platform escalation. Police already contacted: True. Legal help requested: True.",LP_CONSUMER_COMPLAINT_001;LP_REFUND_RIGHTS_001;LP_ECOMMERCE_001,0,False,5,4,True,team-reviewed,REV766,test
GOUT000021_EN,SCN000021,NAR000021_EN,en,ANS000181;ANS000182;ANS000183;ANS000184;ANS000185;ANS000186;ANS000187;ANS000188;ANS000189;ANS000190;ANS000191;ANS000192;ANS000193;ANS000194;ANS000195,EVT000021_001;EVT000021_002,"1. The confrontation quickly turned into a domestic dispute, with one individual visibly projecting physical intimidation towards the other party before crowds gathered to separate them.. 2. The bystander reported observing a heated argument developing near the apartment around 01:26.","You reported a assault & threats matter about domestic dispute at Apartment on 2023-02-08 around 01:26. The record notes danger status as No, threat mentioned as True, injury mentioned as False, and police contact as True.","incident_family=Assault & Threats | issue=Domestic dispute | place=Apartment, Tamil Nadu, India | date_time=2023-02-08 01:26 | events=EVT000021_001;EVT000021_002 | property_involved=True | threat_involved=True | injury_involved=False | open_questions=missing: threat_or_attack_description, injury_details | optional: alleged_offender_identity, safe_place_available, medical_help_status","To the concerned authority, I wish to report that on 2023-02-08 around 01:26, at Apartment, I experienced/reported an incident described as Domestic dispute. My account is: The bystander reported observing a heated argument developing near the apartment around 01:26. The confrontation quickly turned into a domestic dispute, with one individual visibly projecting physical intimidation towards the other party before crowds gathered to separate them.. I request that the information be recorded, that appropriate lawful guidance or action be considered, and that I be told if any further documents or details are needed. This draft does not assert guilt, authenticate evidence, or state that an FIR has already been filed.","Case intake: Assault & Threats / Domestic dispute; location Apartment, Tamil Nadu; incident date/time 2023-02-08 01:26; danger=No; threat=True; injury=False; property=True; police_contacted=True; legal_help_requested=True; event_ids=EVT000021_001;EVT000021_002; key remaining gaps: missing: threat_or_attack_description, injury_details | optional: alleged_offender_identity, safe_place_available, medical_help_status",Carry identity proof if needed; written timeline; location details; screenshots/photos/messages; receipts or documents where applicable; medical records if injury exists; property or account details if relevant; names/contact details of witnesses if safely available; copies of any prior complaint or authority response.,"No specific evidence item is confirmed; ask user to preserve screenshots, documents, photos, receipts, and messages where available.","missing: threat_or_attack_description, injury_details | optional: alleged_offender_identity, safe_place_available, medical_help_status",No contradiction linked in slot annotations or clarification answers.,"No immediate danger is recorded, but reassess safety before taking action. If threat or injury exists, seek safety and medical support; preserve messages, witness details, and complaint facts. Police already contacted: True. Legal help requested: True.",LP_CRIME_REPORTING_001;LP_EMERGENCY_HELP_001;LP_FIR_PROCESS_001,0,False,5,4,True,team-reviewed,REV641,test
GOUT000022_EN,SCN000022,NAR000022_EN,en,NONE,EVT000022_001;EVT000022_002,"1. On the date of 2026-07-07, a serious municipal roadway incident manifesting as reckless driving confrontation transpired on the specified road at approximately 18:01 hours. 2. Local emergency response teams arrived on site to manage structural debris and administer medical assistance where relevant, while investigating officers initiated standard vehicle documentation checks within the state jurisdiction..","You reported a traffic & road incidents matter about reckless driving confrontation at Road on 2023-02-13 around 18:01. The record notes danger status as No, threat mentioned as True, injury mentioned as True, and police contact as False.","incident_family=Traffic & Road Incidents | issue=Reckless driving confrontation | place=Road, Karnataka, India | date_time=2023-02-13 18:01 | events=EVT000022_001;EVT000022_002 | property_involved=False | threat_involved=True | injury_involved=True | open_questions=No critical unanswered mandatory fields remain after clarification simulation.","To the concerned authority, I wish to report that on 2023-02-13 around 18:01, at Road, I experienced/reported an incident described as Reckless driving confrontation. My account is: On the date of 2026-07-07, a serious municipal roadway incident manifesting as reckless driving confrontation transpired on the specified road at approximately 18:01 hours. The collision metrics indicate high impact speeds or deliberate disregard for active traffic control mechanisms, resulting in secondary vehicle damage. Local emergency response teams arrived on site to manage structural debris and administer medical assistance where relevant, while investigating officers initiated standard vehicle documentation checks within the state jurisdiction.. I request that the information be recorded, that appropriate lawful guidance or action be considered, and that I be told if any further documents or details are needed. This draft does not assert guilt, authenticate evidence, or state that an FIR has already been filed.","Case intake: Traffic & Road Incidents / Reckless driving confrontation; location Road, Karnataka; incident date/time 2023-02-13 18:01; danger=No; threat=True; injury=True; property=False; police_contacted=False; legal_help_requested=False; event_ids=EVT000022_001;EVT000022_002; key remaining gaps: No critical unanswered mandatory fields remain after clarification simulation.",Carry identity proof if needed; written timeline; location details; screenshots/photos/messages; receipts or documents where applicable; medical records if injury exists; property or account details if relevant; names/contact details of witnesses if safely available; copies of any prior complaint or authority response.,"No specific evidence item is confirmed; ask user to preserve screenshots, documents, photos, receipts, and messages where available.",No critical unanswered mandatory fields remain after clarification simulation.,No contradiction linked in slot annotations or clarification answers.,"No immediate danger is recorded, but reassess safety before taking action. Record vehicle details, photos, injury and damage information, witnesses, and insurance/police documents. Police already contacted: False. Legal help requested: False.",LP_TRAFFIC_ACCIDENT_001;LP_HIT_AND_RUN_001;LP_MOTOR_CLAIM_001,0,False,5,5,True,team-reviewed,REV518,test
GOUT000023_EN,SCN000023,NAR000023_EN,en,ANS000196;ANS000197;ANS000198;ANS000199;ANS000200;ANS000201;ANS000202;ANS000203;ANS000204;ANS000205;ANS000206;ANS000207,EVT000023_001;EVT000023_002,"1. On the date of 2026-07-11, a major incidence of vehicle theft was executed at the designated roadside under complex environmental circumstances. 2. Emergency services were notified subsequently, initiating a localized investigation into the security vulnerabilities of this particular jurisdiction..","You reported a theft and robbery matter about vehicle theft at Roadside on 2023-02-15 around 07:24. The record notes danger status as No, threat mentioned as False, injury mentioned as False, and police contact as True.","incident_family=Theft and robbery | issue=Vehicle theft | place=Roadside, Tamil Nadu, India | date_time=2023-02-15 07:24 | events=EVT000023_001;EVT000023_002 | property_involved=True | threat_involved=False | injury_involved=False | open_questions=partially_provided: property_type, property_description | missing: ownership_information, force_or_threat_used","To the concerned authority, I wish to report that on 2023-02-15 around 07:24, at Roadside, I experienced/reported an incident described as Vehicle theft. My account is: On the date of 2026-07-11, a major incidence of vehicle theft was executed at the designated roadside under complex environmental circumstances. The perpetrator leveraged the crowded nature of the location to approach undetected, exploiting a momentary lapse in security vigilance. Following the commission of the act, the individual navigated through the exit corridors effectively evading immediate pursuit. Emergency services were notified subsequently, initiating a localized investigation into the security vulnerabilities of this particular jurisdiction.. I request that the information be recorded, that appropriate lawful guidance or action be considered, and that I be told if any further documents or details are needed. This draft does not assert guilt, authenticate evidence, or state that an FIR has already been filed.","Case intake: Theft and robbery / Vehicle theft; location Roadside, Tamil Nadu; incident date/time 2023-02-15 07:24; danger=No; threat=False; injury=False; property=True; police_contacted=True; legal_help_requested=True; event_ids=EVT000023_001;EVT000023_002; key remaining gaps: partially_provided: property_type, property_description | missing: ownership_information, force_or_threat_used",Carry identity proof if needed; written timeline; location details; screenshots/photos/messages; receipts or documents where applicable; medical records if injury exists; property or account details if relevant; names/contact details of witnesses if safely available; copies of any prior complaint or authority response.,"I can show possession through receipts, photos, or property documents","partially_provided: property_type, property_description | missing: ownership_information, force_or_threat_used",No contradiction linked in slot annotations or clarification answers.,"No immediate danger is recorded, but reassess safety before taking action. Prepare property details, location, timing, suspect description if known, and police complaint materials. Police already contacted: True. Legal help requested: True.",LP_CRIME_REPORTING_001;LP_FIR_PROCESS_001;LP_DIGITAL_EVIDENCE_001,0,False,5,4,True,team-reviewed,REV957,test
GOUT000024_EN,SCN000024,NAR000024_EN,en,ANS000208;ANS000209;ANS000210;ANS000211;ANS000212;ANS000213;ANS000214;ANS000215;ANS000216,EVT000024_001;EVT000024_002,"1. So I was driving along the road around 11:42 today, when this car suddenly sped out and caused a complete drunk driving accident! 2. The driver didn't even stop to check if anyone was hurt, they just accelerated away immediately.","You reported a traffic & road incidents matter about drunk driving accident at Road on 2023-02-19 around 11:42. The record notes danger status as No, threat mentioned as False, injury mentioned as False, and police contact as True.","incident_family=Traffic & Road Incidents | issue=Drunk driving accident | place=Road, Maharashtra, India | date_time=2023-02-19 11:42 | events=EVT000024_001;EVT000024_002 | property_involved=True | threat_involved=False | injury_involved=False | open_questions=missing: injury_details, property_damage | optional: traffic_obstruction","To the concerned authority, I wish to report that on 2023-02-19 around 11:42, at Road, I experienced/reported an incident described as Drunk driving accident. My account is: So I was driving along the road around 11:42 today, when this car suddenly sped out and caused a complete drunk driving accident! The driver didn't even stop to check if anyone was hurt, they just accelerated away immediately. I'm still shaking from the shock.. I request that the information be recorded, that appropriate lawful guidance or action be considered, and that I be told if any further documents or details are needed. This draft does not assert guilt, authenticate evidence, or state that an FIR has already been filed.","Case intake: Traffic & Road Incidents / Drunk driving accident; location Road, Maharashtra; incident date/time 2023-02-19 11:42; danger=No; threat=False; injury=False; property=True; police_contacted=True; legal_help_requested=False; event_ids=EVT000024_001;EVT000024_002; key remaining gaps: missing: injury_details, property_damage | optional: traffic_obstruction",Carry identity proof if needed; written timeline; location details; screenshots/photos/messages; receipts or documents where applicable; medical records if injury exists; property or account details if relevant; names/contact details of witnesses if safely available; copies of any prior complaint or authority response.,"No specific evidence item is confirmed; ask user to preserve screenshots, documents, photos, receipts, and messages where available.","missing: injury_details, property_damage | optional: traffic_obstruction",No contradiction linked in slot annotations or clarification answers.,"No immediate danger is recorded, but reassess safety before taking action. Record vehicle details, photos, injury and damage information, witnesses, and insurance/police documents. Police already contacted: True. Legal help requested: False.",LP_TRAFFIC_ACCIDENT_001;LP_HIT_AND_RUN_001;LP_MOTOR_CLAIM_001,0,False,5,4,True,team-reviewed,REV139,test
GOUT000025_EN,SCN000025,NAR000025_EN,en,ANS000217;ANS000218;ANS000219,EVT000025_001;EVT000025_002,1. Complainant reports a structured financial offense falling under the category of insurance claim fraud at the workplace. 2. Audit trails have been preserved..,"You reported a financial fraud matter about insurance claim fraud at Workplace on 2023-02-20 around 10:05. The record notes danger status as No, threat mentioned as False, injury mentioned as False, and police contact as True.","incident_family=Financial Fraud | issue=Insurance claim fraud | place=Workplace, Tamil Nadu, India | date_time=2023-02-20 10:05 | events=EVT000025_001;EVT000025_002 | property_involved=True | threat_involved=False | injury_involved=False | open_questions=optional: institution_notified","To the concerned authority, I wish to report that on 2023-02-20 around 10:05, at Workplace, I experienced/reported an incident described as Insurance claim fraud. My account is: Complainant reports a structured financial offense falling under the category of insurance claim fraud at the workplace. The incident occurred on 2026-06-30 at approximately 10:05 hours, wherein deceptive documentation was presented to misappropriate corporate or individual monetary assets. Audit trails have been preserved.. I request that the information be recorded, that appropriate lawful guidance or action be considered, and that I be told if any further documents or details are needed. This draft does not assert guilt, authenticate evidence, or state that an FIR has already been filed.","Case intake: Financial Fraud / Insurance claim fraud; location Workplace, Tamil Nadu; incident date/time 2023-02-20 10:05; danger=No; threat=False; injury=False; property=True; police_contacted=True; legal_help_requested=True; event_ids=EVT000025_001;EVT000025_002; key remaining gaps: optional: institution_notified",Carry identity proof if needed; written timeline; location details; screenshots/photos/messages; receipts or documents where applicable; medical records if injury exists; property or account details if relevant; names/contact details of witnesses if safely available; copies of any prior complaint or authority response.,"The incident occurred on 2026-06-30 at approximately 10:05 hours, wherein deceptive documentation was presented to misappropriate corporate or individual monetary assets",optional: institution_notified,No contradiction linked in slot annotations or clarification answers.,"No immediate danger is recorded, but reassess safety before taking action. Notify the financial institution quickly, preserve transaction records, and consider police/cyber reporting depending on facts. Police already contacted: True. Legal help requested: True.",LP_FINANCIAL_CYBER_FRAUD_001;LP_CYBER_REPORTING_001;LP_DIGITAL_EVIDENCE_001,0,False,5,4,True,team-reviewed,REV988,test
GOUT000026_EN,SCN000026,NAR000026_EN,en,ANS000220;ANS000221;ANS000222;ANS000223;ANS000224;ANS000225;ANS000226;ANS000227;ANS000228,EVT000026_001;EVT000026_002,1. occurred just now around 05:18 hours. 2. anyone nearby please help or tell me where the nearest police booth is asap!!,"You reported a theft and robbery matter about online phishing theft at Mobile app on 2023-02-24 around 05:18. The record notes danger status as No, threat mentioned as False, injury mentioned as False, and police contact as False.","incident_family=Theft and robbery | issue=Online phishing theft | place=Mobile app, Tamil Nadu, India | date_time=2023-02-24 05:18 | events=EVT000026_001;EVT000026_002 | property_involved=True | threat_involved=False | injury_involved=False | open_questions=missing: ownership_information, force_or_threat_used | optional: suspect_description","To the concerned authority, I wish to report that on 2023-02-24 around 05:18, at Mobile app, I experienced/reported an incident described as Online phishing theft. My account is: omg someone just took my things at the Mobile app!!! occurred just now around 05:18 hours. anyone nearby please help or tell me where the nearest police booth is asap!! lost everything inside my bag. I request that the information be recorded, that appropriate lawful guidance or action be considered, and that I be told if any further documents or details are needed. This draft does not assert guilt, authenticate evidence, or state that an FIR has already been filed.","Case intake: Theft and robbery / Online phishing theft; location Mobile app, Tamil Nadu; incident date/time 2023-02-24 05:18; danger=No; threat=False; injury=False; property=True; police_contacted=False; legal_help_requested=True; event_ids=EVT000026_001;EVT000026_002; key remaining gaps: missing: ownership_information, force_or_threat_used | optional: suspect_description",Carry identity proof if needed; written timeline; location details; screenshots/photos/messages; receipts or documents where applicable; medical records if injury exists; property or account details if relevant; names/contact details of witnesses if safely available; copies of any prior complaint or authority response.,"I can show possession through receipts, photos, or property documents","missing: ownership_information, force_or_threat_used | optional: suspect_description",No contradiction linked in slot annotations or clarification answers.,"No immediate danger is recorded, but reassess safety before taking action. Prepare property details, location, timing, suspect description if known, and police complaint materials. Police already contacted: False. Legal help requested: True.",LP_CRIME_REPORTING_001;LP_FIR_PROCESS_001;LP_DIGITAL_EVIDENCE_001,0,False,5,4,True,team-reviewed,REV371,validation
GOUT000027_EN,SCN000027,NAR000027_EN,en,ANS000229;ANS000230;ANS000231;ANS000232;ANS000233;ANS000234,EVT000027_001;EVT000027_002,1. A transactional incident concerning refusal of service refund broke out at the local online platform at 01:01. 2. A transactional incident concerning refusal of service refund broke out at the local online platform at 01:01.,"You reported a consumer disputes matter about refusal of service refund at Online platform on 2023-02-24 around 01:01. The record notes danger status as No, threat mentioned as False, injury mentioned as False, and police contact as True.","incident_family=Consumer Disputes | issue=Refusal of service refund | place=Online platform, Gujarat, India | date_time=2023-02-24 01:01 | events=EVT000027_001;EVT000027_002 | property_involved=True | threat_involved=False | injury_involved=False | open_questions=partially_provided: product_or_service | optional: evidence_available","To the concerned authority, I wish to report that on 2023-02-24 around 01:01, at Online platform, I experienced/reported an incident described as Refusal of service refund. My account is: A transactional incident concerning refusal of service refund broke out at the local online platform at 01:01. The buyer alleged a direct breach of contractual terms regarding product quality or billing accuracy, resulting in an active consumer dispute.. I request that the information be recorded, that appropriate lawful guidance or action be considered, and that I be told if any further documents or details are needed. This draft does not assert guilt, authenticate evidence, or state that an FIR has already been filed.","Case intake: Consumer Disputes / Refusal of service refund; location Online platform, Gujarat; incident date/time 2023-02-24 01:01; danger=No; threat=False; injury=False; property=True; police_contacted=True; legal_help_requested=True; event_ids=EVT000027_001;EVT000027_002; key remaining gaps: partially_provided: product_or_service | optional: evidence_available",Carry identity proof if needed; written timeline; location details; screenshots/photos/messages; receipts or documents where applicable; medical records if injury exists; property or account details if relevant; names/contact details of witnesses if safely available; copies of any prior complaint or authority response.,A transactional incident concerning refusal of service refund broke out at the local online platform at 01:01; I have the payment screenshot and chat with the seller,partially_provided: product_or_service | optional: evidence_available,No contradiction linked in slot annotations or clarification answers.,"No immediate danger is recorded, but reassess safety before taking action. Prepare payment proof, seller communication, product/service details, and consider consumer grievance or platform escalation. Police already contacted: True. Legal help requested: True.",LP_CONSUMER_COMPLAINT_001;LP_REFUND_RIGHTS_001;LP_ECOMMERCE_001,0,False,5,4,True,team-reviewed,REV246,test
GOUT000028_EN,SCN000028,NAR000028_EN,en,ANS000235;ANS000236;ANS000237;ANS000238;ANS000239;ANS000240;ANS000241;ANS000242;ANS000243;ANS000244;ANS000245;ANS000246,EVT000028_001;EVT000028_002,"1. I realized it was a total ransomware attack when my savings started moving out. 2. So I clicked this link thinking it was an official notification around 16:31 yesterday, and suddenly I was locked out of my account.","You reported a cybercrime matter about ransomware attack at Online platform on 2023-02-25 around 16:31. The record notes danger status as No, threat mentioned as True, injury mentioned as False, and police contact as False.","incident_family=Cybercrime | issue=Ransomware attack | place=Online platform, Karnataka, India | date_time=2023-02-25 16:31 | events=EVT000028_001;EVT000028_002 | property_involved=True | threat_involved=True | injury_involved=False | open_questions=optional: digital_evidence, suspect_or_sender_identity, security_steps_taken | partially_provided: ongoing_access_risk","To the concerned authority, I wish to report that on 2023-02-25 around 16:31, at Online platform, I experienced/reported an incident described as Ransomware attack. My account is: So I clicked this link thinking it was an official notification around 16:31 yesterday, and suddenly I was locked out of my account. I realized it was a total ransomware attack when my savings started moving out. I'm completely panicking right now.. I request that the information be recorded, that appropriate lawful guidance or action be considered, and that I be told if any further documents or details are needed. This draft does not assert guilt, authenticate evidence, or state that an FIR has already been filed.","Case intake: Cybercrime / Ransomware attack; location Online platform, Karnataka; incident date/time 2023-02-25 16:31; danger=No; threat=True; injury=False; property=True; police_contacted=False; legal_help_requested=True; event_ids=EVT000028_001;EVT000028_002; key remaining gaps: optional: digital_evidence, suspect_or_sender_identity, security_steps_taken | partially_provided: ongoing_access_risk",Carry identity proof if needed; written timeline; location details; screenshots/photos/messages; receipts or documents where applicable; medical records if injury exists; property or account details if relevant; names/contact details of witnesses if safely available; copies of any prior complaint or authority response.,"Screenshots, suspicious link, login alert, and transaction message are available","optional: digital_evidence, suspect_or_sender_identity, security_steps_taken | partially_provided: ongoing_access_risk",No contradiction linked in slot annotations or clarification answers.,"No immediate danger is recorded, but reassess safety before taking action. Preserve digital evidence, secure accounts, notify bank/platform if relevant, and use cyber reporting channels. Police already contacted: False. Legal help requested: True.",LP_CYBER_REPORTING_001;LP_ACCOUNT_SECURITY_001;LP_DIGITAL_EVIDENCE_001;LP_FINANCIAL_CYBER_FRAUD_001,0,False,5,4,True,team-reviewed,REV323,Train
GOUT000029_EN,SCN000029,NAR000029_EN,en,ANS000247;ANS000248;ANS000249;ANS000250;ANS000251;ANS000252;ANS000253;ANS000254;ANS000255,EVT000029_001;EVT000029_002,"1. On the date of 2026-06-20, a major incidence of chain snatching was executed at the designated road under complex environmental circumstances. 2. Emergency services were notified subsequently, initiating a localized investigation into the security vulnerabilities of this particular jurisdiction..","You reported a theft and robbery matter about chain snatching at Road on 2023-02-26 around 03:28. The record notes danger status as No, threat mentioned as True, injury mentioned as False, and police contact as False.","incident_family=Theft and robbery | issue=Chain snatching | place=Road, Telangana, India | date_time=2023-02-26 03:28 | events=EVT000029_001;EVT000029_002 | property_involved=True | threat_involved=True | injury_involved=False | open_questions=partially_provided: property_type, property_description | missing: ownership_information","To the concerned authority, I wish to report that on 2023-02-26 around 03:28, at Road, I experienced/reported an incident described as Chain snatching. My account is: On the date of 2026-06-20, a major incidence of chain snatching was executed at the designated road under complex environmental circumstances. The perpetrator leveraged the crowded nature of the location to approach undetected, exploiting a momentary lapse in security vigilance. Following the commission of the act, the individual navigated through the exit corridors effectively evading immediate pursuit. Emergency services were notified subsequently, initiating a localized investigation into the security vulnerabilities of this particular jurisdiction.. I request that the information be recorded, that appropriate lawful guidance or action be considered, and that I be told if any further documents or details are needed. This draft does not assert guilt, authenticate evidence, or state that an FIR has already been filed.","Case intake: Theft and robbery / Chain snatching; location Road, Telangana; incident date/time 2023-02-26 03:28; danger=No; threat=True; injury=False; property=True; police_contacted=False; legal_help_requested=False; event_ids=EVT000029_001;EVT000029_002; key remaining gaps: partially_provided: property_type, property_description | missing: ownership_information",Carry identity proof if needed; written timeline; location details; screenshots/photos/messages; receipts or documents where applicable; medical records if injury exists; property or account details if relevant; names/contact details of witnesses if safely available; copies of any prior complaint or authority response.,"I can show possession through receipts, photos, or property documents","partially_provided: property_type, property_description | missing: ownership_information",No contradiction linked in slot annotations or clarification answers.,"No immediate danger is recorded, but reassess safety before taking action. Prepare property details, location, timing, suspect description if known, and police complaint materials. Police already contacted: False. Legal help requested: False.",LP_CRIME_REPORTING_001;LP_FIR_PROCESS_001;LP_DIGITAL_EVIDENCE_001,0,False,5,4,True,team-reviewed,REV390,validation
GOUT000030_EN,SCN000030,NAR000030_EN,en,ANS000256;ANS000257;ANS000258;ANS000259;ANS000260;ANS000261;ANS000262;ANS000263;ANS000264,EVT000030_001;EVT000030_002,1. experiencing a severe inheritance property claim since 13:38. 2. guys please help they are trying to take over the House right now!!,"You reported a property disputes matter about inheritance property claim at House on 2023-02-28 around 13:38. The record notes danger status as No, threat mentioned as False, injury mentioned as False, and police contact as True.","incident_family=Property Disputes | issue=Inheritance property claim | place=House, West Bengal, India | date_time=2023-02-28 13:38 | events=EVT000030_001;EVT000030_002 | property_involved=True | threat_involved=False | injury_involved=False | open_questions=partially_provided: property_type, ownership_documents, current_possession","To the concerned authority, I wish to report that on 2023-02-28 around 13:38, at House, I experienced/reported an incident described as Inheritance property claim. My account is: guys please help they are trying to take over the House right now!! experiencing a severe inheritance property claim since 13:38. they brought workers and are breaking down boundaries. please check if anyone can come over fast. I request that the information be recorded, that appropriate lawful guidance or action be considered, and that I be told if any further documents or details are needed. This draft does not assert guilt, authenticate evidence, or state that an FIR has already been filed.","Case intake: Property Disputes / Inheritance property claim; location House, West Bengal; incident date/time 2023-02-28 13:38; danger=No; threat=False; injury=False; property=True; police_contacted=True; legal_help_requested=True; event_ids=EVT000030_001;EVT000030_002; key remaining gaps: partially_provided: property_type, ownership_documents, current_possession",Carry identity proof if needed; written timeline; location details; screenshots/photos/messages; receipts or documents where applicable; medical records if injury exists; property or account details if relevant; names/contact details of witnesses if safely available; copies of any prior complaint or authority response.,"experiencing a severe inheritance property claim since 13:38; I can show possession through receipts, photos, or property documents","partially_provided: property_type, ownership_documents, current_possession",No contradiction linked in slot annotations or clarification answers.,"No immediate danger is recorded, but reassess safety before taking action. Collect ownership/possession documents, photos of the site, opposing-party details, and avoid confrontation. Police already contacted: True. Legal help requested: True.",LP_PROPERTY_DISPUTE_001;LP_CRIME_REPORTING_001;LP_DIGITAL_EVIDENCE_001,0,False,5,4,True,team-reviewed,REV645,Train
GOUT000031_EN,SCN000031,NAR000031_EN,en,ANS000265;ANS000266;ANS000267,EVT000031_001;EVT000031_002,"1. On 2026-07-11 at approximately 11:15 hours, a vehicular incident classified as traffic signal violation dispute occurred on the designated road. 2. Case logged under regional motor vehicle acts..","You reported a traffic & road incidents matter about traffic signal violation dispute at Road on 2023-03-01 around 11:15. The record notes danger status as No, threat mentioned as False, injury mentioned as False, and police contact as False.","incident_family=Traffic & Road Incidents | issue=Traffic signal violation dispute | place=Road, Delhi, India | date_time=2023-03-01 11:15 | events=EVT000031_001;EVT000031_002 | property_involved=False | threat_involved=False | injury_involved=False | open_questions=missing: injury_details","To the concerned authority, I wish to report that on 2023-03-01 around 11:15, at Road, I experienced/reported an incident described as Traffic signal violation dispute. My account is: On 2026-07-11 at approximately 11:15 hours, a vehicular incident classified as traffic signal violation dispute occurred on the designated road. The offending vehicle failed to yield, causing impact and substantial structural damage. Case logged under regional motor vehicle acts.. I request that the information be recorded, that appropriate lawful guidance or action be considered, and that I be told if any further documents or details are needed. This draft does not assert guilt, authenticate evidence, or state that an FIR has already been filed.","Case intake: Traffic & Road Incidents / Traffic signal violation dispute; location Road, Delhi; incident date/time 2023-03-01 11:15; danger=No; threat=False; injury=False; property=False; police_contacted=False; legal_help_requested=True; event_ids=EVT000031_001;EVT000031_002; key remaining gaps: missing: injury_details",Carry identity proof if needed; written timeline; location details; screenshots/photos/messages; receipts or documents where applicable; medical records if injury exists; property or account details if relevant; names/contact details of witnesses if safely available; copies of any prior complaint or authority response.,"No specific evidence item is confirmed; ask user to preserve screenshots, documents, photos, receipts, and messages where available.",missing: injury_details,No contradiction linked in slot annotations or clarification answers.,"No immediate danger is recorded, but reassess safety before taking action. Record vehicle details, photos, injury and damage information, witnesses, and insurance/police documents. Police already contacted: False. Legal help requested: True.",LP_TRAFFIC_ACCIDENT_001;LP_HIT_AND_RUN_001;LP_MOTOR_CLAIM_001,0,False,5,4,True,team-reviewed,REV650,test
GOUT000032_EN,SCN000032,NAR000032_EN,en,ANS000268;ANS000269;ANS000270;ANS000271;ANS000272;ANS000273;ANS000274;ANS000275;ANS000276,EVT000032_001;EVT000032_002,"1. I realized it was a total online banking fraud when my savings started moving out. 2. So I clicked this link thinking it was an official notification around 22:48 yesterday, and suddenly I was locked out of my account.","You reported a cybercrime matter about online banking fraud at Mobile app on 2023-03-04 around 22:48. The record notes danger status as No, threat mentioned as False, injury mentioned as False, and police contact as False.","incident_family=Cybercrime | issue=Online banking fraud | place=Mobile app, Uttar Pradesh, India | date_time=2023-03-04 22:48 | events=EVT000032_001;EVT000032_002 | property_involved=True | threat_involved=False | injury_involved=False | open_questions=optional: digital_evidence, suspect_or_sender_identity | partially_provided: ongoing_access_risk","To the concerned authority, I wish to report that on 2023-03-04 around 22:48, at Mobile app, I experienced/reported an incident described as Online banking fraud. My account is: So I clicked this link thinking it was an official notification around 22:48 yesterday, and suddenly I was locked out of my account. I realized it was a total online banking fraud when my savings started moving out. I'm completely panicking right now.. I request that the information be recorded, that appropriate lawful guidance or action be considered, and that I be told if any further documents or details are needed. This draft does not assert guilt, authenticate evidence, or state that an FIR has already been filed.","Case intake: Cybercrime / Online banking fraud; location Mobile app, Uttar Pradesh; incident date/time 2023-03-04 22:48; danger=No; threat=False; injury=False; property=True; police_contacted=False; legal_help_requested=False; event_ids=EVT000032_001;EVT000032_002; key remaining gaps: optional: digital_evidence, suspect_or_sender_identity | partially_provided: ongoing_access_risk",Carry identity proof if needed; written timeline; location details; screenshots/photos/messages; receipts or documents where applicable; medical records if injury exists; property or account details if relevant; names/contact details of witnesses if safely available; copies of any prior complaint or authority response.,"Screenshots, suspicious link, login alert, and transaction message are available","optional: digital_evidence, suspect_or_sender_identity | partially_provided: ongoing_access_risk",No contradiction linked in slot annotations or clarification answers.,"No immediate danger is recorded, but reassess safety before taking action. Preserve digital evidence, secure accounts, notify bank/platform if relevant, and use cyber reporting channels. Police already contacted: False. Legal help requested: False.",LP_CYBER_REPORTING_001;LP_ACCOUNT_SECURITY_001;LP_DIGITAL_EVIDENCE_001;LP_FINANCIAL_CYBER_FRAUD_001,0,False,5,4,True,team-reviewed,REV663,validation
GOUT000033_EN,SCN000033,NAR000033_EN,en,ANS000277;ANS000278;ANS000279;ANS000280;ANS000281;ANS000282,EVT000033_001;EVT000033_002,"1. So I went to this showroom around 16:27 and explicitly paid for premium service, but I faced absolute false advertising and misrepresentation instead. 2. When I asked the manager to fix it or give my money back, they were super rude and completely brushed me off.","You reported a consumer disputes matter about false advertising and misrepresentation at Showroom on 2023-03-09 around 16:27. The record notes danger status as No, threat mentioned as True, injury mentioned as False, and police contact as False.","incident_family=Consumer Disputes | issue=False advertising and misrepresentation | place=Showroom, Telangana, India | date_time=2023-03-09 16:27 | events=EVT000033_001;EVT000033_002 | property_involved=True | threat_involved=True | injury_involved=False | open_questions=partially_provided: product_or_service | optional: evidence_available","To the concerned authority, I wish to report that on 2023-03-09 around 16:27, at Showroom, I experienced/reported an incident described as False advertising and misrepresentation. My account is: So I went to this showroom around 16:27 and explicitly paid for premium service, but I faced absolute false advertising and misrepresentation instead. When I asked the manager to fix it or give my money back, they were super rude and completely brushed me off. Never buying from here again.. I request that the information be recorded, that appropriate lawful guidance or action be considered, and that I be told if any further documents or details are needed. This draft does not assert guilt, authenticate evidence, or state that an FIR has already been filed.","Case intake: Consumer Disputes / False advertising and misrepresentation; location Showroom, Telangana; incident date/time 2023-03-09 16:27; danger=No; threat=True; injury=False; property=True; police_contacted=False; legal_help_requested=True; event_ids=EVT000033_001;EVT000033_002; key remaining gaps: partially_provided: product_or_service | optional: evidence_available",Carry identity proof if needed; written timeline; location details; screenshots/photos/messages; receipts or documents where applicable; medical records if injury exists; property or account details if relevant; names/contact details of witnesses if safely available; copies of any prior complaint or authority response.,"So I went to this showroom around 16:27 and explicitly paid for premium service, but I faced absolute false advertising and misrepresentation instead; I have the payment screenshot and chat with the seller",partially_provided: product_or_service | optional: evidence_available,No contradiction linked in slot annotations or clarification answers.,"No immediate danger is recorded, but reassess safety before taking action. Prepare payment proof, seller communication, product/service details, and consider consumer grievance or platform escalation. Police already contacted: False. Legal help requested: True.",LP_CONSUMER_COMPLAINT_001;LP_REFUND_RIGHTS_001;LP_ECOMMERCE_001,0,False,5,4,True,team-reviewed,REV103,test
GOUT000034_EN,SCN000034,NAR000034_EN,en,ANS000283;ANS000284;ANS000285,EVT000034_001;EVT000034_002,1. just had a huge fight with HR at the Showroom regarding workplace harassment around 07:33 today. 2. just had a huge fight with HR at the Showroom regarding workplace harassment around 07:33 today.,"You reported a employment/labour matter about workplace harassment at Showroom on 2023-03-13 around 07:33. The record notes danger status as No, threat mentioned as True, injury mentioned as False, and police contact as False.","incident_family=Employment/Labour | issue=Workplace harassment | place=Showroom, West Bengal, India | date_time=2023-03-13 07:33 | events=EVT000034_001;EVT000034_002 | property_involved=True | threat_involved=True | injury_involved=False | open_questions=optional: employment_documents","To the concerned authority, I wish to report that on 2023-03-13 around 07:33, at Showroom, I experienced/reported an incident described as Workplace harassment. My account is: hey guys bad news. just had a huge fight with HR at the Showroom regarding workplace harassment around 07:33 today. they are trying to cheat us out of our terms or fire people arbitrarily. check your emails immediately, we need to stand together on this. I request that the information be recorded, that appropriate lawful guidance or action be considered, and that I be told if any further documents or details are needed. This draft does not assert guilt, authenticate evidence, or state that an FIR has already been filed.","Case intake: Employment/Labour / Workplace harassment; location Showroom, West Bengal; incident date/time 2023-03-13 07:33; danger=No; threat=True; injury=False; property=True; police_contacted=False; legal_help_requested=True; event_ids=EVT000034_001;EVT000034_002; key remaining gaps: optional: employment_documents",Carry identity proof if needed; written timeline; location details; screenshots/photos/messages; receipts or documents where applicable; medical records if injury exists; property or account details if relevant; names/contact details of witnesses if safely available; copies of any prior complaint or authority response.,"I have some emails and employment records, but not every document",optional: employment_documents,No contradiction linked in slot annotations or clarification answers.,"No immediate danger is recorded, but reassess safety before taking action. Collect employment documents, payslips, emails, HR communication, and wage/termination details. Police already contacted: False. Legal help requested: True.",LP_LABOUR_COMPLAINT_001;LP_WAGE_CLAIM_001;LP_LEGAL_AID_001,0,False,5,4,True,team-reviewed,REV326,test
GOUT000035_EN,SCN000035,NAR000035_EN,en,ANS000286;ANS000287;ANS000288;ANS000289;ANS000290;ANS000291;ANS000292;ANS000293;ANS000294;ANS000295;ANS000296;ANS000297,EVT000035_001;EVT000035_002,"1. The system administrator observed anomalous traffic originating from unauthorized servers around 15:20, confirming a systemwide phishing scam. 2. The system administrator observed anomalous traffic originating from unauthorized servers around 15:20, confirming a systemwide phishing scam.","You reported a cybercrime matter about phishing scam at Mobile app on 2023-03-15 around 15:20. The record notes danger status as No, threat mentioned as True, injury mentioned as False, and police contact as True.","incident_family=Cybercrime | issue=Phishing scam | place=Mobile app, Karnataka, India | date_time=2023-03-15 15:20 | events=EVT000035_001;EVT000035_002 | property_involved=True | threat_involved=True | injury_involved=False | open_questions=optional: digital_evidence, suspect_or_sender_identity, security_steps_taken | partially_provided: ongoing_access_risk","To the concerned authority, I wish to report that on 2023-03-15 around 15:20, at Mobile app, I experienced/reported an incident described as Phishing scam. My account is: The system administrator observed anomalous traffic originating from unauthorized servers around 15:20, confirming a systemwide phishing scam. The victim was actively manipulated into bypassing authentication protocols on the Mobile app platform.. I request that the information be recorded, that appropriate lawful guidance or action be considered, and that I be told if any further documents or details are needed. This draft does not assert guilt, authenticate evidence, or state that an FIR has already been filed.","Case intake: Cybercrime / Phishing scam; location Mobile app, Karnataka; incident date/time 2023-03-15 15:20; danger=No; threat=True; injury=False; property=True; police_contacted=True; legal_help_requested=True; event_ids=EVT000035_001;EVT000035_002; key remaining gaps: optional: digital_evidence, suspect_or_sender_identity, security_steps_taken | partially_provided: ongoing_access_risk",Carry identity proof if needed; written timeline; location details; screenshots/photos/messages; receipts or documents where applicable; medical records if injury exists; property or account details if relevant; names/contact details of witnesses if safely available; copies of any prior complaint or authority response.,"Screenshots, suspicious link, login alert, and transaction message are available","optional: digital_evidence, suspect_or_sender_identity, security_steps_taken | partially_provided: ongoing_access_risk",No contradiction linked in slot annotations or clarification answers.,"No immediate danger is recorded, but reassess safety before taking action. Preserve digital evidence, secure accounts, notify bank/platform if relevant, and use cyber reporting channels. Police already contacted: True. Legal help requested: True.",LP_CYBER_REPORTING_001;LP_ACCOUNT_SECURITY_001;LP_DIGITAL_EVIDENCE_001;LP_FINANCIAL_CYBER_FRAUD_001,0,False,5,4,True,team-reviewed,REV688,Train
GOUT000036_EN,SCN000036,NAR000036_EN,en,ANS000298;ANS000299;ANS000300;ANS000301;ANS000302;ANS000303;ANS000304;ANS000305;ANS000306;ANS000307;ANS000308;ANS000309,EVT000036_001;EVT000036_002,"1. A property conflict classified under illegal property possession was documented at the shop at 04:01. 2. The dispute involves contested boundaries and ownership titles, requiring civil or criminal mediation to preserve public order..","You reported a property disputes matter about illegal property possession at Shop on 2023-03-15 around 04:01. The record notes danger status as No, threat mentioned as False, injury mentioned as False, and police contact as False.","incident_family=Property Disputes | issue=Illegal property possession | place=Shop, West Bengal, India | date_time=2023-03-15 04:01 | events=EVT000036_001;EVT000036_002 | property_involved=True | threat_involved=False | injury_involved=False | open_questions=partially_provided: property_type, ownership_documents, current_possession | optional: opposing_party_identity","To the concerned authority, I wish to report that on 2023-03-15 around 04:01, at Shop, I experienced/reported an incident described as Illegal property possession. My account is: A property conflict classified under illegal property possession was documented at the shop at 04:01. The dispute involves contested boundaries and ownership titles, requiring civil or criminal mediation to preserve public order.. I request that the information be recorded, that appropriate lawful guidance or action be considered, and that I be told if any further documents or details are needed. This draft does not assert guilt, authenticate evidence, or state that an FIR has already been filed.","Case intake: Property Disputes / Illegal property possession; location Shop, West Bengal; incident date/time 2023-03-15 04:01; danger=No; threat=False; injury=False; property=True; police_contacted=False; legal_help_requested=True; event_ids=EVT000036_001;EVT000036_002; key remaining gaps: partially_provided: property_type, ownership_documents, current_possession | optional: opposing_party_identity",Carry identity proof if needed; written timeline; location details; screenshots/photos/messages; receipts or documents where applicable; medical records if injury exists; property or account details if relevant; names/contact details of witnesses if safely available; copies of any prior complaint or authority response.,"A property conflict classified under illegal property possession was documented at the shop at 04:01; I can show possession through receipts, photos, or property documents","partially_provided: property_type, ownership_documents, current_possession | optional: opposing_party_identity",No contradiction linked in slot annotations or clarification answers.,"No immediate danger is recorded, but reassess safety before taking action. Collect ownership/possession documents, photos of the site, opposing-party details, and avoid confrontation. Police already contacted: False. Legal help requested: True.",LP_PROPERTY_DISPUTE_001;LP_CRIME_REPORTING_001;LP_DIGITAL_EVIDENCE_001,0,False,5,4,True,team-reviewed,REV800,Train
GOUT000037_EN,SCN000037,NAR000037_EN,en,ANS000310;ANS000311;ANS000312;ANS000313;ANS000314;ANS000315;ANS000316;ANS000317;ANS000318;ANS000319;ANS000320;ANS000321,EVT000037_001;EVT000037_002,1. An incident of cyberstalking compromised security systems across the specified House at 16:59. 2. An incident of cyberstalking compromised security systems across the specified House at 16:59.,"You reported a cybercrime matter about cyberstalking at House on 2023-03-17 around 16:59. The record notes danger status as No, threat mentioned as True, injury mentioned as False, and police contact as True.","incident_family=Cybercrime | issue=Cyberstalking | place=House, West Bengal, India | date_time=2023-03-17 16:59 | events=EVT000037_001;EVT000037_002 | property_involved=False | threat_involved=True | injury_involved=False | open_questions=optional: financial_loss, digital_evidence, security_steps_taken | partially_provided: ongoing_access_risk","To the concerned authority, I wish to report that on 2023-03-17 around 16:59, at House, I experienced/reported an incident described as Cyberstalking. My account is: An incident of cyberstalking compromised security systems across the specified House at 16:59. Electronic credentials were manipulated remotely by unknown malicious actors, triggering secondary security protocols.. I request that the information be recorded, that appropriate lawful guidance or action be considered, and that I be told if any further documents or details are needed. This draft does not assert guilt, authenticate evidence, or state that an FIR has already been filed.","Case intake: Cybercrime / Cyberstalking; location House, West Bengal; incident date/time 2023-03-17 16:59; danger=No; threat=True; injury=False; property=False; police_contacted=True; legal_help_requested=False; event_ids=EVT000037_001;EVT000037_002; key remaining gaps: optional: financial_loss, digital_evidence, security_steps_taken | partially_provided: ongoing_access_risk",Carry identity proof if needed; written timeline; location details; screenshots/photos/messages; receipts or documents where applicable; medical records if injury exists; property or account details if relevant; names/contact details of witnesses if safely available; copies of any prior complaint or authority response.,"Screenshots, suspicious link, login alert, and transaction message are available","optional: financial_loss, digital_evidence, security_steps_taken | partially_provided: ongoing_access_risk",No contradiction linked in slot annotations or clarification answers.,"No immediate danger is recorded, but reassess safety before taking action. Preserve digital evidence, secure accounts, notify bank/platform if relevant, and use cyber reporting channels. Police already contacted: True. Legal help requested: False.",LP_CYBER_REPORTING_001;LP_ACCOUNT_SECURITY_001;LP_DIGITAL_EVIDENCE_001;LP_FINANCIAL_CYBER_FRAUD_001,0,False,5,4,True,team-reviewed,REV560,test
GOUT000038_EN,SCN000038,NAR000038_EN,en,ANS000322;ANS000323;ANS000324;ANS000325;ANS000326;ANS000327;ANS000328;ANS000329;ANS000330;ANS000331;ANS000332;ANS000333,EVT000038_001;EVT000038_002,"1. Complainant states that on 2026-07-02 at approximately 23:47 hours, an incident of pickpocketing occurred at Marketplace. 2. Property loss reported.","You reported a theft and robbery matter about pickpocketing at Marketplace on 2023-03-18 around 23:47. The record notes danger status as No, threat mentioned as False, injury mentioned as False, and police contact as True.","incident_family=Theft and robbery | issue=Pickpocketing | place=Marketplace, Tamil Nadu, India | date_time=2023-03-18 23:47 | events=EVT000038_001;EVT000038_002 | property_involved=True | threat_involved=False | injury_involved=False | open_questions=partially_provided: property_type, property_description, ownership_information | missing: force_or_threat_used","To the concerned authority, I wish to report that on 2023-03-18 around 23:47, at Marketplace, I experienced/reported an incident described as Pickpocketing. My account is: Complainant states that on 2026-07-02 at approximately 23:47 hours, an incident of pickpocketing occurred at Marketplace. The perpetrator description matches a male individual height approx 5'8"". Property loss reported. Case registered under relevant sections.. I request that the information be recorded, that appropriate lawful guidance or action be considered, and that I be told if any further documents or details are needed. This draft does not assert guilt, authenticate evidence, or state that an FIR has already been filed.","Case intake: Theft and robbery / Pickpocketing; location Marketplace, Tamil Nadu; incident date/time 2023-03-18 23:47; danger=No; threat=False; injury=False; property=True; police_contacted=True; legal_help_requested=True; event_ids=EVT000038_001;EVT000038_002; key remaining gaps: partially_provided: property_type, property_description, ownership_information | missing: force_or_threat_used",Carry identity proof if needed; written timeline; location details; screenshots/photos/messages; receipts or documents where applicable; medical records if injury exists; property or account details if relevant; names/contact details of witnesses if safely available; copies of any prior complaint or authority response.,"Case registered under relevant sections; I can show possession through receipts, photos, or property documents","partially_provided: property_type, property_description, ownership_information | missing: force_or_threat_used",No contradiction linked in slot annotations or clarification answers.,"No immediate danger is recorded, but reassess safety before taking action. Prepare property details, location, timing, suspect description if known, and police complaint materials. Police already contacted: True. Legal help requested: True.",LP_CRIME_REPORTING_001;LP_FIR_PROCESS_001;LP_DIGITAL_EVIDENCE_001,0,False,5,4,True,team-reviewed,REV888,Train
GOUT000039_EN,SCN000039,NAR000039_EN,en,ANS000334;ANS000335;ANS000336;ANS000337;ANS000338;ANS000339;ANS000340;ANS000341;ANS000342;ANS000343;ANS000344;ANS000345,EVT000039_001;EVT000039_002,1. Complainant reports a structural civil grievance regarding boundary wall dispute at the site located in plot. 2. Property ownership documents have been submitted for verification..,"You reported a property disputes matter about boundary wall dispute at Plot on 2023-03-18 around 12:32. The record notes danger status as No, threat mentioned as True, injury mentioned as False, and police contact as False.","incident_family=Property Disputes | issue=Boundary wall dispute | place=Plot, Maharashtra, India | date_time=2023-03-18 12:32 | events=EVT000039_001;EVT000039_002 | property_involved=True | threat_involved=True | injury_involved=False | open_questions=partially_provided: property_type, ownership_documents | optional: opposing_party_identity | missing: current_possession","To the concerned authority, I wish to report that on 2023-03-18 around 12:32, at Plot, I experienced/reported an incident described as Boundary wall dispute. My account is: Complainant reports a structural civil grievance regarding boundary wall dispute at the site located in plot. On 2026-07-07 at 12:32 hours, opposing parties gathered and attempted unauthorized physical alterations. Property ownership documents have been submitted for verification.. I request that the information be recorded, that appropriate lawful guidance or action be considered, and that I be told if any further documents or details are needed. This draft does not assert guilt, authenticate evidence, or state that an FIR has already been filed.","Case intake: Property Disputes / Boundary wall dispute; location Plot, Maharashtra; incident date/time 2023-03-18 12:32; danger=No; threat=True; injury=False; property=True; police_contacted=False; legal_help_requested=True; event_ids=EVT000039_001;EVT000039_002; key remaining gaps: partially_provided: property_type, ownership_documents | optional: opposing_party_identity | missing: current_possession",Carry identity proof if needed; written timeline; location details; screenshots/photos/messages; receipts or documents where applicable; medical records if injury exists; property or account details if relevant; names/contact details of witnesses if safely available; copies of any prior complaint or authority response.,"Property ownership documents have been submitted for verification; I can show possession through receipts, photos, or property documents","partially_provided: property_type, ownership_documents | optional: opposing_party_identity | missing: current_possession",No contradiction linked in slot annotations or clarification answers.,"No immediate danger is recorded, but reassess safety before taking action. Collect ownership/possession documents, photos of the site, opposing-party details, and avoid confrontation. Police already contacted: False. Legal help requested: True.",LP_PROPERTY_DISPUTE_001;LP_CRIME_REPORTING_001;LP_DIGITAL_EVIDENCE_001,0,False,5,4,True,team-reviewed,REV368,test
GOUT000040_EN,SCN000040,NAR000040_EN,en,ANS000346;ANS000347;ANS000348,EVT000040_001;EVT000040_002,1. Complainant registers a formal grievance concerning employer violations under the category of unfair termination at the designated online platform. 2. Corporate payroll and logs have been requested..,"You reported a employment/labour matter about unfair termination at Online platform on 2023-03-25 around 21:36. The record notes danger status as No, threat mentioned as False, injury mentioned as False, and police contact as False.","incident_family=Employment/Labour | issue=Unfair termination | place=Online platform, Karnataka, India | date_time=2023-03-25 21:36 | events=EVT000040_001;EVT000040_002 | property_involved=False | threat_involved=False | injury_involved=False | open_questions=optional: wage_or_benefit_amount","To the concerned authority, I wish to report that on 2023-03-25 around 21:36, at Online platform, I experienced/reported an incident described as Unfair termination. My account is: Complainant registers a formal grievance concerning employer violations under the category of unfair termination at the designated online platform. The incident occurred on 2026-07-02 at approximately 21:36 hours, wherein the management failed to comply with statutory labor provisions. Corporate payroll and logs have been requested.. I request that the information be recorded, that appropriate lawful guidance or action be considered, and that I be told if any further documents or details are needed. This draft does not assert guilt, authenticate evidence, or state that an FIR has already been filed.","Case intake: Employment/Labour / Unfair termination; location Online platform, Karnataka; incident date/time 2023-03-25 21:36; danger=No; threat=False; injury=False; property=False; police_contacted=False; legal_help_requested=True; event_ids=EVT000040_001;EVT000040_002; key remaining gaps: optional: wage_or_benefit_amount",Carry identity proof if needed; written timeline; location details; screenshots/photos/messages; receipts or documents where applicable; medical records if injury exists; property or account details if relevant; names/contact details of witnesses if safely available; copies of any prior complaint or authority response.,Corporate payroll and logs have been requested,optional: wage_or_benefit_amount,No contradiction linked in slot annotations or clarification answers.,"No immediate danger is recorded, but reassess safety before taking action. Collect employment documents, payslips, emails, HR communication, and wage/termination details. Police already contacted: False. Legal help requested: True.",LP_LABOUR_COMPLAINT_001;LP_WAGE_CLAIM_001;LP_LEGAL_AID_001,0,False,5,4,True,team-reviewed,REV613,validation
GOUT000041_EN,SCN000041,NAR000041_EN,en,ANS000349;ANS000350;ANS000351;ANS000352;ANS000353;ANS000354;ANS000355;ANS000356;ANS000357,EVT000041_001;EVT000041_002,"1. just discovered a major ponzi scheme investment fraud happened around 05:16 today. 2. unauthorized charges are showing up on multiple profiles, notify your branch manager asap.","You reported a financial fraud matter about ponzi scheme investment fraud at Online platform on 2023-03-30 around 05:16. The record notes danger status as No, threat mentioned as False, injury mentioned as False, and police contact as False.","incident_family=Financial Fraud | issue=Ponzi scheme investment fraud | place=Online platform, Uttar Pradesh, India | date_time=2023-03-30 05:16 | events=EVT000041_001;EVT000041_002 | property_involved=True | threat_involved=False | injury_involved=False | open_questions=optional: bank_or_wallet, transaction_identifier, documents_or_audit_trail","To the concerned authority, I wish to report that on 2023-03-30 around 05:16, at Online platform, I experienced/reported an incident described as Ponzi scheme investment fraud. My account is: guys freeze your accounts if you used that Online platform recently!! just discovered a major ponzi scheme investment fraud happened around 05:16 today. unauthorized charges are showing up on multiple profiles, notify your branch manager asap. I request that the information be recorded, that appropriate lawful guidance or action be considered, and that I be told if any further documents or details are needed. This draft does not assert guilt, authenticate evidence, or state that an FIR has already been filed.","Case intake: Financial Fraud / Ponzi scheme investment fraud; location Online platform, Uttar Pradesh; incident date/time 2023-03-30 05:16; danger=No; threat=False; injury=False; property=True; police_contacted=False; legal_help_requested=False; event_ids=EVT000041_001;EVT000041_002; key remaining gaps: optional: bank_or_wallet, transaction_identifier, documents_or_audit_trail",Carry identity proof if needed; written timeline; location details; screenshots/photos/messages; receipts or documents where applicable; medical records if injury exists; property or account details if relevant; names/contact details of witnesses if safely available; copies of any prior complaint or authority response.,"I can provide more details, but I need to check the exact information","optional: bank_or_wallet, transaction_identifier, documents_or_audit_trail",No contradiction linked in slot annotations or clarification answers.,"No immediate danger is recorded, but reassess safety before taking action. Notify the financial institution quickly, preserve transaction records, and consider police/cyber reporting depending on facts. Police already contacted: False. Legal help requested: False.",LP_FINANCIAL_CYBER_FRAUD_001;LP_CYBER_REPORTING_001;LP_DIGITAL_EVIDENCE_001,0,False,5,4,True,team-reviewed,REV709,Train
GOUT000042_EN,SCN000042,NAR000042_EN,en,ANS000358;ANS000359;ANS000360;ANS000361;ANS000362;ANS000363;ANS000364;ANS000365;ANS000366;ANS000367;ANS000368;ANS000369;ANS000370;ANS000371;ANS000372;ANS000373;ANS000374;ANS000375,EVT000042_001;EVT000042_002,"1. Then it escalated into a complete physical altercation and they said they'd hurt me if they saw me again. 2. I was just minding my own business at the hostel around 08:11, when this aggressive person started shouting at me out of nowhere.","You reported a assault & threats matter about physical altercation at Hostel on 2023-04-01 around 08:11. The record notes danger status as No, threat mentioned as True, injury mentioned as False, and police contact as False.","incident_family=Assault & Threats | issue=Physical altercation | place=Hostel, Telangana, India | date_time=2023-04-01 08:11 | events=EVT000042_001;EVT000042_002 | property_involved=False | threat_involved=True | injury_involved=False | open_questions=missing: threat_or_attack_description, injury_details | optional: alleged_offender_identity, witness_available, safe_place_available, medical_help_status","To the concerned authority, I wish to report that on 2023-04-01 around 08:11, at Hostel, I experienced/reported an incident described as Physical altercation. My account is: I was just minding my own business at the hostel around 08:11, when this aggressive person started shouting at me out of nowhere. Then it escalated into a complete physical altercation and they said they'd hurt me if they saw me again. Genuinely terrified.. I request that the information be recorded, that appropriate lawful guidance or action be considered, and that I be told if any further documents or details are needed. This draft does not assert guilt, authenticate evidence, or state that an FIR has already been filed.","Case intake: Assault & Threats / Physical altercation; location Hostel, Telangana; incident date/time 2023-04-01 08:11; danger=No; threat=True; injury=False; property=False; police_contacted=False; legal_help_requested=True; event_ids=EVT000042_001;EVT000042_002; key remaining gaps: missing: threat_or_attack_description, injury_details | optional: alleged_offender_identity, witness_available, safe_place_available, medical_help_status",Carry identity proof if needed; written timeline; location details; screenshots/photos/messages; receipts or documents where applicable; medical records if injury exists; property or account details if relevant; names/contact details of witnesses if safely available; copies of any prior complaint or authority response.,"No specific evidence item is confirmed; ask user to preserve screenshots, documents, photos, receipts, and messages where available.","missing: threat_or_attack_description, injury_details | optional: alleged_offender_identity, witness_available, safe_place_available, medical_help_status",No contradiction linked in slot annotations or clarification answers.,"No immediate danger is recorded, but reassess safety before taking action. If threat or injury exists, seek safety and medical support; preserve messages, witness details, and complaint facts. Police already contacted: False. Legal help requested: True.",LP_CRIME_REPORTING_001;LP_EMERGENCY_HELP_001;LP_FIR_PROCESS_001,0,False,5,4,True,team-reviewed,REV745,test
GOUT000043_EN,SCN000043,NAR000043_EN,en,ANS000376;ANS000377;ANS000378;ANS000379;ANS000380;ANS000381;ANS000382;ANS000383;ANS000384;ANS000385;ANS000386;ANS000387,EVT000043_001;EVT000043_002,"1. A swift incident of house burglary took place at the local house during peak hours. 2. The victim lost valuable items instantly, and the unidentified suspect fled immediately before any bystanders could intervene..","You reported a theft and robbery matter about house burglary at House on 2023-04-01 around 10:34. The record notes danger status as No, threat mentioned as False, injury mentioned as False, and police contact as True.","incident_family=Theft and robbery | issue=House burglary | place=House, Tamil Nadu, India | date_time=2023-04-01 10:34 | events=EVT000043_001;EVT000043_002 | property_involved=True | threat_involved=False | injury_involved=False | open_questions=partially_provided: property_type, property_description | missing: ownership_information, force_or_threat_used","To the concerned authority, I wish to report that on 2023-04-01 around 10:34, at House, I experienced/reported an incident described as House burglary. My account is: A swift incident of house burglary took place at the local house during peak hours. The victim lost valuable items instantly, and the unidentified suspect fled immediately before any bystanders could intervene.. I request that the information be recorded, that appropriate lawful guidance or action be considered, and that I be told if any further documents or details are needed. This draft does not assert guilt, authenticate evidence, or state that an FIR has already been filed.","Case intake: Theft and robbery / House burglary; location House, Tamil Nadu; incident date/time 2023-04-01 10:34; danger=No; threat=False; injury=False; property=True; police_contacted=True; legal_help_requested=True; event_ids=EVT000043_001;EVT000043_002; key remaining gaps: partially_provided: property_type, property_description | missing: ownership_information, force_or_threat_used",Carry identity proof if needed; written timeline; location details; screenshots/photos/messages; receipts or documents where applicable; medical records if injury exists; property or account details if relevant; names/contact details of witnesses if safely available; copies of any prior complaint or authority response.,"I can show possession through receipts, photos, or property documents","partially_provided: property_type, property_description | missing: ownership_information, force_or_threat_used",No contradiction linked in slot annotations or clarification answers.,"No immediate danger is recorded, but reassess safety before taking action. Prepare property details, location, timing, suspect description if known, and police complaint materials. Police already contacted: True. Legal help requested: True.",LP_CRIME_REPORTING_001;LP_FIR_PROCESS_001;LP_DIGITAL_EVIDENCE_001,0,False,5,4,True,team-reviewed,REV781,test
GOUT000044_EN,SCN000044,NAR000044_EN,en,ANS000388;ANS000389;ANS000390,EVT000044_001;EVT000044_002,1. just witnessed a crazy traffic signal violation dispute around 20:34 hours. 2. guys stay away from the Highway right now!,"You reported a traffic & road incidents matter about traffic signal violation dispute at Highway on 2023-04-04 around 20:34. The record notes danger status as No, threat mentioned as False, injury mentioned as False, and police contact as False.","incident_family=Traffic & Road Incidents | issue=Traffic signal violation dispute | place=Highway, Uttar Pradesh, India | date_time=2023-04-04 20:34 | events=EVT000044_001;EVT000044_002 | property_involved=False | threat_involved=False | injury_involved=False | open_questions=missing: injury_details","To the concerned authority, I wish to report that on 2023-04-04 around 20:34, at Highway, I experienced/reported an incident described as Traffic signal violation dispute. My account is: guys stay away from the Highway right now! just witnessed a crazy traffic signal violation dispute around 20:34 hours. cars are badly damaged and traffic is completely backed up. emergency services are arriving just now. I request that the information be recorded, that appropriate lawful guidance or action be considered, and that I be told if any further documents or details are needed. This draft does not assert guilt, authenticate evidence, or state that an FIR has already been filed.","Case intake: Traffic & Road Incidents / Traffic signal violation dispute; location Highway, Uttar Pradesh; incident date/time 2023-04-04 20:34; danger=No; threat=False; injury=False; property=False; police_contacted=False; legal_help_requested=True; event_ids=EVT000044_001;EVT000044_002; key remaining gaps: missing: injury_details",Carry identity proof if needed; written timeline; location details; screenshots/photos/messages; receipts or documents where applicable; medical records if injury exists; property or account details if relevant; names/contact details of witnesses if safely available; copies of any prior complaint or authority response.,"No specific evidence item is confirmed; ask user to preserve screenshots, documents, photos, receipts, and messages where available.",missing: injury_details,No contradiction linked in slot annotations or clarification answers.,"No immediate danger is recorded, but reassess safety before taking action. Record vehicle details, photos, injury and damage information, witnesses, and insurance/police documents. Police already contacted: False. Legal help requested: True.",LP_TRAFFIC_ACCIDENT_001;LP_HIT_AND_RUN_001;LP_MOTOR_CLAIM_001,0,False,5,4,True,team-reviewed,REV971,test
GOUT000045_EN,SCN000045,NAR000045_EN,en,ANS000391;ANS000392;ANS000393;ANS000394;ANS000395;ANS000396;ANS000397;ANS000398;ANS000399;ANS000400;ANS000401;ANS000402,EVT000045_001;EVT000045_002,1. pls help someone is targeting me with domestic dispute right now at the House!! 2. pls help someone is targeting me with domestic dispute right now at the House!!,"You reported a assault & threats matter about domestic dispute at House on 2023-04-05 around 22:13. The record notes danger status as No, threat mentioned as True, injury mentioned as False, and police contact as False.","incident_family=Assault & Threats | issue=Domestic dispute | place=House, Tamil Nadu, India | date_time=2023-04-05 22:13 | events=EVT000045_001;EVT000045_002 | property_involved=True | threat_involved=True | injury_involved=False | open_questions=missing: threat_or_attack_description, injury_details | optional: safe_place_available, medical_help_status","To the concerned authority, I wish to report that on 2023-04-05 around 22:13, at House, I experienced/reported an incident described as Domestic dispute. My account is: pls help someone is targeting me with domestic dispute right now at the House!! they are threatening to hit me or worse. happened around 22:13. is anyone nearby who can come stay with me? urgent. I request that the information be recorded, that appropriate lawful guidance or action be considered, and that I be told if any further documents or details are needed. This draft does not assert guilt, authenticate evidence, or state that an FIR has already been filed.","Case intake: Assault & Threats / Domestic dispute; location House, Tamil Nadu; incident date/time 2023-04-05 22:13; danger=No; threat=True; injury=False; property=True; police_contacted=False; legal_help_requested=True; event_ids=EVT000045_001;EVT000045_002; key remaining gaps: missing: threat_or_attack_description, injury_details | optional: safe_place_available, medical_help_status",Carry identity proof if needed; written timeline; location details; screenshots/photos/messages; receipts or documents where applicable; medical records if injury exists; property or account details if relevant; names/contact details of witnesses if safely available; copies of any prior complaint or authority response.,"No specific evidence item is confirmed; ask user to preserve screenshots, documents, photos, receipts, and messages where available.","missing: threat_or_attack_description, injury_details | optional: safe_place_available, medical_help_status",No contradiction linked in slot annotations or clarification answers.,"No immediate danger is recorded, but reassess safety before taking action. If threat or injury exists, seek safety and medical support; preserve messages, witness details, and complaint facts. Police already contacted: False. Legal help requested: True.",LP_CRIME_REPORTING_001;LP_EMERGENCY_HELP_001;LP_FIR_PROCESS_001,0,False,5,4,True,team-reviewed,REV126,validation
GOUT000046_EN,SCN000046,NAR000046_EN,en,ANS000403;ANS000404;ANS000405;ANS000406;ANS000407;ANS000408;ANS000409;ANS000410;ANS000411;ANS000412;ANS000413;ANS000414,EVT000046_001;EVT000046_002,"1. On the date of 2026-06-27, an advanced threat actor initiated an exploit categorized under social media hacking targeting remote infrastructures at approximately 14:01. 2. On the date of 2026-06-27, an advanced threat actor initiated an exploit categorized under social media hacking targeting remote infrastructures at approximately 14:01.","You reported a cybercrime matter about social media hacking at Online platform on 2023-04-06 around 14:01. The record notes danger status as No, threat mentioned as True, injury mentioned as False, and police contact as False.","incident_family=Cybercrime | issue=Social media hacking | place=Online platform, Delhi, India | date_time=2023-04-06 14:01 | events=EVT000046_001;EVT000046_002 | property_involved=False | threat_involved=True | injury_involved=False | open_questions=optional: financial_loss, digital_evidence, security_steps_taken | partially_provided: ongoing_access_risk","To the concerned authority, I wish to report that on 2023-04-06 around 14:01, at Online platform, I experienced/reported an incident described as Social media hacking. My account is: On the date of 2026-06-27, an advanced threat actor initiated an exploit categorized under social media hacking targeting remote infrastructures at approximately 14:01. The intrusion vectors reveal highly organized techniques using social engineering methods or brute-force automation to penetrate authorization systems on the Online platform. Immediate isolation of the network endpoints was executed to limit exposure within the regional jurisdiction.. I request that the information be recorded, that appropriate lawful guidance or action be considered, and that I be told if any further documents or details are needed. This draft does not assert guilt, authenticate evidence, or state that an FIR has already been filed.","Case intake: Cybercrime / Social media hacking; location Online platform, Delhi; incident date/time 2023-04-06 14:01; danger=No; threat=True; injury=False; property=False; police_contacted=False; legal_help_requested=False; event_ids=EVT000046_001;EVT000046_002; key remaining gaps: optional: financial_loss, digital_evidence, security_steps_taken | partially_provided: ongoing_access_risk",Carry identity proof if needed; written timeline; location details; screenshots/photos/messages; receipts or documents where applicable; medical records if injury exists; property or account details if relevant; names/contact details of witnesses if safely available; copies of any prior complaint or authority response.,"Screenshots, suspicious link, login alert, and transaction message are available","optional: financial_loss, digital_evidence, security_steps_taken | partially_provided: ongoing_access_risk",No contradiction linked in slot annotations or clarification answers.,"No immediate danger is recorded, but reassess safety before taking action. Preserve digital evidence, secure accounts, notify bank/platform if relevant, and use cyber reporting channels. Police already contacted: False. Legal help requested: False.",LP_CYBER_REPORTING_001;LP_ACCOUNT_SECURITY_001;LP_DIGITAL_EVIDENCE_001;LP_FINANCIAL_CYBER_FRAUD_001,0,False,5,4,True,team-reviewed,REV665,validation
GOUT000047_EN,SCN000047,NAR000047_EN,en,ANS000415;ANS000416;ANS000417;ANS000418;ANS000419;ANS000420;ANS000421;ANS000422;ANS000423;ANS000424;ANS000425;ANS000426,EVT000047_001;EVT000047_002,"1. Dear Revenue Officer / Police Commissioner, I am writing to register an urgent complaint regarding a critical instance of boundary wall dispute affecting my House. 2. Dear Revenue Officer / Police Commissioner, I am writing to register an urgent complaint regarding a critical instance of boundary wall dispute affecting my House.","You reported a property disputes matter about boundary wall dispute at House on 2023-04-07 around 19:31. The record notes danger status as No, threat mentioned as True, injury mentioned as False, and police contact as False.","incident_family=Property Disputes | issue=Boundary wall dispute | place=House, Karnataka, India | date_time=2023-04-07 19:31 | events=EVT000047_001;EVT000047_002 | property_involved=True | threat_involved=True | injury_involved=False | open_questions=partially_provided: property_type | missing: ownership_documents, current_possession | optional: opposing_party_identity","To the concerned authority, I wish to report that on 2023-04-07 around 19:31, at House, I experienced/reported an incident described as Boundary wall dispute. My account is: Dear Revenue Officer / Police Commissioner, I am writing to register an urgent complaint regarding a critical instance of boundary wall dispute affecting my House. The unlawful activity intensified on 2026-07-07 at 19:31 hours, causing direct infringement on my registered property rights.. I request that the information be recorded, that appropriate lawful guidance or action be considered, and that I be told if any further documents or details are needed. This draft does not assert guilt, authenticate evidence, or state that an FIR has already been filed.","Case intake: Property Disputes / Boundary wall dispute; location House, Karnataka; incident date/time 2023-04-07 19:31; danger=No; threat=True; injury=False; property=True; police_contacted=False; legal_help_requested=True; event_ids=EVT000047_001;EVT000047_002; key remaining gaps: partially_provided: property_type | missing: ownership_documents, current_possession | optional: opposing_party_identity",Carry identity proof if needed; written timeline; location details; screenshots/photos/messages; receipts or documents where applicable; medical records if injury exists; property or account details if relevant; names/contact details of witnesses if safely available; copies of any prior complaint or authority response.,"I can show possession through receipts, photos, or property documents","partially_provided: property_type | missing: ownership_documents, current_possession | optional: opposing_party_identity",No contradiction linked in slot annotations or clarification answers.,"No immediate danger is recorded, but reassess safety before taking action. Collect ownership/possession documents, photos of the site, opposing-party details, and avoid confrontation. Police already contacted: False. Legal help requested: True.",LP_PROPERTY_DISPUTE_001;LP_CRIME_REPORTING_001;LP_DIGITAL_EVIDENCE_001,0,False,5,4,True,team-reviewed,REV961,test
GOUT000048_EN,SCN000048,NAR000048_EN,en,ANS000427;ANS000428;ANS000429;ANS000430;ANS000431;ANS000432;ANS000433;ANS000434;ANS000435,EVT000048_001;EVT000048_002,"1. A customer was contesting a distinct case of defective product delivery, showing clear evidence to the merchant, who continuously refused liability or proper resolution.. 2. A customer was contesting a distinct case of defective product delivery, showing clear evidence to the merchant, who continuously refused liability or proper resolution..","You reported a consumer disputes matter about defective product delivery at House on 2023-04-12 around 02:28. The record notes danger status as No, threat mentioned as False, injury mentioned as False, and police contact as True.","incident_family=Consumer Disputes | issue=Defective product delivery | place=House, West Bengal, India | date_time=2023-04-12 02:28 | events=EVT000048_001;EVT000048_002 | property_involved=True | threat_involved=False | injury_involved=False | open_questions=partially_provided: product_or_service | missing: payment_information, refund_or_remedy_requested","To the concerned authority, I wish to report that on 2023-04-12 around 02:28, at House, I experienced/reported an incident described as Defective product delivery. My account is: The observer noted a clear altercation developing at the counter of the house around 02:28. A customer was contesting a distinct case of defective product delivery, showing clear evidence to the merchant, who continuously refused liability or proper resolution.. I request that the information be recorded, that appropriate lawful guidance or action be considered, and that I be told if any further documents or details are needed. This draft does not assert guilt, authenticate evidence, or state that an FIR has already been filed.","Case intake: Consumer Disputes / Defective product delivery; location House, West Bengal; incident date/time 2023-04-12 02:28; danger=No; threat=False; injury=False; property=True; police_contacted=True; legal_help_requested=False; event_ids=EVT000048_001;EVT000048_002; key remaining gaps: partially_provided: product_or_service | missing: payment_information, refund_or_remedy_requested",Carry identity proof if needed; written timeline; location details; screenshots/photos/messages; receipts or documents where applicable; medical records if injury exists; property or account details if relevant; names/contact details of witnesses if safely available; copies of any prior complaint or authority response.,"A customer was contesting a distinct case of defective product delivery, showing clear evidence to the merchant, who continuously refused liability or proper resolution; Payment was made before the dispute, and I can provide the receipt or screenshot","partially_provided: product_or_service | missing: payment_information, refund_or_remedy_requested",No contradiction linked in slot annotations or clarification answers.,"No immediate danger is recorded, but reassess safety before taking action. Prepare payment proof, seller communication, product/service details, and consider consumer grievance or platform escalation. Police already contacted: True. Legal help requested: False.",LP_CONSUMER_COMPLAINT_001;LP_REFUND_RIGHTS_001;LP_ECOMMERCE_001,0,False,5,4,True,team-reviewed,REV259,test
GOUT000049_EN,SCN000049,NAR000049_EN,en,ANS000436;ANS000437;ANS000438;ANS000439;ANS000440;ANS000441,EVT000049_001;EVT000049_002,1. just experienced a massive refusal of service refund around 01:38 today. 2. super sketchy service watch out.,"You reported a consumer disputes matter about refusal of service refund at Online platform on 2023-04-14 around 01:38. The record notes danger status as No, threat mentioned as False, injury mentioned as False, and police contact as True.","incident_family=Consumer Disputes | issue=Refusal of service refund | place=Online platform, Gujarat, India | date_time=2023-04-14 01:38 | events=EVT000049_001;EVT000049_002 | property_involved=True | threat_involved=False | injury_involved=False | open_questions=partially_provided: product_or_service | optional: evidence_available","To the concerned authority, I wish to report that on 2023-04-14 around 01:38, at Online platform, I experienced/reported an incident described as Refusal of service refund. My account is: guys heads up do NOT buy anything from that Online platform!! just experienced a massive refusal of service refund around 01:38 today. they completely cheated me on the transaction and refused a refund. super sketchy service watch out. I request that the information be recorded, that appropriate lawful guidance or action be considered, and that I be told if any further documents or details are needed. This draft does not assert guilt, authenticate evidence, or state that an FIR has already been filed.","Case intake: Consumer Disputes / Refusal of service refund; location Online platform, Gujarat; incident date/time 2023-04-14 01:38; danger=No; threat=False; injury=False; property=True; police_contacted=True; legal_help_requested=True; event_ids=EVT000049_001;EVT000049_002; key remaining gaps: partially_provided: product_or_service | optional: evidence_available",Carry identity proof if needed; written timeline; location details; screenshots/photos/messages; receipts or documents where applicable; medical records if injury exists; property or account details if relevant; names/contact details of witnesses if safely available; copies of any prior complaint or authority response.,just experienced a massive refusal of service refund around 01:38 today; I have the payment screenshot and chat with the seller,partially_provided: product_or_service | optional: evidence_available,No contradiction linked in slot annotations or clarification answers.,"No immediate danger is recorded, but reassess safety before taking action. Prepare payment proof, seller communication, product/service details, and consider consumer grievance or platform escalation. Police already contacted: True. Legal help requested: True.",LP_CONSUMER_COMPLAINT_001;LP_REFUND_RIGHTS_001;LP_ECOMMERCE_001,0,False,5,4,True,team-reviewed,REV123,test
GOUT000050_EN,SCN000050,NAR000050_EN,en,ANS000442;ANS000443;ANS000444;ANS000445;ANS000446;ANS000447;ANS000448;ANS000449;ANS000450;ANS000451;ANS000452;ANS000453,EVT000050_001;EVT000050_002,1. occurred just now around 09:37 hours. 2. anyone nearby please help or tell me where the nearest police booth is asap!!,"You reported a theft and robbery matter about armed robbery at Fuel station on 2023-04-15 around 09:37. The record notes danger status as No, threat mentioned as True, injury mentioned as True, and police contact as False.","incident_family=Theft and robbery | issue=Armed robbery | place=Fuel station, Karnataka, India | date_time=2023-04-15 09:37 | events=EVT000050_001;EVT000050_002 | property_involved=True | threat_involved=True | injury_involved=True | open_questions=partially_provided: property_type, property_description | missing: ownership_information | optional: suspect_description","To the concerned authority, I wish to report that on 2023-04-15 around 09:37, at Fuel station, I experienced/reported an incident described as Armed robbery. My account is: omg someone just took my things at the Fuel station!!! occurred just now around 09:37 hours. anyone nearby please help or tell me where the nearest police booth is asap!! lost everything inside my bag. I request that the information be recorded, that appropriate lawful guidance or action be considered, and that I be told if any further documents or details are needed. This draft does not assert guilt, authenticate evidence, or state that an FIR has already been filed.","Case intake: Theft and robbery / Armed robbery; location Fuel station, Karnataka; incident date/time 2023-04-15 09:37; danger=No; threat=True; injury=True; property=True; police_contacted=False; legal_help_requested=True; event_ids=EVT000050_001;EVT000050_002; key remaining gaps: partially_provided: property_type, property_description | missing: ownership_information | optional: suspect_description",Carry identity proof if needed; written timeline; location details; screenshots/photos/messages; receipts or documents where applicable; medical records if injury exists; property or account details if relevant; names/contact details of witnesses if safely available; copies of any prior complaint or authority response.,"I can show possession through receipts, photos, or property documents","partially_provided: property_type, property_description | missing: ownership_information | optional: suspect_description",No contradiction linked in slot annotations or clarification answers.,"No immediate danger is recorded, but reassess safety before taking action. Prepare property details, location, timing, suspect description if known, and police complaint materials. Police already contacted: False. Legal help requested: True.",LP_CRIME_REPORTING_001;LP_FIR_PROCESS_001;LP_DIGITAL_EVIDENCE_001,0,False,5,4,True,team-reviewed,REV111,Train
GOUT000051_EN,SCN000051,NAR000051_EN,en,ANS000454;ANS000455;ANS000456;ANS000457;ANS000458;ANS000459,EVT000051_001;EVT000051_002,1. An employment dispute involving breach of employment contract escalated at the online platform at 02:40. 2. An employment dispute involving breach of employment contract escalated at the online platform at 02:40.,"You reported a employment/labour matter about breach of employment contract at Online platform on 2023-04-16 around 02:40. The record notes danger status as No, threat mentioned as False, injury mentioned as False, and police contact as False.","incident_family=Employment/Labour | issue=Breach of employment contract | place=Online platform, Uttar Pradesh, India | date_time=2023-04-16 02:40 | events=EVT000051_001;EVT000051_002 | property_involved=True | threat_involved=False | injury_involved=False | open_questions=optional: employment_documents, internal_complaint_status","To the concerned authority, I wish to report that on 2023-04-16 around 02:40, at Online platform, I experienced/reported an incident described as Breach of employment contract. My account is: An employment dispute involving breach of employment contract escalated at the online platform at 02:40. The worker alleged severe breach of workplace regulations, seeking administrative or legal intervention to recover standard dues or ensure workplace safety.. I request that the information be recorded, that appropriate lawful guidance or action be considered, and that I be told if any further documents or details are needed. This draft does not assert guilt, authenticate evidence, or state that an FIR has already been filed.","Case intake: Employment/Labour / Breach of employment contract; location Online platform, Uttar Pradesh; incident date/time 2023-04-16 02:40; danger=No; threat=False; injury=False; property=True; police_contacted=False; legal_help_requested=True; event_ids=EVT000051_001;EVT000051_002; key remaining gaps: optional: employment_documents, internal_complaint_status",Carry identity proof if needed; written timeline; location details; screenshots/photos/messages; receipts or documents where applicable; medical records if injury exists; property or account details if relevant; names/contact details of witnesses if safely available; copies of any prior complaint or authority response.,"I have some emails and employment records, but not every document","optional: employment_documents, internal_complaint_status",No contradiction linked in slot annotations or clarification answers.,"No immediate danger is recorded, but reassess safety before taking action. Collect employment documents, payslips, emails, HR communication, and wage/termination details. Police already contacted: False. Legal help requested: True.",LP_LABOUR_COMPLAINT_001;LP_WAGE_CLAIM_001;LP_LEGAL_AID_001,0,False,5,4,True,team-reviewed,REV364,test
GOUT000052_EN,SCN000052,NAR000052_EN,en,ANS000460;ANS000461;ANS000462;ANS000463;ANS000464;ANS000465,EVT000052_001;EVT000052_002,"1. I've been working at this factory for months, and around 02:15 yesterday, things hit a breaking point with a massive safe working conditions violation. 2. I've been working at this factory for months, and around 02:15 yesterday, things hit a breaking point with a massive safe working conditions violation.","You reported a employment/labour matter about safe working conditions violation at Factory on 2023-04-19 around 02:15. The record notes danger status as No, threat mentioned as False, injury mentioned as True, and police contact as False.","incident_family=Employment/Labour | issue=Safe working conditions violation | place=Factory, West Bengal, India | date_time=2023-04-19 02:15 | events=EVT000052_001;EVT000052_002 | property_involved=True | threat_involved=False | injury_involved=True | open_questions=optional: employment_documents, internal_complaint_status","To the concerned authority, I wish to report that on 2023-04-19 around 02:15, at Factory, I experienced/reported an incident described as Safe working conditions violation. My account is: I've been working at this factory for months, and around 02:15 yesterday, things hit a breaking point with a massive safe working conditions violation. They literally refused to settle what was rightfully owed to me and told me to just leave if I didn't like it. I'm so stressed about how I'm going to pay my rent.. I request that the information be recorded, that appropriate lawful guidance or action be considered, and that I be told if any further documents or details are needed. This draft does not assert guilt, authenticate evidence, or state that an FIR has already been filed.","Case intake: Employment/Labour / Safe working conditions violation; location Factory, West Bengal; incident date/time 2023-04-19 02:15; danger=No; threat=False; injury=True; property=True; police_contacted=False; legal_help_requested=False; event_ids=EVT000052_001;EVT000052_002; key remaining gaps: optional: employment_documents, internal_complaint_status",Carry identity proof if needed; written timeline; location details; screenshots/photos/messages; receipts or documents where applicable; medical records if injury exists; property or account details if relevant; names/contact details of witnesses if safely available; copies of any prior complaint or authority response.,"I have some emails and employment records, but not every document","optional: employment_documents, internal_complaint_status",No contradiction linked in slot annotations or clarification answers.,"No immediate danger is recorded, but reassess safety before taking action. Collect employment documents, payslips, emails, HR communication, and wage/termination details. Police already contacted: False. Legal help requested: False.",LP_LABOUR_COMPLAINT_001;LP_WAGE_CLAIM_001;LP_LEGAL_AID_001,0,False,5,4,True,team-reviewed,REV930,test
GOUT000053_EN,SCN000053,NAR000053_EN,en,ANS000466;ANS000467;ANS000468;ANS000469;ANS000470;ANS000471;ANS000472;ANS000473;ANS000474,EVT000053_001;EVT000053_002,"1. On the date of 2026-07-03, a formal consumer conflict classified as defective product delivery manifested during a commercial interaction at the designated house around 01:19. 2. On the date of 2026-07-03, a formal consumer conflict classified as defective product delivery manifested during a commercial interaction at the designated house around 01:19.","You reported a consumer disputes matter about defective product delivery at House on 2023-04-19 around 01:19. The record notes danger status as No, threat mentioned as False, injury mentioned as False, and police contact as False.","incident_family=Consumer Disputes | issue=Defective product delivery | place=House, Delhi, India | date_time=2023-04-19 01:19 | events=EVT000053_001;EVT000053_002 | property_involved=True | threat_involved=False | injury_involved=False | open_questions=partially_provided: product_or_service | missing: refund_or_remedy_requested | optional: evidence_available","To the concerned authority, I wish to report that on 2023-04-19 around 01:19, at House, I experienced/reported an incident described as Defective product delivery. My account is: On the date of 2026-07-03, a formal consumer conflict classified as defective product delivery manifested during a commercial interaction at the designated house around 01:19. The transaction parameters reveal an explicit deviation from advertising claims or legal standards, directly compromising buyer safety and financial protection. Standard operational dispute channels were exhausted without success, prompting an escalation to statutory regulatory oversight mechanisms.. I request that the information be recorded, that appropriate lawful guidance or action be considered, and that I be told if any further documents or details are needed. This draft does not assert guilt, authenticate evidence, or state that an FIR has already been filed.","Case intake: Consumer Disputes / Defective product delivery; location House, Delhi; incident date/time 2023-04-19 01:19; danger=No; threat=False; injury=False; property=True; police_contacted=False; legal_help_requested=True; event_ids=EVT000053_001;EVT000053_002; key remaining gaps: partially_provided: product_or_service | missing: refund_or_remedy_requested | optional: evidence_available",Carry identity proof if needed; written timeline; location details; screenshots/photos/messages; receipts or documents where applicable; medical records if injury exists; property or account details if relevant; names/contact details of witnesses if safely available; copies of any prior complaint or authority response.,"The transaction parameters reveal an explicit deviation from advertising claims or legal standards, directly compromising buyer safety and financial protection; I have the payment screenshot and chat with the seller",partially_provided: product_or_service | missing: refund_or_remedy_requested | optional: evidence_available,No contradiction linked in slot annotations or clarification answers.,"No immediate danger is recorded, but reassess safety before taking action. Prepare payment proof, seller communication, product/service details, and consider consumer grievance or platform escalation. Police already contacted: False. Legal help requested: True.",LP_CONSUMER_COMPLAINT_001;LP_REFUND_RIGHTS_001;LP_ECOMMERCE_001,0,False,5,4,True,team-reviewed,REV931,Train
GOUT000054_EN,SCN000054,NAR000054_EN,en,ANS000475;ANS000476;ANS000477;ANS000478;ANS000479;ANS000480;ANS000481;ANS000482;ANS000483;ANS000484;ANS000485;ANS000486,EVT000054_001;EVT000054_002,"1. A swift incident of vehicle theft took place at the local parking lot during peak hours. 2. The victim lost valuable items instantly, and the unidentified suspect fled immediately before any bystanders could intervene..","You reported a theft and robbery matter about vehicle theft at Parking lot on 2023-04-20 around 16:28. The record notes danger status as No, threat mentioned as False, injury mentioned as False, and police contact as True.","incident_family=Theft and robbery | issue=Vehicle theft | place=Parking lot, Maharashtra, India | date_time=2023-04-20 16:28 | events=EVT000054_001;EVT000054_002 | property_involved=True | threat_involved=False | injury_involved=False | open_questions=partially_provided: property_type, property_description | missing: ownership_information, force_or_threat_used","To the concerned authority, I wish to report that on 2023-04-20 around 16:28, at Parking lot, I experienced/reported an incident described as Vehicle theft. My account is: A swift incident of vehicle theft took place at the local parking lot during peak hours. The victim lost valuable items instantly, and the unidentified suspect fled immediately before any bystanders could intervene.. I request that the information be recorded, that appropriate lawful guidance or action be considered, and that I be told if any further documents or details are needed. This draft does not assert guilt, authenticate evidence, or state that an FIR has already been filed.","Case intake: Theft and robbery / Vehicle theft; location Parking lot, Maharashtra; incident date/time 2023-04-20 16:28; danger=No; threat=False; injury=False; property=True; police_contacted=True; legal_help_requested=True; event_ids=EVT000054_001;EVT000054_002; key remaining gaps: partially_provided: property_type, property_description | missing: ownership_information, force_or_threat_used",Carry identity proof if needed; written timeline; location details; screenshots/photos/messages; receipts or documents where applicable; medical records if injury exists; property or account details if relevant; names/contact details of witnesses if safely available; copies of any prior complaint or authority response.,"I can show possession through receipts, photos, or property documents","partially_provided: property_type, property_description | missing: ownership_information, force_or_threat_used",No contradiction linked in slot annotations or clarification answers.,"No immediate danger is recorded, but reassess safety before taking action. Prepare property details, location, timing, suspect description if known, and police complaint materials. Police already contacted: True. Legal help requested: True.",LP_CRIME_REPORTING_001;LP_FIR_PROCESS_001;LP_DIGITAL_EVIDENCE_001,0,False,5,4,True,team-reviewed,REV193,Train
GOUT000055_EN,SCN000055,NAR000055_EN,en,ANS000487;ANS000488;ANS000489,EVT000055_001;EVT000055_002,1. just witnessed a crazy reckless driving confrontation around 03:22 hours. 2. guys stay away from the Parking lot right now!,"You reported a traffic & road incidents matter about reckless driving confrontation at Parking lot on 2023-04-22 around 03:22. The record notes danger status as No, threat mentioned as False, injury mentioned as False, and police contact as False.","incident_family=Traffic & Road Incidents | issue=Reckless driving confrontation | place=Parking lot, Karnataka, India | date_time=2023-04-22 03:22 | events=EVT000055_001;EVT000055_002 | property_involved=True | threat_involved=False | injury_involved=False | open_questions=missing: injury_details","To the concerned authority, I wish to report that on 2023-04-22 around 03:22, at Parking lot, I experienced/reported an incident described as Reckless driving confrontation. My account is: guys stay away from the Parking lot right now! just witnessed a crazy reckless driving confrontation around 03:22 hours. cars are badly damaged and traffic is completely backed up. emergency services are arriving just now. I request that the information be recorded, that appropriate lawful guidance or action be considered, and that I be told if any further documents or details are needed. This draft does not assert guilt, authenticate evidence, or state that an FIR has already been filed.","Case intake: Traffic & Road Incidents / Reckless driving confrontation; location Parking lot, Karnataka; incident date/time 2023-04-22 03:22; danger=No; threat=False; injury=False; property=True; police_contacted=False; legal_help_requested=False; event_ids=EVT000055_001;EVT000055_002; key remaining gaps: missing: injury_details",Carry identity proof if needed; written timeline; location details; screenshots/photos/messages; receipts or documents where applicable; medical records if injury exists; property or account details if relevant; names/contact details of witnesses if safely available; copies of any prior complaint or authority response.,"No specific evidence item is confirmed; ask user to preserve screenshots, documents, photos, receipts, and messages where available.",missing: injury_details,No contradiction linked in slot annotations or clarification answers.,"No immediate danger is recorded, but reassess safety before taking action. Record vehicle details, photos, injury and damage information, witnesses, and insurance/police documents. Police already contacted: False. Legal help requested: False.",LP_TRAFFIC_ACCIDENT_001;LP_HIT_AND_RUN_001;LP_MOTOR_CLAIM_001,0,False,5,4,True,team-reviewed,REV901,Train
GOUT000056_EN,SCN000056,NAR000056_EN,en,ANS000490;ANS000491;ANS000492,EVT000056_001;EVT000056_002,"1. Closer inspection confirmed a premeditated instance of insurance claim fraud, with the perpetrator executing unauthorized balance transfers using fraudulent credentials before logging out.. 2. The internal auditor observed highly irregular transaction entries passing through the workplace around 07:50.","You reported a financial fraud matter about insurance claim fraud at Workplace on 2023-04-25 around 07:50. The record notes danger status as No, threat mentioned as False, injury mentioned as False, and police contact as False.","incident_family=Financial Fraud | issue=Insurance claim fraud | place=Workplace, Karnataka, India | date_time=2023-04-25 07:50 | events=EVT000056_001;EVT000056_002 | property_involved=True | threat_involved=False | injury_involved=False | open_questions=optional: institution_notified","To the concerned authority, I wish to report that on 2023-04-25 around 07:50, at Workplace, I experienced/reported an incident described as Insurance claim fraud. My account is: The internal auditor observed highly irregular transaction entries passing through the workplace around 07:50. Closer inspection confirmed a premeditated instance of insurance claim fraud, with the perpetrator executing unauthorized balance transfers using fraudulent credentials before logging out.. I request that the information be recorded, that appropriate lawful guidance or action be considered, and that I be told if any further documents or details are needed. This draft does not assert guilt, authenticate evidence, or state that an FIR has already been filed.","Case intake: Financial Fraud / Insurance claim fraud; location Workplace, Karnataka; incident date/time 2023-04-25 07:50; danger=No; threat=False; injury=False; property=True; police_contacted=False; legal_help_requested=True; event_ids=EVT000056_001;EVT000056_002; key remaining gaps: optional: institution_notified",Carry identity proof if needed; written timeline; location details; screenshots/photos/messages; receipts or documents where applicable; medical records if injury exists; property or account details if relevant; names/contact details of witnesses if safely available; copies of any prior complaint or authority response.,The internal auditor observed highly irregular transaction entries passing through the workplace around 07:50,optional: institution_notified,No contradiction linked in slot annotations or clarification answers.,"No immediate danger is recorded, but reassess safety before taking action. Notify the financial institution quickly, preserve transaction records, and consider police/cyber reporting depending on facts. Police already contacted: False. Legal help requested: True.",LP_FINANCIAL_CYBER_FRAUD_001;LP_CYBER_REPORTING_001;LP_DIGITAL_EVIDENCE_001,0,False,5,4,True,team-reviewed,REV227,test
GOUT000057_EN,SCN000057,NAR000057_EN,en,ANS000493;ANS000494;ANS000495;ANS000496;ANS000497;ANS000498;ANS000499;ANS000500;ANS000501;ANS000502;ANS000503;ANS000504,EVT000057_001;EVT000057_002,"1. Upon investigating, it appeared to be a severe case of spousal physical abuse transpiring within the household, prompting the neighbor to intervene and call for assistance.. 2. The neighbor reported hearing intense shouting and objects breaking from the adjacent apartment around 16:24.","You reported a domestic violence matter about spousal physical abuse at Apartment on 2023-04-27 around 16:24. The record notes danger status as Yes, threat mentioned as True, injury mentioned as True, and police contact as False.","incident_family=Domestic Violence | issue=Spousal physical abuse | place=Apartment, Tamil Nadu, India | date_time=2023-04-27 16:24 | events=EVT000057_001;EVT000057_002 | property_involved=True | threat_involved=True | injury_involved=True | open_questions=missing: relationship_to_offender | optional: children_or_dependents, prior_incident_pattern, evidence_available","To the concerned authority, I wish to report that on 2023-04-27 around 16:24, at Apartment, I experienced/reported an incident described as Spousal physical abuse. My account is: The neighbor reported hearing intense shouting and objects breaking from the adjacent apartment around 16:24. Upon investigating, it appeared to be a severe case of spousal physical abuse transpiring within the household, prompting the neighbor to intervene and call for assistance.. I request that the information be recorded, that appropriate lawful guidance or action be considered, and that I be told if any further documents or details are needed. This draft does not assert guilt, authenticate evidence, or state that an FIR has already been filed.","Case intake: Domestic Violence / Spousal physical abuse; location Apartment, Tamil Nadu; incident date/time 2023-04-27 16:24; danger=Yes; threat=True; injury=True; property=True; police_contacted=False; legal_help_requested=False; event_ids=EVT000057_001;EVT000057_002; key remaining gaps: missing: relationship_to_offender | optional: children_or_dependents, prior_incident_pattern, evidence_available",Carry identity proof if needed; written timeline; location details; screenshots/photos/messages; receipts or documents where applicable; medical records if injury exists; property or account details if relevant; names/contact details of witnesses if safely available; copies of any prior complaint or authority response.,I have photos and messages related to the incident,"missing: relationship_to_offender | optional: children_or_dependents, prior_incident_pattern, evidence_available",No contradiction linked in slot annotations or clarification answers.,"Prioritise immediate safety and emergency assistance before document preparation. Prioritise safety planning, trusted support, medical documentation if needed, and legal-aid/protection options. Police already contacted: False. Legal help requested: False.",LP_DOMESTIC_VIOLENCE_001;LP_EMERGENCY_HELP_001;LP_LEGAL_AID_001,0,False,5,4,True,team-reviewed,REV715,test
GOUT000058_EN,SCN000058,NAR000058_EN,en,ANS000505;ANS000506;ANS000507;ANS000508;ANS000509;ANS000510;ANS000511;ANS000512;ANS000513,EVT000058_001;EVT000058_002,1. hey guys warning someone hacked my account via phishing scam just now around 20:02!! 2. hey guys warning someone hacked my account via phishing scam just now around 20:02!!,"You reported a cybercrime matter about phishing scam at Mobile app on 2023-04-27 around 20:02. The record notes danger status as No, threat mentioned as True, injury mentioned as False, and police contact as True.","incident_family=Cybercrime | issue=Phishing scam | place=Mobile app, Karnataka, India | date_time=2023-04-27 20:02 | events=EVT000058_001;EVT000058_002 | property_involved=True | threat_involved=True | injury_involved=False | open_questions=optional: digital_evidence, security_steps_taken | partially_provided: ongoing_access_risk","To the concerned authority, I wish to report that on 2023-04-27 around 20:02, at Mobile app, I experienced/reported an incident described as Phishing scam. My account is: hey guys warning someone hacked my account via phishing scam just now around 20:02!! if u get any weird text or payment requests from me DO NOT transfer any money it is a fraud scam click nothing. I request that the information be recorded, that appropriate lawful guidance or action be considered, and that I be told if any further documents or details are needed. This draft does not assert guilt, authenticate evidence, or state that an FIR has already been filed.","Case intake: Cybercrime / Phishing scam; location Mobile app, Karnataka; incident date/time 2023-04-27 20:02; danger=No; threat=True; injury=False; property=True; police_contacted=True; legal_help_requested=True; event_ids=EVT000058_001;EVT000058_002; key remaining gaps: optional: digital_evidence, security_steps_taken | partially_provided: ongoing_access_risk",Carry identity proof if needed; written timeline; location details; screenshots/photos/messages; receipts or documents where applicable; medical records if injury exists; property or account details if relevant; names/contact details of witnesses if safely available; copies of any prior complaint or authority response.,"Screenshots, suspicious link, login alert, and transaction message are available","optional: digital_evidence, security_steps_taken | partially_provided: ongoing_access_risk",No contradiction linked in slot annotations or clarification answers.,"No immediate danger is recorded, but reassess safety before taking action. Preserve digital evidence, secure accounts, notify bank/platform if relevant, and use cyber reporting channels. Police already contacted: True. Legal help requested: True.",LP_CYBER_REPORTING_001;LP_ACCOUNT_SECURITY_001;LP_DIGITAL_EVIDENCE_001;LP_FINANCIAL_CYBER_FRAUD_001,0,False,5,4,True,team-reviewed,REV583,validation
GOUT000059_EN,SCN000059,NAR000059_EN,en,ANS000514;ANS000515;ANS000516;ANS000517;ANS000518;ANS000519;ANS000520;ANS000521;ANS000522,EVT000059_001;EVT000059_002,1. hey guys warning someone hacked my account via identity theft just now around 15:03!! 2. hey guys warning someone hacked my account via identity theft just now around 15:03!!,"You reported a cybercrime matter about identity theft at Workplace on 2023-04-29 around 15:03. The record notes danger status as No, threat mentioned as False, injury mentioned as False, and police contact as True.","incident_family=Cybercrime | issue=Identity theft | place=Workplace, Telangana, India | date_time=2023-04-29 15:03 | events=EVT000059_001;EVT000059_002 | property_involved=True | threat_involved=False | injury_involved=False | open_questions=optional: digital_evidence, security_steps_taken | partially_provided: ongoing_access_risk","To the concerned authority, I wish to report that on 2023-04-29 around 15:03, at Workplace, I experienced/reported an incident described as Identity theft. My account is: hey guys warning someone hacked my account via identity theft just now around 15:03!! if u get any weird text or payment requests from me DO NOT transfer any money it is a fraud scam click nothing. I request that the information be recorded, that appropriate lawful guidance or action be considered, and that I be told if any further documents or details are needed. This draft does not assert guilt, authenticate evidence, or state that an FIR has already been filed.","Case intake: Cybercrime / Identity theft; location Workplace, Telangana; incident date/time 2023-04-29 15:03; danger=No; threat=False; injury=False; property=True; police_contacted=True; legal_help_requested=True; event_ids=EVT000059_001;EVT000059_002; key remaining gaps: optional: digital_evidence, security_steps_taken | partially_provided: ongoing_access_risk",Carry identity proof if needed; written timeline; location details; screenshots/photos/messages; receipts or documents where applicable; medical records if injury exists; property or account details if relevant; names/contact details of witnesses if safely available; copies of any prior complaint or authority response.,"Screenshots, suspicious link, login alert, and transaction message are available","optional: digital_evidence, security_steps_taken | partially_provided: ongoing_access_risk",No contradiction linked in slot annotations or clarification answers.,"No immediate danger is recorded, but reassess safety before taking action. Preserve digital evidence, secure accounts, notify bank/platform if relevant, and use cyber reporting channels. Police already contacted: True. Legal help requested: True.",LP_CYBER_REPORTING_001;LP_ACCOUNT_SECURITY_001;LP_DIGITAL_EVIDENCE_001;LP_FINANCIAL_CYBER_FRAUD_001,0,False,5,4,True,team-reviewed,REV725,test
GOUT000060_EN,SCN000060,NAR000060_EN,en,ANS000523;ANS000524;ANS000525;ANS000526;ANS000527;ANS000528,EVT000060_001;EVT000060_002,1. An incident of online banking fraud compromised security systems across the specified Mobile app at 12:33. 2. An incident of online banking fraud compromised security systems across the specified Mobile app at 12:33.,"You reported a cybercrime matter about online banking fraud at Mobile app on 2023-05-04 around 12:33. The record notes danger status as No, threat mentioned as False, injury mentioned as False, and police contact as True.","incident_family=Cybercrime | issue=Online banking fraud | place=Mobile app, Delhi, India | date_time=2023-05-04 12:33 | events=EVT000060_001;EVT000060_002 | property_involved=True | threat_involved=False | injury_involved=False | open_questions=optional: digital_evidence | partially_provided: ongoing_access_risk","To the concerned authority, I wish to report that on 2023-05-04 around 12:33, at Mobile app, I experienced/reported an incident described as Online banking fraud. My account is: An incident of online banking fraud compromised security systems across the specified Mobile app at 12:33. Electronic credentials were manipulated remotely by unknown malicious actors, triggering secondary security protocols.. I request that the information be recorded, that appropriate lawful guidance or action be considered, and that I be told if any further documents or details are needed. This draft does not assert guilt, authenticate evidence, or state that an FIR has already been filed.","Case intake: Cybercrime / Online banking fraud; location Mobile app, Delhi; incident date/time 2023-05-04 12:33; danger=No; threat=False; injury=False; property=True; police_contacted=True; legal_help_requested=True; event_ids=EVT000060_001;EVT000060_002; key remaining gaps: optional: digital_evidence | partially_provided: ongoing_access_risk",Carry identity proof if needed; written timeline; location details; screenshots/photos/messages; receipts or documents where applicable; medical records if injury exists; property or account details if relevant; names/contact details of witnesses if safely available; copies of any prior complaint or authority response.,"Screenshots, suspicious link, login alert, and transaction message are available",optional: digital_evidence | partially_provided: ongoing_access_risk,No contradiction linked in slot annotations or clarification answers.,"No immediate danger is recorded, but reassess safety before taking action. Preserve digital evidence, secure accounts, notify bank/platform if relevant, and use cyber reporting channels. Police already contacted: True. Legal help requested: True.",LP_CYBER_REPORTING_001;LP_ACCOUNT_SECURITY_001;LP_DIGITAL_EVIDENCE_001;LP_FINANCIAL_CYBER_FRAUD_001,0,False,5,4,True,team-reviewed,REV648,test
GOUT000061_EN,SCN000061,NAR000061_EN,en,ANS000529;ANS000530;ANS000531;ANS000532;ANS000533;ANS000534;ANS000535;ANS000536;ANS000537,EVT000061_001;EVT000061_002,"1. A customer was contesting a distinct case of overcharging and hidden fees, showing clear evidence to the merchant, who continuously refused liability or proper resolution.. 2. A customer was contesting a distinct case of overcharging and hidden fees, showing clear evidence to the merchant, who continuously refused liability or proper resolution..","You reported a consumer disputes matter about overcharging and hidden fees at Hotel on 2023-05-05 around 05:10. The record notes danger status as No, threat mentioned as False, injury mentioned as False, and police contact as False.","incident_family=Consumer Disputes | issue=Overcharging and hidden fees | place=Hotel, West Bengal, India | date_time=2023-05-05 05:10 | events=EVT000061_001;EVT000061_002 | property_involved=True | threat_involved=False | injury_involved=False | open_questions=partially_provided: product_or_service | missing: payment_information, refund_or_remedy_requested","To the concerned authority, I wish to report that on 2023-05-05 around 05:10, at Hotel, I experienced/reported an incident described as Overcharging and hidden fees. My account is: The observer noted a clear altercation developing at the counter of the hotel around 05:10. A customer was contesting a distinct case of overcharging and hidden fees, showing clear evidence to the merchant, who continuously refused liability or proper resolution.. I request that the information be recorded, that appropriate lawful guidance or action be considered, and that I be told if any further documents or details are needed. This draft does not assert guilt, authenticate evidence, or state that an FIR has already been filed.","Case intake: Consumer Disputes / Overcharging and hidden fees; location Hotel, West Bengal; incident date/time 2023-05-05 05:10; danger=No; threat=False; injury=False; property=True; police_contacted=False; legal_help_requested=False; event_ids=EVT000061_001;EVT000061_002; key remaining gaps: partially_provided: product_or_service | missing: payment_information, refund_or_remedy_requested",Carry identity proof if needed; written timeline; location details; screenshots/photos/messages; receipts or documents where applicable; medical records if injury exists; property or account details if relevant; names/contact details of witnesses if safely available; copies of any prior complaint or authority response.,"A customer was contesting a distinct case of overcharging and hidden fees, showing clear evidence to the merchant, who continuously refused liability or proper resolution; Payment was made before the dispute, and I can provide the receipt or screenshot","partially_provided: product_or_service | missing: payment_information, refund_or_remedy_requested",No contradiction linked in slot annotations or clarification answers.,"No immediate danger is recorded, but reassess safety before taking action. Prepare payment proof, seller communication, product/service details, and consider consumer grievance or platform escalation. Police already contacted: False. Legal help requested: False.",LP_CONSUMER_COMPLAINT_001;LP_REFUND_RIGHTS_001;LP_ECOMMERCE_001,0,False,5,4,True,team-reviewed,REV830,test
GOUT000062_EN,SCN000062,NAR000062_EN,en,ANS000538;ANS000539;ANS000540;ANS000541;ANS000542;ANS000543;ANS000544;ANS000545;ANS000546;ANS000547;ANS000548;ANS000549,EVT000062_001;EVT000062_002,1. Complainant reports unauthorized digital breach under identity theft framework. 2. Digital logs preserved for forensic analysis..,"You reported a cybercrime matter about identity theft at Online platform on 2023-05-06 around 02:45. The record notes danger status as No, threat mentioned as False, injury mentioned as False, and police contact as False.","incident_family=Cybercrime | issue=Identity theft | place=Online platform, West Bengal, India | date_time=2023-05-06 02:45 | events=EVT000062_001;EVT000062_002 | property_involved=False | threat_involved=False | injury_involved=False | open_questions=optional: financial_loss, suspect_or_sender_identity, security_steps_taken | partially_provided: ongoing_access_risk","To the concerned authority, I wish to report that on 2023-05-06 around 02:45, at Online platform, I experienced/reported an incident described as Identity theft. My account is: Complainant reports unauthorized digital breach under identity theft framework. On 2026-07-14 at approx 02:45 hours, malicious payloads or fraudulent links were deployed to misappropriate assets or credentials via Online platform. Digital logs preserved for forensic analysis.. I request that the information be recorded, that appropriate lawful guidance or action be considered, and that I be told if any further documents or details are needed. This draft does not assert guilt, authenticate evidence, or state that an FIR has already been filed.","Case intake: Cybercrime / Identity theft; location Online platform, West Bengal; incident date/time 2023-05-06 02:45; danger=No; threat=False; injury=False; property=False; police_contacted=False; legal_help_requested=False; event_ids=EVT000062_001;EVT000062_002; key remaining gaps: optional: financial_loss, suspect_or_sender_identity, security_steps_taken | partially_provided: ongoing_access_risk",Carry identity proof if needed; written timeline; location details; screenshots/photos/messages; receipts or documents where applicable; medical records if injury exists; property or account details if relevant; names/contact details of witnesses if safely available; copies of any prior complaint or authority response.,Digital logs preserved for forensic analysis,"optional: financial_loss, suspect_or_sender_identity, security_steps_taken | partially_provided: ongoing_access_risk",No contradiction linked in slot annotations or clarification answers.,"No immediate danger is recorded, but reassess safety before taking action. Preserve digital evidence, secure accounts, notify bank/platform if relevant, and use cyber reporting channels. Police already contacted: False. Legal help requested: False.",LP_CYBER_REPORTING_001;LP_ACCOUNT_SECURITY_001;LP_DIGITAL_EVIDENCE_001;LP_FINANCIAL_CYBER_FRAUD_001,0,False,5,4,True,team-reviewed,REV305,test
GOUT000063_EN,SCN000063,NAR000063_EN,en,ANS000550;ANS000551;ANS000552;ANS000553;ANS000554;ANS000555;ANS000556;ANS000557;ANS000558;ANS000559;ANS000560;ANS000561;ANS000562;ANS000563;ANS000564;ANS000565;ANS000566;ANS000567,EVT000063_001;EVT000063_002,"1. Dear Legal Counsel / Mediation Cell, I am writing to formally report a non-compliance issue regarding our ongoing restitution of conjugal rights at the residence. 2. Dear Legal Counsel / Mediation Cell, I am writing to formally report a non-compliance issue regarding our ongoing restitution of conjugal rights at the residence.","You reported a family law matter about restitution of conjugal rights at Apartment on 2023-05-10 around 22:59. The record notes danger status as No, threat mentioned as False, injury mentioned as False, and police contact as True.","incident_family=Family Law | issue=Restitution of conjugal rights | place=Apartment, Telangana, India | date_time=2023-05-10 22:59 | events=EVT000063_001;EVT000063_002 | property_involved=True | threat_involved=False | injury_involved=False | open_questions=optional: case_or_order_status, child_or_dependent_involved, financial_support_issue, urgent_motion_needed, supporting_documents | missing: violence_or_safety_concern","To the concerned authority, I wish to report that on 2023-05-10 around 22:59, at Apartment, I experienced/reported an incident described as Restitution of conjugal rights. My account is: Dear Legal Counsel / Mediation Cell, I am writing to formally report a non-compliance issue regarding our ongoing restitution of conjugal rights at the residence. The definitive breach occurred on 2026-07-18 at 22:59 hours, wherein the counter-party unilaterally altered agreed-upon familial or financial maintenance parameters.. I request that the information be recorded, that appropriate lawful guidance or action be considered, and that I be told if any further documents or details are needed. This draft does not assert guilt, authenticate evidence, or state that an FIR has already been filed.","Case intake: Family Law / Restitution of conjugal rights; location Apartment, Telangana; incident date/time 2023-05-10 22:59; danger=No; threat=False; injury=False; property=True; police_contacted=True; legal_help_requested=True; event_ids=EVT000063_001;EVT000063_002; key remaining gaps: optional: case_or_order_status, child_or_dependent_involved, financial_support_issue, urgent_motion_needed, supporting_documents | missing: violence_or_safety_concern",Carry identity proof if needed; written timeline; location details; screenshots/photos/messages; receipts or documents where applicable; medical records if injury exists; property or account details if relevant; names/contact details of witnesses if safely available; copies of any prior complaint or authority response.,"I can provide more details, but I need to check the exact information","optional: case_or_order_status, child_or_dependent_involved, financial_support_issue, urgent_motion_needed, supporting_documents | missing: violence_or_safety_concern",No contradiction linked in slot annotations or clarification answers.,"No immediate danger is recorded, but reassess safety before taking action. Collect existing orders, communication records, child/dependent details, and consider family-court or legal-aid consultation. Police already contacted: True. Legal help requested: True.",LP_FAMILY_COURT_001;LP_CHILD_CUSTODY_001;LP_LEGAL_AID_001,0,False,5,4,True,team-reviewed,REV460,test
GOUT000064_EN,SCN000064,NAR000064_EN,en,ANS000568;ANS000569;ANS000570;ANS000571;ANS000572;ANS000573,EVT000064_001;EVT000064_002,"1. Complainant states that on 2026-07-02 at approximately 22:40 hours, an incident of online phishing theft occurred at Mobile app. 2. Property loss reported.","You reported a theft and robbery matter about online phishing theft at Mobile app on 2023-05-12 around 22:40. The record notes danger status as No, threat mentioned as False, injury mentioned as False, and police contact as True.","incident_family=Theft and robbery | issue=Online phishing theft | place=Mobile app, Uttar Pradesh, India | date_time=2023-05-12 22:40 | events=EVT000064_001;EVT000064_002 | property_involved=True | threat_involved=False | injury_involved=False | open_questions=partially_provided: ownership_information | missing: force_or_threat_used","To the concerned authority, I wish to report that on 2023-05-12 around 22:40, at Mobile app, I experienced/reported an incident described as Online phishing theft. My account is: Complainant states that on 2026-07-02 at approximately 22:40 hours, an incident of online phishing theft occurred at Mobile app. The perpetrator description matches a male individual height approx 5'8"". Property loss reported. Case registered under relevant sections.. I request that the information be recorded, that appropriate lawful guidance or action be considered, and that I be told if any further documents or details are needed. This draft does not assert guilt, authenticate evidence, or state that an FIR has already been filed.","Case intake: Theft and robbery / Online phishing theft; location Mobile app, Uttar Pradesh; incident date/time 2023-05-12 22:40; danger=No; threat=False; injury=False; property=True; police_contacted=True; legal_help_requested=False; event_ids=EVT000064_001;EVT000064_002; key remaining gaps: partially_provided: ownership_information | missing: force_or_threat_used",Carry identity proof if needed; written timeline; location details; screenshots/photos/messages; receipts or documents where applicable; medical records if injury exists; property or account details if relevant; names/contact details of witnesses if safely available; copies of any prior complaint or authority response.,"Case registered under relevant sections; I can show possession through receipts, photos, or property documents",partially_provided: ownership_information | missing: force_or_threat_used,No contradiction linked in slot annotations or clarification answers.,"No immediate danger is recorded, but reassess safety before taking action. Prepare property details, location, timing, suspect description if known, and police complaint materials. Police already contacted: True. Legal help requested: False.",LP_CRIME_REPORTING_001;LP_FIR_PROCESS_001;LP_DIGITAL_EVIDENCE_001,0,False,5,4,True,team-reviewed,REV922,test
GOUT000065_EN,SCN000065,NAR000065_EN,en,ANS000574;ANS000575;ANS000576;ANS000577;ANS000578;ANS000579,EVT000065_001;EVT000065_002,1. just experienced a massive overcharging and hidden fees around 21:34 today. 2. super sketchy service watch out.,"You reported a consumer disputes matter about overcharging and hidden fees at Hotel on 2023-05-19 around 21:34. The record notes danger status as No, threat mentioned as False, injury mentioned as False, and police contact as True.","incident_family=Consumer Disputes | issue=Overcharging and hidden fees | place=Hotel, Uttar Pradesh, India | date_time=2023-05-19 21:34 | events=EVT000065_001;EVT000065_002 | property_involved=True | threat_involved=False | injury_involved=False | open_questions=partially_provided: product_or_service | optional: evidence_available","To the concerned authority, I wish to report that on 2023-05-19 around 21:34, at Hotel, I experienced/reported an incident described as Overcharging and hidden fees. My account is: guys heads up do NOT buy anything from that Hotel!! just experienced a massive overcharging and hidden fees around 21:34 today. they completely cheated me on the transaction and refused a refund. super sketchy service watch out. I request that the information be recorded, that appropriate lawful guidance or action be considered, and that I be told if any further documents or details are needed. This draft does not assert guilt, authenticate evidence, or state that an FIR has already been filed.","Case intake: Consumer Disputes / Overcharging and hidden fees; location Hotel, Uttar Pradesh; incident date/time 2023-05-19 21:34; danger=No; threat=False; injury=False; property=True; police_contacted=True; legal_help_requested=False; event_ids=EVT000065_001;EVT000065_002; key remaining gaps: partially_provided: product_or_service | optional: evidence_available",Carry identity proof if needed; written timeline; location details; screenshots/photos/messages; receipts or documents where applicable; medical records if injury exists; property or account details if relevant; names/contact details of witnesses if safely available; copies of any prior complaint or authority response.,they completely cheated me on the transaction and refused a refund; I have the payment screenshot and chat with the seller,partially_provided: product_or_service | optional: evidence_available,No contradiction linked in slot annotations or clarification answers.,"No immediate danger is recorded, but reassess safety before taking action. Prepare payment proof, seller communication, product/service details, and consider consumer grievance or platform escalation. Police already contacted: True. Legal help requested: False.",LP_CONSUMER_COMPLAINT_001;LP_REFUND_RIGHTS_001;LP_ECOMMERCE_001,0,False,5,4,True,team-reviewed,REV802,validation
GOUT000066_EN,SCN000066,NAR000066_EN,en,ANS000580;ANS000581;ANS000582,EVT000066_001;EVT000066_002,"1. A swift incident of online phishing theft took place at the local mobile app during peak hours. 2. The victim lost valuable items instantly, and the unidentified suspect fled immediately before any bystanders could intervene..","You reported a theft and robbery matter about online phishing theft at Mobile app on 2023-05-19 around 20:45. The record notes danger status as No, threat mentioned as True, injury mentioned as False, and police contact as False.","incident_family=Theft and robbery | issue=Online phishing theft | place=Mobile app, Gujarat, India | date_time=2023-05-19 20:45 | events=EVT000066_001;EVT000066_002 | property_involved=True | threat_involved=True | injury_involved=False | open_questions=missing: ownership_information","To the concerned authority, I wish to report that on 2023-05-19 around 20:45, at Mobile app, I experienced/reported an incident described as Online phishing theft. My account is: A swift incident of online phishing theft took place at the local mobile app during peak hours. The victim lost valuable items instantly, and the unidentified suspect fled immediately before any bystanders could intervene.. I request that the information be recorded, that appropriate lawful guidance or action be considered, and that I be told if any further documents or details are needed. This draft does not assert guilt, authenticate evidence, or state that an FIR has already been filed.","Case intake: Theft and robbery / Online phishing theft; location Mobile app, Gujarat; incident date/time 2023-05-19 20:45; danger=No; threat=True; injury=False; property=True; police_contacted=False; legal_help_requested=True; event_ids=EVT000066_001;EVT000066_002; key remaining gaps: missing: ownership_information",Carry identity proof if needed; written timeline; location details; screenshots/photos/messages; receipts or documents where applicable; medical records if injury exists; property or account details if relevant; names/contact details of witnesses if safely available; copies of any prior complaint or authority response.,"I can show possession through receipts, photos, or property documents",missing: ownership_information,No contradiction linked in slot annotations or clarification answers.,"No immediate danger is recorded, but reassess safety before taking action. Prepare property details, location, timing, suspect description if known, and police complaint materials. Police already contacted: False. Legal help requested: True.",LP_CRIME_REPORTING_001;LP_FIR_PROCESS_001;LP_DIGITAL_EVIDENCE_001,0,False,5,4,True,team-reviewed,REV714,test
GOUT000067_EN,SCN000067,NAR000067_EN,en,ANS000583;ANS000584;ANS000585;ANS000586;ANS000587;ANS000588,EVT000067_001;EVT000067_002,"1. So I was driving along the highway around 22:15 today, when this car suddenly sped out and caused a complete hit and run collision! 2. The driver didn't even stop to check if anyone was hurt, they just accelerated away immediately.","You reported a traffic & road incidents matter about hit and run collision at Highway on 2023-05-22 around 22:15. The record notes danger status as No, threat mentioned as False, injury mentioned as True, and police contact as False.","incident_family=Traffic & Road Incidents | issue=Hit and run collision | place=Highway, Telangana, India | date_time=2023-05-22 22:15 | events=EVT000067_001;EVT000067_002 | property_involved=True | threat_involved=False | injury_involved=True | open_questions=missing: property_damage | optional: traffic_obstruction","To the concerned authority, I wish to report that on 2023-05-22 around 22:15, at Highway, I experienced/reported an incident described as Hit and run collision. My account is: So I was driving along the highway around 22:15 today, when this car suddenly sped out and caused a complete hit and run collision! The driver didn't even stop to check if anyone was hurt, they just accelerated away immediately. I'm still shaking from the shock.. I request that the information be recorded, that appropriate lawful guidance or action be considered, and that I be told if any further documents or details are needed. This draft does not assert guilt, authenticate evidence, or state that an FIR has already been filed.","Case intake: Traffic & Road Incidents / Hit and run collision; location Highway, Telangana; incident date/time 2023-05-22 22:15; danger=No; threat=False; injury=True; property=True; police_contacted=False; legal_help_requested=False; event_ids=EVT000067_001;EVT000067_002; key remaining gaps: missing: property_damage | optional: traffic_obstruction",Carry identity proof if needed; written timeline; location details; screenshots/photos/messages; receipts or documents where applicable; medical records if injury exists; property or account details if relevant; names/contact details of witnesses if safely available; copies of any prior complaint or authority response.,"No specific evidence item is confirmed; ask user to preserve screenshots, documents, photos, receipts, and messages where available.",missing: property_damage | optional: traffic_obstruction,No contradiction linked in slot annotations or clarification answers.,"No immediate danger is recorded, but reassess safety before taking action. Record vehicle details, photos, injury and damage information, witnesses, and insurance/police documents. Police already contacted: False. Legal help requested: False.",LP_TRAFFIC_ACCIDENT_001;LP_HIT_AND_RUN_001;LP_MOTOR_CLAIM_001,0,False,5,4,True,team-reviewed,REV127,test
GOUT000068_EN,SCN000068,NAR000068_EN,en,ANS000589;ANS000590;ANS000591,EVT000068_001;EVT000068_002,"1. So I was driving along the alleyway around 19:29 today, when this car suddenly sped out and caused a complete illegal parking blockage! 2. The driver didn't even stop to check if anyone was hurt, they just accelerated away immediately.","You reported a traffic & road incidents matter about illegal parking blockage at Alleyway on 2023-05-25 around 19:29. The record notes danger status as No, threat mentioned as False, injury mentioned as False, and police contact as True.","incident_family=Traffic & Road Incidents | issue=Illegal parking blockage | place=Alleyway, Delhi, India | date_time=2023-05-25 19:29 | events=EVT000068_001;EVT000068_002 | property_involved=True | threat_involved=False | injury_involved=False | open_questions=missing: injury_details","To the concerned authority, I wish to report that on 2023-05-25 around 19:29, at Alleyway, I experienced/reported an incident described as Illegal parking blockage. My account is: So I was driving along the alleyway around 19:29 today, when this car suddenly sped out and caused a complete illegal parking blockage! The driver didn't even stop to check if anyone was hurt, they just accelerated away immediately. I'm still shaking from the shock.. I request that the information be recorded, that appropriate lawful guidance or action be considered, and that I be told if any further documents or details are needed. This draft does not assert guilt, authenticate evidence, or state that an FIR has already been filed.","Case intake: Traffic & Road Incidents / Illegal parking blockage; location Alleyway, Delhi; incident date/time 2023-05-25 19:29; danger=No; threat=False; injury=False; property=True; police_contacted=True; legal_help_requested=False; event_ids=EVT000068_001;EVT000068_002; key remaining gaps: missing: injury_details",Carry identity proof if needed; written timeline; location details; screenshots/photos/messages; receipts or documents where applicable; medical records if injury exists; property or account details if relevant; names/contact details of witnesses if safely available; copies of any prior complaint or authority response.,"No specific evidence item is confirmed; ask user to preserve screenshots, documents, photos, receipts, and messages where available.",missing: injury_details,No contradiction linked in slot annotations or clarification answers.,"No immediate danger is recorded, but reassess safety before taking action. Record vehicle details, photos, injury and damage information, witnesses, and insurance/police documents. Police already contacted: True. Legal help requested: False.",LP_TRAFFIC_ACCIDENT_001;LP_HIT_AND_RUN_001;LP_MOTOR_CLAIM_001,0,False,5,4,True,team-reviewed,REV985,test
GOUT000069_EN,SCN000069,NAR000069_EN,en,ANS000592;ANS000593;ANS000594;ANS000595;ANS000596;ANS000597,EVT000069_001;EVT000069_002,"1. Complainant states that on 2026-06-26 at approximately 17:06 hours, a transaction dispute involving false advertising and misrepresentation occurred at Online platform. 2. The vendor reportedly engaged in unfair trade practices, failing to resolve the commercial non-compliance.","You reported a consumer disputes matter about false advertising and misrepresentation at Online platform on 2023-05-26 around 17:06. The record notes danger status as No, threat mentioned as False, injury mentioned as False, and police contact as True.","incident_family=Consumer Disputes | issue=False advertising and misrepresentation | place=Online platform, Gujarat, India | date_time=2023-05-26 17:06 | events=EVT000069_001;EVT000069_002 | property_involved=True | threat_involved=False | injury_involved=False | open_questions=partially_provided: product_or_service | missing: refund_or_remedy_requested","To the concerned authority, I wish to report that on 2023-05-26 around 17:06, at Online platform, I experienced/reported an incident described as False advertising and misrepresentation. My account is: Complainant states that on 2026-06-26 at approximately 17:06 hours, a transaction dispute involving false advertising and misrepresentation occurred at Online platform. The vendor reportedly engaged in unfair trade practices, failing to resolve the commercial non-compliance. Relevant purchase invoices have been logged.. I request that the information be recorded, that appropriate lawful guidance or action be considered, and that I be told if any further documents or details are needed. This draft does not assert guilt, authenticate evidence, or state that an FIR has already been filed.","Case intake: Consumer Disputes / False advertising and misrepresentation; location Online platform, Gujarat; incident date/time 2023-05-26 17:06; danger=No; threat=False; injury=False; property=True; police_contacted=True; legal_help_requested=False; event_ids=EVT000069_001;EVT000069_002; key remaining gaps: partially_provided: product_or_service | missing: refund_or_remedy_requested",Carry identity proof if needed; written timeline; location details; screenshots/photos/messages; receipts or documents where applicable; medical records if injury exists; property or account details if relevant; names/contact details of witnesses if safely available; copies of any prior complaint or authority response.,"Complainant states that on 2026-06-26 at approximately 17:06 hours, a transaction dispute involving false advertising and misrepresentation occurred at Online platform; Relevant purchase invoices have been logged",partially_provided: product_or_service | missing: refund_or_remedy_requested,No contradiction linked in slot annotations or clarification answers.,"No immediate danger is recorded, but reassess safety before taking action. Prepare payment proof, seller communication, product/service details, and consider consumer grievance or platform escalation. Police already contacted: True. Legal help requested: False.",LP_CONSUMER_COMPLAINT_001;LP_REFUND_RIGHTS_001;LP_ECOMMERCE_001,0,False,5,4,True,team-reviewed,REV401,test
GOUT000070_EN,SCN000070,NAR000070_EN,en,ANS000598;ANS000599;ANS000600;ANS000601;ANS000602;ANS000603;ANS000604;ANS000605;ANS000606;ANS000607;ANS000608;ANS000609;ANS000610;ANS000611;ANS000612,EVT000070_001;EVT000070_002,1. A family civil dispute categorized as child custody dispute manifested within a private residence at 15:35. 2. A family civil dispute categorized as child custody dispute manifested within a private residence at 15:35.,"You reported a family law matter about child custody dispute at House on 2023-05-27 around 15:35. The record notes danger status as No, threat mentioned as False, injury mentioned as False, and police contact as False.","incident_family=Family Law | issue=Child custody dispute | place=House, Maharashtra, India | date_time=2023-05-27 15:35 | events=EVT000070_001;EVT000070_002 | property_involved=True | threat_involved=False | injury_involved=False | open_questions=optional: case_or_order_status, financial_support_issue, urgent_motion_needed, supporting_documents | missing: violence_or_safety_concern","To the concerned authority, I wish to report that on 2023-05-27 around 15:35, at House, I experienced/reported an incident described as Child custody dispute. My account is: A family civil dispute categorized as child custody dispute manifested within a private residence at 15:35. The incident centers around contested guardianship or maintenance rights, necessitating institutional mediation under family law statues.. I request that the information be recorded, that appropriate lawful guidance or action be considered, and that I be told if any further documents or details are needed. This draft does not assert guilt, authenticate evidence, or state that an FIR has already been filed.","Case intake: Family Law / Child custody dispute; location House, Maharashtra; incident date/time 2023-05-27 15:35; danger=No; threat=False; injury=False; property=True; police_contacted=False; legal_help_requested=True; event_ids=EVT000070_001;EVT000070_002; key remaining gaps: optional: case_or_order_status, financial_support_issue, urgent_motion_needed, supporting_documents | missing: violence_or_safety_concern",Carry identity proof if needed; written timeline; location details; screenshots/photos/messages; receipts or documents where applicable; medical records if injury exists; property or account details if relevant; names/contact details of witnesses if safely available; copies of any prior complaint or authority response.,"I can provide more details, but I need to check the exact information","optional: case_or_order_status, financial_support_issue, urgent_motion_needed, supporting_documents | missing: violence_or_safety_concern",No contradiction linked in slot annotations or clarification answers.,"No immediate danger is recorded, but reassess safety before taking action. Collect existing orders, communication records, child/dependent details, and consider family-court or legal-aid consultation. Police already contacted: False. Legal help requested: True.",LP_FAMILY_COURT_001;LP_CHILD_CUSTODY_001;LP_LEGAL_AID_001,0,False,5,4,True,team-reviewed,REV744,test
GOUT000071_EN,SCN000071,NAR000071_EN,en,ANS000613;ANS000614;ANS000615;ANS000616;ANS000617;ANS000618;ANS000619;ANS000620;ANS000621,EVT000071_001;EVT000071_002,1. Complainant registers a family matter notification involving an active alimony and maintenance claim at the premises. 2. Relevant documentation has been requested for family court presentation..,"You reported a family law matter about alimony and maintenance claim at Office on 2023-05-29 around 21:26. The record notes danger status as No, threat mentioned as False, injury mentioned as False, and police contact as True.","incident_family=Family Law | issue=Alimony and maintenance claim | place=Office, Delhi, India | date_time=2023-05-29 21:26 | events=EVT000071_001;EVT000071_002 | property_involved=True | threat_involved=False | injury_involved=False | open_questions=optional: financial_support_issue, urgent_motion_needed | missing: violence_or_safety_concern","To the concerned authority, I wish to report that on 2023-05-29 around 21:26, at Office, I experienced/reported an incident described as Alimony and maintenance claim. My account is: Complainant registers a family matter notification involving an active alimony and maintenance claim at the premises. On 2026-07-09 at approximately 21:26 hours, an escalation occurred regarding legal compliance or child visitation parameters. Relevant documentation has been requested for family court presentation.. I request that the information be recorded, that appropriate lawful guidance or action be considered, and that I be told if any further documents or details are needed. This draft does not assert guilt, authenticate evidence, or state that an FIR has already been filed.","Case intake: Family Law / Alimony and maintenance claim; location Office, Delhi; incident date/time 2023-05-29 21:26; danger=No; threat=False; injury=False; property=True; police_contacted=True; legal_help_requested=True; event_ids=EVT000071_001;EVT000071_002; key remaining gaps: optional: financial_support_issue, urgent_motion_needed | missing: violence_or_safety_concern",Carry identity proof if needed; written timeline; location details; screenshots/photos/messages; receipts or documents where applicable; medical records if injury exists; property or account details if relevant; names/contact details of witnesses if safely available; copies of any prior complaint or authority response.,Relevant documentation has been requested for family court presentation,"optional: financial_support_issue, urgent_motion_needed | missing: violence_or_safety_concern",No contradiction linked in slot annotations or clarification answers.,"No immediate danger is recorded, but reassess safety before taking action. Collect existing orders, communication records, child/dependent details, and consider family-court or legal-aid consultation. Police already contacted: True. Legal help requested: True.",LP_FAMILY_COURT_001;LP_CHILD_CUSTODY_001;LP_LEGAL_AID_001,0,False,5,4,True,team-reviewed,REV233,test
GOUT000072_EN,SCN000072,NAR000072_EN,en,ANS000622;ANS000623;ANS000624;ANS000625;ANS000626;ANS000627;ANS000628;ANS000629;ANS000630;ANS000631;ANS000632;ANS000633,EVT000072_001;EVT000072_002,"1. On the afternoon of 2026-06-30, an escalating conflict classified under online harassment & threats manifested at the specified online platform. 2. Security personnel were subsequently informed to review the breach of safety within the jurisdiction..","You reported a assault & threats matter about online harassment & threats at Online platform on 2023-05-30 around 20:21. The record notes danger status as No, threat mentioned as True, injury mentioned as False, and police contact as False.","incident_family=Assault & Threats | issue=Online harassment & threats | place=Online platform, Gujarat, India | date_time=2023-05-30 20:21 | events=EVT000072_001;EVT000072_002 | property_involved=False | threat_involved=True | injury_involved=False | open_questions=missing: threat_or_attack_description, injury_details | optional: safe_place_available, medical_help_status","To the concerned authority, I wish to report that on 2023-05-30 around 20:21, at Online platform, I experienced/reported an incident described as Online harassment & threats. My account is: On the afternoon of 2026-06-30, an escalating conflict classified under online harassment & threats manifested at the specified online platform. Initial verbal friction rapidly degenerated into targeted hostility, establishing clear intent of intimidation and potential bodily harm. The victim sought refuge immediately while nearby witnesses attempted to de-escalate the situation. Security personnel were subsequently informed to review the breach of safety within the jurisdiction.. I request that the information be recorded, that appropriate lawful guidance or action be considered, and that I be told if any further documents or details are needed. This draft does not assert guilt, authenticate evidence, or state that an FIR has already been filed.","Case intake: Assault & Threats / Online harassment & threats; location Online platform, Gujarat; incident date/time 2023-05-30 20:21; danger=No; threat=True; injury=False; property=False; police_contacted=False; legal_help_requested=True; event_ids=EVT000072_001;EVT000072_002; key remaining gaps: missing: threat_or_attack_description, injury_details | optional: safe_place_available, medical_help_status",Carry identity proof if needed; written timeline; location details; screenshots/photos/messages; receipts or documents where applicable; medical records if injury exists; property or account details if relevant; names/contact details of witnesses if safely available; copies of any prior complaint or authority response.,"No specific evidence item is confirmed; ask user to preserve screenshots, documents, photos, receipts, and messages where available.","missing: threat_or_attack_description, injury_details | optional: safe_place_available, medical_help_status",No contradiction linked in slot annotations or clarification answers.,"No immediate danger is recorded, but reassess safety before taking action. If threat or injury exists, seek safety and medical support; preserve messages, witness details, and complaint facts. Police already contacted: False. Legal help requested: True.",LP_CRIME_REPORTING_001;LP_EMERGENCY_HELP_001;LP_FIR_PROCESS_001,0,False,5,4,True,team-reviewed,REV249,Train
GOUT000073_EN,SCN000073,NAR000073_EN,en,ANS000634;ANS000635;ANS000636;ANS000637;ANS000638;ANS000639;ANS000640;ANS000641;ANS000642,EVT000073_001;EVT000073_002,1. experiencing a severe land encroachment since 03:11. 2. guys please help they are trying to take over the Agricultural land right now!!,"You reported a property disputes matter about land encroachment at Agricultural land on 2023-05-31 around 03:11. The record notes danger status as No, threat mentioned as False, injury mentioned as False, and police contact as True.","incident_family=Property Disputes | issue=Land encroachment | place=Agricultural land, Tamil Nadu, India | date_time=2023-05-31 03:11 | events=EVT000073_001;EVT000073_002 | property_involved=True | threat_involved=False | injury_involved=False | open_questions=partially_provided: property_type, current_possession | missing: ownership_documents","To the concerned authority, I wish to report that on 2023-05-31 around 03:11, at Agricultural land, I experienced/reported an incident described as Land encroachment. My account is: guys please help they are trying to take over the Agricultural land right now!! experiencing a severe land encroachment since 03:11. they brought workers and are breaking down boundaries. please check if anyone can come over fast. I request that the information be recorded, that appropriate lawful guidance or action be considered, and that I be told if any further documents or details are needed. This draft does not assert guilt, authenticate evidence, or state that an FIR has already been filed.","Case intake: Property Disputes / Land encroachment; location Agricultural land, Tamil Nadu; incident date/time 2023-05-31 03:11; danger=No; threat=False; injury=False; property=True; police_contacted=True; legal_help_requested=True; event_ids=EVT000073_001;EVT000073_002; key remaining gaps: partially_provided: property_type, current_possession | missing: ownership_documents",Carry identity proof if needed; written timeline; location details; screenshots/photos/messages; receipts or documents where applicable; medical records if injury exists; property or account details if relevant; names/contact details of witnesses if safely available; copies of any prior complaint or authority response.,"I can show possession through receipts, photos, or property documents","partially_provided: property_type, current_possession | missing: ownership_documents",No contradiction linked in slot annotations or clarification answers.,"No immediate danger is recorded, but reassess safety before taking action. Collect ownership/possession documents, photos of the site, opposing-party details, and avoid confrontation. Police already contacted: True. Legal help requested: True.",LP_PROPERTY_DISPUTE_001;LP_CRIME_REPORTING_001;LP_DIGITAL_EVIDENCE_001,0,False,5,4,True,team-reviewed,REV195,test
GOUT000074_EN,SCN000074,NAR000074_EN,en,ANS000643;ANS000644;ANS000645,EVT000074_001;EVT000074_002,"1. On the morning of 2026-07-17, a sophisticated financial manipulation strategy matching the parameters of insurance claim fraud was discovered at the designated office around 15:27 hours. 2. Internal risk assets teams have initiated emergency containment protocols while formal complaints are being forwarded to statutory economic offenses wings within the state jurisdiction..","You reported a financial fraud matter about insurance claim fraud at Office on 2023-05-31 around 15:27. The record notes danger status as No, threat mentioned as False, injury mentioned as False, and police contact as False.","incident_family=Financial Fraud | issue=Insurance claim fraud | place=Office, Maharashtra, India | date_time=2023-05-31 15:27 | events=EVT000074_001;EVT000074_002 | property_involved=True | threat_involved=False | injury_involved=False | open_questions=optional: institution_notified","To the concerned authority, I wish to report that on 2023-05-31 around 15:27, at Office, I experienced/reported an incident described as Insurance claim fraud. My account is: On the morning of 2026-07-17, a sophisticated financial manipulation strategy matching the parameters of insurance claim fraud was discovered at the designated office around 15:27 hours. The transaction logs indicate that highly specialized methods were utilized to manipulate verification nodes, enabling the illicit diversion of capital. Internal risk assets teams have initiated emergency containment protocols while formal complaints are being forwarded to statutory economic offenses wings within the state jurisdiction.. I request that the information be recorded, that appropriate lawful guidance or action be considered, and that I be told if any further documents or details are needed. This draft does not assert guilt, authenticate evidence, or state that an FIR has already been filed.","Case intake: Financial Fraud / Insurance claim fraud; location Office, Maharashtra; incident date/time 2023-05-31 15:27; danger=No; threat=False; injury=False; property=True; police_contacted=False; legal_help_requested=True; event_ids=EVT000074_001;EVT000074_002; key remaining gaps: optional: institution_notified",Carry identity proof if needed; written timeline; location details; screenshots/photos/messages; receipts or documents where applicable; medical records if injury exists; property or account details if relevant; names/contact details of witnesses if safely available; copies of any prior complaint or authority response.,"The transaction logs indicate that highly specialized methods were utilized to manipulate verification nodes, enabling the illicit diversion of capital",optional: institution_notified,No contradiction linked in slot annotations or clarification answers.,"No immediate danger is recorded, but reassess safety before taking action. Notify the financial institution quickly, preserve transaction records, and consider police/cyber reporting depending on facts. Police already contacted: False. Legal help requested: True.",LP_FINANCIAL_CYBER_FRAUD_001;LP_CYBER_REPORTING_001;LP_DIGITAL_EVIDENCE_001,0,False,5,4,True,team-reviewed,REV876,test
GOUT000075_EN,SCN000075,NAR000075_EN,en,ANS000646;ANS000647;ANS000648;ANS000649;ANS000650;ANS000651;ANS000652;ANS000653;ANS000654;ANS000655;ANS000656;ANS000657,EVT000075_001;EVT000075_002,"1. Several individuals were actively contesting an instance of illegal property possession, with local residents stepping in to prevent physical escalation before authorities were notified.. 2. Several individuals were actively contesting an instance of illegal property possession, with local residents stepping in to prevent physical escalation before authorities were notified..","You reported a property disputes matter about illegal property possession at House on 2023-06-07 around 13:06. The record notes danger status as No, threat mentioned as True, injury mentioned as False, and police contact as True.","incident_family=Property Disputes | issue=Illegal property possession | place=House, Tamil Nadu, India | date_time=2023-06-07 13:06 | events=EVT000075_001;EVT000075_002 | property_involved=True | threat_involved=True | injury_involved=False | open_questions=partially_provided: property_type, current_possession | missing: ownership_documents | optional: opposing_party_identity","To the concerned authority, I wish to report that on 2023-06-07 around 13:06, at House, I experienced/reported an incident described as Illegal property possession. My account is: The observer witnessed an intense community argument unfolding near the house around 13:06. Several individuals were actively contesting an instance of illegal property possession, with local residents stepping in to prevent physical escalation before authorities were notified.. I request that the information be recorded, that appropriate lawful guidance or action be considered, and that I be told if any further documents or details are needed. This draft does not assert guilt, authenticate evidence, or state that an FIR has already been filed.","Case intake: Property Disputes / Illegal property possession; location House, Tamil Nadu; incident date/time 2023-06-07 13:06; danger=No; threat=True; injury=False; property=True; police_contacted=True; legal_help_requested=True; event_ids=EVT000075_001;EVT000075_002; key remaining gaps: partially_provided: property_type, current_possession | missing: ownership_documents | optional: opposing_party_identity",Carry identity proof if needed; written timeline; location details; screenshots/photos/messages; receipts or documents where applicable; medical records if injury exists; property or account details if relevant; names/contact details of witnesses if safely available; copies of any prior complaint or authority response.,"I can show possession through receipts, photos, or property documents","partially_provided: property_type, current_possession | missing: ownership_documents | optional: opposing_party_identity",No contradiction linked in slot annotations or clarification answers.,"No immediate danger is recorded, but reassess safety before taking action. Collect ownership/possession documents, photos of the site, opposing-party details, and avoid confrontation. Police already contacted: True. Legal help requested: True.",LP_PROPERTY_DISPUTE_001;LP_CRIME_REPORTING_001;LP_DIGITAL_EVIDENCE_001,0,False,5,4,True,team-reviewed,REV851,Train
GOUT000076_EN,SCN000076,NAR000076_EN,en,ANS000658;ANS000659;ANS000660;ANS000661;ANS000662;ANS000663;ANS000664;ANS000665;ANS000666,EVT000076_001;EVT000076_002,"1. So I was just standing at the marketplace around 12:35 yesterday, checking my phone, when this guy suddenly rushed past me and grabbed my belongings out of nowhere! 2. So I was just standing at the marketplace around 12:35 yesterday, checking my phone, when this guy suddenly rushed past me and grabbed my belongings out of nowhere!","You reported a theft and robbery matter about pickpocketing at Marketplace on 2023-06-09 around 12:35. The record notes danger status as No, threat mentioned as False, injury mentioned as False, and police contact as True.","incident_family=Theft and robbery | issue=Pickpocketing | place=Marketplace, Maharashtra, India | date_time=2023-06-09 12:35 | events=EVT000076_001;EVT000076_002 | property_involved=True | threat_involved=False | injury_involved=False | open_questions=missing: ownership_information, force_or_threat_used | optional: suspect_description","To the concerned authority, I wish to report that on 2023-06-09 around 12:35, at Marketplace, I experienced/reported an incident described as Pickpocketing. My account is: So I was just standing at the marketplace around 12:35 yesterday, checking my phone, when this guy suddenly rushed past me and grabbed my belongings out of nowhere! I didn't even have time to react or see his face properly. Totally shocked.. I request that the information be recorded, that appropriate lawful guidance or action be considered, and that I be told if any further documents or details are needed. This draft does not assert guilt, authenticate evidence, or state that an FIR has already been filed.","Case intake: Theft and robbery / Pickpocketing; location Marketplace, Maharashtra; incident date/time 2023-06-09 12:35; danger=No; threat=False; injury=False; property=True; police_contacted=True; legal_help_requested=True; event_ids=EVT000076_001;EVT000076_002; key remaining gaps: missing: ownership_information, force_or_threat_used | optional: suspect_description",Carry identity proof if needed; written timeline; location details; screenshots/photos/messages; receipts or documents where applicable; medical records if injury exists; property or account details if relevant; names/contact details of witnesses if safely available; copies of any prior complaint or authority response.,"I can show possession through receipts, photos, or property documents","missing: ownership_information, force_or_threat_used | optional: suspect_description",No contradiction linked in slot annotations or clarification answers.,"No immediate danger is recorded, but reassess safety before taking action. Prepare property details, location, timing, suspect description if known, and police complaint materials. Police already contacted: True. Legal help requested: True.",LP_CRIME_REPORTING_001;LP_FIR_PROCESS_001;LP_DIGITAL_EVIDENCE_001,0,False,5,4,True,team-reviewed,REV233,validation
GOUT000077_EN,SCN000077,NAR000077_EN,en,ANS000667;ANS000668;ANS000669;ANS000670;ANS000671;ANS000672;ANS000673;ANS000674;ANS000675;ANS000676;ANS000677;ANS000678;ANS000679;ANS000680;ANS000681,EVT000077_001;EVT000077_002,"1. So I was waiting at the apartment around 13:34 today for my scheduled meeting, when my ex turned up and started an absolute argument over our guardianship dispute. 2. So I was waiting at the apartment around 13:34 today for my scheduled meeting, when my ex turned up and started an absolute argument over our guardianship dispute.","You reported a family law matter about guardianship dispute at Apartment on 2023-06-12 around 13:34. The record notes danger status as No, threat mentioned as False, injury mentioned as False, and police contact as True.","incident_family=Family Law | issue=Guardianship dispute | place=Apartment, Tamil Nadu, India | date_time=2023-06-12 13:34 | events=EVT000077_001;EVT000077_002 | property_involved=True | threat_involved=False | injury_involved=False | open_questions=optional: case_or_order_status, financial_support_issue, urgent_motion_needed, supporting_documents | missing: violence_or_safety_concern","To the concerned authority, I wish to report that on 2023-06-12 around 13:34, at Apartment, I experienced/reported an incident described as Guardianship dispute. My account is: So I was waiting at the apartment around 13:34 today for my scheduled meeting, when my ex turned up and started an absolute argument over our guardianship dispute. They completely refused to abide by what the court originally decided. I'm just so drained by this ongoing legal battle.. I request that the information be recorded, that appropriate lawful guidance or action be considered, and that I be told if any further documents or details are needed. This draft does not assert guilt, authenticate evidence, or state that an FIR has already been filed.","Case intake: Family Law / Guardianship dispute; location Apartment, Tamil Nadu; incident date/time 2023-06-12 13:34; danger=No; threat=False; injury=False; property=True; police_contacted=True; legal_help_requested=True; event_ids=EVT000077_001;EVT000077_002; key remaining gaps: optional: case_or_order_status, financial_support_issue, urgent_motion_needed, supporting_documents | missing: violence_or_safety_concern",Carry identity proof if needed; written timeline; location details; screenshots/photos/messages; receipts or documents where applicable; medical records if injury exists; property or account details if relevant; names/contact details of witnesses if safely available; copies of any prior complaint or authority response.,"I can provide more details, but I need to check the exact information","optional: case_or_order_status, financial_support_issue, urgent_motion_needed, supporting_documents | missing: violence_or_safety_concern",No contradiction linked in slot annotations or clarification answers.,"No immediate danger is recorded, but reassess safety before taking action. Collect existing orders, communication records, child/dependent details, and consider family-court or legal-aid consultation. Police already contacted: True. Legal help requested: True.",LP_FAMILY_COURT_001;LP_CHILD_CUSTODY_001;LP_LEGAL_AID_001,0,False,5,4,True,team-reviewed,REV536,Train
GOUT000078_EN,SCN000078,NAR000078_EN,en,ANS000682;ANS000683;ANS000684;ANS000685;ANS000686;ANS000687;ANS000688;ANS000689;ANS000690;ANS000691;ANS000692;ANS000693;ANS000694;ANS000695;ANS000696;ANS000697;ANS000698;ANS000699,EVT000078_001;EVT000078_002,1. he is screaming and throwing things again it's really bad dowry harassment right now at home since 03:03 hours. 2. please call someone or come over i am hiding in the washroom right now text me back please.,"You reported a domestic violence matter about dowry harassment at House on 2023-06-12 around 03:03. The record notes danger status as No, threat mentioned as True, injury mentioned as False, and police contact as True.","incident_family=Domestic Violence | issue=Dowry harassment | place=House, West Bengal, India | date_time=2023-06-12 03:03 | events=EVT000078_001;EVT000078_002 | property_involved=False | threat_involved=True | injury_involved=False | open_questions=partially_provided: relationship_to_offender, current_shelter_safety | optional: children_or_dependents, evidence_available, support_person_contact | missing: injury_or_medical_need","To the concerned authority, I wish to report that on 2023-06-12 around 03:03, at House, I experienced/reported an incident described as Dowry harassment. My account is: he is screaming and throwing things again it's really bad dowry harassment right now at home since 03:03 hours. please call someone or come over i am hiding in the washroom right now text me back please. I request that the information be recorded, that appropriate lawful guidance or action be considered, and that I be told if any further documents or details are needed. This draft does not assert guilt, authenticate evidence, or state that an FIR has already been filed.","Case intake: Domestic Violence / Dowry harassment; location House, West Bengal; incident date/time 2023-06-12 03:03; danger=No; threat=True; injury=False; property=False; police_contacted=True; legal_help_requested=False; event_ids=EVT000078_001;EVT000078_002; key remaining gaps: partially_provided: relationship_to_offender, current_shelter_safety | optional: children_or_dependents, evidence_available, support_person_contact | missing: injury_or_medical_need",Carry identity proof if needed; written timeline; location details; screenshots/photos/messages; receipts or documents where applicable; medical records if injury exists; property or account details if relevant; names/contact details of witnesses if safely available; copies of any prior complaint or authority response.,I have photos and messages related to the incident,"partially_provided: relationship_to_offender, current_shelter_safety | optional: children_or_dependents, evidence_available, support_person_contact | missing: injury_or_medical_need",No contradiction linked in slot annotations or clarification answers.,"No immediate danger is recorded, but reassess safety before taking action. Prioritise safety planning, trusted support, medical documentation if needed, and legal-aid/protection options. Police already contacted: True. Legal help requested: False.",LP_DOMESTIC_VIOLENCE_001;LP_EMERGENCY_HELP_001;LP_LEGAL_AID_001,0,False,5,4,True,team-reviewed,REV693,test
GOUT000079_EN,SCN000079,NAR000079_EN,en,ANS000700;ANS000701;ANS000702;ANS000703;ANS000704;ANS000705;ANS000706;ANS000707;ANS000708;ANS000709;ANS000710;ANS000711,EVT000079_001;EVT000079_002,"1. Shortly after, they approached the victim from behind, forcefully committed chain snatching, and fled the scene on a two-wheeler heading north.. 2. Shortly after, they approached the victim from behind, forcefully committed chain snatching, and fled the scene on a two-wheeler heading north..","You reported a theft and robbery matter about chain snatching at Road on 2023-06-14 around 08:06. The record notes danger status as No, threat mentioned as True, injury mentioned as False, and police contact as True.","incident_family=Theft and robbery | issue=Chain snatching | place=Road, Gujarat, India | date_time=2023-06-14 08:06 | events=EVT000079_001;EVT000079_002 | property_involved=True | threat_involved=True | injury_involved=False | open_questions=partially_provided: property_type, property_description | missing: ownership_information | optional: suspect_description","To the concerned authority, I wish to report that on 2023-06-14 around 08:06, at Road, I experienced/reported an incident described as Chain snatching. My account is: The observer noticed two suspicious individuals loitering near the road around 08:06. Shortly after, they approached the victim from behind, forcefully committed chain snatching, and fled the scene on a two-wheeler heading north.. I request that the information be recorded, that appropriate lawful guidance or action be considered, and that I be told if any further documents or details are needed. This draft does not assert guilt, authenticate evidence, or state that an FIR has already been filed.","Case intake: Theft and robbery / Chain snatching; location Road, Gujarat; incident date/time 2023-06-14 08:06; danger=No; threat=True; injury=False; property=True; police_contacted=True; legal_help_requested=True; event_ids=EVT000079_001;EVT000079_002; key remaining gaps: partially_provided: property_type, property_description | missing: ownership_information | optional: suspect_description",Carry identity proof if needed; written timeline; location details; screenshots/photos/messages; receipts or documents where applicable; medical records if injury exists; property or account details if relevant; names/contact details of witnesses if safely available; copies of any prior complaint or authority response.,"I can show possession through receipts, photos, or property documents","partially_provided: property_type, property_description | missing: ownership_information | optional: suspect_description",No contradiction linked in slot annotations or clarification answers.,"No immediate danger is recorded, but reassess safety before taking action. Prepare property details, location, timing, suspect description if known, and police complaint materials. Police already contacted: True. Legal help requested: True.",LP_CRIME_REPORTING_001;LP_FIR_PROCESS_001;LP_DIGITAL_EVIDENCE_001,0,False,5,4,True,team-reviewed,REV368,Train
GOUT000080_EN,SCN000080,NAR000080_EN,en,ANS000712;ANS000713;ANS000714;ANS000715;ANS000716;ANS000717;ANS000718;ANS000719;ANS000720;ANS000721;ANS000722;ANS000723,EVT000080_001;EVT000080_002,"1. A property conflict classified under inheritance property claim was documented at the plot at 10:41. 2. The dispute involves contested boundaries and ownership titles, requiring civil or criminal mediation to preserve public order..","You reported a property disputes matter about inheritance property claim at Plot on 2023-06-16 around 10:41. The record notes danger status as No, threat mentioned as True, injury mentioned as False, and police contact as False.","incident_family=Property Disputes | issue=Inheritance property claim | place=Plot, Maharashtra, India | date_time=2023-06-16 10:41 | events=EVT000080_001;EVT000080_002 | property_involved=True | threat_involved=True | injury_involved=False | open_questions=partially_provided: property_type, ownership_documents | optional: opposing_party_identity | missing: current_possession","To the concerned authority, I wish to report that on 2023-06-16 around 10:41, at Plot, I experienced/reported an incident described as Inheritance property claim. My account is: A property conflict classified under inheritance property claim was documented at the plot at 10:41. The dispute involves contested boundaries and ownership titles, requiring civil or criminal mediation to preserve public order.. I request that the information be recorded, that appropriate lawful guidance or action be considered, and that I be told if any further documents or details are needed. This draft does not assert guilt, authenticate evidence, or state that an FIR has already been filed.","Case intake: Property Disputes / Inheritance property claim; location Plot, Maharashtra; incident date/time 2023-06-16 10:41; danger=No; threat=True; injury=False; property=True; police_contacted=False; legal_help_requested=True; event_ids=EVT000080_001;EVT000080_002; key remaining gaps: partially_provided: property_type, ownership_documents | optional: opposing_party_identity | missing: current_possession",Carry identity proof if needed; written timeline; location details; screenshots/photos/messages; receipts or documents where applicable; medical records if injury exists; property or account details if relevant; names/contact details of witnesses if safely available; copies of any prior complaint or authority response.,"A property conflict classified under inheritance property claim was documented at the plot at 10:41; I can show possession through receipts, photos, or property documents","partially_provided: property_type, ownership_documents | optional: opposing_party_identity | missing: current_possession",No contradiction linked in slot annotations or clarification answers.,"No immediate danger is recorded, but reassess safety before taking action. Collect ownership/possession documents, photos of the site, opposing-party details, and avoid confrontation. Police already contacted: False. Legal help requested: True.",LP_PROPERTY_DISPUTE_001;LP_CRIME_REPORTING_001;LP_DIGITAL_EVIDENCE_001,0,False,5,4,True,team-reviewed,REV637,test
GOUT000081_EN,SCN000081,NAR000081_EN,en,ANS000724;ANS000725;ANS000726;ANS000727;ANS000728;ANS000729,EVT000081_001;EVT000081_002,"1. Dear Human Resources and Labor Commissioner, I am writing to formally lodge a grievance regarding the ongoing pattern of breach of employment contract within the Online platform. 2. Dear Human Resources and Labor Commissioner, I am writing to formally lodge a grievance regarding the ongoing pattern of breach of employment contract within the Online platform.","You reported a employment/labour matter about breach of employment contract at Online platform on 2023-06-17 around 04:43. The record notes danger status as No, threat mentioned as False, injury mentioned as False, and police contact as True.","incident_family=Employment/Labour | issue=Breach of employment contract | place=Online platform, Tamil Nadu, India | date_time=2023-06-17 04:43 | events=EVT000081_001;EVT000081_002 | property_involved=True | threat_involved=False | injury_involved=False | open_questions=optional: employment_documents, internal_complaint_status","To the concerned authority, I wish to report that on 2023-06-17 around 04:43, at Online platform, I experienced/reported an incident described as Breach of employment contract. My account is: Dear Human Resources and Labor Commissioner, I am writing to formally lodge a grievance regarding the ongoing pattern of breach of employment contract within the Online platform. The definitive breach transpired on 2026-07-06 at 04:43 hours, violating explicit terms of my employment contract and local statutory codes.. I request that the information be recorded, that appropriate lawful guidance or action be considered, and that I be told if any further documents or details are needed. This draft does not assert guilt, authenticate evidence, or state that an FIR has already been filed.","Case intake: Employment/Labour / Breach of employment contract; location Online platform, Tamil Nadu; incident date/time 2023-06-17 04:43; danger=No; threat=False; injury=False; property=True; police_contacted=True; legal_help_requested=False; event_ids=EVT000081_001;EVT000081_002; key remaining gaps: optional: employment_documents, internal_complaint_status",Carry identity proof if needed; written timeline; location details; screenshots/photos/messages; receipts or documents where applicable; medical records if injury exists; property or account details if relevant; names/contact details of witnesses if safely available; copies of any prior complaint or authority response.,"I have some emails and employment records, but not every document","optional: employment_documents, internal_complaint_status",No contradiction linked in slot annotations or clarification answers.,"No immediate danger is recorded, but reassess safety before taking action. Collect employment documents, payslips, emails, HR communication, and wage/termination details. Police already contacted: True. Legal help requested: False.",LP_LABOUR_COMPLAINT_001;LP_WAGE_CLAIM_001;LP_LEGAL_AID_001,0,False,5,4,True,team-reviewed,REV188,validation
GOUT000082_EN,SCN000082,NAR000082_EN,en,ANS000730;ANS000731;ANS000732;ANS000733;ANS000734;ANS000735;ANS000736;ANS000737;ANS000738;ANS000739;ANS000740;ANS000741,EVT000082_001;EVT000082_002,"1. On the afternoon of 2026-06-28, a long-standing land friction culminated in an explicit case of tenant-landlord conflict at the designated house around 23:37 hours. 2. On the afternoon of 2026-06-28, a long-standing land friction culminated in an explicit case of tenant-landlord conflict at the designated house around 23:37 hours.","You reported a property disputes matter about tenant-landlord conflict at House on 2023-06-18 around 23:37. The record notes danger status as No, threat mentioned as False, injury mentioned as False, and police contact as True.","incident_family=Property Disputes | issue=Tenant-landlord conflict | place=House, Telangana, India | date_time=2023-06-18 23:37 | events=EVT000082_001;EVT000082_002 | property_involved=True | threat_involved=False | injury_involved=False | open_questions=partially_provided: property_type, ownership_documents, current_possession | optional: damage_or_alteration","To the concerned authority, I wish to report that on 2023-06-18 around 23:37, at House, I experienced/reported an incident described as Tenant-landlord conflict. My account is: On the afternoon of 2026-06-28, a long-standing land friction culminated in an explicit case of tenant-landlord conflict at the designated house around 23:37 hours. The incident involved rival claimants attempting physical occupation or structural modification without valid legal injunctions. Local law enforcement intervened to mandate a status quo until the appropriate regional civil courts review the structural registration parameters and revenue maps under the state jurisdiction.. I request that the information be recorded, that appropriate lawful guidance or action be considered, and that I be told if any further documents or details are needed. This draft does not assert guilt, authenticate evidence, or state that an FIR has already been filed.","Case intake: Property Disputes / Tenant-landlord conflict; location House, Telangana; incident date/time 2023-06-18 23:37; danger=No; threat=False; injury=False; property=True; police_contacted=True; legal_help_requested=True; event_ids=EVT000082_001;EVT000082_002; key remaining gaps: partially_provided: property_type, ownership_documents, current_possession | optional: damage_or_alteration",Carry identity proof if needed; written timeline; location details; screenshots/photos/messages; receipts or documents where applicable; medical records if injury exists; property or account details if relevant; names/contact details of witnesses if safely available; copies of any prior complaint or authority response.,"On the afternoon of 2026-06-28, a long-standing land friction culminated in an explicit case of tenant-landlord conflict at the designated house around 23:37 hours; I can show possession through receipts, photos, or property documents","partially_provided: property_type, ownership_documents, current_possession | optional: damage_or_alteration",No contradiction linked in slot annotations or clarification answers.,"No immediate danger is recorded, but reassess safety before taking action. Collect ownership/possession documents, photos of the site, opposing-party details, and avoid confrontation. Police already contacted: True. Legal help requested: True.",LP_PROPERTY_DISPUTE_001;LP_CRIME_REPORTING_001;LP_DIGITAL_EVIDENCE_001,0,False,5,4,True,team-reviewed,REV401,test
GOUT000083_EN,SCN000083,NAR000083_EN,en,ANS000742;ANS000743;ANS000744,EVT000083_001;EVT000083_002,1. just witnessed a crazy illegal parking blockage around 02:39 hours. 2. guys stay away from the Alleyway right now!,"You reported a traffic & road incidents matter about illegal parking blockage at Alleyway on 2023-06-21 around 02:39. The record notes danger status as No, threat mentioned as False, injury mentioned as False, and police contact as False.","incident_family=Traffic & Road Incidents | issue=Illegal parking blockage | place=Alleyway, West Bengal, India | date_time=2023-06-21 02:39 | events=EVT000083_001;EVT000083_002 | property_involved=True | threat_involved=False | injury_involved=False | open_questions=missing: injury_details","To the concerned authority, I wish to report that on 2023-06-21 around 02:39, at Alleyway, I experienced/reported an incident described as Illegal parking blockage. My account is: guys stay away from the Alleyway right now! just witnessed a crazy illegal parking blockage around 02:39 hours. cars are badly damaged and traffic is completely backed up. emergency services are arriving just now. I request that the information be recorded, that appropriate lawful guidance or action be considered, and that I be told if any further documents or details are needed. This draft does not assert guilt, authenticate evidence, or state that an FIR has already been filed.","Case intake: Traffic & Road Incidents / Illegal parking blockage; location Alleyway, West Bengal; incident date/time 2023-06-21 02:39; danger=No; threat=False; injury=False; property=True; police_contacted=False; legal_help_requested=True; event_ids=EVT000083_001;EVT000083_002; key remaining gaps: missing: injury_details",Carry identity proof if needed; written timeline; location details; screenshots/photos/messages; receipts or documents where applicable; medical records if injury exists; property or account details if relevant; names/contact details of witnesses if safely available; copies of any prior complaint or authority response.,"No specific evidence item is confirmed; ask user to preserve screenshots, documents, photos, receipts, and messages where available.",missing: injury_details,No contradiction linked in slot annotations or clarification answers.,"No immediate danger is recorded, but reassess safety before taking action. Record vehicle details, photos, injury and damage information, witnesses, and insurance/police documents. Police already contacted: False. Legal help requested: True.",LP_TRAFFIC_ACCIDENT_001;LP_HIT_AND_RUN_001;LP_MOTOR_CLAIM_001,0,False,5,4,True,team-reviewed,REV511,validation
GOUT000084_EN,SCN000084,NAR000084_EN,en,ANS000745;ANS000746;ANS000747;ANS000748;ANS000749;ANS000750;ANS000751;ANS000752;ANS000753,EVT000084_001;EVT000084_002,"1. On the date of 2026-07-03, a formal consumer conflict classified as false advertising and misrepresentation manifested during a commercial interaction at the designated showroom around 01:34. 2. On the date of 2026-07-03, a formal consumer conflict classified as false advertising and misrepresentation manifested during a commercial interaction at the designated showroom around 01:34.","You reported a consumer disputes matter about false advertising and misrepresentation at Showroom on 2023-06-29 around 01:34. The record notes danger status as No, threat mentioned as False, injury mentioned as False, and police contact as False.","incident_family=Consumer Disputes | issue=False advertising and misrepresentation | place=Showroom, Uttar Pradesh, India | date_time=2023-06-29 01:34 | events=EVT000084_001;EVT000084_002 | property_involved=True | threat_involved=False | injury_involved=False | open_questions=partially_provided: product_or_service | missing: refund_or_remedy_requested | optional: evidence_available","To the concerned authority, I wish to report that on 2023-06-29 around 01:34, at Showroom, I experienced/reported an incident described as False advertising and misrepresentation. My account is: On the date of 2026-07-03, a formal consumer conflict classified as false advertising and misrepresentation manifested during a commercial interaction at the designated showroom around 01:34. The transaction parameters reveal an explicit deviation from advertising claims or legal standards, directly compromising buyer safety and financial protection. Standard operational dispute channels were exhausted without success, prompting an escalation to statutory regulatory oversight mechanisms.. I request that the information be recorded, that appropriate lawful guidance or action be considered, and that I be told if any further documents or details are needed. This draft does not assert guilt, authenticate evidence, or state that an FIR has already been filed.","Case intake: Consumer Disputes / False advertising and misrepresentation; location Showroom, Uttar Pradesh; incident date/time 2023-06-29 01:34; danger=No; threat=False; injury=False; property=True; police_contacted=False; legal_help_requested=True; event_ids=EVT000084_001;EVT000084_002; key remaining gaps: partially_provided: product_or_service | missing: refund_or_remedy_requested | optional: evidence_available",Carry identity proof if needed; written timeline; location details; screenshots/photos/messages; receipts or documents where applicable; medical records if injury exists; property or account details if relevant; names/contact details of witnesses if safely available; copies of any prior complaint or authority response.,"The transaction parameters reveal an explicit deviation from advertising claims or legal standards, directly compromising buyer safety and financial protection; I have the payment screenshot and chat with the seller",partially_provided: product_or_service | missing: refund_or_remedy_requested | optional: evidence_available,No contradiction linked in slot annotations or clarification answers.,"No immediate danger is recorded, but reassess safety before taking action. Prepare payment proof, seller communication, product/service details, and consider consumer grievance or platform escalation. Police already contacted: False. Legal help requested: True.",LP_CONSUMER_COMPLAINT_001;LP_REFUND_RIGHTS_001;LP_ECOMMERCE_001,0,False,5,4,True,team-reviewed,REV991,Train
GOUT000085_EN,SCN000085,NAR000085_EN,en,ANS000754;ANS000755;ANS000756,EVT000085_001;EVT000085_002,1. Complainant reports a structured financial offense falling under the category of insurance claim fraud at the office. 2. Audit trails have been preserved..,"You reported a financial fraud matter about insurance claim fraud at Office on 2023-06-29 around 07:31. The record notes danger status as No, threat mentioned as False, injury mentioned as False, and police contact as True.","incident_family=Financial Fraud | issue=Insurance claim fraud | place=Office, Telangana, India | date_time=2023-06-29 07:31 | events=EVT000085_001;EVT000085_002 | property_involved=True | threat_involved=False | injury_involved=False | open_questions=optional: institution_notified","To the concerned authority, I wish to report that on 2023-06-29 around 07:31, at Office, I experienced/reported an incident described as Insurance claim fraud. My account is: Complainant reports a structured financial offense falling under the category of insurance claim fraud at the office. The incident occurred on 2026-07-18 at approximately 07:31 hours, wherein deceptive documentation was presented to misappropriate corporate or individual monetary assets. Audit trails have been preserved.. I request that the information be recorded, that appropriate lawful guidance or action be considered, and that I be told if any further documents or details are needed. This draft does not assert guilt, authenticate evidence, or state that an FIR has already been filed.","Case intake: Financial Fraud / Insurance claim fraud; location Office, Telangana; incident date/time 2023-06-29 07:31; danger=No; threat=False; injury=False; property=True; police_contacted=True; legal_help_requested=True; event_ids=EVT000085_001;EVT000085_002; key remaining gaps: optional: institution_notified",Carry identity proof if needed; written timeline; location details; screenshots/photos/messages; receipts or documents where applicable; medical records if injury exists; property or account details if relevant; names/contact details of witnesses if safely available; copies of any prior complaint or authority response.,"The incident occurred on 2026-07-18 at approximately 07:31 hours, wherein deceptive documentation was presented to misappropriate corporate or individual monetary assets",optional: institution_notified,No contradiction linked in slot annotations or clarification answers.,"No immediate danger is recorded, but reassess safety before taking action. Notify the financial institution quickly, preserve transaction records, and consider police/cyber reporting depending on facts. Police already contacted: True. Legal help requested: True.",LP_FINANCIAL_CYBER_FRAUD_001;LP_CYBER_REPORTING_001;LP_DIGITAL_EVIDENCE_001,0,False,5,4,True,team-reviewed,REV355,Train
GOUT000086_EN,SCN000086,NAR000086_EN,en,ANS000757;ANS000758;ANS000759;ANS000760;ANS000761;ANS000762;ANS000763;ANS000764;ANS000765;ANS000766;ANS000767;ANS000768,EVT000086_001;EVT000086_002,"1. Dear Management, I am writing to formally log a grievance regarding a distressing incident of physical altercation that occurred today at approximately 11:34 within the Road. 2. Dear Management, I am writing to formally log a grievance regarding a distressing incident of physical altercation that occurred today at approximately 11:34 within the Road.","You reported a assault & threats matter about physical altercation at Road on 2023-06-30 around 11:34. The record notes danger status as No, threat mentioned as True, injury mentioned as True, and police contact as False.","incident_family=Assault & Threats | issue=Physical altercation | place=Road, West Bengal, India | date_time=2023-06-30 11:34 | events=EVT000086_001;EVT000086_002 | property_involved=False | threat_involved=True | injury_involved=True | open_questions=missing: threat_or_attack_description | optional: witness_available, safe_place_available, medical_help_status","To the concerned authority, I wish to report that on 2023-06-30 around 11:34, at Road, I experienced/reported an incident described as Physical altercation. My account is: Dear Management, I am writing to formally log a grievance regarding a distressing incident of physical altercation that occurred today at approximately 11:34 within the Road. The aggressive posturing and direct threats have created an incredibly hostile and unsafe environment.. I request that the information be recorded, that appropriate lawful guidance or action be considered, and that I be told if any further documents or details are needed. This draft does not assert guilt, authenticate evidence, or state that an FIR has already been filed.","Case intake: Assault & Threats / Physical altercation; location Road, West Bengal; incident date/time 2023-06-30 11:34; danger=No; threat=True; injury=True; property=False; police_contacted=False; legal_help_requested=True; event_ids=EVT000086_001;EVT000086_002; key remaining gaps: missing: threat_or_attack_description | optional: witness_available, safe_place_available, medical_help_status",Carry identity proof if needed; written timeline; location details; screenshots/photos/messages; receipts or documents where applicable; medical records if injury exists; property or account details if relevant; names/contact details of witnesses if safely available; copies of any prior complaint or authority response.,"No specific evidence item is confirmed; ask user to preserve screenshots, documents, photos, receipts, and messages where available.","missing: threat_or_attack_description | optional: witness_available, safe_place_available, medical_help_status",No contradiction linked in slot annotations or clarification answers.,"No immediate danger is recorded, but reassess safety before taking action. If threat or injury exists, seek safety and medical support; preserve messages, witness details, and complaint facts. Police already contacted: False. Legal help requested: True.",LP_CRIME_REPORTING_001;LP_EMERGENCY_HELP_001;LP_FIR_PROCESS_001,0,False,5,4,True,team-reviewed,REV538,test
GOUT000087_EN,SCN000087,NAR000087_EN,en,ANS000769;ANS000770;ANS000771;ANS000772;ANS000773;ANS000774;ANS000775;ANS000776;ANS000777,EVT000087_001;EVT000087_002,1. Complainant reports unauthorized digital breach under phishing scam framework. 2. Digital logs preserved for forensic analysis..,"You reported a cybercrime matter about phishing scam at Online platform on 2023-07-01 around 17:14. The record notes danger status as No, threat mentioned as True, injury mentioned as False, and police contact as True.","incident_family=Cybercrime | issue=Phishing scam | place=Online platform, Karnataka, India | date_time=2023-07-01 17:14 | events=EVT000087_001;EVT000087_002 | property_involved=True | threat_involved=True | injury_involved=False | open_questions=optional: suspect_or_sender_identity, security_steps_taken | partially_provided: ongoing_access_risk","To the concerned authority, I wish to report that on 2023-07-01 around 17:14, at Online platform, I experienced/reported an incident described as Phishing scam. My account is: Complainant reports unauthorized digital breach under phishing scam framework. On 2026-07-05 at approx 17:14 hours, malicious payloads or fraudulent links were deployed to misappropriate assets or credentials via Online platform. Digital logs preserved for forensic analysis.. I request that the information be recorded, that appropriate lawful guidance or action be considered, and that I be told if any further documents or details are needed. This draft does not assert guilt, authenticate evidence, or state that an FIR has already been filed.","Case intake: Cybercrime / Phishing scam; location Online platform, Karnataka; incident date/time 2023-07-01 17:14; danger=No; threat=True; injury=False; property=True; police_contacted=True; legal_help_requested=True; event_ids=EVT000087_001;EVT000087_002; key remaining gaps: optional: suspect_or_sender_identity, security_steps_taken | partially_provided: ongoing_access_risk",Carry identity proof if needed; written timeline; location details; screenshots/photos/messages; receipts or documents where applicable; medical records if injury exists; property or account details if relevant; names/contact details of witnesses if safely available; copies of any prior complaint or authority response.,Digital logs preserved for forensic analysis,"optional: suspect_or_sender_identity, security_steps_taken | partially_provided: ongoing_access_risk",No contradiction linked in slot annotations or clarification answers.,"No immediate danger is recorded, but reassess safety before taking action. Preserve digital evidence, secure accounts, notify bank/platform if relevant, and use cyber reporting channels. Police already contacted: True. Legal help requested: True.",LP_CYBER_REPORTING_001;LP_ACCOUNT_SECURITY_001;LP_DIGITAL_EVIDENCE_001;LP_FINANCIAL_CYBER_FRAUD_001,0,False,5,4,True,team-reviewed,REV470,test
GOUT000088_EN,SCN000088,NAR000088_EN,en,ANS000778;ANS000779;ANS000780;ANS000781;ANS000782;ANS000783;ANS000784;ANS000785;ANS000786;ANS000787;ANS000788;ANS000789;ANS000790;ANS000791;ANS000792,EVT000088_001;EVT000088_002,"1. Dear Protection Officer, I am writing to formally report an escalating pattern of domestic violence, specifically intimate partner violence, at my residence. 2. Dear Protection Officer, I am writing to formally report an escalating pattern of domestic violence, specifically intimate partner violence, at my residence.","You reported a domestic violence matter about intimate partner violence at Hostel on 2023-07-01 around 19:44. The record notes danger status as No, threat mentioned as True, injury mentioned as False, and police contact as True.","incident_family=Domestic Violence | issue=Intimate partner violence | place=Hostel, Karnataka, India | date_time=2023-07-01 19:44 | events=EVT000088_001;EVT000088_002 | property_involved=False | threat_involved=True | injury_involved=False | open_questions=partially_provided: relationship_to_offender, current_shelter_safety | optional: children_or_dependents, evidence_available | missing: injury_or_medical_need","To the concerned authority, I wish to report that on 2023-07-01 around 19:44, at Hostel, I experienced/reported an incident described as Intimate partner violence. My account is: Dear Protection Officer, I am writing to formally report an escalating pattern of domestic violence, specifically intimate partner violence, at my residence. The latest major confrontation took place on 2026-06-28 around 19:44. I urgently request legal assistance and protective measures.. I request that the information be recorded, that appropriate lawful guidance or action be considered, and that I be told if any further documents or details are needed. This draft does not assert guilt, authenticate evidence, or state that an FIR has already been filed.","Case intake: Domestic Violence / Intimate partner violence; location Hostel, Karnataka; incident date/time 2023-07-01 19:44; danger=No; threat=True; injury=False; property=False; police_contacted=True; legal_help_requested=False; event_ids=EVT000088_001;EVT000088_002; key remaining gaps: partially_provided: relationship_to_offender, current_shelter_safety | optional: children_or_dependents, evidence_available | missing: injury_or_medical_need",Carry identity proof if needed; written timeline; location details; screenshots/photos/messages; receipts or documents where applicable; medical records if injury exists; property or account details if relevant; names/contact details of witnesses if safely available; copies of any prior complaint or authority response.,I have photos and messages related to the incident,"partially_provided: relationship_to_offender, current_shelter_safety | optional: children_or_dependents, evidence_available | missing: injury_or_medical_need",No contradiction linked in slot annotations or clarification answers.,"No immediate danger is recorded, but reassess safety before taking action. Prioritise safety planning, trusted support, medical documentation if needed, and legal-aid/protection options. Police already contacted: True. Legal help requested: False.",LP_DOMESTIC_VIOLENCE_001;LP_EMERGENCY_HELP_001;LP_LEGAL_AID_001,0,False,5,4,True,team-reviewed,REV703,test
GOUT000089_EN,SCN000089,NAR000089_EN,en,ANS000793;ANS000794;ANS000795,EVT000089_001;EVT000089_002,"1. Closer inspection confirmed a premeditated instance of loan approval scam, with the perpetrator executing unauthorized balance transfers using fraudulent credentials before logging out.. 2. The internal auditor observed highly irregular transaction entries passing through the office around 06:20.","You reported a financial fraud matter about loan approval scam at Office on 2023-07-03 around 06:20. The record notes danger status as No, threat mentioned as False, injury mentioned as False, and police contact as True.","incident_family=Financial Fraud | issue=Loan approval scam | place=Office, Karnataka, India | date_time=2023-07-03 06:20 | events=EVT000089_001;EVT000089_002 | property_involved=True | threat_involved=False | injury_involved=False | open_questions=optional: institution_notified","To the concerned authority, I wish to report that on 2023-07-03 around 06:20, at Office, I experienced/reported an incident described as Loan approval scam. My account is: The internal auditor observed highly irregular transaction entries passing through the office around 06:20. Closer inspection confirmed a premeditated instance of loan approval scam, with the perpetrator executing unauthorized balance transfers using fraudulent credentials before logging out.. I request that the information be recorded, that appropriate lawful guidance or action be considered, and that I be told if any further documents or details are needed. This draft does not assert guilt, authenticate evidence, or state that an FIR has already been filed.","Case intake: Financial Fraud / Loan approval scam; location Office, Karnataka; incident date/time 2023-07-03 06:20; danger=No; threat=False; injury=False; property=True; police_contacted=True; legal_help_requested=True; event_ids=EVT000089_001;EVT000089_002; key remaining gaps: optional: institution_notified",Carry identity proof if needed; written timeline; location details; screenshots/photos/messages; receipts or documents where applicable; medical records if injury exists; property or account details if relevant; names/contact details of witnesses if safely available; copies of any prior complaint or authority response.,The internal auditor observed highly irregular transaction entries passing through the office around 06:20,optional: institution_notified,No contradiction linked in slot annotations or clarification answers.,"No immediate danger is recorded, but reassess safety before taking action. Notify the financial institution quickly, preserve transaction records, and consider police/cyber reporting depending on facts. Police already contacted: True. Legal help requested: True.",LP_FINANCIAL_CYBER_FRAUD_001;LP_CYBER_REPORTING_001;LP_DIGITAL_EVIDENCE_001,0,False,5,4,True,team-reviewed,REV328,Train
GOUT000090_EN,SCN000090,NAR000090_EN,en,ANS000796;ANS000797;ANS000798;ANS000799;ANS000800;ANS000801;ANS000802;ANS000803;ANS000804;ANS000805;ANS000806;ANS000807;ANS000808;ANS000809;ANS000810;ANS000811;ANS000812;ANS000813,EVT000090_001;EVT000090_002,1. he is screaming and throwing things again it's really bad dowry harassment right now at home since 01:06 hours. 2. please call someone or come over i am hiding in the washroom right now text me back please.,"You reported a domestic violence matter about dowry harassment at House on 2023-07-08 around 01:06. The record notes danger status as No, threat mentioned as True, injury mentioned as False, and police contact as False.","incident_family=Domestic Violence | issue=Dowry harassment | place=House, Delhi, India | date_time=2023-07-08 01:06 | events=EVT000090_001;EVT000090_002 | property_involved=False | threat_involved=True | injury_involved=False | open_questions=partially_provided: relationship_to_offender, current_shelter_safety | optional: children_or_dependents, evidence_available, support_person_contact | missing: injury_or_medical_need","To the concerned authority, I wish to report that on 2023-07-08 around 01:06, at House, I experienced/reported an incident described as Dowry harassment. My account is: he is screaming and throwing things again it's really bad dowry harassment right now at home since 01:06 hours. please call someone or come over i am hiding in the washroom right now text me back please. I request that the information be recorded, that appropriate lawful guidance or action be considered, and that I be told if any further documents or details are needed. This draft does not assert guilt, authenticate evidence, or state that an FIR has already been filed.","Case intake: Domestic Violence / Dowry harassment; location House, Delhi; incident date/time 2023-07-08 01:06; danger=No; threat=True; injury=False; property=False; police_contacted=False; legal_help_requested=True; event_ids=EVT000090_001;EVT000090_002; key remaining gaps: partially_provided: relationship_to_offender, current_shelter_safety | optional: children_or_dependents, evidence_available, support_person_contact | missing: injury_or_medical_need",Carry identity proof if needed; written timeline; location details; screenshots/photos/messages; receipts or documents where applicable; medical records if injury exists; property or account details if relevant; names/contact details of witnesses if safely available; copies of any prior complaint or authority response.,I have photos and messages related to the incident,"partially_provided: relationship_to_offender, current_shelter_safety | optional: children_or_dependents, evidence_available, support_person_contact | missing: injury_or_medical_need",No contradiction linked in slot annotations or clarification answers.,"No immediate danger is recorded, but reassess safety before taking action. Prioritise safety planning, trusted support, medical documentation if needed, and legal-aid/protection options. Police already contacted: False. Legal help requested: True.",LP_DOMESTIC_VIOLENCE_001;LP_EMERGENCY_HELP_001;LP_LEGAL_AID_001,0,False,5,4,True,team-reviewed,REV804,Train
GOUT000091_EN,SCN000091,NAR000091_EN,en,ANS000814;ANS000815;ANS000816;ANS000817;ANS000818;ANS000819;ANS000820;ANS000821;ANS000822;ANS000823;ANS000824;ANS000825,EVT000091_001;EVT000091_002,"1. On 2026-07-07 at 03:42 hours, a severe incident involving spousal physical abuse occurred, resulting in immediate emotional and physical distress. 2. Intervention was requested by the victim's family members..","You reported a domestic violence matter about spousal physical abuse at House on 2023-07-08 around 03:42. The record notes danger status as No, threat mentioned as True, injury mentioned as True, and police contact as True.","incident_family=Domestic Violence | issue=Spousal physical abuse | place=House, West Bengal, India | date_time=2023-07-08 03:42 | events=EVT000091_001;EVT000091_002 | property_involved=True | threat_involved=True | injury_involved=True | open_questions=partially_provided: relationship_to_offender, current_shelter_safety | optional: children_or_dependents, evidence_available","To the concerned authority, I wish to report that on 2023-07-08 around 03:42, at House, I experienced/reported an incident described as Spousal physical abuse. My account is: Complainant reports ongoing domestic grievances at the shared residence. On 2026-07-07 at 03:42 hours, a severe incident involving spousal physical abuse occurred, resulting in immediate emotional and physical distress. Intervention was requested by the victim's family members.. I request that the information be recorded, that appropriate lawful guidance or action be considered, and that I be told if any further documents or details are needed. This draft does not assert guilt, authenticate evidence, or state that an FIR has already been filed.","Case intake: Domestic Violence / Spousal physical abuse; location House, West Bengal; incident date/time 2023-07-08 03:42; danger=No; threat=True; injury=True; property=True; police_contacted=True; legal_help_requested=False; event_ids=EVT000091_001;EVT000091_002; key remaining gaps: partially_provided: relationship_to_offender, current_shelter_safety | optional: children_or_dependents, evidence_available",Carry identity proof if needed; written timeline; location details; screenshots/photos/messages; receipts or documents where applicable; medical records if injury exists; property or account details if relevant; names/contact details of witnesses if safely available; copies of any prior complaint or authority response.,I have photos and messages related to the incident,"partially_provided: relationship_to_offender, current_shelter_safety | optional: children_or_dependents, evidence_available",No contradiction linked in slot annotations or clarification answers.,"No immediate danger is recorded, but reassess safety before taking action. Prioritise safety planning, trusted support, medical documentation if needed, and legal-aid/protection options. Police already contacted: True. Legal help requested: False.",LP_DOMESTIC_VIOLENCE_001;LP_EMERGENCY_HELP_001;LP_LEGAL_AID_001,0,False,5,4,True,team-reviewed,REV820,test
GOUT000092_EN,SCN000092,NAR000092_EN,en,ANS000826;ANS000827;ANS000828;ANS000829;ANS000830;ANS000831;ANS000832;ANS000833;ANS000834;ANS000835;ANS000836;ANS000837,EVT000092_001;EVT000092_002,1. occurred just now around 03:24 hours. 2. anyone nearby please help or tell me where the nearest police booth is asap!!,"You reported a theft and robbery matter about pickpocketing at Marketplace on 2023-07-11 around 03:24. The record notes danger status as No, threat mentioned as True, injury mentioned as False, and police contact as False.","incident_family=Theft and robbery | issue=Pickpocketing | place=Marketplace, Tamil Nadu, India | date_time=2023-07-11 03:24 | events=EVT000092_001;EVT000092_002 | property_involved=True | threat_involved=True | injury_involved=False | open_questions=partially_provided: property_type, property_description | missing: ownership_information | optional: suspect_description","To the concerned authority, I wish to report that on 2023-07-11 around 03:24, at Marketplace, I experienced/reported an incident described as Pickpocketing. My account is: omg someone just took my things at the Marketplace!!! occurred just now around 03:24 hours. anyone nearby please help or tell me where the nearest police booth is asap!! lost everything inside my bag. I request that the information be recorded, that appropriate lawful guidance or action be considered, and that I be told if any further documents or details are needed. This draft does not assert guilt, authenticate evidence, or state that an FIR has already been filed.","Case intake: Theft and robbery / Pickpocketing; location Marketplace, Tamil Nadu; incident date/time 2023-07-11 03:24; danger=No; threat=True; injury=False; property=True; police_contacted=False; legal_help_requested=True; event_ids=EVT000092_001;EVT000092_002; key remaining gaps: partially_provided: property_type, property_description | missing: ownership_information | optional: suspect_description",Carry identity proof if needed; written timeline; location details; screenshots/photos/messages; receipts or documents where applicable; medical records if injury exists; property or account details if relevant; names/contact details of witnesses if safely available; copies of any prior complaint or authority response.,"I can show possession through receipts, photos, or property documents","partially_provided: property_type, property_description | missing: ownership_information | optional: suspect_description",No contradiction linked in slot annotations or clarification answers.,"No immediate danger is recorded, but reassess safety before taking action. Prepare property details, location, timing, suspect description if known, and police complaint materials. Police already contacted: False. Legal help requested: True.",LP_CRIME_REPORTING_001;LP_FIR_PROCESS_001;LP_DIGITAL_EVIDENCE_001,0,False,5,4,True,team-reviewed,REV764,validation
GOUT000093_EN,SCN000093,NAR000093_EN,en,ANS000838;ANS000839;ANS000840,EVT000093_001;EVT000093_002,"1. Complainant states that on 2026-07-12 at approximately 17:07 hours, a transaction dispute involving refusal of service refund occurred at Workplace. 2. The vendor reportedly engaged in unfair trade practices, failing to resolve the commercial non-compliance.","You reported a consumer disputes matter about refusal of service refund at Workplace on 2023-07-12 around 17:07. The record notes danger status as No, threat mentioned as True, injury mentioned as False, and police contact as True.","incident_family=Consumer Disputes | issue=Refusal of service refund | place=Workplace, Delhi, India | date_time=2023-07-12 17:07 | events=EVT000093_001;EVT000093_002 | property_involved=True | threat_involved=True | injury_involved=False | open_questions=partially_provided: product_or_service","To the concerned authority, I wish to report that on 2023-07-12 around 17:07, at Workplace, I experienced/reported an incident described as Refusal of service refund. My account is: Complainant states that on 2026-07-12 at approximately 17:07 hours, a transaction dispute involving refusal of service refund occurred at Workplace. The vendor reportedly engaged in unfair trade practices, failing to resolve the commercial non-compliance. Relevant purchase invoices have been logged.. I request that the information be recorded, that appropriate lawful guidance or action be considered, and that I be told if any further documents or details are needed. This draft does not assert guilt, authenticate evidence, or state that an FIR has already been filed.","Case intake: Consumer Disputes / Refusal of service refund; location Workplace, Delhi; incident date/time 2023-07-12 17:07; danger=No; threat=True; injury=False; property=True; police_contacted=True; legal_help_requested=False; event_ids=EVT000093_001;EVT000093_002; key remaining gaps: partially_provided: product_or_service",Carry identity proof if needed; written timeline; location details; screenshots/photos/messages; receipts or documents where applicable; medical records if injury exists; property or account details if relevant; names/contact details of witnesses if safely available; copies of any prior complaint or authority response.,"Complainant states that on 2026-07-12 at approximately 17:07 hours, a transaction dispute involving refusal of service refund occurred at Workplace; Relevant purchase invoices have been logged",partially_provided: product_or_service,No contradiction linked in slot annotations or clarification answers.,"No immediate danger is recorded, but reassess safety before taking action. Prepare payment proof, seller communication, product/service details, and consider consumer grievance or platform escalation. Police already contacted: True. Legal help requested: False.",LP_CONSUMER_COMPLAINT_001;LP_REFUND_RIGHTS_001;LP_ECOMMERCE_001,0,False,5,4,True,team-reviewed,REV458,test
GOUT000094_EN,SCN000094,NAR000094_EN,en,ANS000841;ANS000842;ANS000843;ANS000844;ANS000845;ANS000846,EVT000094_001;EVT000094_002,"1. hey guys, my ex just blocked me from seeing the kids / resolving the divorce proceedings conflict at the Apartment around 09:43 today. 2. hey guys, my ex just blocked me from seeing the kids / resolving the divorce proceedings conflict at the Apartment around 09:43 today.","You reported a family law matter about divorce proceedings conflict at Apartment on 2023-07-15 around 09:43. The record notes danger status as No, threat mentioned as True, injury mentioned as False, and police contact as False.","incident_family=Family Law | issue=Divorce proceedings conflict | place=Apartment, Telangana, India | date_time=2023-07-15 09:43 | events=EVT000094_001;EVT000094_002 | property_involved=True | threat_involved=True | injury_involved=False | open_questions=optional: financial_support_issue, supporting_documents","To the concerned authority, I wish to report that on 2023-07-15 around 09:43, at Apartment, I experienced/reported an incident described as Divorce proceedings conflict. My account is: hey guys, my ex just blocked me from seeing the kids / resolving the divorce proceedings conflict at the Apartment around 09:43 today. completely violating the current terms. does anyone know a reliable family court lawyer who can file an urgent motion tomorrow?. I request that the information be recorded, that appropriate lawful guidance or action be considered, and that I be told if any further documents or details are needed. This draft does not assert guilt, authenticate evidence, or state that an FIR has already been filed.","Case intake: Family Law / Divorce proceedings conflict; location Apartment, Telangana; incident date/time 2023-07-15 09:43; danger=No; threat=True; injury=False; property=True; police_contacted=False; legal_help_requested=True; event_ids=EVT000094_001;EVT000094_002; key remaining gaps: optional: financial_support_issue, supporting_documents",Carry identity proof if needed; written timeline; location details; screenshots/photos/messages; receipts or documents where applicable; medical records if injury exists; property or account details if relevant; names/contact details of witnesses if safely available; copies of any prior complaint or authority response.,"I can provide more details, but I need to check the exact information","optional: financial_support_issue, supporting_documents",No contradiction linked in slot annotations or clarification answers.,"No immediate danger is recorded, but reassess safety before taking action. Collect existing orders, communication records, child/dependent details, and consider family-court or legal-aid consultation. Police already contacted: False. Legal help requested: True.",LP_FAMILY_COURT_001;LP_CHILD_CUSTODY_001;LP_LEGAL_AID_001,0,False,5,4,True,team-reviewed,REV285,test
GOUT000095_EN,SCN000095,NAR000095_EN,en,ANS000847;ANS000848;ANS000849;ANS000850;ANS000851;ANS000852,EVT000095_001;EVT000095_002,1. An employment dispute involving breach of employment contract escalated at the online platform at 22:26. 2. An employment dispute involving breach of employment contract escalated at the online platform at 22:26.,"You reported a employment/labour matter about breach of employment contract at Online platform on 2023-07-20 around 22:26. The record notes danger status as No, threat mentioned as False, injury mentioned as False, and police contact as False.","incident_family=Employment/Labour | issue=Breach of employment contract | place=Online platform, Uttar Pradesh, India | date_time=2023-07-20 22:26 | events=EVT000095_001;EVT000095_002 | property_involved=True | threat_involved=False | injury_involved=False | open_questions=optional: employment_documents, internal_complaint_status","To the concerned authority, I wish to report that on 2023-07-20 around 22:26, at Online platform, I experienced/reported an incident described as Breach of employment contract. My account is: An employment dispute involving breach of employment contract escalated at the online platform at 22:26. The worker alleged severe breach of workplace regulations, seeking administrative or legal intervention to recover standard dues or ensure workplace safety.. I request that the information be recorded, that appropriate lawful guidance or action be considered, and that I be told if any further documents or details are needed. This draft does not assert guilt, authenticate evidence, or state that an FIR has already been filed.","Case intake: Employment/Labour / Breach of employment contract; location Online platform, Uttar Pradesh; incident date/time 2023-07-20 22:26; danger=No; threat=False; injury=False; property=True; police_contacted=False; legal_help_requested=True; event_ids=EVT000095_001;EVT000095_002; key remaining gaps: optional: employment_documents, internal_complaint_status",Carry identity proof if needed; written timeline; location details; screenshots/photos/messages; receipts or documents where applicable; medical records if injury exists; property or account details if relevant; names/contact details of witnesses if safely available; copies of any prior complaint or authority response.,"I have some emails and employment records, but not every document","optional: employment_documents, internal_complaint_status",No contradiction linked in slot annotations or clarification answers.,"No immediate danger is recorded, but reassess safety before taking action. Collect employment documents, payslips, emails, HR communication, and wage/termination details. Police already contacted: False. Legal help requested: True.",LP_LABOUR_COMPLAINT_001;LP_WAGE_CLAIM_001;LP_LEGAL_AID_001,0,False,5,4,True,team-reviewed,REV260,test
GOUT000096_EN,SCN000096,NAR000096_EN,en,ANS000853;ANS000854;ANS000855;ANS000856;ANS000857;ANS000858;ANS000859;ANS000860;ANS000861,EVT000096_001;EVT000096_002,1. An employment dispute involving safe working conditions violation escalated at the construction site at 11:39. 2. An employment dispute involving safe working conditions violation escalated at the construction site at 11:39.,"You reported a employment/labour matter about safe working conditions violation at Construction site on 2023-07-22 around 11:39. The record notes danger status as No, threat mentioned as False, injury mentioned as False, and police contact as False.","incident_family=Employment/Labour | issue=Safe working conditions violation | place=Construction site, Gujarat, India | date_time=2023-07-22 11:39 | events=EVT000096_001;EVT000096_002 | property_involved=False | threat_involved=False | injury_involved=False | open_questions=optional: employment_documents, wage_or_benefit_amount, internal_complaint_status","To the concerned authority, I wish to report that on 2023-07-22 around 11:39, at Construction site, I experienced/reported an incident described as Safe working conditions violation. My account is: An employment dispute involving safe working conditions violation escalated at the construction site at 11:39. The worker alleged severe breach of workplace regulations, seeking administrative or legal intervention to recover standard dues or ensure workplace safety.. I request that the information be recorded, that appropriate lawful guidance or action be considered, and that I be told if any further documents or details are needed. This draft does not assert guilt, authenticate evidence, or state that an FIR has already been filed.","Case intake: Employment/Labour / Safe working conditions violation; location Construction site, Gujarat; incident date/time 2023-07-22 11:39; danger=No; threat=False; injury=False; property=False; police_contacted=False; legal_help_requested=False; event_ids=EVT000096_001;EVT000096_002; key remaining gaps: optional: employment_documents, wage_or_benefit_amount, internal_complaint_status",Carry identity proof if needed; written timeline; location details; screenshots/photos/messages; receipts or documents where applicable; medical records if injury exists; property or account details if relevant; names/contact details of witnesses if safely available; copies of any prior complaint or authority response.,"I have some emails and employment records, but not every document","optional: employment_documents, wage_or_benefit_amount, internal_complaint_status",No contradiction linked in slot annotations or clarification answers.,"No immediate danger is recorded, but reassess safety before taking action. Collect employment documents, payslips, emails, HR communication, and wage/termination details. Police already contacted: False. Legal help requested: False.",LP_LABOUR_COMPLAINT_001;LP_WAGE_CLAIM_001;LP_LEGAL_AID_001,0,False,5,4,True,team-reviewed,REV537,test
GOUT000097_EN,SCN000097,NAR000097_EN,en,ANS000862;ANS000863;ANS000864;ANS000865;ANS000866;ANS000867;ANS000868;ANS000869;ANS000870;ANS000871;ANS000872;ANS000873;ANS000874;ANS000875;ANS000876,EVT000097_001;EVT000097_002,"1. On 2026-06-23 at 18:16 hours, a severe incident involving economic deprivation occurred, resulting in immediate emotional and physical distress. 2. Intervention was requested by the victim's family members..","You reported a domestic violence matter about economic deprivation at Apartment on 2023-07-22 around 18:16. The record notes danger status as No, threat mentioned as True, injury mentioned as False, and police contact as True.","incident_family=Domestic Violence | issue=Economic deprivation | place=Apartment, West Bengal, India | date_time=2023-07-22 18:16 | events=EVT000097_001;EVT000097_002 | property_involved=True | threat_involved=True | injury_involved=False | open_questions=partially_provided: relationship_to_offender, current_shelter_safety | optional: children_or_dependents, evidence_available | missing: injury_or_medical_need","To the concerned authority, I wish to report that on 2023-07-22 around 18:16, at Apartment, I experienced/reported an incident described as Economic deprivation. My account is: Complainant reports ongoing domestic grievances at the shared residence. On 2026-06-23 at 18:16 hours, a severe incident involving economic deprivation occurred, resulting in immediate emotional and physical distress. Intervention was requested by the victim's family members.. I request that the information be recorded, that appropriate lawful guidance or action be considered, and that I be told if any further documents or details are needed. This draft does not assert guilt, authenticate evidence, or state that an FIR has already been filed.","Case intake: Domestic Violence / Economic deprivation; location Apartment, West Bengal; incident date/time 2023-07-22 18:16; danger=No; threat=True; injury=False; property=True; police_contacted=True; legal_help_requested=True; event_ids=EVT000097_001;EVT000097_002; key remaining gaps: partially_provided: relationship_to_offender, current_shelter_safety | optional: children_or_dependents, evidence_available | missing: injury_or_medical_need",Carry identity proof if needed; written timeline; location details; screenshots/photos/messages; receipts or documents where applicable; medical records if injury exists; property or account details if relevant; names/contact details of witnesses if safely available; copies of any prior complaint or authority response.,I have photos and messages related to the incident,"partially_provided: relationship_to_offender, current_shelter_safety | optional: children_or_dependents, evidence_available | missing: injury_or_medical_need",No contradiction linked in slot annotations or clarification answers.,"No immediate danger is recorded, but reassess safety before taking action. Prioritise safety planning, trusted support, medical documentation if needed, and legal-aid/protection options. Police already contacted: True. Legal help requested: True.",LP_DOMESTIC_VIOLENCE_001;LP_EMERGENCY_HELP_001;LP_LEGAL_AID_001,0,False,5,4,True,team-reviewed,REV620,Train
GOUT000098_EN,SCN000098,NAR000098_EN,en,ANS000877;ANS000878;ANS000879;ANS000880;ANS000881;ANS000882;ANS000883;ANS000884;ANS000885;ANS000886;ANS000887;ANS000888,EVT000098_001;EVT000098_002,"1. Dear Management, I am writing to formally log a grievance regarding a distressing incident of physical altercation that occurred today at approximately 00:18 within the Hostel. 2. Dear Management, I am writing to formally log a grievance regarding a distressing incident of physical altercation that occurred today at approximately 00:18 within the Hostel.","You reported a assault & threats matter about physical altercation at Hostel on 2023-07-23 around 00:18. The record notes danger status as No, threat mentioned as True, injury mentioned as True, and police contact as False.","incident_family=Assault & Threats | issue=Physical altercation | place=Hostel, Tamil Nadu, India | date_time=2023-07-23 00:18 | events=EVT000098_001;EVT000098_002 | property_involved=True | threat_involved=True | injury_involved=True | open_questions=missing: threat_or_attack_description | optional: witness_available, safe_place_available, medical_help_status","To the concerned authority, I wish to report that on 2023-07-23 around 00:18, at Hostel, I experienced/reported an incident described as Physical altercation. My account is: Dear Management, I am writing to formally log a grievance regarding a distressing incident of physical altercation that occurred today at approximately 00:18 within the Hostel. The aggressive posturing and direct threats have created an incredibly hostile and unsafe environment.. I request that the information be recorded, that appropriate lawful guidance or action be considered, and that I be told if any further documents or details are needed. This draft does not assert guilt, authenticate evidence, or state that an FIR has already been filed.","Case intake: Assault & Threats / Physical altercation; location Hostel, Tamil Nadu; incident date/time 2023-07-23 00:18; danger=No; threat=True; injury=True; property=True; police_contacted=False; legal_help_requested=True; event_ids=EVT000098_001;EVT000098_002; key remaining gaps: missing: threat_or_attack_description | optional: witness_available, safe_place_available, medical_help_status",Carry identity proof if needed; written timeline; location details; screenshots/photos/messages; receipts or documents where applicable; medical records if injury exists; property or account details if relevant; names/contact details of witnesses if safely available; copies of any prior complaint or authority response.,"No specific evidence item is confirmed; ask user to preserve screenshots, documents, photos, receipts, and messages where available.","missing: threat_or_attack_description | optional: witness_available, safe_place_available, medical_help_status",No contradiction linked in slot annotations or clarification answers.,"No immediate danger is recorded, but reassess safety before taking action. If threat or injury exists, seek safety and medical support; preserve messages, witness details, and complaint facts. Police already contacted: False. Legal help requested: True.",LP_CRIME_REPORTING_001;LP_EMERGENCY_HELP_001;LP_FIR_PROCESS_001,0,False,5,4,True,team-reviewed,REV574,test
GOUT000099_EN,SCN000099,NAR000099_EN,en,ANS000889;ANS000890;ANS000891;ANS000892;ANS000893;ANS000894;ANS000895;ANS000896;ANS000897,EVT000099_001;EVT000099_002,"1. Dear Municipal Authorities, I am writing to formally log a civic grievance regarding the ongoing pattern of minor civic infrastructure issue at the Alleyway. 2. Dear Municipal Authorities, I am writing to formally log a civic grievance regarding the ongoing pattern of minor civic infrastructure issue at the Alleyway.","You reported a miscellaneous matter about minor civic infrastructure issue at Alleyway on 2023-07-28 around 10:23. The record notes danger status as No, threat mentioned as False, injury mentioned as False, and police contact as False.","incident_family=Miscellaneous | issue=Minor civic infrastructure issue | place=Alleyway, Telangana, India | date_time=2023-07-28 10:23 | events=EVT000099_001;EVT000099_002 | property_involved=True | threat_involved=False | injury_involved=False | open_questions=partially_provided: risk_to_public | optional: item_or_property_affected, authority_to_contact","To the concerned authority, I wish to report that on 2023-07-28 around 10:23, at Alleyway, I experienced/reported an incident described as Minor civic infrastructure issue. My account is: Dear Municipal Authorities, I am writing to formally log a civic grievance regarding the ongoing pattern of minor civic infrastructure issue at the Alleyway. The latest escalation occurred on 2026-07-18 at 10:23 hours, causing localized hazards that require immediate civic attention.. I request that the information be recorded, that appropriate lawful guidance or action be considered, and that I be told if any further documents or details are needed. This draft does not assert guilt, authenticate evidence, or state that an FIR has already been filed.","Case intake: Miscellaneous / Minor civic infrastructure issue; location Alleyway, Telangana; incident date/time 2023-07-28 10:23; danger=No; threat=False; injury=False; property=True; police_contacted=False; legal_help_requested=False; event_ids=EVT000099_001;EVT000099_002; key remaining gaps: partially_provided: risk_to_public | optional: item_or_property_affected, authority_to_contact",Carry identity proof if needed; written timeline; location details; screenshots/photos/messages; receipts or documents where applicable; medical records if injury exists; property or account details if relevant; names/contact details of witnesses if safely available; copies of any prior complaint or authority response.,"No specific evidence item is confirmed; ask user to preserve screenshots, documents, photos, receipts, and messages where available.","partially_provided: risk_to_public | optional: item_or_property_affected, authority_to_contact",No contradiction linked in slot annotations or clarification answers.,"No immediate danger is recorded, but reassess safety before taking action. Collect date, location, evidence, authority contacted, and any safety concerns before escalation. Police already contacted: False. Legal help requested: False.",LP_CRIME_REPORTING_001;LP_EMERGENCY_HELP_001;LP_LEGAL_AID_001,0,False,5,4,True,team-reviewed,REV273,test
GOUT000100_EN,SCN000100,NAR000100_EN,en,ANS000898;ANS000899;ANS000900,EVT000100_001;EVT000100_002,"1. A customer was contesting a distinct case of refusal of service refund, showing clear evidence to the merchant, who continuously refused liability or proper resolution.. 2. A customer was contesting a distinct case of refusal of service refund, showing clear evidence to the merchant, who continuously refused liability or proper resolution..","You reported a consumer disputes matter about refusal of service refund at Shop on 2023-07-30 around 05:38. The record notes danger status as No, threat mentioned as False, injury mentioned as False, and police contact as True.","incident_family=Consumer Disputes | issue=Refusal of service refund | place=Shop, Delhi, India | date_time=2023-07-30 05:38 | events=EVT000100_001;EVT000100_002 | property_involved=True | threat_involved=False | injury_involved=False | open_questions=partially_provided: product_or_service","To the concerned authority, I wish to report that on 2023-07-30 around 05:38, at Shop, I experienced/reported an incident described as Refusal of service refund. My account is: The observer noted a clear altercation developing at the counter of the shop around 05:38. A customer was contesting a distinct case of refusal of service refund, showing clear evidence to the merchant, who continuously refused liability or proper resolution.. I request that the information be recorded, that appropriate lawful guidance or action be considered, and that I be told if any further documents or details are needed. This draft does not assert guilt, authenticate evidence, or state that an FIR has already been filed.","Case intake: Consumer Disputes / Refusal of service refund; location Shop, Delhi; incident date/time 2023-07-30 05:38; danger=No; threat=False; injury=False; property=True; police_contacted=True; legal_help_requested=True; event_ids=EVT000100_001;EVT000100_002; key remaining gaps: partially_provided: product_or_service",Carry identity proof if needed; written timeline; location details; screenshots/photos/messages; receipts or documents where applicable; medical records if injury exists; property or account details if relevant; names/contact details of witnesses if safely available; copies of any prior complaint or authority response.,"A customer was contesting a distinct case of refusal of service refund, showing clear evidence to the merchant, who continuously refused liability or proper resolution",partially_provided: product_or_service,No contradiction linked in slot annotations or clarification answers.,"No immediate danger is recorded, but reassess safety before taking action. Prepare payment proof, seller communication, product/service details, and consider consumer grievance or platform escalation. Police already contacted: True. Legal help requested: True.",LP_CONSUMER_COMPLAINT_001;LP_REFUND_RIGHTS_001;LP_ECOMMERCE_001,0,False,5,4,True,team-reviewed,REV961,Train
GOUT000101_EN,SCN000101,NAR000101_EN,en,ANS000901;ANS000902;ANS000903,EVT000101_001;EVT000101_002,"1. A customer was contesting a distinct case of refusal of service refund, showing clear evidence to the merchant, who continuously refused liability or proper resolution. 2. I want to report an incident.","You reported a consumer disputes matter about refusal of service refund at Online platform on 2023-07-30 around 15:46. The record notes danger status as No, threat mentioned as False, injury mentioned as False, and police contact as True.","incident_family=Consumer Disputes | issue=Refusal of service refund | place=Online platform, Gujarat, India | date_time=2023-07-30 15:46 | events=EVT000101_001;EVT000101_002 | property_involved=True | threat_involved=False | injury_involved=False | open_questions=partially_provided: product_or_service","To the concerned authority, I wish to report that on 2023-07-30 around 15:46, at Online platform, I experienced/reported an incident described as Refusal of service refund. My account is: I want to report an incident. The observer noted a clear altercation developing at the counter of the online platform around 15:46. A customer was contesting a distinct case of refusal of service refund, showing clear evidence to the merchant, who continuously refused liability or proper resolution. I am sharing all the details so that appropriate legal guidance can be provided. I request that the information be recorded, that appropriate lawful guidance or action be considered, and that I be told if any further documents or details are needed. This draft does not assert guilt, authenticate evidence, or state that an FIR has already been filed.","Case intake: Consumer Disputes / Refusal of service refund; location Online platform, Gujarat; incident date/time 2023-07-30 15:46; danger=No; threat=False; injury=False; property=True; police_contacted=True; legal_help_requested=True; event_ids=EVT000101_001;EVT000101_002; key remaining gaps: partially_provided: product_or_service",Carry identity proof if needed; written timeline; location details; screenshots/photos/messages; receipts or documents where applicable; medical records if injury exists; property or account details if relevant; names/contact details of witnesses if safely available; copies of any prior complaint or authority response.,"A customer was contesting a distinct case of refusal of service refund, showing clear evidence to the merchant, who continuously refused liability or proper resolution",partially_provided: product_or_service,No contradiction linked in slot annotations or clarification answers.,"No immediate danger is recorded, but reassess safety before taking action. Prepare payment proof, seller communication, product/service details, and consider consumer grievance or platform escalation. Police already contacted: True. Legal help requested: True.",LP_CONSUMER_COMPLAINT_001;LP_REFUND_RIGHTS_001;LP_ECOMMERCE_001,0,False,5,4,True,team-reviewed,REV198,validation
GOUT000102_EN,SCN000102,NAR000102_EN,en,ANS000904;ANS000905;ANS000906;ANS000907;ANS000908;ANS000909;ANS000910;ANS000911;ANS000912;ANS000913;ANS000914;ANS000915;ANS000916;ANS000917;ANS000918,EVT000102_001;EVT000102_002,1. Things escalated so quickly and it turned into full-blown emotional and verbal abuse. 2. I want to report an incident.,"You reported a domestic violence matter about emotional and verbal abuse at Residential street on 2023-08-04 around 12:48. The record notes danger status as No, threat mentioned as True, injury mentioned as False, and police contact as True.","incident_family=Domestic Violence | issue=Emotional and verbal abuse | place=Residential street, Uttar Pradesh, India | date_time=2023-08-04 12:48 | events=EVT000102_001;EVT000102_002 | property_involved=True | threat_involved=True | injury_involved=False | open_questions=missing: relationship_to_offender, injury_or_medical_need | partially_provided: current_shelter_safety | optional: children_or_dependents, evidence_available","To the concerned authority, I wish to report that on 2023-08-04 around 12:48, at Residential street, I experienced/reported an incident described as Emotional and verbal abuse. My account is: I want to report an incident. It happened again at home around 12:48. Things escalated so quickly and it turned into full-blown emotional and verbal abuse. I was locked inside the room and couldn't even reach out to anyone until now. I honestly don't know what to do anymore, I am so scared. I am sharing all the details so that appropriate legal guidance can be provided. I request that the information be recorded, that appropriate lawful guidance or action be considered, and that I be told if any further documents or details are needed. This draft does not assert guilt, authenticate evidence, or state that an FIR has already been filed.","Case intake: Domestic Violence / Emotional and verbal abuse; location Residential street, Uttar Pradesh; incident date/time 2023-08-04 12:48; danger=No; threat=True; injury=False; property=True; police_contacted=True; legal_help_requested=False; event_ids=EVT000102_001;EVT000102_002; key remaining gaps: missing: relationship_to_offender, injury_or_medical_need | partially_provided: current_shelter_safety | optional: children_or_dependents, evidence_available",Carry identity proof if needed; written timeline; location details; screenshots/photos/messages; receipts or documents where applicable; medical records if injury exists; property or account details if relevant; names/contact details of witnesses if safely available; copies of any prior complaint or authority response.,I have photos and messages related to the incident,"missing: relationship_to_offender, injury_or_medical_need | partially_provided: current_shelter_safety | optional: children_or_dependents, evidence_available",No contradiction linked in slot annotations or clarification answers.,"No immediate danger is recorded, but reassess safety before taking action. Prioritise safety planning, trusted support, medical documentation if needed, and legal-aid/protection options. Police already contacted: True. Legal help requested: False.",LP_DOMESTIC_VIOLENCE_001;LP_EMERGENCY_HELP_001;LP_LEGAL_AID_001,0,False,5,4,True,team-reviewed,REV934,test
GOUT000103_EN,SCN000103,NAR000103_EN,en,ANS000919;ANS000920;ANS000921;ANS000922;ANS000923;ANS000924;ANS000925;ANS000926;ANS000927;ANS000928;ANS000929;ANS000930,EVT000103_001;EVT000103_002,"1. Shortly after, they approached the victim from behind, forcefully committed shopbreaking, and fled the scene on a two-wheeler heading north. 2. I want to report an incident.","You reported a theft and robbery matter about shopbreaking at Shop on 2023-08-05 around 10:55. The record notes danger status as No, threat mentioned as True, injury mentioned as False, and police contact as False.","incident_family=Theft and robbery | issue=Shopbreaking | place=Shop, Telangana, India | date_time=2023-08-05 10:55 | events=EVT000103_001;EVT000103_002 | property_involved=True | threat_involved=True | injury_involved=False | open_questions=partially_provided: property_type, property_description | missing: ownership_information | optional: suspect_description","To the concerned authority, I wish to report that on 2023-08-05 around 10:55, at Shop, I experienced/reported an incident described as Shopbreaking. My account is: I want to report an incident. The observer noticed two suspicious individuals loitering near the shop around 10:55. Shortly after, they approached the victim from behind, forcefully committed shopbreaking, and fled the scene on a two-wheeler heading north. I am sharing all the details so that appropriate legal guidance can be provided. I request that the information be recorded, that appropriate lawful guidance or action be considered, and that I be told if any further documents or details are needed. This draft does not assert guilt, authenticate evidence, or state that an FIR has already been filed.","Case intake: Theft and robbery / Shopbreaking; location Shop, Telangana; incident date/time 2023-08-05 10:55; danger=No; threat=True; injury=False; property=True; police_contacted=False; legal_help_requested=True; event_ids=EVT000103_001;EVT000103_002; key remaining gaps: partially_provided: property_type, property_description | missing: ownership_information | optional: suspect_description",Carry identity proof if needed; written timeline; location details; screenshots/photos/messages; receipts or documents where applicable; medical records if injury exists; property or account details if relevant; names/contact details of witnesses if safely available; copies of any prior complaint or authority response.,"I can show possession through receipts, photos, or property documents","partially_provided: property_type, property_description | missing: ownership_information | optional: suspect_description",No contradiction linked in slot annotations or clarification answers.,"No immediate danger is recorded, but reassess safety before taking action. Prepare property details, location, timing, suspect description if known, and police complaint materials. Police already contacted: False. Legal help requested: True.",LP_CRIME_REPORTING_001;LP_FIR_PROCESS_001;LP_DIGITAL_EVIDENCE_001,0,False,5,4,True,team-reviewed,REV599,test
GOUT000104_EN,SCN000104,NAR000104_EN,en,ANS000931;ANS000932;ANS000933;ANS000934;ANS000935;ANS000936;ANS000937;ANS000938;ANS000939,EVT000104_001;EVT000104_002,"1. hey guys, my ex just blocked me from seeing the kids / resolving the guardianship dispute at the House around 00:43 today. 2. I want to report an incident.","You reported a family law matter about guardianship dispute at House on 2023-08-09 around 00:43. The record notes danger status as No, threat mentioned as False, injury mentioned as False, and police contact as False.","incident_family=Family Law | issue=Guardianship dispute | place=House, Karnataka, India | date_time=2023-08-09 00:43 | events=EVT000104_001;EVT000104_002 | property_involved=True | threat_involved=False | injury_involved=False | open_questions=optional: financial_support_issue, supporting_documents | missing: violence_or_safety_concern","To the concerned authority, I wish to report that on 2023-08-09 around 00:43, at House, I experienced/reported an incident described as Guardianship dispute. My account is: I want to report an incident. hey guys, my ex just blocked me from seeing the kids / resolving the guardianship dispute at the House around 00:43 today. completely violating the current terms. does anyone know a reliable family court lawyer who can file an urgent motion tomorrow? I am sharing all the details so that appropriate legal guidance can be provided. I request that the information be recorded, that appropriate lawful guidance or action be considered, and that I be told if any further documents or details are needed. This draft does not assert guilt, authenticate evidence, or state that an FIR has already been filed.","Case intake: Family Law / Guardianship dispute; location House, Karnataka; incident date/time 2023-08-09 00:43; danger=No; threat=False; injury=False; property=True; police_contacted=False; legal_help_requested=True; event_ids=EVT000104_001;EVT000104_002; key remaining gaps: optional: financial_support_issue, supporting_documents | missing: violence_or_safety_concern",Carry identity proof if needed; written timeline; location details; screenshots/photos/messages; receipts or documents where applicable; medical records if injury exists; property or account details if relevant; names/contact details of witnesses if safely available; copies of any prior complaint or authority response.,"I can provide more details, but I need to check the exact information","optional: financial_support_issue, supporting_documents | missing: violence_or_safety_concern",No contradiction linked in slot annotations or clarification answers.,"No immediate danger is recorded, but reassess safety before taking action. Collect existing orders, communication records, child/dependent details, and consider family-court or legal-aid consultation. Police already contacted: False. Legal help requested: True.",LP_FAMILY_COURT_001;LP_CHILD_CUSTODY_001;LP_LEGAL_AID_001,0,False,5,4,True,team-reviewed,REV956,validation
GOUT000105_EN,SCN000105,NAR000105_EN,en,ANS000940;ANS000941;ANS000942;ANS000943;ANS000944;ANS000945;ANS000946;ANS000947;ANS000948,EVT000105_001;EVT000105_002,1. A transactional incident concerning defective product delivery broke out at the local online platform at 19:41. 2. I want to report an incident.,"You reported a consumer disputes matter about defective product delivery at Online platform on 2023-08-10 around 19:41. The record notes danger status as No, threat mentioned as False, injury mentioned as False, and police contact as True.","incident_family=Consumer Disputes | issue=Defective product delivery | place=Online platform, Tamil Nadu, India | date_time=2023-08-10 19:41 | events=EVT000105_001;EVT000105_002 | property_involved=True | threat_involved=False | injury_involved=False | open_questions=partially_provided: product_or_service | missing: refund_or_remedy_requested | optional: evidence_available","To the concerned authority, I wish to report that on 2023-08-10 around 19:41, at Online platform, I experienced/reported an incident described as Defective product delivery. My account is: I want to report an incident. A transactional incident concerning defective product delivery broke out at the local online platform at 19:41. The buyer alleged a direct breach of contractual terms regarding product quality or billing accuracy, resulting in an active consumer dispute. I am sharing all the details so that appropriate legal guidance can be provided. I request that the information be recorded, that appropriate lawful guidance or action be considered, and that I be told if any further documents or details are needed. This draft does not assert guilt, authenticate evidence, or state that an FIR has already been filed.","Case intake: Consumer Disputes / Defective product delivery; location Online platform, Tamil Nadu; incident date/time 2023-08-10 19:41; danger=No; threat=False; injury=False; property=True; police_contacted=True; legal_help_requested=True; event_ids=EVT000105_001;EVT000105_002; key remaining gaps: partially_provided: product_or_service | missing: refund_or_remedy_requested | optional: evidence_available",Carry identity proof if needed; written timeline; location details; screenshots/photos/messages; receipts or documents where applicable; medical records if injury exists; property or account details if relevant; names/contact details of witnesses if safely available; copies of any prior complaint or authority response.,A transactional incident concerning defective product delivery broke out at the local online platform at 19:41; I have the payment screenshot and chat with the seller,partially_provided: product_or_service | missing: refund_or_remedy_requested | optional: evidence_available,No contradiction linked in slot annotations or clarification answers.,"No immediate danger is recorded, but reassess safety before taking action. Prepare payment proof, seller communication, product/service details, and consider consumer grievance or platform escalation. Police already contacted: True. Legal help requested: True.",LP_CONSUMER_COMPLAINT_001;LP_REFUND_RIGHTS_001;LP_ECOMMERCE_001,0,False,5,4,True,team-reviewed,REV264,validation
GOUT000106_EN,SCN000106,NAR000106_EN,en,ANS000949;ANS000950;ANS000951;ANS000952;ANS000953;ANS000954;ANS000955;ANS000956;ANS000957;ANS000958;ANS000959;ANS000960,EVT000106_001;EVT000106_002,1. Complainant reports a structural civil grievance regarding boundary wall dispute at the site located in house. 2. I want to report an incident.,"You reported a property disputes matter about boundary wall dispute at House on 2023-08-12 around 06:38. The record notes danger status as No, threat mentioned as False, injury mentioned as True, and police contact as False.","incident_family=Property Disputes | issue=Boundary wall dispute | place=House, Uttar Pradesh, India | date_time=2023-08-12 06:38 | events=EVT000106_001;EVT000106_002 | property_involved=True | threat_involved=False | injury_involved=True | open_questions=partially_provided: property_type, ownership_documents | optional: opposing_party_identity | missing: current_possession","To the concerned authority, I wish to report that on 2023-08-12 around 06:38, at House, I experienced/reported an incident described as Boundary wall dispute. My account is: I want to report an incident. Complainant reports a structural civil grievance regarding boundary wall dispute at the site located in house. On 2026-07-02 at 06:38 hours, opposing parties gathered and attempted unauthorized physical alterations. Property ownership documents have been submitted for verification. I am sharing all the details so that appropriate legal guidance can be provided. I request that the information be recorded, that appropriate lawful guidance or action be considered, and that I be told if any further documents or details are needed. This draft does not assert guilt, authenticate evidence, or state that an FIR has already been filed.","Case intake: Property Disputes / Boundary wall dispute; location House, Uttar Pradesh; incident date/time 2023-08-12 06:38; danger=No; threat=False; injury=True; property=True; police_contacted=False; legal_help_requested=True; event_ids=EVT000106_001;EVT000106_002; key remaining gaps: partially_provided: property_type, ownership_documents | optional: opposing_party_identity | missing: current_possession",Carry identity proof if needed; written timeline; location details; screenshots/photos/messages; receipts or documents where applicable; medical records if injury exists; property or account details if relevant; names/contact details of witnesses if safely available; copies of any prior complaint or authority response.,"Property ownership documents have been submitted for verification; I can show possession through receipts, photos, or property documents","partially_provided: property_type, ownership_documents | optional: opposing_party_identity | missing: current_possession",No contradiction linked in slot annotations or clarification answers.,"No immediate danger is recorded, but reassess safety before taking action. Collect ownership/possession documents, photos of the site, opposing-party details, and avoid confrontation. Police already contacted: False. Legal help requested: True.",LP_PROPERTY_DISPUTE_001;LP_CRIME_REPORTING_001;LP_DIGITAL_EVIDENCE_001,0,False,5,4,True,team-reviewed,REV536,test
GOUT000107_EN,SCN000107,NAR000107_EN,en,ANS000961;ANS000962;ANS000963;ANS000964;ANS000965;ANS000966;ANS000967;ANS000968;ANS000969,EVT000107_001;EVT000107_002,"1. On the date of 2026-07-11, an advanced threat actor initiated an exploit categorized under ransomware attack targeting remote infrastructures at approximately 10:11. 2. I want to report an incident.","You reported a cybercrime matter about ransomware attack at Workplace on 2023-08-13 around 10:11. The record notes danger status as No, threat mentioned as True, injury mentioned as False, and police contact as False.","incident_family=Cybercrime | issue=Ransomware attack | place=Workplace, Maharashtra, India | date_time=2023-08-13 10:11 | events=EVT000107_001;EVT000107_002 | property_involved=True | threat_involved=True | injury_involved=False | open_questions=optional: digital_evidence, security_steps_taken | partially_provided: ongoing_access_risk","To the concerned authority, I wish to report that on 2023-08-13 around 10:11, at Workplace, I experienced/reported an incident described as Ransomware attack. My account is: I want to report an incident. On the date of 2026-07-11, an advanced threat actor initiated an exploit categorized under ransomware attack targeting remote infrastructures at approximately 10:11. The intrusion vectors reveal highly organized techniques using social engineering methods or brute-force automation to penetrate authorization systems on the Workplace. Immediate isolation of the network endpoints was executed to limit exposure within the regional jurisdiction. I am sharing all the details so that appropriate legal guidance can be provided. I request that the information be recorded, that appropriate lawful guidance or action be considered, and that I be told if any further documents or details are needed. This draft does not assert guilt, authenticate evidence, or state that an FIR has already been filed.","Case intake: Cybercrime / Ransomware attack; location Workplace, Maharashtra; incident date/time 2023-08-13 10:11; danger=No; threat=True; injury=False; property=True; police_contacted=False; legal_help_requested=False; event_ids=EVT000107_001;EVT000107_002; key remaining gaps: optional: digital_evidence, security_steps_taken | partially_provided: ongoing_access_risk",Carry identity proof if needed; written timeline; location details; screenshots/photos/messages; receipts or documents where applicable; medical records if injury exists; property or account details if relevant; names/contact details of witnesses if safely available; copies of any prior complaint or authority response.,"Screenshots, suspicious link, login alert, and transaction message are available","optional: digital_evidence, security_steps_taken | partially_provided: ongoing_access_risk",No contradiction linked in slot annotations or clarification answers.,"No immediate danger is recorded, but reassess safety before taking action. Preserve digital evidence, secure accounts, notify bank/platform if relevant, and use cyber reporting channels. Police already contacted: False. Legal help requested: False.",LP_CYBER_REPORTING_001;LP_ACCOUNT_SECURITY_001;LP_DIGITAL_EVIDENCE_001;LP_FINANCIAL_CYBER_FRAUD_001,0,False,5,4,True,team-reviewed,REV571,test
GOUT000108_EN,SCN000108,NAR000108_EN,en,ANS000970;ANS000971;ANS000972,EVT000108_001;EVT000108_002,"1. On the date of 2026-07-10, a major institutional friction classified as breach of employment contract materialized at the specified office at approximately 23:22. 2. I want to report an incident.","You reported a employment/labour matter about breach of employment contract at Office on 2023-08-13 around 23:22. The record notes danger status as No, threat mentioned as False, injury mentioned as False, and police contact as True.","incident_family=Employment/Labour | issue=Breach of employment contract | place=Office, Telangana, India | date_time=2023-08-13 23:22 | events=EVT000108_001;EVT000108_002 | property_involved=True | threat_involved=False | injury_involved=False | open_questions=optional: employment_documents","To the concerned authority, I wish to report that on 2023-08-13 around 23:22, at Office, I experienced/reported an incident described as Breach of employment contract. My account is: I want to report an incident. On the date of 2026-07-10, a major institutional friction classified as breach of employment contract materialized at the specified office at approximately 23:22. The circumstances indicate structured operational non-compliance by the management regarding standard working protocols or financial settlements, directly compromising employee protections. Internal grievance workflows were completely bypassed by leadership, compelling the affected party to seek statutory legal remedies through regional labor councils. I am sharing all the details so that appropriate legal guidance can be provided. I request that the information be recorded, that appropriate lawful guidance or action be considered, and that I be told if any further documents or details are needed. This draft does not assert guilt, authenticate evidence, or state that an FIR has already been filed.","Case intake: Employment/Labour / Breach of employment contract; location Office, Telangana; incident date/time 2023-08-13 23:22; danger=No; threat=False; injury=False; property=True; police_contacted=True; legal_help_requested=True; event_ids=EVT000108_001;EVT000108_002; key remaining gaps: optional: employment_documents",Carry identity proof if needed; written timeline; location details; screenshots/photos/messages; receipts or documents where applicable; medical records if injury exists; property or account details if relevant; names/contact details of witnesses if safely available; copies of any prior complaint or authority response.,"I have some emails and employment records, but not every document",optional: employment_documents,No contradiction linked in slot annotations or clarification answers.,"No immediate danger is recorded, but reassess safety before taking action. Collect employment documents, payslips, emails, HR communication, and wage/termination details. Police already contacted: True. Legal help requested: True.",LP_LABOUR_COMPLAINT_001;LP_WAGE_CLAIM_001;LP_LEGAL_AID_001,0,False,5,4,True,team-reviewed,REV568,test
GOUT000109_EN,SCN000109,NAR000109_EN,en,ANS000973;ANS000974;ANS000975,EVT000109_001;EVT000109_002,1. Complainant registers a formal grievance concerning employer violations under the category of safe working conditions violation at the designated workplace. 2. I want to report an incident.,"You reported a employment/labour matter about safe working conditions violation at Workplace on 2023-08-16 around 08:38. The record notes danger status as No, threat mentioned as False, injury mentioned as True, and police contact as False.","incident_family=Employment/Labour | issue=Safe working conditions violation | place=Workplace, Tamil Nadu, India | date_time=2023-08-16 08:38 | events=EVT000109_001;EVT000109_002 | property_involved=False | threat_involved=False | injury_involved=True | open_questions=optional: wage_or_benefit_amount","To the concerned authority, I wish to report that on 2023-08-16 around 08:38, at Workplace, I experienced/reported an incident described as Safe working conditions violation. My account is: I want to report an incident. Complainant registers a formal grievance concerning employer violations under the category of safe working conditions violation at the designated workplace. The incident occurred on 2026-07-20 at approximately 08:38 hours, wherein the management failed to comply with statutory labor provisions. Corporate payroll and logs have been requested. I am sharing all the details so that appropriate legal guidance can be provided. I request that the information be recorded, that appropriate lawful guidance or action be considered, and that I be told if any further documents or details are needed. This draft does not assert guilt, authenticate evidence, or state that an FIR has already been filed.","Case intake: Employment/Labour / Safe working conditions violation; location Workplace, Tamil Nadu; incident date/time 2023-08-16 08:38; danger=No; threat=False; injury=True; property=False; police_contacted=False; legal_help_requested=True; event_ids=EVT000109_001;EVT000109_002; key remaining gaps: optional: wage_or_benefit_amount",Carry identity proof if needed; written timeline; location details; screenshots/photos/messages; receipts or documents where applicable; medical records if injury exists; property or account details if relevant; names/contact details of witnesses if safely available; copies of any prior complaint or authority response.,Corporate payroll and logs have been requested,optional: wage_or_benefit_amount,No contradiction linked in slot annotations or clarification answers.,"No immediate danger is recorded, but reassess safety before taking action. Collect employment documents, payslips, emails, HR communication, and wage/termination details. Police already contacted: False. Legal help requested: True.",LP_LABOUR_COMPLAINT_001;LP_WAGE_CLAIM_001;LP_LEGAL_AID_001,0,False,5,4,True,team-reviewed,REV645,test
GOUT000110_EN,SCN000110,NAR000110_EN,en,ANS000976;ANS000977;ANS000978;ANS000979;ANS000980;ANS000981;ANS000982;ANS000983;ANS000984,EVT000110_001;EVT000110_002,"1. On the date of 2026-06-29, a minor unclassified neighborhood disruption manifesting as public nuisance dispute materialized at the specified road at approximately 06:57 hours. 2. I want to report an incident.","You reported a miscellaneous matter about public nuisance dispute at Road on 2023-08-18 around 06:57. The record notes danger status as No, threat mentioned as False, injury mentioned as False, and police contact as True.","incident_family=Miscellaneous | issue=Public nuisance dispute | place=Road, Delhi, India | date_time=2023-08-18 06:57 | events=EVT000110_001;EVT000110_002 | property_involved=False | threat_involved=False | injury_involved=False | open_questions=partially_provided: risk_to_public | optional: item_or_property_affected, authority_to_contact","To the concerned authority, I wish to report that on 2023-08-18 around 06:57, at Road, I experienced/reported an incident described as Public nuisance dispute. My account is: I want to report an incident. On the date of 2026-06-29, a minor unclassified neighborhood disruption manifesting as public nuisance dispute materialized at the specified road at approximately 06:57 hours. The incident details demonstrate a clear operational or administrative failure concerning municipal upkeep or public behavior regulations, causing secondary delays for community residents. Local community leaders have logged an official complaint to expedite resolution within the state jurisdiction. I am sharing all the details so that appropriate legal guidance can be provided. I request that the information be recorded, that appropriate lawful guidance or action be considered, and that I be told if any further documents or details are needed. This draft does not assert guilt, authenticate evidence, or state that an FIR has already been filed.","Case intake: Miscellaneous / Public nuisance dispute; location Road, Delhi; incident date/time 2023-08-18 06:57; danger=No; threat=False; injury=False; property=False; police_contacted=True; legal_help_requested=False; event_ids=EVT000110_001;EVT000110_002; key remaining gaps: partially_provided: risk_to_public | optional: item_or_property_affected, authority_to_contact",Carry identity proof if needed; written timeline; location details; screenshots/photos/messages; receipts or documents where applicable; medical records if injury exists; property or account details if relevant; names/contact details of witnesses if safely available; copies of any prior complaint or authority response.,"No specific evidence item is confirmed; ask user to preserve screenshots, documents, photos, receipts, and messages where available.","partially_provided: risk_to_public | optional: item_or_property_affected, authority_to_contact",No contradiction linked in slot annotations or clarification answers.,"No immediate danger is recorded, but reassess safety before taking action. Collect date, location, evidence, authority contacted, and any safety concerns before escalation. Police already contacted: True. Legal help requested: False.",LP_CRIME_REPORTING_001;LP_EMERGENCY_HELP_001;LP_LEGAL_AID_001,0,False,5,4,True,team-reviewed,REV550,Train
GOUT000111_EN,SCN000111,NAR000111_EN,en,ANS000985;ANS000986;ANS000987;ANS000988;ANS000989;ANS000990;ANS000991;ANS000992;ANS000993;ANS000994;ANS000995;ANS000996,EVT000111_001;EVT000111_002,"1. The system administrator observed anomalous traffic originating from unauthorized servers around 00:48, confirming a systemwide phishing scam. 2. I want to report an incident.","You reported a cybercrime matter about phishing scam at Mobile app on 2023-08-18 around 00:48. The record notes danger status as No, threat mentioned as False, injury mentioned as False, and police contact as False.","incident_family=Cybercrime | issue=Phishing scam | place=Mobile app, Delhi, India | date_time=2023-08-18 00:48 | events=EVT000111_001;EVT000111_002 | property_involved=True | threat_involved=False | injury_involved=False | open_questions=optional: digital_evidence, suspect_or_sender_identity, security_steps_taken | partially_provided: ongoing_access_risk","To the concerned authority, I wish to report that on 2023-08-18 around 00:48, at Mobile app, I experienced/reported an incident described as Phishing scam. My account is: I want to report an incident. The system administrator observed anomalous traffic originating from unauthorized servers around 00:48, confirming a systemwide phishing scam. The victim was actively manipulated into bypassing authentication protocols on the Mobile app platform. I am sharing all the details so that appropriate legal guidance can be provided. I request that the information be recorded, that appropriate lawful guidance or action be considered, and that I be told if any further documents or details are needed. This draft does not assert guilt, authenticate evidence, or state that an FIR has already been filed.","Case intake: Cybercrime / Phishing scam; location Mobile app, Delhi; incident date/time 2023-08-18 00:48; danger=No; threat=False; injury=False; property=True; police_contacted=False; legal_help_requested=False; event_ids=EVT000111_001;EVT000111_002; key remaining gaps: optional: digital_evidence, suspect_or_sender_identity, security_steps_taken | partially_provided: ongoing_access_risk",Carry identity proof if needed; written timeline; location details; screenshots/photos/messages; receipts or documents where applicable; medical records if injury exists; property or account details if relevant; names/contact details of witnesses if safely available; copies of any prior complaint or authority response.,"Screenshots, suspicious link, login alert, and transaction message are available","optional: digital_evidence, suspect_or_sender_identity, security_steps_taken | partially_provided: ongoing_access_risk",No contradiction linked in slot annotations or clarification answers.,"No immediate danger is recorded, but reassess safety before taking action. Preserve digital evidence, secure accounts, notify bank/platform if relevant, and use cyber reporting channels. Police already contacted: False. Legal help requested: False.",LP_CYBER_REPORTING_001;LP_ACCOUNT_SECURITY_001;LP_DIGITAL_EVIDENCE_001;LP_FINANCIAL_CYBER_FRAUD_001,0,False,5,4,True,team-reviewed,REV155,Train
GOUT000112_EN,SCN000112,NAR000112_EN,en,ANS000997;ANS000998;ANS000999;ANS001000;ANS001001;ANS001002;ANS001003;ANS001004;ANS001005;ANS001006;ANS001007;ANS001008,EVT000112_001;EVT000112_002,"1. Several individuals were actively contesting an instance of inheritance property claim, with local residents stepping in to prevent physical escalation before authorities were notified. 2. I want to report an incident.","You reported a property disputes matter about inheritance property claim at Plot on 2023-08-25 around 13:04. The record notes danger status as No, threat mentioned as True, injury mentioned as True, and police contact as True.","incident_family=Property Disputes | issue=Inheritance property claim | place=Plot, Maharashtra, India | date_time=2023-08-25 13:04 | events=EVT000112_001;EVT000112_002 | property_involved=True | threat_involved=True | injury_involved=True | open_questions=partially_provided: property_type, ownership_documents | optional: opposing_party_identity | missing: current_possession","To the concerned authority, I wish to report that on 2023-08-25 around 13:04, at Plot, I experienced/reported an incident described as Inheritance property claim. My account is: I want to report an incident. The observer witnessed an intense community argument unfolding near the plot around 13:04. Several individuals were actively contesting an instance of inheritance property claim, with local residents stepping in to prevent physical escalation before authorities were notified. I am sharing all the details so that appropriate legal guidance can be provided. I request that the information be recorded, that appropriate lawful guidance or action be considered, and that I be told if any further documents or details are needed. This draft does not assert guilt, authenticate evidence, or state that an FIR has already been filed.","Case intake: Property Disputes / Inheritance property claim; location Plot, Maharashtra; incident date/time 2023-08-25 13:04; danger=No; threat=True; injury=True; property=True; police_contacted=True; legal_help_requested=True; event_ids=EVT000112_001;EVT000112_002; key remaining gaps: partially_provided: property_type, ownership_documents | optional: opposing_party_identity | missing: current_possession",Carry identity proof if needed; written timeline; location details; screenshots/photos/messages; receipts or documents where applicable; medical records if injury exists; property or account details if relevant; names/contact details of witnesses if safely available; copies of any prior complaint or authority response.,"Several individuals were actively contesting an instance of inheritance property claim, with local residents stepping in to prevent physical escalation before authorities were notified; I can show possession through receipts, photos, or property documents","partially_provided: property_type, ownership_documents | optional: opposing_party_identity | missing: current_possession",No contradiction linked in slot annotations or clarification answers.,"No immediate danger is recorded, but reassess safety before taking action. Collect ownership/possession documents, photos of the site, opposing-party details, and avoid confrontation. Police already contacted: True. Legal help requested: True.",LP_PROPERTY_DISPUTE_001;LP_CRIME_REPORTING_001;LP_DIGITAL_EVIDENCE_001,0,False,5,4,True,team-reviewed,REV999,Train
GOUT000113_EN,SCN000113,NAR000113_EN,en,ANS001009;ANS001010;ANS001011;ANS001012;ANS001013;ANS001014;ANS001015;ANS001016;ANS001017,EVT000113_001;EVT000113_002,"1. So I was driving along the highway around 10:34 today, when this car suddenly sped out and caused a complete drunk driving accident! 2. I want to report an incident.","You reported a traffic & road incidents matter about drunk driving accident at Highway on 2023-08-26 around 10:34. The record notes danger status as No, threat mentioned as False, injury mentioned as False, and police contact as True.","incident_family=Traffic & Road Incidents | issue=Drunk driving accident | place=Highway, Uttar Pradesh, India | date_time=2023-08-26 10:34 | events=EVT000113_001;EVT000113_002 | property_involved=True | threat_involved=False | injury_involved=False | open_questions=missing: injury_details, property_damage | optional: traffic_obstruction","To the concerned authority, I wish to report that on 2023-08-26 around 10:34, at Highway, I experienced/reported an incident described as Drunk driving accident. My account is: I want to report an incident. So I was driving along the highway around 10:34 today, when this car suddenly sped out and caused a complete drunk driving accident! The driver didn't even stop to check if anyone was hurt, they just accelerated away immediately. I'm still shaking from the shock. I am sharing all the details so that appropriate legal guidance can be provided. I request that the information be recorded, that appropriate lawful guidance or action be considered, and that I be told if any further documents or details are needed. This draft does not assert guilt, authenticate evidence, or state that an FIR has already been filed.","Case intake: Traffic & Road Incidents / Drunk driving accident; location Highway, Uttar Pradesh; incident date/time 2023-08-26 10:34; danger=No; threat=False; injury=False; property=True; police_contacted=True; legal_help_requested=True; event_ids=EVT000113_001;EVT000113_002; key remaining gaps: missing: injury_details, property_damage | optional: traffic_obstruction",Carry identity proof if needed; written timeline; location details; screenshots/photos/messages; receipts or documents where applicable; medical records if injury exists; property or account details if relevant; names/contact details of witnesses if safely available; copies of any prior complaint or authority response.,"No specific evidence item is confirmed; ask user to preserve screenshots, documents, photos, receipts, and messages where available.","missing: injury_details, property_damage | optional: traffic_obstruction",No contradiction linked in slot annotations or clarification answers.,"No immediate danger is recorded, but reassess safety before taking action. Record vehicle details, photos, injury and damage information, witnesses, and insurance/police documents. Police already contacted: True. Legal help requested: True.",LP_TRAFFIC_ACCIDENT_001;LP_HIT_AND_RUN_001;LP_MOTOR_CLAIM_001,0,False,5,4,True,team-reviewed,REV580,validation
GOUT000114_EN,SCN000114,NAR000114_EN,en,ANS001018;ANS001019;ANS001020,EVT000114_001;EVT000114_002,1. just witnessed a crazy traffic signal violation dispute around 09:15 hours. 2. I want to report an incident.,"You reported a traffic & road incidents matter about traffic signal violation dispute at Road on 2023-08-28 around 09:15. The record notes danger status as No, threat mentioned as False, injury mentioned as False, and police contact as False.","incident_family=Traffic & Road Incidents | issue=Traffic signal violation dispute | place=Road, Telangana, India | date_time=2023-08-28 09:15 | events=EVT000114_001;EVT000114_002 | property_involved=True | threat_involved=False | injury_involved=False | open_questions=missing: injury_details","To the concerned authority, I wish to report that on 2023-08-28 around 09:15, at Road, I experienced/reported an incident described as Traffic signal violation dispute. My account is: I want to report an incident. guys stay away from the Road right now! just witnessed a crazy traffic signal violation dispute around 09:15 hours. cars are badly damaged and traffic is completely backed up. emergency services are arriving just now I am sharing all the details so that appropriate legal guidance can be provided. I request that the information be recorded, that appropriate lawful guidance or action be considered, and that I be told if any further documents or details are needed. This draft does not assert guilt, authenticate evidence, or state that an FIR has already been filed.","Case intake: Traffic & Road Incidents / Traffic signal violation dispute; location Road, Telangana; incident date/time 2023-08-28 09:15; danger=No; threat=False; injury=False; property=True; police_contacted=False; legal_help_requested=True; event_ids=EVT000114_001;EVT000114_002; key remaining gaps: missing: injury_details",Carry identity proof if needed; written timeline; location details; screenshots/photos/messages; receipts or documents where applicable; medical records if injury exists; property or account details if relevant; names/contact details of witnesses if safely available; copies of any prior complaint or authority response.,"No specific evidence item is confirmed; ask user to preserve screenshots, documents, photos, receipts, and messages where available.",missing: injury_details,No contradiction linked in slot annotations or clarification answers.,"No immediate danger is recorded, but reassess safety before taking action. Record vehicle details, photos, injury and damage information, witnesses, and insurance/police documents. Police already contacted: False. Legal help requested: True.",LP_TRAFFIC_ACCIDENT_001;LP_HIT_AND_RUN_001;LP_MOTOR_CLAIM_001,0,False,5,4,True,team-reviewed,REV571,test
GOUT000115_EN,SCN000115,NAR000115_EN,en,ANS001021;ANS001022;ANS001023;ANS001024;ANS001025;ANS001026;ANS001027;ANS001028;ANS001029,EVT000115_001;EVT000115_002,1. just discovered a major loan approval scam happened around 09:04 today. 2. I want to report an incident.,"You reported a financial fraud matter about loan approval scam at Mobile app on 2023-08-29 around 09:04. The record notes danger status as No, threat mentioned as True, injury mentioned as False, and police contact as False.","incident_family=Financial Fraud | issue=Loan approval scam | place=Mobile app, Telangana, India | date_time=2023-08-29 09:04 | events=EVT000115_001;EVT000115_002 | property_involved=True | threat_involved=True | injury_involved=False | open_questions=optional: bank_or_wallet, transaction_identifier, documents_or_audit_trail","To the concerned authority, I wish to report that on 2023-08-29 around 09:04, at Mobile app, I experienced/reported an incident described as Loan approval scam. My account is: I want to report an incident. guys freeze your accounts if you used that Mobile app recently!! just discovered a major loan approval scam happened around 09:04 today. unauthorized charges are showing up on multiple profiles, notify your branch manager asap I am sharing all the details so that appropriate legal guidance can be provided. I request that the information be recorded, that appropriate lawful guidance or action be considered, and that I be told if any further documents or details are needed. This draft does not assert guilt, authenticate evidence, or state that an FIR has already been filed.","Case intake: Financial Fraud / Loan approval scam; location Mobile app, Telangana; incident date/time 2023-08-29 09:04; danger=No; threat=True; injury=False; property=True; police_contacted=False; legal_help_requested=True; event_ids=EVT000115_001;EVT000115_002; key remaining gaps: optional: bank_or_wallet, transaction_identifier, documents_or_audit_trail",Carry identity proof if needed; written timeline; location details; screenshots/photos/messages; receipts or documents where applicable; medical records if injury exists; property or account details if relevant; names/contact details of witnesses if safely available; copies of any prior complaint or authority response.,"I can provide more details, but I need to check the exact information","optional: bank_or_wallet, transaction_identifier, documents_or_audit_trail",No contradiction linked in slot annotations or clarification answers.,"No immediate danger is recorded, but reassess safety before taking action. Notify the financial institution quickly, preserve transaction records, and consider police/cyber reporting depending on facts. Police already contacted: False. Legal help requested: True.",LP_FINANCIAL_CYBER_FRAUD_001;LP_CYBER_REPORTING_001;LP_DIGITAL_EVIDENCE_001,0,False,5,4,True,team-reviewed,REV665,Train
GOUT000116_EN,SCN000116,NAR000116_EN,en,ANS001030;ANS001031;ANS001032;ANS001033;ANS001034;ANS001035;ANS001036;ANS001037;ANS001038,EVT000116_001;EVT000116_002,1. A civic or localized incident classified under public nuisance dispute manifested at the designated alleyway at 13:33. 2. I want to report an incident.,"You reported a miscellaneous matter about public nuisance dispute at Alleyway on 2023-08-29 around 13:33. The record notes danger status as No, threat mentioned as False, injury mentioned as False, and police contact as True.","incident_family=Miscellaneous | issue=Public nuisance dispute | place=Alleyway, Telangana, India | date_time=2023-08-29 13:33 | events=EVT000116_001;EVT000116_002 | property_involved=True | threat_involved=False | injury_involved=False | open_questions=partially_provided: risk_to_public | optional: item_or_property_affected, authority_to_contact","To the concerned authority, I wish to report that on 2023-08-29 around 13:33, at Alleyway, I experienced/reported an incident described as Public nuisance dispute. My account is: I want to report an incident. A civic or localized incident classified under public nuisance dispute manifested at the designated alleyway at 13:33. The matter represents a general public inconvenience rather than a high-severity crime, requiring standard regulatory oversight. I am sharing all the details so that appropriate legal guidance can be provided. I request that the information be recorded, that appropriate lawful guidance or action be considered, and that I be told if any further documents or details are needed. This draft does not assert guilt, authenticate evidence, or state that an FIR has already been filed.","Case intake: Miscellaneous / Public nuisance dispute; location Alleyway, Telangana; incident date/time 2023-08-29 13:33; danger=No; threat=False; injury=False; property=True; police_contacted=True; legal_help_requested=True; event_ids=EVT000116_001;EVT000116_002; key remaining gaps: partially_provided: risk_to_public | optional: item_or_property_affected, authority_to_contact",Carry identity proof if needed; written timeline; location details; screenshots/photos/messages; receipts or documents where applicable; medical records if injury exists; property or account details if relevant; names/contact details of witnesses if safely available; copies of any prior complaint or authority response.,"No specific evidence item is confirmed; ask user to preserve screenshots, documents, photos, receipts, and messages where available.","partially_provided: risk_to_public | optional: item_or_property_affected, authority_to_contact",No contradiction linked in slot annotations or clarification answers.,"No immediate danger is recorded, but reassess safety before taking action. Collect date, location, evidence, authority contacted, and any safety concerns before escalation. Police already contacted: True. Legal help requested: True.",LP_CRIME_REPORTING_001;LP_EMERGENCY_HELP_001;LP_LEGAL_AID_001,0,False,5,4,True,team-reviewed,REV367,validation
GOUT000117_EN,SCN000117,NAR000117_EN,en,ANS001039;ANS001040;ANS001041,EVT000117_001;EVT000117_002,1. Complainant reports a structured financial offense falling under the category of cheque forgery at the office. 2. I want to report an incident.,"You reported a financial fraud matter about cheque forgery at Office on 2023-09-02 around 23:53. The record notes danger status as No, threat mentioned as False, injury mentioned as False, and police contact as False.","incident_family=Financial Fraud | issue=Cheque forgery | place=Office, Maharashtra, India | date_time=2023-09-02 23:53 | events=EVT000117_001;EVT000117_002 | property_involved=True | threat_involved=False | injury_involved=False | open_questions=optional: institution_notified","To the concerned authority, I wish to report that on 2023-09-02 around 23:53, at Office, I experienced/reported an incident described as Cheque forgery. My account is: I want to report an incident. Complainant reports a structured financial offense falling under the category of cheque forgery at the office. The incident occurred on 2026-06-28 at approximately 23:53 hours, wherein deceptive documentation was presented to misappropriate corporate or individual monetary assets. Audit trails have been preserved. I am sharing all the details so that appropriate legal guidance can be provided. I request that the information be recorded, that appropriate lawful guidance or action be considered, and that I be told if any further documents or details are needed. This draft does not assert guilt, authenticate evidence, or state that an FIR has already been filed.","Case intake: Financial Fraud / Cheque forgery; location Office, Maharashtra; incident date/time 2023-09-02 23:53; danger=No; threat=False; injury=False; property=True; police_contacted=False; legal_help_requested=True; event_ids=EVT000117_001;EVT000117_002; key remaining gaps: optional: institution_notified",Carry identity proof if needed; written timeline; location details; screenshots/photos/messages; receipts or documents where applicable; medical records if injury exists; property or account details if relevant; names/contact details of witnesses if safely available; copies of any prior complaint or authority response.,"The incident occurred on 2026-06-28 at approximately 23:53 hours, wherein deceptive documentation was presented to misappropriate corporate or individual monetary assets",optional: institution_notified,No contradiction linked in slot annotations or clarification answers.,"No immediate danger is recorded, but reassess safety before taking action. Notify the financial institution quickly, preserve transaction records, and consider police/cyber reporting depending on facts. Police already contacted: False. Legal help requested: True.",LP_FINANCIAL_CYBER_FRAUD_001;LP_CYBER_REPORTING_001;LP_DIGITAL_EVIDENCE_001,0,False,5,4,True,team-reviewed,REV903,test
GOUT000118_EN,SCN000118,NAR000118_EN,en,ANS001042;ANS001043;ANS001044;ANS001045;ANS001046;ANS001047;ANS001048;ANS001049;ANS001050;ANS001051;ANS001052;ANS001053,EVT000118_001;EVT000118_002,1. Complainant reports unauthorized digital breach under social media hacking framework. 2. I want to report an incident.,"You reported a cybercrime matter about social media hacking at Online platform on 2023-09-03 around 10:08. The record notes danger status as No, threat mentioned as True, injury mentioned as False, and police contact as True.","incident_family=Cybercrime | issue=Social media hacking | place=Online platform, Uttar Pradesh, India | date_time=2023-09-03 10:08 | events=EVT000118_001;EVT000118_002 | property_involved=False | threat_involved=True | injury_involved=False | open_questions=optional: financial_loss, suspect_or_sender_identity, security_steps_taken | partially_provided: ongoing_access_risk","To the concerned authority, I wish to report that on 2023-09-03 around 10:08, at Online platform, I experienced/reported an incident described as Social media hacking. My account is: I want to report an incident. Complainant reports unauthorized digital breach under social media hacking framework. On 2026-07-10 at approx 10:08 hours, malicious payloads or fraudulent links were deployed to misappropriate assets or credentials via Online platform. Digital logs preserved for forensic analysis. I am sharing all the details so that appropriate legal guidance can be provided. I request that the information be recorded, that appropriate lawful guidance or action be considered, and that I be told if any further documents or details are needed. This draft does not assert guilt, authenticate evidence, or state that an FIR has already been filed.","Case intake: Cybercrime / Social media hacking; location Online platform, Uttar Pradesh; incident date/time 2023-09-03 10:08; danger=No; threat=True; injury=False; property=False; police_contacted=True; legal_help_requested=False; event_ids=EVT000118_001;EVT000118_002; key remaining gaps: optional: financial_loss, suspect_or_sender_identity, security_steps_taken | partially_provided: ongoing_access_risk",Carry identity proof if needed; written timeline; location details; screenshots/photos/messages; receipts or documents where applicable; medical records if injury exists; property or account details if relevant; names/contact details of witnesses if safely available; copies of any prior complaint or authority response.,Digital logs preserved for forensic analysis,"optional: financial_loss, suspect_or_sender_identity, security_steps_taken | partially_provided: ongoing_access_risk",No contradiction linked in slot annotations or clarification answers.,"No immediate danger is recorded, but reassess safety before taking action. Preserve digital evidence, secure accounts, notify bank/platform if relevant, and use cyber reporting channels. Police already contacted: True. Legal help requested: False.",LP_CYBER_REPORTING_001;LP_ACCOUNT_SECURITY_001;LP_DIGITAL_EVIDENCE_001;LP_FINANCIAL_CYBER_FRAUD_001,0,False,5,4,True,team-reviewed,REV455,test
GOUT000119_EN,SCN000119,NAR000119_EN,en,ANS001054;ANS001055;ANS001056;ANS001057;ANS001058;ANS001059,EVT000119_001;EVT000119_002,"1. Complainant states that on 2026-06-25 at approximately 18:21 hours, an incident of online phishing theft occurred at Mobile app. 2. I want to report an incident.","You reported a theft and robbery matter about online phishing theft at Mobile app on 2023-09-03 around 18:21. The record notes danger status as No, threat mentioned as False, injury mentioned as False, and police contact as False.","incident_family=Theft and robbery | issue=Online phishing theft | place=Mobile app, Karnataka, India | date_time=2023-09-03 18:21 | events=EVT000119_001;EVT000119_002 | property_involved=True | threat_involved=False | injury_involved=False | open_questions=partially_provided: ownership_information | missing: force_or_threat_used","To the concerned authority, I wish to report that on 2023-09-03 around 18:21, at Mobile app, I experienced/reported an incident described as Online phishing theft. My account is: I want to report an incident. Complainant states that on 2026-06-25 at approximately 18:21 hours, an incident of online phishing theft occurred at Mobile app. The perpetrator description matches a male individual height approx 5'8"". Property loss reported. Case registered under relevant sections. I am sharing all the details so that appropriate legal guidance can be provided. I request that the information be recorded, that appropriate lawful guidance or action be considered, and that I be told if any further documents or details are needed. This draft does not assert guilt, authenticate evidence, or state that an FIR has already been filed.","Case intake: Theft and robbery / Online phishing theft; location Mobile app, Karnataka; incident date/time 2023-09-03 18:21; danger=No; threat=False; injury=False; property=True; police_contacted=False; legal_help_requested=False; event_ids=EVT000119_001;EVT000119_002; key remaining gaps: partially_provided: ownership_information | missing: force_or_threat_used",Carry identity proof if needed; written timeline; location details; screenshots/photos/messages; receipts or documents where applicable; medical records if injury exists; property or account details if relevant; names/contact details of witnesses if safely available; copies of any prior complaint or authority response.,"Case registered under relevant sections; I can show possession through receipts, photos, or property documents",partially_provided: ownership_information | missing: force_or_threat_used,No contradiction linked in slot annotations or clarification answers.,"No immediate danger is recorded, but reassess safety before taking action. Prepare property details, location, timing, suspect description if known, and police complaint materials. Police already contacted: False. Legal help requested: False.",LP_CRIME_REPORTING_001;LP_FIR_PROCESS_001;LP_DIGITAL_EVIDENCE_001,0,False,5,4,True,team-reviewed,REV523,validation
GOUT000120_EN,SCN000120,NAR000120_EN,en,ANS001060;ANS001061;ANS001062;ANS001063;ANS001064;ANS001065;ANS001066;ANS001067;ANS001068;ANS001069;ANS001070;ANS001071,EVT000120_001;EVT000120_002,1. A property conflict classified under land encroachment was documented at the plot at 04:00. 2. I want to report an incident.,"You reported a property disputes matter about land encroachment at Plot on 2023-09-07 around 04:00. The record notes danger status as No, threat mentioned as False, injury mentioned as False, and police contact as False.","incident_family=Property Disputes | issue=Land encroachment | place=Plot, Karnataka, India | date_time=2023-09-07 04:00 | events=EVT000120_001;EVT000120_002 | property_involved=True | threat_involved=False | injury_involved=False | open_questions=partially_provided: property_type, ownership_documents | optional: opposing_party_identity | missing: current_possession","To the concerned authority, I wish to report that on 2023-09-07 around 04:00, at Plot, I experienced/reported an incident described as Land encroachment. My account is: I want to report an incident. A property conflict classified under land encroachment was documented at the plot at 04:00. The dispute involves contested boundaries and ownership titles, requiring civil or criminal mediation to preserve public order. I am sharing all the details so that appropriate legal guidance can be provided. I request that the information be recorded, that appropriate lawful guidance or action be considered, and that I be told if any further documents or details are needed. This draft does not assert guilt, authenticate evidence, or state that an FIR has already been filed.","Case intake: Property Disputes / Land encroachment; location Plot, Karnataka; incident date/time 2023-09-07 04:00; danger=No; threat=False; injury=False; property=True; police_contacted=False; legal_help_requested=True; event_ids=EVT000120_001;EVT000120_002; key remaining gaps: partially_provided: property_type, ownership_documents | optional: opposing_party_identity | missing: current_possession",Carry identity proof if needed; written timeline; location details; screenshots/photos/messages; receipts or documents where applicable; medical records if injury exists; property or account details if relevant; names/contact details of witnesses if safely available; copies of any prior complaint or authority response.,"A property conflict classified under land encroachment was documented at the plot at 04:00; I can show possession through receipts, photos, or property documents","partially_provided: property_type, ownership_documents | optional: opposing_party_identity | missing: current_possession",No contradiction linked in slot annotations or clarification answers.,"No immediate danger is recorded, but reassess safety before taking action. Collect ownership/possession documents, photos of the site, opposing-party details, and avoid confrontation. Police already contacted: False. Legal help requested: True.",LP_PROPERTY_DISPUTE_001;LP_CRIME_REPORTING_001;LP_DIGITAL_EVIDENCE_001,0,False,5,4,True,team-reviewed,REV291,Train
GOUT000121_EN,SCN000121,NAR000121_EN,en,ANS001072;ANS001073;ANS001074;ANS001075;ANS001076;ANS001077;ANS001078;ANS001079;ANS001080;ANS001081;ANS001082;ANS001083;ANS001084;ANS001085;ANS001086,EVT000121_001;EVT000121_002,"1. The confrontation quickly turned into a domestic dispute, with one individual visibly projecting physical intimidation towards the other party before crowds gathered to separate them. 2. I want to report an incident.","You reported a assault & threats matter about domestic dispute at Apartment on 2023-09-11 around 04:41. The record notes danger status as No, threat mentioned as True, injury mentioned as False, and police contact as True.","incident_family=Assault & Threats | issue=Domestic dispute | place=Apartment, Gujarat, India | date_time=2023-09-11 04:41 | events=EVT000121_001;EVT000121_002 | property_involved=True | threat_involved=True | injury_involved=False | open_questions=missing: threat_or_attack_description, injury_details | optional: alleged_offender_identity, safe_place_available, medical_help_status","To the concerned authority, I wish to report that on 2023-09-11 around 04:41, at Apartment, I experienced/reported an incident described as Domestic dispute. My account is: I want to report an incident. The bystander reported observing a heated argument developing near the apartment around 04:41. The confrontation quickly turned into a domestic dispute, with one individual visibly projecting physical intimidation towards the other party before crowds gathered to separate them. I am sharing all the details so that appropriate legal guidance can be provided. I request that the information be recorded, that appropriate lawful guidance or action be considered, and that I be told if any further documents or details are needed. This draft does not assert guilt, authenticate evidence, or state that an FIR has already been filed.","Case intake: Assault & Threats / Domestic dispute; location Apartment, Gujarat; incident date/time 2023-09-11 04:41; danger=No; threat=True; injury=False; property=True; police_contacted=True; legal_help_requested=False; event_ids=EVT000121_001;EVT000121_002; key remaining gaps: missing: threat_or_attack_description, injury_details | optional: alleged_offender_identity, safe_place_available, medical_help_status",Carry identity proof if needed; written timeline; location details; screenshots/photos/messages; receipts or documents where applicable; medical records if injury exists; property or account details if relevant; names/contact details of witnesses if safely available; copies of any prior complaint or authority response.,"No specific evidence item is confirmed; ask user to preserve screenshots, documents, photos, receipts, and messages where available.","missing: threat_or_attack_description, injury_details | optional: alleged_offender_identity, safe_place_available, medical_help_status",No contradiction linked in slot annotations or clarification answers.,"No immediate danger is recorded, but reassess safety before taking action. If threat or injury exists, seek safety and medical support; preserve messages, witness details, and complaint facts. Police already contacted: True. Legal help requested: False.",LP_CRIME_REPORTING_001;LP_EMERGENCY_HELP_001;LP_FIR_PROCESS_001,0,False,5,4,True,team-reviewed,REV158,test
GOUT000122_EN,SCN000122,NAR000122_EN,en,ANS001087;ANS001088;ANS001089;ANS001090;ANS001091;ANS001092;ANS001093;ANS001094;ANS001095;ANS001096;ANS001097;ANS001098,EVT000122_001;EVT000122_002,"1. Dear Cyber Crime Portal, I am writing to register an official cybercrime incident regarding identity theft that targets my system. 2. I want to report an incident.","You reported a cybercrime matter about identity theft at Workplace on 2023-09-11 around 03:58. The record notes danger status as No, threat mentioned as False, injury mentioned as False, and police contact as True.","incident_family=Cybercrime | issue=Identity theft | place=Workplace, Delhi, India | date_time=2023-09-11 03:58 | events=EVT000122_001;EVT000122_002 | property_involved=False | threat_involved=False | injury_involved=False | open_questions=optional: financial_loss, digital_evidence, security_steps_taken | partially_provided: ongoing_access_risk","To the concerned authority, I wish to report that on 2023-09-11 around 03:58, at Workplace, I experienced/reported an incident described as Identity theft. My account is: I want to report an incident. Dear Cyber Crime Portal, I am writing to register an official cybercrime incident regarding identity theft that targets my system. At 03:58 on 2026-06-23, illegal server access was achieved through the Workplace, leading to severe data breach and financial compromise. I am sharing all the details so that appropriate legal guidance can be provided. I request that the information be recorded, that appropriate lawful guidance or action be considered, and that I be told if any further documents or details are needed. This draft does not assert guilt, authenticate evidence, or state that an FIR has already been filed.","Case intake: Cybercrime / Identity theft; location Workplace, Delhi; incident date/time 2023-09-11 03:58; danger=No; threat=False; injury=False; property=False; police_contacted=True; legal_help_requested=True; event_ids=EVT000122_001;EVT000122_002; key remaining gaps: optional: financial_loss, digital_evidence, security_steps_taken | partially_provided: ongoing_access_risk",Carry identity proof if needed; written timeline; location details; screenshots/photos/messages; receipts or documents where applicable; medical records if injury exists; property or account details if relevant; names/contact details of witnesses if safely available; copies of any prior complaint or authority response.,"Screenshots, suspicious link, login alert, and transaction message are available","optional: financial_loss, digital_evidence, security_steps_taken | partially_provided: ongoing_access_risk",No contradiction linked in slot annotations or clarification answers.,"No immediate danger is recorded, but reassess safety before taking action. Preserve digital evidence, secure accounts, notify bank/platform if relevant, and use cyber reporting channels. Police already contacted: True. Legal help requested: True.",LP_CYBER_REPORTING_001;LP_ACCOUNT_SECURITY_001;LP_DIGITAL_EVIDENCE_001;LP_FINANCIAL_CYBER_FRAUD_001,0,False,5,4,True,team-reviewed,REV984,Train
GOUT000123_EN,SCN000123,NAR000123_EN,en,ANS001099;ANS001100;ANS001101,EVT000123_001;EVT000123_002,1. Complainant reports a structured financial offense falling under the category of loan approval scam at the online platform. 2. I want to report an incident.,"You reported a financial fraud matter about loan approval scam at Online platform on 2023-09-16 around 17:39. The record notes danger status as No, threat mentioned as False, injury mentioned as False, and police contact as False.","incident_family=Financial Fraud | issue=Loan approval scam | place=Online platform, Karnataka, India | date_time=2023-09-16 17:39 | events=EVT000123_001;EVT000123_002 | property_involved=True | threat_involved=False | injury_involved=False | open_questions=optional: institution_notified","To the concerned authority, I wish to report that on 2023-09-16 around 17:39, at Online platform, I experienced/reported an incident described as Loan approval scam. My account is: I want to report an incident. Complainant reports a structured financial offense falling under the category of loan approval scam at the online platform. The incident occurred on 2026-07-01 at approximately 17:39 hours, wherein deceptive documentation was presented to misappropriate corporate or individual monetary assets. Audit trails have been preserved. I am sharing all the details so that appropriate legal guidance can be provided. I request that the information be recorded, that appropriate lawful guidance or action be considered, and that I be told if any further documents or details are needed. This draft does not assert guilt, authenticate evidence, or state that an FIR has already been filed.","Case intake: Financial Fraud / Loan approval scam; location Online platform, Karnataka; incident date/time 2023-09-16 17:39; danger=No; threat=False; injury=False; property=True; police_contacted=False; legal_help_requested=True; event_ids=EVT000123_001;EVT000123_002; key remaining gaps: optional: institution_notified",Carry identity proof if needed; written timeline; location details; screenshots/photos/messages; receipts or documents where applicable; medical records if injury exists; property or account details if relevant; names/contact details of witnesses if safely available; copies of any prior complaint or authority response.,"The incident occurred on 2026-07-01 at approximately 17:39 hours, wherein deceptive documentation was presented to misappropriate corporate or individual monetary assets",optional: institution_notified,No contradiction linked in slot annotations or clarification answers.,"No immediate danger is recorded, but reassess safety before taking action. Notify the financial institution quickly, preserve transaction records, and consider police/cyber reporting depending on facts. Police already contacted: False. Legal help requested: True.",LP_FINANCIAL_CYBER_FRAUD_001;LP_CYBER_REPORTING_001;LP_DIGITAL_EVIDENCE_001,0,False,5,4,True,team-reviewed,REV916,test
GOUT000124_EN,SCN000124,NAR000124_EN,en,ANS001102;ANS001103;ANS001104;ANS001105;ANS001106;ANS001107,EVT000124_001;EVT000124_002,"1. So I was just standing at the road around 12:45 yesterday, checking my phone, when this guy suddenly rushed past me and grabbed my belongings out of nowhere! 2. I want to report an incident.","You reported a theft and robbery matter about chain snatching at Road on 2023-09-18 around 12:45. The record notes danger status as No, threat mentioned as True, injury mentioned as False, and police contact as False.","incident_family=Theft and robbery | issue=Chain snatching | place=Road, Tamil Nadu, India | date_time=2023-09-18 12:45 | events=EVT000124_001;EVT000124_002 | property_involved=True | threat_involved=True | injury_involved=False | open_questions=missing: ownership_information | optional: suspect_description","To the concerned authority, I wish to report that on 2023-09-18 around 12:45, at Road, I experienced/reported an incident described as Chain snatching. My account is: I want to report an incident. So I was just standing at the road around 12:45 yesterday, checking my phone, when this guy suddenly rushed past me and grabbed my belongings out of nowhere! I didn't even have time to react or see his face properly. Totally shocked. I am sharing all the details so that appropriate legal guidance can be provided. I request that the information be recorded, that appropriate lawful guidance or action be considered, and that I be told if any further documents or details are needed. This draft does not assert guilt, authenticate evidence, or state that an FIR has already been filed.","Case intake: Theft and robbery / Chain snatching; location Road, Tamil Nadu; incident date/time 2023-09-18 12:45; danger=No; threat=True; injury=False; property=True; police_contacted=False; legal_help_requested=False; event_ids=EVT000124_001;EVT000124_002; key remaining gaps: missing: ownership_information | optional: suspect_description",Carry identity proof if needed; written timeline; location details; screenshots/photos/messages; receipts or documents where applicable; medical records if injury exists; property or account details if relevant; names/contact details of witnesses if safely available; copies of any prior complaint or authority response.,"I can show possession through receipts, photos, or property documents",missing: ownership_information | optional: suspect_description,No contradiction linked in slot annotations or clarification answers.,"No immediate danger is recorded, but reassess safety before taking action. Prepare property details, location, timing, suspect description if known, and police complaint materials. Police already contacted: False. Legal help requested: False.",LP_CRIME_REPORTING_001;LP_FIR_PROCESS_001;LP_DIGITAL_EVIDENCE_001,0,False,5,4,True,team-reviewed,REV148,test
GOUT000125_EN,SCN000125,NAR000125_EN,en,ANS001108;ANS001109;ANS001110;ANS001111;ANS001112;ANS001113;ANS001114;ANS001115;ANS001116,EVT000125_001;EVT000125_002,1. An incident of phishing scam compromised security systems across the specified Online platform at 06:42. 2. I want to report an incident.,"You reported a cybercrime matter about phishing scam at Online platform on 2023-09-19 around 06:42. The record notes danger status as No, threat mentioned as True, injury mentioned as False, and police contact as True.","incident_family=Cybercrime | issue=Phishing scam | place=Online platform, Tamil Nadu, India | date_time=2023-09-19 06:42 | events=EVT000125_001;EVT000125_002 | property_involved=True | threat_involved=True | injury_involved=False | open_questions=optional: digital_evidence, security_steps_taken | partially_provided: ongoing_access_risk","To the concerned authority, I wish to report that on 2023-09-19 around 06:42, at Online platform, I experienced/reported an incident described as Phishing scam. My account is: I want to report an incident. An incident of phishing scam compromised security systems across the specified Online platform at 06:42. Electronic credentials were manipulated remotely by unknown malicious actors, triggering secondary security protocols. I am sharing all the details so that appropriate legal guidance can be provided. I request that the information be recorded, that appropriate lawful guidance or action be considered, and that I be told if any further documents or details are needed. This draft does not assert guilt, authenticate evidence, or state that an FIR has already been filed.","Case intake: Cybercrime / Phishing scam; location Online platform, Tamil Nadu; incident date/time 2023-09-19 06:42; danger=No; threat=True; injury=False; property=True; police_contacted=True; legal_help_requested=True; event_ids=EVT000125_001;EVT000125_002; key remaining gaps: optional: digital_evidence, security_steps_taken | partially_provided: ongoing_access_risk",Carry identity proof if needed; written timeline; location details; screenshots/photos/messages; receipts or documents where applicable; medical records if injury exists; property or account details if relevant; names/contact details of witnesses if safely available; copies of any prior complaint or authority response.,"Screenshots, suspicious link, login alert, and transaction message are available","optional: digital_evidence, security_steps_taken | partially_provided: ongoing_access_risk",No contradiction linked in slot annotations or clarification answers.,"No immediate danger is recorded, but reassess safety before taking action. Preserve digital evidence, secure accounts, notify bank/platform if relevant, and use cyber reporting channels. Police already contacted: True. Legal help requested: True.",LP_CYBER_REPORTING_001;LP_ACCOUNT_SECURITY_001;LP_DIGITAL_EVIDENCE_001;LP_FINANCIAL_CYBER_FRAUD_001,0,False,5,4,True,team-reviewed,REV468,test
GOUT000126_EN,SCN000126,NAR000126_EN,en,ANS001117;ANS001118;ANS001119;ANS001120;ANS001121;ANS001122;ANS001123;ANS001124;ANS001125,EVT000126_001;EVT000126_002,"1. Dear Cyber Crime Portal, I am writing to register an official cybercrime incident regarding ransomware attack that targets my system. 2. I want to report an incident.","You reported a cybercrime matter about ransomware attack at Online platform on 2023-09-21 around 04:18. The record notes danger status as No, threat mentioned as True, injury mentioned as False, and police contact as False.","incident_family=Cybercrime | issue=Ransomware attack | place=Online platform, Maharashtra, India | date_time=2023-09-21 04:18 | events=EVT000126_001;EVT000126_002 | property_involved=True | threat_involved=True | injury_involved=False | open_questions=optional: digital_evidence, security_steps_taken | partially_provided: ongoing_access_risk","To the concerned authority, I wish to report that on 2023-09-21 around 04:18, at Online platform, I experienced/reported an incident described as Ransomware attack. My account is: I want to report an incident. Dear Cyber Crime Portal, I am writing to register an official cybercrime incident regarding ransomware attack that targets my system. At 04:18 on 2026-07-15, illegal server access was achieved through the Online platform, leading to severe data breach and financial compromise. I am sharing all the details so that appropriate legal guidance can be provided. I request that the information be recorded, that appropriate lawful guidance or action be considered, and that I be told if any further documents or details are needed. This draft does not assert guilt, authenticate evidence, or state that an FIR has already been filed.","Case intake: Cybercrime / Ransomware attack; location Online platform, Maharashtra; incident date/time 2023-09-21 04:18; danger=No; threat=True; injury=False; property=True; police_contacted=False; legal_help_requested=True; event_ids=EVT000126_001;EVT000126_002; key remaining gaps: optional: digital_evidence, security_steps_taken | partially_provided: ongoing_access_risk",Carry identity proof if needed; written timeline; location details; screenshots/photos/messages; receipts or documents where applicable; medical records if injury exists; property or account details if relevant; names/contact details of witnesses if safely available; copies of any prior complaint or authority response.,"Screenshots, suspicious link, login alert, and transaction message are available","optional: digital_evidence, security_steps_taken | partially_provided: ongoing_access_risk",No contradiction linked in slot annotations or clarification answers.,"No immediate danger is recorded, but reassess safety before taking action. Preserve digital evidence, secure accounts, notify bank/platform if relevant, and use cyber reporting channels. Police already contacted: False. Legal help requested: True.",LP_CYBER_REPORTING_001;LP_ACCOUNT_SECURITY_001;LP_DIGITAL_EVIDENCE_001;LP_FINANCIAL_CYBER_FRAUD_001,0,False,5,4,True,team-reviewed,REV309,validation
GOUT000127_EN,SCN000127,NAR000127_EN,en,ANS001126;ANS001127;ANS001128;ANS001129;ANS001130;ANS001131,EVT000127_001;EVT000127_002,1. A vehicular incident involving hit and run collision occurred on the local highway at 12:29. 2. The collision or blockage led to structural vehicular property damage and caused a severe traffic bottleneck requiring immediate clearing.,"You reported a traffic & road incidents matter about hit and run collision at Highway on 2023-09-26 around 12:29. The record notes danger status as Yes, threat mentioned as False, injury mentioned as True, and police contact as False.","incident_family=Traffic & Road Incidents | issue=Hit and run collision | place=Highway, West Bengal, India | date_time=2023-09-26 12:29 | events=EVT000127_001;EVT000127_002 | property_involved=True | threat_involved=False | injury_involved=True | open_questions=partially_provided: vehicle_details | optional: offending_vehicle_left","To the concerned authority, I wish to report that on 2023-09-26 around 12:29, at Highway, I experienced/reported an incident described as Hit and run collision. My account is: I want to report an incident. A vehicular incident involving hit and run collision occurred on the local highway at 12:29. The collision or blockage led to structural vehicular property damage and caused a severe traffic bottleneck requiring immediate clearing. I am sharing all the details so that appropriate legal guidance can be provided. I request that the information be recorded, that appropriate lawful guidance or action be considered, and that I be told if any further documents or details are needed. This draft does not assert guilt, authenticate evidence, or state that an FIR has already been filed.","Case intake: Traffic & Road Incidents / Hit and run collision; location Highway, West Bengal; incident date/time 2023-09-26 12:29; danger=Yes; threat=False; injury=True; property=True; police_contacted=False; legal_help_requested=False; event_ids=EVT000127_001;EVT000127_002; key remaining gaps: partially_provided: vehicle_details | optional: offending_vehicle_left",Carry identity proof if needed; written timeline; location details; screenshots/photos/messages; receipts or documents where applicable; medical records if injury exists; property or account details if relevant; names/contact details of witnesses if safely available; copies of any prior complaint or authority response.,"No specific evidence item is confirmed; ask user to preserve screenshots, documents, photos, receipts, and messages where available.",partially_provided: vehicle_details | optional: offending_vehicle_left,No contradiction linked in slot annotations or clarification answers.,"Prioritise immediate safety and emergency assistance before document preparation. Record vehicle details, photos, injury and damage information, witnesses, and insurance/police documents. Police already contacted: False. Legal help requested: False.",LP_TRAFFIC_ACCIDENT_001;LP_HIT_AND_RUN_001;LP_MOTOR_CLAIM_001,0,False,5,4,True,team-reviewed,REV413,validation
GOUT000128_EN,SCN000128,NAR000128_EN,en,ANS001132;ANS001133;ANS001134;ANS001135;ANS001136;ANS001137;ANS001138;ANS001139;ANS001140;ANS001141;ANS001142;ANS001143;ANS001144;ANS001145;ANS001146,EVT000128_001;EVT000128_002,"1. So I was waiting at the hostel around 20:42 today for my scheduled meeting, when my ex turned up and started an absolute argument over our guardianship dispute. 2. I want to report an incident.","You reported a family law matter about guardianship dispute at Hostel on 2023-09-28 around 20:42. The record notes danger status as No, threat mentioned as False, injury mentioned as False, and police contact as False.","incident_family=Family Law | issue=Guardianship dispute | place=Hostel, West Bengal, India | date_time=2023-09-28 20:42 | events=EVT000128_001;EVT000128_002 | property_involved=False | threat_involved=False | injury_involved=False | open_questions=optional: case_or_order_status, financial_support_issue, urgent_motion_needed, supporting_documents | missing: violence_or_safety_concern","To the concerned authority, I wish to report that on 2023-09-28 around 20:42, at Hostel, I experienced/reported an incident described as Guardianship dispute. My account is: I want to report an incident. So I was waiting at the hostel around 20:42 today for my scheduled meeting, when my ex turned up and started an absolute argument over our guardianship dispute. They completely refused to abide by what the court originally decided. I'm just so drained by this ongoing legal battle. I am sharing all the details so that appropriate legal guidance can be provided. I request that the information be recorded, that appropriate lawful guidance or action be considered, and that I be told if any further documents or details are needed. This draft does not assert guilt, authenticate evidence, or state that an FIR has already been filed.","Case intake: Family Law / Guardianship dispute; location Hostel, West Bengal; incident date/time 2023-09-28 20:42; danger=No; threat=False; injury=False; property=False; police_contacted=False; legal_help_requested=True; event_ids=EVT000128_001;EVT000128_002; key remaining gaps: optional: case_or_order_status, financial_support_issue, urgent_motion_needed, supporting_documents | missing: violence_or_safety_concern",Carry identity proof if needed; written timeline; location details; screenshots/photos/messages; receipts or documents where applicable; medical records if injury exists; property or account details if relevant; names/contact details of witnesses if safely available; copies of any prior complaint or authority response.,"I can provide more details, but I need to check the exact information","optional: case_or_order_status, financial_support_issue, urgent_motion_needed, supporting_documents | missing: violence_or_safety_concern",No contradiction linked in slot annotations or clarification answers.,"No immediate danger is recorded, but reassess safety before taking action. Collect existing orders, communication records, child/dependent details, and consider family-court or legal-aid consultation. Police already contacted: False. Legal help requested: True.",LP_FAMILY_COURT_001;LP_CHILD_CUSTODY_001;LP_LEGAL_AID_001,0,False,5,4,True,team-reviewed,REV747,test
GOUT000129_EN,SCN000129,NAR000129_EN,en,ANS001147;ANS001148;ANS001149;ANS001150;ANS001151;ANS001152,EVT000129_001;EVT000129_002,1. A vehicular incident involving traffic signal violation dispute occurred on the local road at 12:43. 2. The collision or blockage led to structural vehicular property damage and caused a severe traffic bottleneck requiring immediate clearing.,"You reported a traffic & road incidents matter about traffic signal violation dispute at Road on 2023-09-28 around 12:43. The record notes danger status as No, threat mentioned as False, injury mentioned as False, and police contact as True.","incident_family=Traffic & Road Incidents | issue=Traffic signal violation dispute | place=Road, Delhi, India | date_time=2023-09-28 12:43 | events=EVT000129_001;EVT000129_002 | property_involved=False | threat_involved=False | injury_involved=False | open_questions=missing: injury_details | optional: offending_vehicle_left","To the concerned authority, I wish to report that on 2023-09-28 around 12:43, at Road, I experienced/reported an incident described as Traffic signal violation dispute. My account is: I want to report an incident. A vehicular incident involving traffic signal violation dispute occurred on the local road at 12:43. The collision or blockage led to structural vehicular property damage and caused a severe traffic bottleneck requiring immediate clearing. I am sharing all the details so that appropriate legal guidance can be provided. I request that the information be recorded, that appropriate lawful guidance or action be considered, and that I be told if any further documents or details are needed. This draft does not assert guilt, authenticate evidence, or state that an FIR has already been filed.","Case intake: Traffic & Road Incidents / Traffic signal violation dispute; location Road, Delhi; incident date/time 2023-09-28 12:43; danger=No; threat=False; injury=False; property=False; police_contacted=True; legal_help_requested=True; event_ids=EVT000129_001;EVT000129_002; key remaining gaps: missing: injury_details | optional: offending_vehicle_left",Carry identity proof if needed; written timeline; location details; screenshots/photos/messages; receipts or documents where applicable; medical records if injury exists; property or account details if relevant; names/contact details of witnesses if safely available; copies of any prior complaint or authority response.,"No specific evidence item is confirmed; ask user to preserve screenshots, documents, photos, receipts, and messages where available.",missing: injury_details | optional: offending_vehicle_left,No contradiction linked in slot annotations or clarification answers.,"No immediate danger is recorded, but reassess safety before taking action. Record vehicle details, photos, injury and damage information, witnesses, and insurance/police documents. Police already contacted: True. Legal help requested: True.",LP_TRAFFIC_ACCIDENT_001;LP_HIT_AND_RUN_001;LP_MOTOR_CLAIM_001,0,False,5,4,True,team-reviewed,REV353,validation
GOUT000130_EN,SCN000130,NAR000130_EN,en,ANS001153;ANS001154;ANS001155;ANS001156;ANS001157;ANS001158;ANS001159;ANS001160;ANS001161,EVT000130_001;EVT000130_002,1. A property conflict classified under tenant-landlord conflict was documented at the apartment at 16:07. 2. I want to report an incident.,"You reported a property disputes matter about tenant-landlord conflict at Apartment on 2023-09-30 around 16:07. The record notes danger status as No, threat mentioned as True, injury mentioned as False, and police contact as True.","incident_family=Property Disputes | issue=Tenant-landlord conflict | place=Apartment, Telangana, India | date_time=2023-09-30 16:07 | events=EVT000130_001;EVT000130_002 | property_involved=True | threat_involved=True | injury_involved=False | open_questions=partially_provided: property_type, ownership_documents, current_possession","To the concerned authority, I wish to report that on 2023-09-30 around 16:07, at Apartment, I experienced/reported an incident described as Tenant-landlord conflict. My account is: I want to report an incident. A property conflict classified under tenant-landlord conflict was documented at the apartment at 16:07. The dispute involves contested boundaries and ownership titles, requiring civil or criminal mediation to preserve public order. I am sharing all the details so that appropriate legal guidance can be provided. I request that the information be recorded, that appropriate lawful guidance or action be considered, and that I be told if any further documents or details are needed. This draft does not assert guilt, authenticate evidence, or state that an FIR has already been filed.","Case intake: Property Disputes / Tenant-landlord conflict; location Apartment, Telangana; incident date/time 2023-09-30 16:07; danger=No; threat=True; injury=False; property=True; police_contacted=True; legal_help_requested=True; event_ids=EVT000130_001;EVT000130_002; key remaining gaps: partially_provided: property_type, ownership_documents, current_possession",Carry identity proof if needed; written timeline; location details; screenshots/photos/messages; receipts or documents where applicable; medical records if injury exists; property or account details if relevant; names/contact details of witnesses if safely available; copies of any prior complaint or authority response.,"A property conflict classified under tenant-landlord conflict was documented at the apartment at 16:07; I can show possession through receipts, photos, or property documents","partially_provided: property_type, ownership_documents, current_possession",No contradiction linked in slot annotations or clarification answers.,"No immediate danger is recorded, but reassess safety before taking action. Collect ownership/possession documents, photos of the site, opposing-party details, and avoid confrontation. Police already contacted: True. Legal help requested: True.",LP_PROPERTY_DISPUTE_001;LP_CRIME_REPORTING_001;LP_DIGITAL_EVIDENCE_001,0,False,5,4,True,team-reviewed,REV933,test
GOUT000131_EN,SCN000131,NAR000131_EN,en,ANS001162;ANS001163;ANS001164;ANS001165;ANS001166;ANS001167,EVT000131_001;EVT000131_002,1. just experienced a massive expired or contaminated goods sale around 07:25 today. 2. I want to report an incident.,"You reported a consumer disputes matter about expired or contaminated goods sale at Kirana store on 2023-10-01 around 07:25. The record notes danger status as No, threat mentioned as False, injury mentioned as True, and police contact as True.","incident_family=Consumer Disputes | issue=Expired or contaminated goods sale | place=Kirana store, Gujarat, India | date_time=2023-10-01 07:25 | events=EVT000131_001;EVT000131_002 | property_involved=True | threat_involved=False | injury_involved=True | open_questions=partially_provided: product_or_service | optional: evidence_available","To the concerned authority, I wish to report that on 2023-10-01 around 07:25, at Kirana store, I experienced/reported an incident described as Expired or contaminated goods sale. My account is: I want to report an incident. guys heads up do NOT buy anything from that Kirana store!! just experienced a massive expired or contaminated goods sale around 07:25 today. they completely cheated me on the transaction and refused a refund. super sketchy service watch out I am sharing all the details so that appropriate legal guidance can be provided. I request that the information be recorded, that appropriate lawful guidance or action be considered, and that I be told if any further documents or details are needed. This draft does not assert guilt, authenticate evidence, or state that an FIR has already been filed.","Case intake: Consumer Disputes / Expired or contaminated goods sale; location Kirana store, Gujarat; incident date/time 2023-10-01 07:25; danger=No; threat=False; injury=True; property=True; police_contacted=True; legal_help_requested=True; event_ids=EVT000131_001;EVT000131_002; key remaining gaps: partially_provided: product_or_service | optional: evidence_available",Carry identity proof if needed; written timeline; location details; screenshots/photos/messages; receipts or documents where applicable; medical records if injury exists; property or account details if relevant; names/contact details of witnesses if safely available; copies of any prior complaint or authority response.,they completely cheated me on the transaction and refused a refund; I have the payment screenshot and chat with the seller,partially_provided: product_or_service | optional: evidence_available,No contradiction linked in slot annotations or clarification answers.,"No immediate danger is recorded, but reassess safety before taking action. Prepare payment proof, seller communication, product/service details, and consider consumer grievance or platform escalation. Police already contacted: True. Legal help requested: True.",LP_CONSUMER_COMPLAINT_001;LP_REFUND_RIGHTS_001;LP_ECOMMERCE_001,0,False,5,4,True,team-reviewed,REV152,Train
GOUT000132_EN,SCN000132,NAR000132_EN,en,ANS001168;ANS001169;ANS001170;ANS001171;ANS001172;ANS001173;ANS001174;ANS001175;ANS001176;ANS001177;ANS001178;ANS001179;ANS001180;ANS001181;ANS001182,EVT000132_001;EVT000132_002,"1. Dear Traffic Police Commissioner, I am writing to formally report an escalating safety issue, specifically a recent reckless driving confrontation that occurred at the Highway. 2. I want to report an incident.","You reported a traffic & road incidents matter about reckless driving confrontation at Highway on 2023-10-04 around 09:15. The record notes danger status as No, threat mentioned as False, injury mentioned as False, and police contact as True.","incident_family=Traffic & Road Incidents | issue=Reckless driving confrontation | place=Highway, Delhi, India | date_time=2023-10-04 09:15 | events=EVT000132_001;EVT000132_002 | property_involved=True | threat_involved=False | injury_involved=False | open_questions=partially_provided: vehicle_details | missing: injury_details, property_damage | optional: offending_vehicle_left, traffic_obstruction","To the concerned authority, I wish to report that on 2023-10-04 around 09:15, at Highway, I experienced/reported an incident described as Reckless driving confrontation. My account is: I want to report an incident. Dear Traffic Police Commissioner, I am writing to formally report an escalating safety issue, specifically a recent reckless driving confrontation that occurred at the Highway. The incident took place on 2026-07-14 at 09:15 hours, creating significant hazards for other motorists. I am sharing all the details so that appropriate legal guidance can be provided. I request that the information be recorded, that appropriate lawful guidance or action be considered, and that I be told if any further documents or details are needed. This draft does not assert guilt, authenticate evidence, or state that an FIR has already been filed.","Case intake: Traffic & Road Incidents / Reckless driving confrontation; location Highway, Delhi; incident date/time 2023-10-04 09:15; danger=No; threat=False; injury=False; property=True; police_contacted=True; legal_help_requested=False; event_ids=EVT000132_001;EVT000132_002; key remaining gaps: partially_provided: vehicle_details | missing: injury_details, property_damage | optional: offending_vehicle_left, traffic_obstruction",Carry identity proof if needed; written timeline; location details; screenshots/photos/messages; receipts or documents where applicable; medical records if injury exists; property or account details if relevant; names/contact details of witnesses if safely available; copies of any prior complaint or authority response.,"No specific evidence item is confirmed; ask user to preserve screenshots, documents, photos, receipts, and messages where available.","partially_provided: vehicle_details | missing: injury_details, property_damage | optional: offending_vehicle_left, traffic_obstruction",No contradiction linked in slot annotations or clarification answers.,"No immediate danger is recorded, but reassess safety before taking action. Record vehicle details, photos, injury and damage information, witnesses, and insurance/police documents. Police already contacted: True. Legal help requested: False.",LP_TRAFFIC_ACCIDENT_001;LP_HIT_AND_RUN_001;LP_MOTOR_CLAIM_001,0,False,5,4,True,team-reviewed,REV103,Train
GOUT000133_EN,SCN000133,NAR000133_EN,en,ANS001183;ANS001184;ANS001185;ANS001186;ANS001187;ANS001188;ANS001189;ANS001190;ANS001191;ANS001192;ANS001193;ANS001194,EVT000133_001;EVT000133_002,1. I realized it was a total ransomware attack when my savings started moving out. 2. I want to report an incident.,"You reported a cybercrime matter about ransomware attack at Shop on 2023-10-06 around 16:54. The record notes danger status as No, threat mentioned as True, injury mentioned as False, and police contact as True.","incident_family=Cybercrime | issue=Ransomware attack | place=Shop, Delhi, India | date_time=2023-10-06 16:54 | events=EVT000133_001;EVT000133_002 | property_involved=True | threat_involved=True | injury_involved=False | open_questions=optional: digital_evidence, suspect_or_sender_identity, security_steps_taken | partially_provided: ongoing_access_risk","To the concerned authority, I wish to report that on 2023-10-06 around 16:54, at Shop, I experienced/reported an incident described as Ransomware attack. My account is: I want to report an incident. So I clicked this link thinking it was an official notification around 16:54 yesterday, and suddenly I was locked out of my account. I realized it was a total ransomware attack when my savings started moving out. I'm completely panicking right now. I am sharing all the details so that appropriate legal guidance can be provided. I request that the information be recorded, that appropriate lawful guidance or action be considered, and that I be told if any further documents or details are needed. This draft does not assert guilt, authenticate evidence, or state that an FIR has already been filed.","Case intake: Cybercrime / Ransomware attack; location Shop, Delhi; incident date/time 2023-10-06 16:54; danger=No; threat=True; injury=False; property=True; police_contacted=True; legal_help_requested=False; event_ids=EVT000133_001;EVT000133_002; key remaining gaps: optional: digital_evidence, suspect_or_sender_identity, security_steps_taken | partially_provided: ongoing_access_risk",Carry identity proof if needed; written timeline; location details; screenshots/photos/messages; receipts or documents where applicable; medical records if injury exists; property or account details if relevant; names/contact details of witnesses if safely available; copies of any prior complaint or authority response.,"Screenshots, suspicious link, login alert, and transaction message are available","optional: digital_evidence, suspect_or_sender_identity, security_steps_taken | partially_provided: ongoing_access_risk",No contradiction linked in slot annotations or clarification answers.,"No immediate danger is recorded, but reassess safety before taking action. Preserve digital evidence, secure accounts, notify bank/platform if relevant, and use cyber reporting channels. Police already contacted: True. Legal help requested: False.",LP_CYBER_REPORTING_001;LP_ACCOUNT_SECURITY_001;LP_DIGITAL_EVIDENCE_001;LP_FINANCIAL_CYBER_FRAUD_001,0,False,5,4,True,team-reviewed,REV477,validation
GOUT000134_EN,SCN000134,NAR000134_EN,en,ANS001195;ANS001196;ANS001197;ANS001198;ANS001199;ANS001200;ANS001201;ANS001202;ANS001203,EVT000134_001;EVT000134_002,1. An incident of phishing scam compromised security systems across the specified Online platform at 23:11. 2. I want to report an incident.,"You reported a cybercrime matter about phishing scam at Online platform on 2023-10-07 around 23:11. The record notes danger status as No, threat mentioned as True, injury mentioned as False, and police contact as True.","incident_family=Cybercrime | issue=Phishing scam | place=Online platform, Tamil Nadu, India | date_time=2023-10-07 23:11 | events=EVT000134_001;EVT000134_002 | property_involved=True | threat_involved=True | injury_involved=False | open_questions=optional: digital_evidence, security_steps_taken | partially_provided: ongoing_access_risk","To the concerned authority, I wish to report that on 2023-10-07 around 23:11, at Online platform, I experienced/reported an incident described as Phishing scam. My account is: I want to report an incident. An incident of phishing scam compromised security systems across the specified Online platform at 23:11. Electronic credentials were manipulated remotely by unknown malicious actors, triggering secondary security protocols. I am sharing all the details so that appropriate legal guidance can be provided. I request that the information be recorded, that appropriate lawful guidance or action be considered, and that I be told if any further documents or details are needed. This draft does not assert guilt, authenticate evidence, or state that an FIR has already been filed.","Case intake: Cybercrime / Phishing scam; location Online platform, Tamil Nadu; incident date/time 2023-10-07 23:11; danger=No; threat=True; injury=False; property=True; police_contacted=True; legal_help_requested=True; event_ids=EVT000134_001;EVT000134_002; key remaining gaps: optional: digital_evidence, security_steps_taken | partially_provided: ongoing_access_risk",Carry identity proof if needed; written timeline; location details; screenshots/photos/messages; receipts or documents where applicable; medical records if injury exists; property or account details if relevant; names/contact details of witnesses if safely available; copies of any prior complaint or authority response.,"Screenshots, suspicious link, login alert, and transaction message are available","optional: digital_evidence, security_steps_taken | partially_provided: ongoing_access_risk",No contradiction linked in slot annotations or clarification answers.,"No immediate danger is recorded, but reassess safety before taking action. Preserve digital evidence, secure accounts, notify bank/platform if relevant, and use cyber reporting channels. Police already contacted: True. Legal help requested: True.",LP_CYBER_REPORTING_001;LP_ACCOUNT_SECURITY_001;LP_DIGITAL_EVIDENCE_001;LP_FINANCIAL_CYBER_FRAUD_001,0,False,5,4,True,team-reviewed,REV908,Train
GOUT000135_EN,SCN000135,NAR000135_EN,en,ANS001204;ANS001205;ANS001206;ANS001207;ANS001208;ANS001209;ANS001210;ANS001211;ANS001212;ANS001213;ANS001214;ANS001215,EVT000135_001;EVT000135_002,"1. Dear Revenue Officer / Police Commissioner, I am writing to register an urgent complaint regarding a critical instance of land encroachment affecting my House. 2. I want to report an incident.","You reported a property disputes matter about land encroachment at House on 2023-10-09 around 13:49. The record notes danger status as No, threat mentioned as True, injury mentioned as False, and police contact as False.","incident_family=Property Disputes | issue=Land encroachment | place=House, Telangana, India | date_time=2023-10-09 13:49 | events=EVT000135_001;EVT000135_002 | property_involved=True | threat_involved=True | injury_involved=False | open_questions=partially_provided: property_type | missing: ownership_documents, current_possession | optional: opposing_party_identity","To the concerned authority, I wish to report that on 2023-10-09 around 13:49, at House, I experienced/reported an incident described as Land encroachment. My account is: I want to report an incident. Dear Revenue Officer / Police Commissioner, I am writing to register an urgent complaint regarding a critical instance of land encroachment affecting my House. The unlawful activity intensified on 2026-06-30 at 13:49 hours, causing direct infringement on my registered property rights. I am sharing all the details so that appropriate legal guidance can be provided. I request that the information be recorded, that appropriate lawful guidance or action be considered, and that I be told if any further documents or details are needed. This draft does not assert guilt, authenticate evidence, or state that an FIR has already been filed.","Case intake: Property Disputes / Land encroachment; location House, Telangana; incident date/time 2023-10-09 13:49; danger=No; threat=True; injury=False; property=True; police_contacted=False; legal_help_requested=True; event_ids=EVT000135_001;EVT000135_002; key remaining gaps: partially_provided: property_type | missing: ownership_documents, current_possession | optional: opposing_party_identity",Carry identity proof if needed; written timeline; location details; screenshots/photos/messages; receipts or documents where applicable; medical records if injury exists; property or account details if relevant; names/contact details of witnesses if safely available; copies of any prior complaint or authority response.,"I can show possession through receipts, photos, or property documents","partially_provided: property_type | missing: ownership_documents, current_possession | optional: opposing_party_identity",No contradiction linked in slot annotations or clarification answers.,"No immediate danger is recorded, but reassess safety before taking action. Collect ownership/possession documents, photos of the site, opposing-party details, and avoid confrontation. Police already contacted: False. Legal help requested: True.",LP_PROPERTY_DISPUTE_001;LP_CRIME_REPORTING_001;LP_DIGITAL_EVIDENCE_001,0,False,5,4,True,team-reviewed,REV173,Train
GOUT000136_EN,SCN000136,NAR000136_EN,en,ANS001216;ANS001217;ANS001218;ANS001219;ANS001220;ANS001221,EVT000136_001;EVT000136_002,"1. On the date of 2026-07-02, an advanced threat actor initiated an exploit categorized under online banking fraud targeting remote infrastructures at approximately 15:42. 2. I want to report an incident.","You reported a cybercrime matter about online banking fraud at Online platform on 2023-10-11 around 15:42. The record notes danger status as No, threat mentioned as True, injury mentioned as False, and police contact as True.","incident_family=Cybercrime | issue=Online banking fraud | place=Online platform, Gujarat, India | date_time=2023-10-11 15:42 | events=EVT000136_001;EVT000136_002 | property_involved=True | threat_involved=True | injury_involved=False | open_questions=optional: digital_evidence | partially_provided: ongoing_access_risk","To the concerned authority, I wish to report that on 2023-10-11 around 15:42, at Online platform, I experienced/reported an incident described as Online banking fraud. My account is: I want to report an incident. On the date of 2026-07-02, an advanced threat actor initiated an exploit categorized under online banking fraud targeting remote infrastructures at approximately 15:42. The intrusion vectors reveal highly organized techniques using social engineering methods or brute-force automation to penetrate authorization systems on the Online platform. Immediate isolation of the network endpoints was executed to limit exposure within the regional jurisdiction. I am sharing all the details so that appropriate legal guidance can be provided. I request that the information be recorded, that appropriate lawful guidance or action be considered, and that I be told if any further documents or details are needed. This draft does not assert guilt, authenticate evidence, or state that an FIR has already been filed.","Case intake: Cybercrime / Online banking fraud; location Online platform, Gujarat; incident date/time 2023-10-11 15:42; danger=No; threat=True; injury=False; property=True; police_contacted=True; legal_help_requested=False; event_ids=EVT000136_001;EVT000136_002; key remaining gaps: optional: digital_evidence | partially_provided: ongoing_access_risk",Carry identity proof if needed; written timeline; location details; screenshots/photos/messages; receipts or documents where applicable; medical records if injury exists; property or account details if relevant; names/contact details of witnesses if safely available; copies of any prior complaint or authority response.,"Screenshots, suspicious link, login alert, and transaction message are available",optional: digital_evidence | partially_provided: ongoing_access_risk,No contradiction linked in slot annotations or clarification answers.,"No immediate danger is recorded, but reassess safety before taking action. Preserve digital evidence, secure accounts, notify bank/platform if relevant, and use cyber reporting channels. Police already contacted: True. Legal help requested: False.",LP_CYBER_REPORTING_001;LP_ACCOUNT_SECURITY_001;LP_DIGITAL_EVIDENCE_001;LP_FINANCIAL_CYBER_FRAUD_001,0,False,5,4,True,team-reviewed,REV117,test
GOUT000137_EN,SCN000137,NAR000137_EN,en,ANS001222;ANS001223;ANS001224;ANS001225;ANS001226;ANS001227,EVT000137_001;EVT000137_002,"1. So I went to this online platform around 09:47 and explicitly paid for premium service, but I faced absolute refusal of service refund instead. 2. I want to report an incident.","You reported a consumer disputes matter about refusal of service refund at Online platform on 2023-10-12 around 09:47. The record notes danger status as No, threat mentioned as False, injury mentioned as False, and police contact as True.","incident_family=Consumer Disputes | issue=Refusal of service refund | place=Online platform, West Bengal, India | date_time=2023-10-12 09:47 | events=EVT000137_001;EVT000137_002 | property_involved=True | threat_involved=False | injury_involved=False | open_questions=partially_provided: product_or_service | optional: evidence_available","To the concerned authority, I wish to report that on 2023-10-12 around 09:47, at Online platform, I experienced/reported an incident described as Refusal of service refund. My account is: I want to report an incident. So I went to this online platform around 09:47 and explicitly paid for premium service, but I faced absolute refusal of service refund instead. When I asked the manager to fix it or give my money back, they were super rude and completely brushed me off. Never buying from here again. I am sharing all the details so that appropriate legal guidance can be provided. I request that the information be recorded, that appropriate lawful guidance or action be considered, and that I be told if any further documents or details are needed. This draft does not assert guilt, authenticate evidence, or state that an FIR has already been filed.","Case intake: Consumer Disputes / Refusal of service refund; location Online platform, West Bengal; incident date/time 2023-10-12 09:47; danger=No; threat=False; injury=False; property=True; police_contacted=True; legal_help_requested=True; event_ids=EVT000137_001;EVT000137_002; key remaining gaps: partially_provided: product_or_service | optional: evidence_available",Carry identity proof if needed; written timeline; location details; screenshots/photos/messages; receipts or documents where applicable; medical records if injury exists; property or account details if relevant; names/contact details of witnesses if safely available; copies of any prior complaint or authority response.,"So I went to this online platform around 09:47 and explicitly paid for premium service, but I faced absolute refusal of service refund instead; I have the payment screenshot and chat with the seller",partially_provided: product_or_service | optional: evidence_available,No contradiction linked in slot annotations or clarification answers.,"No immediate danger is recorded, but reassess safety before taking action. Prepare payment proof, seller communication, product/service details, and consider consumer grievance or platform escalation. Police already contacted: True. Legal help requested: True.",LP_CONSUMER_COMPLAINT_001;LP_REFUND_RIGHTS_001;LP_ECOMMERCE_001,0,False,5,4,True,team-reviewed,REV365,Train
GOUT000138_EN,SCN000138,NAR000138_EN,en,ANS001228;ANS001229;ANS001230;ANS001231;ANS001232;ANS001233;ANS001234;ANS001235;ANS001236,EVT000138_001;EVT000138_002,"1. Dear Consumer Forum Support, I am writing to formally register a merchant complaint regarding a severe instance of false advertising and misrepresentation that occurred at Shop on 2026-06-22 at 18:56 hours. 2. I want to report an incident.","You reported a consumer disputes matter about false advertising and misrepresentation at Shop on 2023-10-17 around 18:56. The record notes danger status as No, threat mentioned as False, injury mentioned as False, and police contact as True.","incident_family=Consumer Disputes | issue=False advertising and misrepresentation | place=Shop, Karnataka, India | date_time=2023-10-17 18:56 | events=EVT000138_001;EVT000138_002 | property_involved=True | threat_involved=False | injury_involved=False | open_questions=partially_provided: product_or_service | missing: payment_information | optional: evidence_available","To the concerned authority, I wish to report that on 2023-10-17 around 18:56, at Shop, I experienced/reported an incident described as False advertising and misrepresentation. My account is: I want to report an incident. Dear Consumer Forum Support, I am writing to formally register a merchant complaint regarding a severe instance of false advertising and misrepresentation that occurred at Shop on 2026-06-22 at 18:56 hours. Despite multiple amicable requests, the management refused to honor the standard consumer guarantees. I am sharing all the details so that appropriate legal guidance can be provided. I request that the information be recorded, that appropriate lawful guidance or action be considered, and that I be told if any further documents or details are needed. This draft does not assert guilt, authenticate evidence, or state that an FIR has already been filed.","Case intake: Consumer Disputes / False advertising and misrepresentation; location Shop, Karnataka; incident date/time 2023-10-17 18:56; danger=No; threat=False; injury=False; property=True; police_contacted=True; legal_help_requested=True; event_ids=EVT000138_001;EVT000138_002; key remaining gaps: partially_provided: product_or_service | missing: payment_information | optional: evidence_available",Carry identity proof if needed; written timeline; location details; screenshots/photos/messages; receipts or documents where applicable; medical records if injury exists; property or account details if relevant; names/contact details of witnesses if safely available; copies of any prior complaint or authority response.,"Payment was made before the dispute, and I can provide the receipt or screenshot; I have the payment screenshot and chat with the seller",partially_provided: product_or_service | missing: payment_information | optional: evidence_available,No contradiction linked in slot annotations or clarification answers.,"No immediate danger is recorded, but reassess safety before taking action. Prepare payment proof, seller communication, product/service details, and consider consumer grievance or platform escalation. Police already contacted: True. Legal help requested: True.",LP_CONSUMER_COMPLAINT_001;LP_REFUND_RIGHTS_001;LP_ECOMMERCE_001,0,False,5,4,True,team-reviewed,REV832,test
GOUT000139_EN,SCN000139,NAR000139_EN,en,ANS001237;ANS001238;ANS001239;ANS001240;ANS001241;ANS001242;ANS001243;ANS001244;ANS001245;ANS001246;ANS001247;ANS001248,EVT000139_001;EVT000139_002,"1. On the date of 2026-06-22, a major civil friction classified under divorce proceedings conflict escalated during a familial meeting at the designated house at approximately 07:37 hours. 2. I want to report an incident.","You reported a family law matter about divorce proceedings conflict at House on 2023-10-22 around 07:37. The record notes danger status as No, threat mentioned as False, injury mentioned as False, and police contact as False.","incident_family=Family Law | issue=Divorce proceedings conflict | place=House, Gujarat, India | date_time=2023-10-22 07:37 | events=EVT000139_001;EVT000139_002 | property_involved=True | threat_involved=False | injury_involved=False | open_questions=optional: financial_support_issue, urgent_motion_needed, supporting_documents | missing: violence_or_safety_concern","To the concerned authority, I wish to report that on 2023-10-22 around 07:37, at House, I experienced/reported an incident described as Divorce proceedings conflict. My account is: I want to report an incident. On the date of 2026-06-22, a major civil friction classified under divorce proceedings conflict escalated during a familial meeting at the designated house at approximately 07:37 hours. The dispute involves competing claims regarding maintenance allocations or custody arrangements, leading to severe communication breakdown between the principal parties. The current circumstances indicate an immediate requirement for legal intervention to mandate adherence to statutory family frameworks within the state jurisdiction. I am sharing all the details so that appropriate legal guidance can be provided. I request that the information be recorded, that appropriate lawful guidance or action be considered, and that I be told if any further documents or details are needed. This draft does not assert guilt, authenticate evidence, or state that an FIR has already been filed.","Case intake: Family Law / Divorce proceedings conflict; location House, Gujarat; incident date/time 2023-10-22 07:37; danger=No; threat=False; injury=False; property=True; police_contacted=False; legal_help_requested=True; event_ids=EVT000139_001;EVT000139_002; key remaining gaps: optional: financial_support_issue, urgent_motion_needed, supporting_documents | missing: violence_or_safety_concern",Carry identity proof if needed; written timeline; location details; screenshots/photos/messages; receipts or documents where applicable; medical records if injury exists; property or account details if relevant; names/contact details of witnesses if safely available; copies of any prior complaint or authority response.,"I can provide more details, but I need to check the exact information","optional: financial_support_issue, urgent_motion_needed, supporting_documents | missing: violence_or_safety_concern",No contradiction linked in slot annotations or clarification answers.,"No immediate danger is recorded, but reassess safety before taking action. Collect existing orders, communication records, child/dependent details, and consider family-court or legal-aid consultation. Police already contacted: False. Legal help requested: True.",LP_FAMILY_COURT_001;LP_CHILD_CUSTODY_001;LP_LEGAL_AID_001,0,False,5,4,True,team-reviewed,REV218,validation
GOUT000140_EN,SCN000140,NAR000140_EN,en,ANS001249;ANS001250;ANS001251;ANS001252;ANS001253;ANS001254,EVT000140_001;EVT000140_002,"1. So I went to this shop around 14:25 and explicitly paid for premium service, but I faced absolute defective product delivery instead. 2. I want to report an incident.","You reported a consumer disputes matter about defective product delivery at Shop on 2023-10-23 around 14:25. The record notes danger status as No, threat mentioned as False, injury mentioned as False, and police contact as False.","incident_family=Consumer Disputes | issue=Defective product delivery | place=Shop, Telangana, India | date_time=2023-10-23 14:25 | events=EVT000140_001;EVT000140_002 | property_involved=True | threat_involved=False | injury_involved=False | open_questions=partially_provided: product_or_service | optional: evidence_available","To the concerned authority, I wish to report that on 2023-10-23 around 14:25, at Shop, I experienced/reported an incident described as Defective product delivery. My account is: I want to report an incident. So I went to this shop around 14:25 and explicitly paid for premium service, but I faced absolute defective product delivery instead. When I asked the manager to fix it or give my money back, they were super rude and completely brushed me off. Never buying from here again. I am sharing all the details so that appropriate legal guidance can be provided. I request that the information be recorded, that appropriate lawful guidance or action be considered, and that I be told if any further documents or details are needed. This draft does not assert guilt, authenticate evidence, or state that an FIR has already been filed.","Case intake: Consumer Disputes / Defective product delivery; location Shop, Telangana; incident date/time 2023-10-23 14:25; danger=No; threat=False; injury=False; property=True; police_contacted=False; legal_help_requested=True; event_ids=EVT000140_001;EVT000140_002; key remaining gaps: partially_provided: product_or_service | optional: evidence_available",Carry identity proof if needed; written timeline; location details; screenshots/photos/messages; receipts or documents where applicable; medical records if injury exists; property or account details if relevant; names/contact details of witnesses if safely available; copies of any prior complaint or authority response.,"So I went to this shop around 14:25 and explicitly paid for premium service, but I faced absolute defective product delivery instead; I have the payment screenshot and chat with the seller",partially_provided: product_or_service | optional: evidence_available,No contradiction linked in slot annotations or clarification answers.,"No immediate danger is recorded, but reassess safety before taking action. Prepare payment proof, seller communication, product/service details, and consider consumer grievance or platform escalation. Police already contacted: False. Legal help requested: True.",LP_CONSUMER_COMPLAINT_001;LP_REFUND_RIGHTS_001;LP_ECOMMERCE_001,0,False,5,4,True,team-reviewed,REV569,Train
GOUT000141_EN,SCN000141,NAR000141_EN,en,ANS001255;ANS001256;ANS001257;ANS001258;ANS001259;ANS001260;ANS001261;ANS001262;ANS001263;ANS001264;ANS001265;ANS001266;ANS001267;ANS001268;ANS001269,EVT000141_001;EVT000141_002,"1. Dear Protection Officer, I am writing to formally report an escalating pattern of domestic violence, specifically emotional and verbal abuse, at my residence. 2. I want to report an incident.","You reported a domestic violence matter about emotional and verbal abuse at House on 2023-10-24 around 20:49. The record notes danger status as No, threat mentioned as True, injury mentioned as False, and police contact as True.","incident_family=Domestic Violence | issue=Emotional and verbal abuse | place=House, Gujarat, India | date_time=2023-10-24 20:49 | events=EVT000141_001;EVT000141_002 | property_involved=False | threat_involved=True | injury_involved=False | open_questions=partially_provided: relationship_to_offender, current_shelter_safety | optional: children_or_dependents, evidence_available | missing: injury_or_medical_need","To the concerned authority, I wish to report that on 2023-10-24 around 20:49, at House, I experienced/reported an incident described as Emotional and verbal abuse. My account is: I want to report an incident. Dear Protection Officer, I am writing to formally report an escalating pattern of domestic violence, specifically emotional and verbal abuse, at my residence. The latest major confrontation took place on 2026-07-03 around 20:49. I urgently request legal assistance and protective measures. I am sharing all the details so that appropriate legal guidance can be provided. I request that the information be recorded, that appropriate lawful guidance or action be considered, and that I be told if any further documents or details are needed. This draft does not assert guilt, authenticate evidence, or state that an FIR has already been filed.","Case intake: Domestic Violence / Emotional and verbal abuse; location House, Gujarat; incident date/time 2023-10-24 20:49; danger=No; threat=True; injury=False; property=False; police_contacted=True; legal_help_requested=True; event_ids=EVT000141_001;EVT000141_002; key remaining gaps: partially_provided: relationship_to_offender, current_shelter_safety | optional: children_or_dependents, evidence_available | missing: injury_or_medical_need",Carry identity proof if needed; written timeline; location details; screenshots/photos/messages; receipts or documents where applicable; medical records if injury exists; property or account details if relevant; names/contact details of witnesses if safely available; copies of any prior complaint or authority response.,I have photos and messages related to the incident,"partially_provided: relationship_to_offender, current_shelter_safety | optional: children_or_dependents, evidence_available | missing: injury_or_medical_need",No contradiction linked in slot annotations or clarification answers.,"No immediate danger is recorded, but reassess safety before taking action. Prioritise safety planning, trusted support, medical documentation if needed, and legal-aid/protection options. Police already contacted: True. Legal help requested: True.",LP_DOMESTIC_VIOLENCE_001;LP_EMERGENCY_HELP_001;LP_LEGAL_AID_001,0,False,5,4,True,team-reviewed,REV688,test
GOUT000142_EN,SCN000142,NAR000142_EN,en,ANS001270;ANS001271;ANS001272;ANS001273;ANS001274;ANS001275;ANS001276;ANS001277;ANS001278;ANS001279;ANS001280;ANS001281;ANS001282;ANS001283;ANS001284,EVT000142_001;EVT000142_002,1. Then it escalated into a complete physical altercation and they said they'd hurt me if they saw me again. 2. I want to report an incident.,"You reported a assault & threats matter about physical altercation at Road on 2023-10-24 around 15:29. The record notes danger status as No, threat mentioned as True, injury mentioned as True, and police contact as True.","incident_family=Assault & Threats | issue=Physical altercation | place=Road, Maharashtra, India | date_time=2023-10-24 15:29 | events=EVT000142_001;EVT000142_002 | property_involved=True | threat_involved=True | injury_involved=True | open_questions=missing: threat_or_attack_description | optional: alleged_offender_identity, witness_available, safe_place_available, medical_help_status","To the concerned authority, I wish to report that on 2023-10-24 around 15:29, at Road, I experienced/reported an incident described as Physical altercation. My account is: I want to report an incident. I was just minding my own business at the road around 15:29, when this aggressive person started shouting at me out of nowhere. Then it escalated into a complete physical altercation and they said they'd hurt me if they saw me again. Genuinely terrified. I am sharing all the details so that appropriate legal guidance can be provided. I request that the information be recorded, that appropriate lawful guidance or action be considered, and that I be told if any further documents or details are needed. This draft does not assert guilt, authenticate evidence, or state that an FIR has already been filed.","Case intake: Assault & Threats / Physical altercation; location Road, Maharashtra; incident date/time 2023-10-24 15:29; danger=No; threat=True; injury=True; property=True; police_contacted=True; legal_help_requested=False; event_ids=EVT000142_001;EVT000142_002; key remaining gaps: missing: threat_or_attack_description | optional: alleged_offender_identity, witness_available, safe_place_available, medical_help_status",Carry identity proof if needed; written timeline; location details; screenshots/photos/messages; receipts or documents where applicable; medical records if injury exists; property or account details if relevant; names/contact details of witnesses if safely available; copies of any prior complaint or authority response.,"No specific evidence item is confirmed; ask user to preserve screenshots, documents, photos, receipts, and messages where available.","missing: threat_or_attack_description | optional: alleged_offender_identity, witness_available, safe_place_available, medical_help_status",No contradiction linked in slot annotations or clarification answers.,"No immediate danger is recorded, but reassess safety before taking action. If threat or injury exists, seek safety and medical support; preserve messages, witness details, and complaint facts. Police already contacted: True. Legal help requested: False.",LP_CRIME_REPORTING_001;LP_EMERGENCY_HELP_001;LP_FIR_PROCESS_001,0,False,5,4,True,team-reviewed,REV616,Train
GOUT000143_EN,SCN000143,NAR000143_EN,en,ANS001285;ANS001286;ANS001287;ANS001288;ANS001289;ANS001290;ANS001291;ANS001292;ANS001293,EVT000143_001;EVT000143_002,1. hey guys warning someone hacked my account via cyberstalking just now around 12:58!! 2. I want to report an incident.,"You reported a cybercrime matter about cyberstalking at House on 2023-10-31 around 12:58. The record notes danger status as No, threat mentioned as True, injury mentioned as False, and police contact as False.","incident_family=Cybercrime | issue=Cyberstalking | place=House, Karnataka, India | date_time=2023-10-31 12:58 | events=EVT000143_001;EVT000143_002 | property_involved=False | threat_involved=True | injury_involved=False | open_questions=optional: digital_evidence, security_steps_taken | partially_provided: ongoing_access_risk","To the concerned authority, I wish to report that on 2023-10-31 around 12:58, at House, I experienced/reported an incident described as Cyberstalking. My account is: I want to report an incident. hey guys warning someone hacked my account via cyberstalking just now around 12:58!! if u get any weird text or payment requests from me DO NOT transfer any money it is a fraud scam click nothing I am sharing all the details so that appropriate legal guidance can be provided. I request that the information be recorded, that appropriate lawful guidance or action be considered, and that I be told if any further documents or details are needed. This draft does not assert guilt, authenticate evidence, or state that an FIR has already been filed.","Case intake: Cybercrime / Cyberstalking; location House, Karnataka; incident date/time 2023-10-31 12:58; danger=No; threat=True; injury=False; property=False; police_contacted=False; legal_help_requested=True; event_ids=EVT000143_001;EVT000143_002; key remaining gaps: optional: digital_evidence, security_steps_taken | partially_provided: ongoing_access_risk",Carry identity proof if needed; written timeline; location details; screenshots/photos/messages; receipts or documents where applicable; medical records if injury exists; property or account details if relevant; names/contact details of witnesses if safely available; copies of any prior complaint or authority response.,"Screenshots, suspicious link, login alert, and transaction message are available","optional: digital_evidence, security_steps_taken | partially_provided: ongoing_access_risk",No contradiction linked in slot annotations or clarification answers.,"No immediate danger is recorded, but reassess safety before taking action. Preserve digital evidence, secure accounts, notify bank/platform if relevant, and use cyber reporting channels. Police already contacted: False. Legal help requested: True.",LP_CYBER_REPORTING_001;LP_ACCOUNT_SECURITY_001;LP_DIGITAL_EVIDENCE_001;LP_FINANCIAL_CYBER_FRAUD_001,0,False,5,4,True,team-reviewed,REV136,test
GOUT000144_EN,SCN000144,NAR000144_EN,en,ANS001294;ANS001295;ANS001296,EVT000144_001;EVT000144_002,"1. Complainant states that on 2026-07-04 at approximately 20:11 hours, a transaction dispute involving refusal of service refund occurred at Shop. 2. I want to report an incident.","You reported a consumer disputes matter about refusal of service refund at Shop on 2023-10-31 around 20:11. The record notes danger status as No, threat mentioned as False, injury mentioned as False, and police contact as True.","incident_family=Consumer Disputes | issue=Refusal of service refund | place=Shop, Maharashtra, India | date_time=2023-10-31 20:11 | events=EVT000144_001;EVT000144_002 | property_involved=True | threat_involved=False | injury_involved=False | open_questions=partially_provided: product_or_service","To the concerned authority, I wish to report that on 2023-10-31 around 20:11, at Shop, I experienced/reported an incident described as Refusal of service refund. My account is: I want to report an incident. Complainant states that on 2026-07-04 at approximately 20:11 hours, a transaction dispute involving refusal of service refund occurred at Shop. The vendor reportedly engaged in unfair trade practices, failing to resolve the commercial non-compliance. Relevant purchase invoices have been logged. I am sharing all the details so that appropriate legal guidance can be provided. I request that the information be recorded, that appropriate lawful guidance or action be considered, and that I be told if any further documents or details are needed. This draft does not assert guilt, authenticate evidence, or state that an FIR has already been filed.","Case intake: Consumer Disputes / Refusal of service refund; location Shop, Maharashtra; incident date/time 2023-10-31 20:11; danger=No; threat=False; injury=False; property=True; police_contacted=True; legal_help_requested=False; event_ids=EVT000144_001;EVT000144_002; key remaining gaps: partially_provided: product_or_service",Carry identity proof if needed; written timeline; location details; screenshots/photos/messages; receipts or documents where applicable; medical records if injury exists; property or account details if relevant; names/contact details of witnesses if safely available; copies of any prior complaint or authority response.,"Complainant states that on 2026-07-04 at approximately 20:11 hours, a transaction dispute involving refusal of service refund occurred at Shop; Relevant purchase invoices have been logged",partially_provided: product_or_service,No contradiction linked in slot annotations or clarification answers.,"No immediate danger is recorded, but reassess safety before taking action. Prepare payment proof, seller communication, product/service details, and consider consumer grievance or platform escalation. Police already contacted: True. Legal help requested: False.",LP_CONSUMER_COMPLAINT_001;LP_REFUND_RIGHTS_001;LP_ECOMMERCE_001,0,False,5,4,True,team-reviewed,REV888,validation
GOUT000145_EN,SCN000145,NAR000145_EN,en,ANS001297;ANS001298;ANS001299;ANS001300;ANS001301;ANS001302,EVT000145_001;EVT000145_002,1. occurred just now around 02:46 hours. 2. I want to report an incident.,"You reported a theft and robbery matter about vehicle theft at Parking lot on 2023-11-02 around 02:46. The record notes danger status as No, threat mentioned as True, injury mentioned as False, and police contact as False.","incident_family=Theft and robbery | issue=Vehicle theft | place=Parking lot, Telangana, India | date_time=2023-11-02 02:46 | events=EVT000145_001;EVT000145_002 | property_involved=True | threat_involved=True | injury_involved=False | open_questions=missing: ownership_information | optional: suspect_description","To the concerned authority, I wish to report that on 2023-11-02 around 02:46, at Parking lot, I experienced/reported an incident described as Vehicle theft. My account is: I want to report an incident. omg someone just took my things at the Parking lot!!! occurred just now around 02:46 hours. anyone nearby please help or tell me where the nearest police booth is asap!! lost everything inside my bag I am sharing all the details so that appropriate legal guidance can be provided. I request that the information be recorded, that appropriate lawful guidance or action be considered, and that I be told if any further documents or details are needed. This draft does not assert guilt, authenticate evidence, or state that an FIR has already been filed.","Case intake: Theft and robbery / Vehicle theft; location Parking lot, Telangana; incident date/time 2023-11-02 02:46; danger=No; threat=True; injury=False; property=True; police_contacted=False; legal_help_requested=False; event_ids=EVT000145_001;EVT000145_002; key remaining gaps: missing: ownership_information | optional: suspect_description",Carry identity proof if needed; written timeline; location details; screenshots/photos/messages; receipts or documents where applicable; medical records if injury exists; property or account details if relevant; names/contact details of witnesses if safely available; copies of any prior complaint or authority response.,"I can show possession through receipts, photos, or property documents",missing: ownership_information | optional: suspect_description,No contradiction linked in slot annotations or clarification answers.,"No immediate danger is recorded, but reassess safety before taking action. Prepare property details, location, timing, suspect description if known, and police complaint materials. Police already contacted: False. Legal help requested: False.",LP_CRIME_REPORTING_001;LP_FIR_PROCESS_001;LP_DIGITAL_EVIDENCE_001,0,False,5,4,True,team-reviewed,REV793,test
GOUT000146_EN,SCN000146,NAR000146_EN,en,ANS001303;ANS001304;ANS001305;ANS001306;ANS001307;ANS001308,EVT000146_001;EVT000146_002,"1. So I went to this restaurant around 10:35 and explicitly paid for premium service, but I faced absolute overcharging and hidden fees instead. 2. I want to report an incident.","You reported a consumer disputes matter about overcharging and hidden fees at Restaurant on 2023-11-05 around 10:35. The record notes danger status as No, threat mentioned as False, injury mentioned as False, and police contact as False.","incident_family=Consumer Disputes | issue=Overcharging and hidden fees | place=Restaurant, Maharashtra, India | date_time=2023-11-05 10:35 | events=EVT000146_001;EVT000146_002 | property_involved=True | threat_involved=False | injury_involved=False | open_questions=partially_provided: product_or_service | optional: evidence_available","To the concerned authority, I wish to report that on 2023-11-05 around 10:35, at Restaurant, I experienced/reported an incident described as Overcharging and hidden fees. My account is: I want to report an incident. So I went to this restaurant around 10:35 and explicitly paid for premium service, but I faced absolute overcharging and hidden fees instead. When I asked the manager to fix it or give my money back, they were super rude and completely brushed me off. Never buying from here again. I am sharing all the details so that appropriate legal guidance can be provided. I request that the information be recorded, that appropriate lawful guidance or action be considered, and that I be told if any further documents or details are needed. This draft does not assert guilt, authenticate evidence, or state that an FIR has already been filed.","Case intake: Consumer Disputes / Overcharging and hidden fees; location Restaurant, Maharashtra; incident date/time 2023-11-05 10:35; danger=No; threat=False; injury=False; property=True; police_contacted=False; legal_help_requested=False; event_ids=EVT000146_001;EVT000146_002; key remaining gaps: partially_provided: product_or_service | optional: evidence_available",Carry identity proof if needed; written timeline; location details; screenshots/photos/messages; receipts or documents where applicable; medical records if injury exists; property or account details if relevant; names/contact details of witnesses if safely available; copies of any prior complaint or authority response.,"So I went to this restaurant around 10:35 and explicitly paid for premium service, but I faced absolute overcharging and hidden fees instead; I have the payment screenshot and chat with the seller",partially_provided: product_or_service | optional: evidence_available,No contradiction linked in slot annotations or clarification answers.,"No immediate danger is recorded, but reassess safety before taking action. Prepare payment proof, seller communication, product/service details, and consider consumer grievance or platform escalation. Police already contacted: False. Legal help requested: False.",LP_CONSUMER_COMPLAINT_001;LP_REFUND_RIGHTS_001;LP_ECOMMERCE_001,0,False,5,4,True,team-reviewed,REV161,test
GOUT000147_EN,SCN000147,NAR000147_EN,en,ANS001309;ANS001310;ANS001311;ANS001312;ANS001313;ANS001314,EVT000147_001;EVT000147_002,"1. The situation involved a distinct lost item reporting, drawing the attention of passing commuters before local municipal workers arrived on site. 2. I want to report an incident.","You reported a miscellaneous matter about lost item reporting at Railway station on 2023-11-06 around 11:35. The record notes danger status as No, threat mentioned as False, injury mentioned as False, and police contact as False.","incident_family=Miscellaneous | issue=Lost item reporting | place=Railway station, West Bengal, India | date_time=2023-11-06 11:35 | events=EVT000147_001;EVT000147_002 | property_involved=True | threat_involved=False | injury_involved=False | open_questions=partially_provided: risk_to_public | optional: authority_to_contact","To the concerned authority, I wish to report that on 2023-11-06 around 11:35, at Railway station, I experienced/reported an incident described as Lost item reporting. My account is: I want to report an incident. The observer noted a minor public disturbance developing near the local railway station around 11:35. The situation involved a distinct lost item reporting, drawing the attention of passing commuters before local municipal workers arrived on site. I am sharing all the details so that appropriate legal guidance can be provided. I request that the information be recorded, that appropriate lawful guidance or action be considered, and that I be told if any further documents or details are needed. This draft does not assert guilt, authenticate evidence, or state that an FIR has already been filed.","Case intake: Miscellaneous / Lost item reporting; location Railway station, West Bengal; incident date/time 2023-11-06 11:35; danger=No; threat=False; injury=False; property=True; police_contacted=False; legal_help_requested=True; event_ids=EVT000147_001;EVT000147_002; key remaining gaps: partially_provided: risk_to_public | optional: authority_to_contact",Carry identity proof if needed; written timeline; location details; screenshots/photos/messages; receipts or documents where applicable; medical records if injury exists; property or account details if relevant; names/contact details of witnesses if safely available; copies of any prior complaint or authority response.,"No specific evidence item is confirmed; ask user to preserve screenshots, documents, photos, receipts, and messages where available.",partially_provided: risk_to_public | optional: authority_to_contact,No contradiction linked in slot annotations or clarification answers.,"No immediate danger is recorded, but reassess safety before taking action. Collect date, location, evidence, authority contacted, and any safety concerns before escalation. Police already contacted: False. Legal help requested: True.",LP_CRIME_REPORTING_001;LP_EMERGENCY_HELP_001;LP_LEGAL_AID_001,0,False,5,4,True,team-reviewed,REV438,test
GOUT000148_EN,SCN000148,NAR000148_EN,en,ANS001315;ANS001316;ANS001317;ANS001318;ANS001319;ANS001320;ANS001321;ANS001322;ANS001323,EVT000148_001;EVT000148_002,"1. Dear Municipal Authorities, I am writing to formally log a civic grievance regarding the ongoing pattern of public nuisance dispute at the Residential street. 2. I want to report an incident.","You reported a miscellaneous matter about public nuisance dispute at Residential street on 2023-11-10 around 18:10. The record notes danger status as No, threat mentioned as False, injury mentioned as False, and police contact as False.","incident_family=Miscellaneous | issue=Public nuisance dispute | place=Residential street, Delhi, India | date_time=2023-11-10 18:10 | events=EVT000148_001;EVT000148_002 | property_involved=True | threat_involved=False | injury_involved=False | open_questions=partially_provided: risk_to_public | optional: item_or_property_affected, authority_to_contact","To the concerned authority, I wish to report that on 2023-11-10 around 18:10, at Residential street, I experienced/reported an incident described as Public nuisance dispute. My account is: I want to report an incident. Dear Municipal Authorities, I am writing to formally log a civic grievance regarding the ongoing pattern of public nuisance dispute at the Residential street. The latest escalation occurred on 2026-06-28 at 18:10 hours, causing localized hazards that require immediate civic attention. I am sharing all the details so that appropriate legal guidance can be provided. I request that the information be recorded, that appropriate lawful guidance or action be considered, and that I be told if any further documents or details are needed. This draft does not assert guilt, authenticate evidence, or state that an FIR has already been filed.","Case intake: Miscellaneous / Public nuisance dispute; location Residential street, Delhi; incident date/time 2023-11-10 18:10; danger=No; threat=False; injury=False; property=True; police_contacted=False; legal_help_requested=True; event_ids=EVT000148_001;EVT000148_002; key remaining gaps: partially_provided: risk_to_public | optional: item_or_property_affected, authority_to_contact",Carry identity proof if needed; written timeline; location details; screenshots/photos/messages; receipts or documents where applicable; medical records if injury exists; property or account details if relevant; names/contact details of witnesses if safely available; copies of any prior complaint or authority response.,"No specific evidence item is confirmed; ask user to preserve screenshots, documents, photos, receipts, and messages where available.","partially_provided: risk_to_public | optional: item_or_property_affected, authority_to_contact",No contradiction linked in slot annotations or clarification answers.,"No immediate danger is recorded, but reassess safety before taking action. Collect date, location, evidence, authority contacted, and any safety concerns before escalation. Police already contacted: False. Legal help requested: True.",LP_CRIME_REPORTING_001;LP_EMERGENCY_HELP_001;LP_LEGAL_AID_001,0,False,5,4,True,team-reviewed,REV978,test
GOUT000149_EN,SCN000149,NAR000149_EN,en,ANS001324;ANS001325;ANS001326;ANS001327;ANS001328;ANS001329;ANS001330;ANS001331;ANS001332;ANS001333;ANS001334;ANS001335;ANS001336;ANS001337;ANS001338,EVT000149_001;EVT000149_002,1. An incident involving sudden physical altercation broke out at the bar/pub around 04:54. 2. I want to report an incident.,"You reported a assault & threats matter about physical altercation at Bar/Pub on 2023-11-10 around 04:54. The record notes danger status as No, threat mentioned as True, injury mentioned as False, and police contact as True.","incident_family=Assault & Threats | issue=Physical altercation | place=Bar/Pub, Uttar Pradesh, India | date_time=2023-11-10 04:54 | events=EVT000149_001;EVT000149_002 | property_involved=False | threat_involved=True | injury_involved=False | open_questions=missing: threat_or_attack_description, injury_details | optional: alleged_offender_identity, safe_place_available, medical_help_status","To the concerned authority, I wish to report that on 2023-11-10 around 04:54, at Bar/Pub, I experienced/reported an incident described as Physical altercation. My account is: I want to report an incident. An incident involving sudden physical altercation broke out at the bar/pub around 04:54. The aggressor initiated intense physical or verbal hostility against the victim, forcing bystanders to intervene to prevent further escalation. I am sharing all the details so that appropriate legal guidance can be provided. I request that the information be recorded, that appropriate lawful guidance or action be considered, and that I be told if any further documents or details are needed. This draft does not assert guilt, authenticate evidence, or state that an FIR has already been filed.","Case intake: Assault & Threats / Physical altercation; location Bar/Pub, Uttar Pradesh; incident date/time 2023-11-10 04:54; danger=No; threat=True; injury=False; property=False; police_contacted=True; legal_help_requested=False; event_ids=EVT000149_001;EVT000149_002; key remaining gaps: missing: threat_or_attack_description, injury_details | optional: alleged_offender_identity, safe_place_available, medical_help_status",Carry identity proof if needed; written timeline; location details; screenshots/photos/messages; receipts or documents where applicable; medical records if injury exists; property or account details if relevant; names/contact details of witnesses if safely available; copies of any prior complaint or authority response.,"No specific evidence item is confirmed; ask user to preserve screenshots, documents, photos, receipts, and messages where available.","missing: threat_or_attack_description, injury_details | optional: alleged_offender_identity, safe_place_available, medical_help_status",No contradiction linked in slot annotations or clarification answers.,"No immediate danger is recorded, but reassess safety before taking action. If threat or injury exists, seek safety and medical support; preserve messages, witness details, and complaint facts. Police already contacted: True. Legal help requested: False.",LP_CRIME_REPORTING_001;LP_EMERGENCY_HELP_001;LP_FIR_PROCESS_001,0,False,5,4,True,team-reviewed,REV916,validation
GOUT000150_EN,SCN000150,NAR000150_EN,en,ANS001339;ANS001340;ANS001341;ANS001342;ANS001343;ANS001344,EVT000150_001;EVT000150_002,1. A vehicular incident involving drunk driving accident occurred on the local road at 03:08. 2. The collision or blockage led to structural vehicular property damage and caused a severe traffic bottleneck requiring immediate clearing.,"You reported a traffic & road incidents matter about drunk driving accident at Road on 2023-11-14 around 03:08. The record notes danger status as No, threat mentioned as False, injury mentioned as True, and police contact as True.","incident_family=Traffic & Road Incidents | issue=Drunk driving accident | place=Road, Uttar Pradesh, India | date_time=2023-11-14 03:08 | events=EVT000150_001;EVT000150_002 | property_involved=True | threat_involved=False | injury_involved=True | open_questions=partially_provided: vehicle_details | optional: offending_vehicle_left","To the concerned authority, I wish to report that on 2023-11-14 around 03:08, at Road, I experienced/reported an incident described as Drunk driving accident. My account is: I want to report an incident. A vehicular incident involving drunk driving accident occurred on the local road at 03:08. The collision or blockage led to structural vehicular property damage and caused a severe traffic bottleneck requiring immediate clearing. I am sharing all the details so that appropriate legal guidance can be provided. I request that the information be recorded, that appropriate lawful guidance or action be considered, and that I be told if any further documents or details are needed. This draft does not assert guilt, authenticate evidence, or state that an FIR has already been filed.","Case intake: Traffic & Road Incidents / Drunk driving accident; location Road, Uttar Pradesh; incident date/time 2023-11-14 03:08; danger=No; threat=False; injury=True; property=True; police_contacted=True; legal_help_requested=False; event_ids=EVT000150_001;EVT000150_002; key remaining gaps: partially_provided: vehicle_details | optional: offending_vehicle_left",Carry identity proof if needed; written timeline; location details; screenshots/photos/messages; receipts or documents where applicable; medical records if injury exists; property or account details if relevant; names/contact details of witnesses if safely available; copies of any prior complaint or authority response.,"No specific evidence item is confirmed; ask user to preserve screenshots, documents, photos, receipts, and messages where available.",partially_provided: vehicle_details | optional: offending_vehicle_left,No contradiction linked in slot annotations or clarification answers.,"No immediate danger is recorded, but reassess safety before taking action. Record vehicle details, photos, injury and damage information, witnesses, and insurance/police documents. Police already contacted: True. Legal help requested: False.",LP_TRAFFIC_ACCIDENT_001;LP_HIT_AND_RUN_001;LP_MOTOR_CLAIM_001,0,False,5,4,True,team-reviewed,REV903,validation
GOUT000151_EN,SCN000151,NAR000151_EN,en,ANS001345;ANS001346;ANS001347;ANS001348;ANS001349;ANS001350;ANS001351;ANS001352;ANS001353;ANS001354;ANS001355;ANS001356,EVT000151_001;EVT000151_002,"1. Complainant states that on 2026-06-21 at approximately 13:21 hours, a severe case of physical altercation transpired at Road. 2. I want to report an incident.","You reported a assault & threats matter about physical altercation at Road on 2023-11-14 around 13:21. The record notes danger status as No, threat mentioned as True, injury mentioned as True, and police contact as False.","incident_family=Assault & Threats | issue=Physical altercation | place=Road, Maharashtra, India | date_time=2023-11-14 13:21 | events=EVT000151_001;EVT000151_002 | property_involved=False | threat_involved=True | injury_involved=True | open_questions=missing: threat_or_attack_description | optional: witness_available, safe_place_available, medical_help_status","To the concerned authority, I wish to report that on 2023-11-14 around 13:21, at Road, I experienced/reported an incident described as Physical altercation. My account is: I want to report an incident. Complainant states that on 2026-06-21 at approximately 13:21 hours, a severe case of physical altercation transpired at Road. The accused allegedly engaged in hostile behavior, posing immediate threat to the victim. Medical examination conducted where applicable. I am sharing all the details so that appropriate legal guidance can be provided. I request that the information be recorded, that appropriate lawful guidance or action be considered, and that I be told if any further documents or details are needed. This draft does not assert guilt, authenticate evidence, or state that an FIR has already been filed.","Case intake: Assault & Threats / Physical altercation; location Road, Maharashtra; incident date/time 2023-11-14 13:21; danger=No; threat=True; injury=True; property=False; police_contacted=False; legal_help_requested=False; event_ids=EVT000151_001;EVT000151_002; key remaining gaps: missing: threat_or_attack_description | optional: witness_available, safe_place_available, medical_help_status",Carry identity proof if needed; written timeline; location details; screenshots/photos/messages; receipts or documents where applicable; medical records if injury exists; property or account details if relevant; names/contact details of witnesses if safely available; copies of any prior complaint or authority response.,"No specific evidence item is confirmed; ask user to preserve screenshots, documents, photos, receipts, and messages where available.","missing: threat_or_attack_description | optional: witness_available, safe_place_available, medical_help_status",No contradiction linked in slot annotations or clarification answers.,"No immediate danger is recorded, but reassess safety before taking action. If threat or injury exists, seek safety and medical support; preserve messages, witness details, and complaint facts. Police already contacted: False. Legal help requested: False.",LP_CRIME_REPORTING_001;LP_EMERGENCY_HELP_001;LP_FIR_PROCESS_001,0,False,5,4,True,team-reviewed,REV555,Train
GOUT000152_EN,SCN000152,NAR000152_EN,en,ANS001357;ANS001358;ANS001359;ANS001360;ANS001361;ANS001362;ANS001363;ANS001364;ANS001365;ANS001366;ANS001367;ANS001368;ANS001369;ANS001370;ANS001371,EVT000152_001;EVT000152_002,"1. Shortly after, they approached the victim from behind, forcefully committed vehicle theft, and fled the scene on a two-wheeler heading north. 2. I want to report an incident.","You reported a theft and robbery matter about vehicle theft at Parking lot on 2023-11-16 around 19:19. The record notes danger status as No, threat mentioned as False, injury mentioned as False, and police contact as False.","incident_family=Theft and robbery | issue=Vehicle theft | place=Parking lot, Tamil Nadu, India | date_time=2023-11-16 19:19 | events=EVT000152_001;EVT000152_002 | property_involved=True | threat_involved=False | injury_involved=False | open_questions=partially_provided: property_type, property_description | missing: ownership_information, force_or_threat_used | optional: suspect_description","To the concerned authority, I wish to report that on 2023-11-16 around 19:19, at Parking lot, I experienced/reported an incident described as Vehicle theft. My account is: I want to report an incident. The observer noticed two suspicious individuals loitering near the parking lot around 19:19. Shortly after, they approached the victim from behind, forcefully committed vehicle theft, and fled the scene on a two-wheeler heading north. I am sharing all the details so that appropriate legal guidance can be provided. I request that the information be recorded, that appropriate lawful guidance or action be considered, and that I be told if any further documents or details are needed. This draft does not assert guilt, authenticate evidence, or state that an FIR has already been filed.","Case intake: Theft and robbery / Vehicle theft; location Parking lot, Tamil Nadu; incident date/time 2023-11-16 19:19; danger=No; threat=False; injury=False; property=True; police_contacted=False; legal_help_requested=True; event_ids=EVT000152_001;EVT000152_002; key remaining gaps: partially_provided: property_type, property_description | missing: ownership_information, force_or_threat_used | optional: suspect_description",Carry identity proof if needed; written timeline; location details; screenshots/photos/messages; receipts or documents where applicable; medical records if injury exists; property or account details if relevant; names/contact details of witnesses if safely available; copies of any prior complaint or authority response.,"I can show possession through receipts, photos, or property documents","partially_provided: property_type, property_description | missing: ownership_information, force_or_threat_used | optional: suspect_description",No contradiction linked in slot annotations or clarification answers.,"No immediate danger is recorded, but reassess safety before taking action. Prepare property details, location, timing, suspect description if known, and police complaint materials. Police already contacted: False. Legal help requested: True.",LP_CRIME_REPORTING_001;LP_FIR_PROCESS_001;LP_DIGITAL_EVIDENCE_001,0,False,5,4,True,team-reviewed,REV232,test
GOUT000153_EN,SCN000153,NAR000153_EN,en,ANS001372;ANS001373;ANS001374,EVT000153_001;EVT000153_002,"1. On the morning of 2026-07-06, a sophisticated financial manipulation strategy matching the parameters of cheque forgery was discovered at the designated office around 17:15 hours. 2. I want to report an incident.","You reported a financial fraud matter about cheque forgery at Office on 2023-11-20 around 17:15. The record notes danger status as No, threat mentioned as False, injury mentioned as False, and police contact as True.","incident_family=Financial Fraud | issue=Cheque forgery | place=Office, Telangana, India | date_time=2023-11-20 17:15 | events=EVT000153_001;EVT000153_002 | property_involved=True | threat_involved=False | injury_involved=False | open_questions=optional: institution_notified","To the concerned authority, I wish to report that on 2023-11-20 around 17:15, at Office, I experienced/reported an incident described as Cheque forgery. My account is: I want to report an incident. On the morning of 2026-07-06, a sophisticated financial manipulation strategy matching the parameters of cheque forgery was discovered at the designated office around 17:15 hours. The transaction logs indicate that highly specialized methods were utilized to manipulate verification nodes, enabling the illicit diversion of capital. Internal risk assets teams have initiated emergency containment protocols while formal complaints are being forwarded to statutory economic offenses wings within the state jurisdiction. I am sharing all the details so that appropriate legal guidance can be provided. I request that the information be recorded, that appropriate lawful guidance or action be considered, and that I be told if any further documents or details are needed. This draft does not assert guilt, authenticate evidence, or state that an FIR has already been filed.","Case intake: Financial Fraud / Cheque forgery; location Office, Telangana; incident date/time 2023-11-20 17:15; danger=No; threat=False; injury=False; property=True; police_contacted=True; legal_help_requested=True; event_ids=EVT000153_001;EVT000153_002; key remaining gaps: optional: institution_notified",Carry identity proof if needed; written timeline; location details; screenshots/photos/messages; receipts or documents where applicable; medical records if injury exists; property or account details if relevant; names/contact details of witnesses if safely available; copies of any prior complaint or authority response.,"The transaction logs indicate that highly specialized methods were utilized to manipulate verification nodes, enabling the illicit diversion of capital",optional: institution_notified,No contradiction linked in slot annotations or clarification answers.,"No immediate danger is recorded, but reassess safety before taking action. Notify the financial institution quickly, preserve transaction records, and consider police/cyber reporting depending on facts. Police already contacted: True. Legal help requested: True.",LP_FINANCIAL_CYBER_FRAUD_001;LP_CYBER_REPORTING_001;LP_DIGITAL_EVIDENCE_001,0,False,5,4,True,team-reviewed,REV533,Train
GOUT000154_EN,SCN000154,NAR000154_EN,en,ANS001375;ANS001376;ANS001377;ANS001378;ANS001379;ANS001380;ANS001381;ANS001382;ANS001383,EVT000154_001;EVT000154_002,1. Complainant registers a family matter notification involving an active restitution of conjugal rights at the premises. 2. I want to report an incident.,"You reported a family law matter about restitution of conjugal rights at Apartment on 2023-11-21 around 11:16. The record notes danger status as No, threat mentioned as False, injury mentioned as False, and police contact as True.","incident_family=Family Law | issue=Restitution of conjugal rights | place=Apartment, Gujarat, India | date_time=2023-11-21 11:16 | events=EVT000154_001;EVT000154_002 | property_involved=False | threat_involved=False | injury_involved=False | open_questions=optional: financial_support_issue, urgent_motion_needed | missing: violence_or_safety_concern","To the concerned authority, I wish to report that on 2023-11-21 around 11:16, at Apartment, I experienced/reported an incident described as Restitution of conjugal rights. My account is: I want to report an incident. Complainant registers a family matter notification involving an active restitution of conjugal rights at the premises. On 2026-06-23 at approximately 11:16 hours, an escalation occurred regarding legal compliance or child visitation parameters. Relevant documentation has been requested for family court presentation. I am sharing all the details so that appropriate legal guidance can be provided. I request that the information be recorded, that appropriate lawful guidance or action be considered, and that I be told if any further documents or details are needed. This draft does not assert guilt, authenticate evidence, or state that an FIR has already been filed.","Case intake: Family Law / Restitution of conjugal rights; location Apartment, Gujarat; incident date/time 2023-11-21 11:16; danger=No; threat=False; injury=False; property=False; police_contacted=True; legal_help_requested=True; event_ids=EVT000154_001;EVT000154_002; key remaining gaps: optional: financial_support_issue, urgent_motion_needed | missing: violence_or_safety_concern",Carry identity proof if needed; written timeline; location details; screenshots/photos/messages; receipts or documents where applicable; medical records if injury exists; property or account details if relevant; names/contact details of witnesses if safely available; copies of any prior complaint or authority response.,Relevant documentation has been requested for family court presentation,"optional: financial_support_issue, urgent_motion_needed | missing: violence_or_safety_concern",No contradiction linked in slot annotations or clarification answers.,"No immediate danger is recorded, but reassess safety before taking action. Collect existing orders, communication records, child/dependent details, and consider family-court or legal-aid consultation. Police already contacted: True. Legal help requested: True.",LP_FAMILY_COURT_001;LP_CHILD_CUSTODY_001;LP_LEGAL_AID_001,0,False,5,4,True,team-reviewed,REV676,test
GOUT000155_EN,SCN000155,NAR000155_EN,en,ANS001384;ANS001385;ANS001386;ANS001387;ANS001388;ANS001389;ANS001390;ANS001391;ANS001392,EVT000155_001;EVT000155_002,1. A swift incident of shopbreaking took place at the local showroom during peak hours. 2. I want to report an incident.,"You reported a theft and robbery matter about shopbreaking at Showroom on 2023-11-22 around 03:44. The record notes danger status as No, threat mentioned as True, injury mentioned as False, and police contact as False.","incident_family=Theft and robbery | issue=Shopbreaking | place=Showroom, Delhi, India | date_time=2023-11-22 03:44 | events=EVT000155_001;EVT000155_002 | property_involved=True | threat_involved=True | injury_involved=False | open_questions=partially_provided: property_type, property_description | missing: ownership_information","To the concerned authority, I wish to report that on 2023-11-22 around 03:44, at Showroom, I experienced/reported an incident described as Shopbreaking. My account is: I want to report an incident. A swift incident of shopbreaking took place at the local showroom during peak hours. The victim lost valuable items instantly, and the unidentified suspect fled immediately before any bystanders could intervene. I am sharing all the details so that appropriate legal guidance can be provided. I request that the information be recorded, that appropriate lawful guidance or action be considered, and that I be told if any further documents or details are needed. This draft does not assert guilt, authenticate evidence, or state that an FIR has already been filed.","Case intake: Theft and robbery / Shopbreaking; location Showroom, Delhi; incident date/time 2023-11-22 03:44; danger=No; threat=True; injury=False; property=True; police_contacted=False; legal_help_requested=False; event_ids=EVT000155_001;EVT000155_002; key remaining gaps: partially_provided: property_type, property_description | missing: ownership_information",Carry identity proof if needed; written timeline; location details; screenshots/photos/messages; receipts or documents where applicable; medical records if injury exists; property or account details if relevant; names/contact details of witnesses if safely available; copies of any prior complaint or authority response.,"I can show possession through receipts, photos, or property documents","partially_provided: property_type, property_description | missing: ownership_information",No contradiction linked in slot annotations or clarification answers.,"No immediate danger is recorded, but reassess safety before taking action. Prepare property details, location, timing, suspect description if known, and police complaint materials. Police already contacted: False. Legal help requested: False.",LP_CRIME_REPORTING_001;LP_FIR_PROCESS_001;LP_DIGITAL_EVIDENCE_001,0,False,5,4,True,team-reviewed,REV950,Train
GOUT000156_EN,SCN000156,NAR000156_EN,en,ANS001393;ANS001394;ANS001395;ANS001396;ANS001397;ANS001398,EVT000156_001;EVT000156_002,"1. Dear Human Resources and Labor Commissioner, I am writing to formally lodge a grievance regarding the ongoing pattern of breach of employment contract within the Online platform. 2. I want to report an incident.","You reported a employment/labour matter about breach of employment contract at Online platform on 2023-11-25 around 06:55. The record notes danger status as No, threat mentioned as False, injury mentioned as False, and police contact as False.","incident_family=Employment/Labour | issue=Breach of employment contract | place=Online platform, Tamil Nadu, India | date_time=2023-11-25 06:55 | events=EVT000156_001;EVT000156_002 | property_involved=True | threat_involved=False | injury_involved=False | open_questions=optional: employment_documents, internal_complaint_status","To the concerned authority, I wish to report that on 2023-11-25 around 06:55, at Online platform, I experienced/reported an incident described as Breach of employment contract. My account is: I want to report an incident. Dear Human Resources and Labor Commissioner, I am writing to formally lodge a grievance regarding the ongoing pattern of breach of employment contract within the Online platform. The definitive breach transpired on 2026-07-02 at 06:55 hours, violating explicit terms of my employment contract and local statutory codes. I am sharing all the details so that appropriate legal guidance can be provided. I request that the information be recorded, that appropriate lawful guidance or action be considered, and that I be told if any further documents or details are needed. This draft does not assert guilt, authenticate evidence, or state that an FIR has already been filed.","Case intake: Employment/Labour / Breach of employment contract; location Online platform, Tamil Nadu; incident date/time 2023-11-25 06:55; danger=No; threat=False; injury=False; property=True; police_contacted=False; legal_help_requested=True; event_ids=EVT000156_001;EVT000156_002; key remaining gaps: optional: employment_documents, internal_complaint_status",Carry identity proof if needed; written timeline; location details; screenshots/photos/messages; receipts or documents where applicable; medical records if injury exists; property or account details if relevant; names/contact details of witnesses if safely available; copies of any prior complaint or authority response.,"I have some emails and employment records, but not every document","optional: employment_documents, internal_complaint_status",No contradiction linked in slot annotations or clarification answers.,"No immediate danger is recorded, but reassess safety before taking action. Collect employment documents, payslips, emails, HR communication, and wage/termination details. Police already contacted: False. Legal help requested: True.",LP_LABOUR_COMPLAINT_001;LP_WAGE_CLAIM_001;LP_LEGAL_AID_001,0,False,5,4,True,team-reviewed,REV494,validation
GOUT000157_EN,SCN000157,NAR000157_EN,en,ANS001399;ANS001400;ANS001401;ANS001402;ANS001403;ANS001404;ANS001405;ANS001406;ANS001407;ANS001408;ANS001409;ANS001410;ANS001411;ANS001412;ANS001413;ANS001414;ANS001415;ANS001416,EVT000157_001;EVT000157_002,1. Then it escalated into a complete verbal intimidation and they said they'd hurt me if they saw me again. 2. I want to report an incident.,"You reported a assault & threats matter about verbal intimidation at Shop on 2023-11-25 around 17:35. The record notes danger status as No, threat mentioned as True, injury mentioned as False, and police contact as True.","incident_family=Assault & Threats | issue=Verbal intimidation | place=Shop, Telangana, India | date_time=2023-11-25 17:35 | events=EVT000157_001;EVT000157_002 | property_involved=False | threat_involved=True | injury_involved=False | open_questions=missing: threat_or_attack_description, injury_details | optional: alleged_offender_identity, witness_available, safe_place_available, medical_help_status","To the concerned authority, I wish to report that on 2023-11-25 around 17:35, at Shop, I experienced/reported an incident described as Verbal intimidation. My account is: I want to report an incident. I was just minding my own business at the shop around 17:35, when this aggressive person started shouting at me out of nowhere. Then it escalated into a complete verbal intimidation and they said they'd hurt me if they saw me again. Genuinely terrified. I am sharing all the details so that appropriate legal guidance can be provided. I request that the information be recorded, that appropriate lawful guidance or action be considered, and that I be told if any further documents or details are needed. This draft does not assert guilt, authenticate evidence, or state that an FIR has already been filed.","Case intake: Assault & Threats / Verbal intimidation; location Shop, Telangana; incident date/time 2023-11-25 17:35; danger=No; threat=True; injury=False; property=False; police_contacted=True; legal_help_requested=False; event_ids=EVT000157_001;EVT000157_002; key remaining gaps: missing: threat_or_attack_description, injury_details | optional: alleged_offender_identity, witness_available, safe_place_available, medical_help_status",Carry identity proof if needed; written timeline; location details; screenshots/photos/messages; receipts or documents where applicable; medical records if injury exists; property or account details if relevant; names/contact details of witnesses if safely available; copies of any prior complaint or authority response.,"No specific evidence item is confirmed; ask user to preserve screenshots, documents, photos, receipts, and messages where available.","missing: threat_or_attack_description, injury_details | optional: alleged_offender_identity, witness_available, safe_place_available, medical_help_status",No contradiction linked in slot annotations or clarification answers.,"No immediate danger is recorded, but reassess safety before taking action. If threat or injury exists, seek safety and medical support; preserve messages, witness details, and complaint facts. Police already contacted: True. Legal help requested: False.",LP_CRIME_REPORTING_001;LP_EMERGENCY_HELP_001;LP_FIR_PROCESS_001,0,False,5,4,True,team-reviewed,REV911,test
GOUT000158_EN,SCN000158,NAR000158_EN,en,ANS001417;ANS001418;ANS001419;ANS001420;ANS001421;ANS001422;ANS001423;ANS001424;ANS001425,EVT000158_001;EVT000158_002,"1. On the afternoon of 2026-07-08, a long-standing land friction culminated in an explicit case of illegal property possession at the designated house around 22:26 hours. 2. I want to report an incident.","You reported a property disputes matter about illegal property possession at House on 2023-11-28 around 22:26. The record notes danger status as No, threat mentioned as False, injury mentioned as False, and police contact as False.","incident_family=Property Disputes | issue=Illegal property possession | place=House, Telangana, India | date_time=2023-11-28 22:26 | events=EVT000158_001;EVT000158_002 | property_involved=True | threat_involved=False | injury_involved=False | open_questions=partially_provided: property_type, ownership_documents, current_possession","To the concerned authority, I wish to report that on 2023-11-28 around 22:26, at House, I experienced/reported an incident described as Illegal property possession. My account is: I want to report an incident. On the afternoon of 2026-07-08, a long-standing land friction culminated in an explicit case of illegal property possession at the designated house around 22:26 hours. The incident involved rival claimants attempting physical occupation or structural modification without valid legal injunctions. Local law enforcement intervened to mandate a status quo until the appropriate regional civil courts review the structural registration parameters and revenue maps under the state jurisdiction. I am sharing all the details so that appropriate legal guidance can be provided. I request that the information be recorded, that appropriate lawful guidance or action be considered, and that I be told if any further documents or details are needed. This draft does not assert guilt, authenticate evidence, or state that an FIR has already been filed.","Case intake: Property Disputes / Illegal property possession; location House, Telangana; incident date/time 2023-11-28 22:26; danger=No; threat=False; injury=False; property=True; police_contacted=False; legal_help_requested=True; event_ids=EVT000158_001;EVT000158_002; key remaining gaps: partially_provided: property_type, ownership_documents, current_possession",Carry identity proof if needed; written timeline; location details; screenshots/photos/messages; receipts or documents where applicable; medical records if injury exists; property or account details if relevant; names/contact details of witnesses if safely available; copies of any prior complaint or authority response.,"On the afternoon of 2026-07-08, a long-standing land friction culminated in an explicit case of illegal property possession at the designated house around 22:26 hours; I can show possession through receipts, photos, or property documents","partially_provided: property_type, ownership_documents, current_possession",No contradiction linked in slot annotations or clarification answers.,"No immediate danger is recorded, but reassess safety before taking action. Collect ownership/possession documents, photos of the site, opposing-party details, and avoid confrontation. Police already contacted: False. Legal help requested: True.",LP_PROPERTY_DISPUTE_001;LP_CRIME_REPORTING_001;LP_DIGITAL_EVIDENCE_001,0,False,5,4,True,team-reviewed,REV868,validation
GOUT000159_EN,SCN000159,NAR000159_EN,en,ANS001426;ANS001427;ANS001428;ANS001429;ANS001430;ANS001431,EVT000159_001;EVT000159_002,"1. Complainant states that on 2026-07-16 at approximately 15:05 hours, a transaction dispute involving overcharging and hidden fees occurred at Hotel. 2. I want to report an incident.","You reported a consumer disputes matter about overcharging and hidden fees at Hotel on 2023-11-28 around 15:05. The record notes danger status as No, threat mentioned as False, injury mentioned as False, and police contact as True.","incident_family=Consumer Disputes | issue=Overcharging and hidden fees | place=Hotel, Telangana, India | date_time=2023-11-28 15:05 | events=EVT000159_001;EVT000159_002 | property_involved=True | threat_involved=False | injury_involved=False | open_questions=partially_provided: product_or_service | missing: refund_or_remedy_requested","To the concerned authority, I wish to report that on 2023-11-28 around 15:05, at Hotel, I experienced/reported an incident described as Overcharging and hidden fees. My account is: I want to report an incident. Complainant states that on 2026-07-16 at approximately 15:05 hours, a transaction dispute involving overcharging and hidden fees occurred at Hotel. The vendor reportedly engaged in unfair trade practices, failing to resolve the commercial non-compliance. Relevant purchase invoices have been logged. I am sharing all the details so that appropriate legal guidance can be provided. I request that the information be recorded, that appropriate lawful guidance or action be considered, and that I be told if any further documents or details are needed. This draft does not assert guilt, authenticate evidence, or state that an FIR has already been filed.","Case intake: Consumer Disputes / Overcharging and hidden fees; location Hotel, Telangana; incident date/time 2023-11-28 15:05; danger=No; threat=False; injury=False; property=True; police_contacted=True; legal_help_requested=False; event_ids=EVT000159_001;EVT000159_002; key remaining gaps: partially_provided: product_or_service | missing: refund_or_remedy_requested",Carry identity proof if needed; written timeline; location details; screenshots/photos/messages; receipts or documents where applicable; medical records if injury exists; property or account details if relevant; names/contact details of witnesses if safely available; copies of any prior complaint or authority response.,"Complainant states that on 2026-07-16 at approximately 15:05 hours, a transaction dispute involving overcharging and hidden fees occurred at Hotel; Relevant purchase invoices have been logged",partially_provided: product_or_service | missing: refund_or_remedy_requested,No contradiction linked in slot annotations or clarification answers.,"No immediate danger is recorded, but reassess safety before taking action. Prepare payment proof, seller communication, product/service details, and consider consumer grievance or platform escalation. Police already contacted: True. Legal help requested: False.",LP_CONSUMER_COMPLAINT_001;LP_REFUND_RIGHTS_001;LP_ECOMMERCE_001,0,False,5,4,True,team-reviewed,REV565,Train
GOUT000160_EN,SCN000160,NAR000160_EN,en,ANS001432;ANS001433;ANS001434;ANS001435;ANS001436;ANS001437,EVT000160_001;EVT000160_002,"1. So I went to this restaurant around 23:42 and explicitly paid for premium service, but I faced absolute overcharging and hidden fees instead. 2. I want to report an incident.","You reported a consumer disputes matter about overcharging and hidden fees at Restaurant on 2023-11-29 around 23:42. The record notes danger status as No, threat mentioned as True, injury mentioned as False, and police contact as True.","incident_family=Consumer Disputes | issue=Overcharging and hidden fees | place=Restaurant, Telangana, India | date_time=2023-11-29 23:42 | events=EVT000160_001;EVT000160_002 | property_involved=True | threat_involved=True | injury_involved=False | open_questions=partially_provided: product_or_service | optional: evidence_available","To the concerned authority, I wish to report that on 2023-11-29 around 23:42, at Restaurant, I experienced/reported an incident described as Overcharging and hidden fees. My account is: I want to report an incident. So I went to this restaurant around 23:42 and explicitly paid for premium service, but I faced absolute overcharging and hidden fees instead. When I asked the manager to fix it or give my money back, they were super rude and completely brushed me off. Never buying from here again. I am sharing all the details so that appropriate legal guidance can be provided. I request that the information be recorded, that appropriate lawful guidance or action be considered, and that I be told if any further documents or details are needed. This draft does not assert guilt, authenticate evidence, or state that an FIR has already been filed.","Case intake: Consumer Disputes / Overcharging and hidden fees; location Restaurant, Telangana; incident date/time 2023-11-29 23:42; danger=No; threat=True; injury=False; property=True; police_contacted=True; legal_help_requested=True; event_ids=EVT000160_001;EVT000160_002; key remaining gaps: partially_provided: product_or_service | optional: evidence_available",Carry identity proof if needed; written timeline; location details; screenshots/photos/messages; receipts or documents where applicable; medical records if injury exists; property or account details if relevant; names/contact details of witnesses if safely available; copies of any prior complaint or authority response.,"So I went to this restaurant around 23:42 and explicitly paid for premium service, but I faced absolute overcharging and hidden fees instead; I have the payment screenshot and chat with the seller",partially_provided: product_or_service | optional: evidence_available,No contradiction linked in slot annotations or clarification answers.,"No immediate danger is recorded, but reassess safety before taking action. Prepare payment proof, seller communication, product/service details, and consider consumer grievance or platform escalation. Police already contacted: True. Legal help requested: True.",LP_CONSUMER_COMPLAINT_001;LP_REFUND_RIGHTS_001;LP_ECOMMERCE_001,0,False,5,4,True,team-reviewed,REV406,Train
GOUT000161_EN,SCN000161,NAR000161_EN,en,ANS001438;ANS001439;ANS001440,EVT000161_001;EVT000161_002,"1. Dear Nodal Officer / Bank Authority, I am writing to formally log an emergency grievance regarding an severe case of cheque forgery executed against my portfolio through the Office. 2. I want to report an incident.","You reported a financial fraud matter about cheque forgery at Office on 2023-12-07 around 05:41. The record notes danger status as No, threat mentioned as False, injury mentioned as False, and police contact as True.","incident_family=Financial Fraud | issue=Cheque forgery | place=Office, Gujarat, India | date_time=2023-12-07 05:41 | events=EVT000161_001;EVT000161_002 | property_involved=True | threat_involved=False | injury_involved=False | open_questions=optional: documents_or_audit_trail","To the concerned authority, I wish to report that on 2023-12-07 around 05:41, at Office, I experienced/reported an incident described as Cheque forgery. My account is: I want to report an incident. Dear Nodal Officer / Bank Authority, I am writing to formally log an emergency grievance regarding an severe case of cheque forgery executed against my portfolio through the Office. The breach occurred on 2026-06-26 at 05:41 hours, violating standard security checks and clearing mechanisms. I am sharing all the details so that appropriate legal guidance can be provided. I request that the information be recorded, that appropriate lawful guidance or action be considered, and that I be told if any further documents or details are needed. This draft does not assert guilt, authenticate evidence, or state that an FIR has already been filed.","Case intake: Financial Fraud / Cheque forgery; location Office, Gujarat; incident date/time 2023-12-07 05:41; danger=No; threat=False; injury=False; property=True; police_contacted=True; legal_help_requested=True; event_ids=EVT000161_001;EVT000161_002; key remaining gaps: optional: documents_or_audit_trail",Carry identity proof if needed; written timeline; location details; screenshots/photos/messages; receipts or documents where applicable; medical records if injury exists; property or account details if relevant; names/contact details of witnesses if safely available; copies of any prior complaint or authority response.,"I can provide more details, but I need to check the exact information",optional: documents_or_audit_trail,No contradiction linked in slot annotations or clarification answers.,"No immediate danger is recorded, but reassess safety before taking action. Notify the financial institution quickly, preserve transaction records, and consider police/cyber reporting depending on facts. Police already contacted: True. Legal help requested: True.",LP_FINANCIAL_CYBER_FRAUD_001;LP_CYBER_REPORTING_001;LP_DIGITAL_EVIDENCE_001,0,False,5,4,True,team-reviewed,REV935,validation
GOUT000162_EN,SCN000162,NAR000162_EN,en,ANS001441;ANS001442;ANS001443;ANS001444;ANS001445;ANS001446;ANS001447;ANS001448;ANS001449;ANS001450;ANS001451;ANS001452;ANS001453;ANS001454;ANS001455,EVT000162_001;EVT000162_002,"1. Dear Protection Officer, I am writing to formally report an escalating pattern of domestic violence, specifically spousal physical abuse, at my residence. 2. I want to report an incident.","You reported a domestic violence matter about spousal physical abuse at House on 2023-12-09 around 01:31. The record notes danger status as No, threat mentioned as True, injury mentioned as False, and police contact as True.","incident_family=Domestic Violence | issue=Spousal physical abuse | place=House, Maharashtra, India | date_time=2023-12-09 01:31 | events=EVT000162_001;EVT000162_002 | property_involved=False | threat_involved=True | injury_involved=False | open_questions=partially_provided: relationship_to_offender, current_shelter_safety | optional: children_or_dependents, evidence_available | missing: injury_or_medical_need","To the concerned authority, I wish to report that on 2023-12-09 around 01:31, at House, I experienced/reported an incident described as Spousal physical abuse. My account is: I want to report an incident. Dear Protection Officer, I am writing to formally report an escalating pattern of domestic violence, specifically spousal physical abuse, at my residence. The latest major confrontation took place on 2026-07-10 around 01:31. I urgently request legal assistance and protective measures. I am sharing all the details so that appropriate legal guidance can be provided. I request that the information be recorded, that appropriate lawful guidance or action be considered, and that I be told if any further documents or details are needed. This draft does not assert guilt, authenticate evidence, or state that an FIR has already been filed.","Case intake: Domestic Violence / Spousal physical abuse; location House, Maharashtra; incident date/time 2023-12-09 01:31; danger=No; threat=True; injury=False; property=False; police_contacted=True; legal_help_requested=True; event_ids=EVT000162_001;EVT000162_002; key remaining gaps: partially_provided: relationship_to_offender, current_shelter_safety | optional: children_or_dependents, evidence_available | missing: injury_or_medical_need",Carry identity proof if needed; written timeline; location details; screenshots/photos/messages; receipts or documents where applicable; medical records if injury exists; property or account details if relevant; names/contact details of witnesses if safely available; copies of any prior complaint or authority response.,I have photos and messages related to the incident,"partially_provided: relationship_to_offender, current_shelter_safety | optional: children_or_dependents, evidence_available | missing: injury_or_medical_need",No contradiction linked in slot annotations or clarification answers.,"No immediate danger is recorded, but reassess safety before taking action. Prioritise safety planning, trusted support, medical documentation if needed, and legal-aid/protection options. Police already contacted: True. Legal help requested: True.",LP_DOMESTIC_VIOLENCE_001;LP_EMERGENCY_HELP_001;LP_LEGAL_AID_001,0,False,5,4,True,team-reviewed,REV874,validation
GOUT000163_EN,SCN000163,NAR000163_EN,en,ANS001456;ANS001457;ANS001458;ANS001459;ANS001460;ANS001461;ANS001462;ANS001463;ANS001464;ANS001465;ANS001466;ANS001467,EVT000163_001;EVT000163_002,"1. Dear Management, I am writing to formally log a grievance regarding a distressing incident of physical altercation that occurred today at approximately 02:53 within the Road. 2. I want to report an incident.","You reported a assault & threats matter about physical altercation at Road on 2023-12-11 around 02:53. The record notes danger status as Yes, threat mentioned as True, injury mentioned as True, and police contact as False.","incident_family=Assault & Threats | issue=Physical altercation | place=Road, Tamil Nadu, India | date_time=2023-12-11 02:53 | events=EVT000163_001;EVT000163_002 | property_involved=True | threat_involved=True | injury_involved=True | open_questions=missing: threat_or_attack_description | optional: witness_available, safe_place_available, medical_help_status","To the concerned authority, I wish to report that on 2023-12-11 around 02:53, at Road, I experienced/reported an incident described as Physical altercation. My account is: I want to report an incident. Dear Management, I am writing to formally log a grievance regarding a distressing incident of physical altercation that occurred today at approximately 02:53 within the Road. The aggressive posturing and direct threats have created an incredibly hostile and unsafe environment. I am sharing all the details so that appropriate legal guidance can be provided. I request that the information be recorded, that appropriate lawful guidance or action be considered, and that I be told if any further documents or details are needed. This draft does not assert guilt, authenticate evidence, or state that an FIR has already been filed.","Case intake: Assault & Threats / Physical altercation; location Road, Tamil Nadu; incident date/time 2023-12-11 02:53; danger=Yes; threat=True; injury=True; property=True; police_contacted=False; legal_help_requested=False; event_ids=EVT000163_001;EVT000163_002; key remaining gaps: missing: threat_or_attack_description | optional: witness_available, safe_place_available, medical_help_status",Carry identity proof if needed; written timeline; location details; screenshots/photos/messages; receipts or documents where applicable; medical records if injury exists; property or account details if relevant; names/contact details of witnesses if safely available; copies of any prior complaint or authority response.,"No specific evidence item is confirmed; ask user to preserve screenshots, documents, photos, receipts, and messages where available.","missing: threat_or_attack_description | optional: witness_available, safe_place_available, medical_help_status",No contradiction linked in slot annotations or clarification answers.,"Prioritise immediate safety and emergency assistance before document preparation. If threat or injury exists, seek safety and medical support; preserve messages, witness details, and complaint facts. Police already contacted: False. Legal help requested: False.",LP_CRIME_REPORTING_001;LP_EMERGENCY_HELP_001;LP_FIR_PROCESS_001,0,False,5,4,True,team-reviewed,REV362,test
GOUT000164_EN,SCN000164,NAR000164_EN,en,ANS001468;ANS001469;ANS001470;ANS001471;ANS001472;ANS001473;ANS001474;ANS001475;ANS001476,EVT000164_001;EVT000164_002,"1. On the date of 2026-07-10, a minor unclassified neighborhood disruption manifesting as noise pollution grievance materialized at the specified apartment at approximately 00:24 hours. 2. I want to report an incident.","You reported a miscellaneous matter about noise pollution grievance at Apartment on 2023-12-12 around 00:24. The record notes danger status as No, threat mentioned as False, injury mentioned as False, and police contact as True.","incident_family=Miscellaneous | issue=Noise pollution grievance | place=Apartment, Maharashtra, India | date_time=2023-12-12 00:24 | events=EVT000164_001;EVT000164_002 | property_involved=True | threat_involved=False | injury_involved=False | open_questions=partially_provided: risk_to_public | optional: item_or_property_affected, authority_to_contact","To the concerned authority, I wish to report that on 2023-12-12 around 00:24, at Apartment, I experienced/reported an incident described as Noise pollution grievance. My account is: I want to report an incident. On the date of 2026-07-10, a minor unclassified neighborhood disruption manifesting as noise pollution grievance materialized at the specified apartment at approximately 00:24 hours. The incident details demonstrate a clear operational or administrative failure concerning municipal upkeep or public behavior regulations, causing secondary delays for community residents. Local community leaders have logged an official complaint to expedite resolution within the state jurisdiction. I am sharing all the details so that appropriate legal guidance can be provided. I request that the information be recorded, that appropriate lawful guidance or action be considered, and that I be told if any further documents or details are needed. This draft does not assert guilt, authenticate evidence, or state that an FIR has already been filed.","Case intake: Miscellaneous / Noise pollution grievance; location Apartment, Maharashtra; incident date/time 2023-12-12 00:24; danger=No; threat=False; injury=False; property=True; police_contacted=True; legal_help_requested=True; event_ids=EVT000164_001;EVT000164_002; key remaining gaps: partially_provided: risk_to_public | optional: item_or_property_affected, authority_to_contact",Carry identity proof if needed; written timeline; location details; screenshots/photos/messages; receipts or documents where applicable; medical records if injury exists; property or account details if relevant; names/contact details of witnesses if safely available; copies of any prior complaint or authority response.,"No specific evidence item is confirmed; ask user to preserve screenshots, documents, photos, receipts, and messages where available.","partially_provided: risk_to_public | optional: item_or_property_affected, authority_to_contact",No contradiction linked in slot annotations or clarification answers.,"No immediate danger is recorded, but reassess safety before taking action. Collect date, location, evidence, authority contacted, and any safety concerns before escalation. Police already contacted: True. Legal help requested: True.",LP_CRIME_REPORTING_001;LP_EMERGENCY_HELP_001;LP_LEGAL_AID_001,0,False,5,4,True,team-reviewed,REV214,validation
GOUT000165_EN,SCN000165,NAR000165_EN,en,ANS001477;ANS001478;ANS001479;ANS001480;ANS001481;ANS001482;ANS001483;ANS001484;ANS001485;ANS001486;ANS001487;ANS001488,EVT000165_001;EVT000165_002,"1. The argument was explicitly regarding a severe case of restitution of conjugal rights, with both sides loudly contesting rights before local residents requested calm. 2. I want to report an incident.","You reported a family law matter about restitution of conjugal rights at House on 2023-12-12 around 21:58. The record notes danger status as No, threat mentioned as False, injury mentioned as False, and police contact as True.","incident_family=Family Law | issue=Restitution of conjugal rights | place=House, Delhi, India | date_time=2023-12-12 21:58 | events=EVT000165_001;EVT000165_002 | property_involved=False | threat_involved=False | injury_involved=False | open_questions=optional: child_or_dependent_involved, financial_support_issue, supporting_documents | missing: violence_or_safety_concern","To the concerned authority, I wish to report that on 2023-12-12 around 21:58, at House, I experienced/reported an incident described as Restitution of conjugal rights. My account is: I want to report an incident. The observer noted a highly emotional confrontation between two estranged family members outside the house around 21:58. The argument was explicitly regarding a severe case of restitution of conjugal rights, with both sides loudly contesting rights before local residents requested calm. I am sharing all the details so that appropriate legal guidance can be provided. I request that the information be recorded, that appropriate lawful guidance or action be considered, and that I be told if any further documents or details are needed. This draft does not assert guilt, authenticate evidence, or state that an FIR has already been filed.","Case intake: Family Law / Restitution of conjugal rights; location House, Delhi; incident date/time 2023-12-12 21:58; danger=No; threat=False; injury=False; property=False; police_contacted=True; legal_help_requested=True; event_ids=EVT000165_001;EVT000165_002; key remaining gaps: optional: child_or_dependent_involved, financial_support_issue, supporting_documents | missing: violence_or_safety_concern",Carry identity proof if needed; written timeline; location details; screenshots/photos/messages; receipts or documents where applicable; medical records if injury exists; property or account details if relevant; names/contact details of witnesses if safely available; copies of any prior complaint or authority response.,"I can provide more details, but I need to check the exact information","optional: child_or_dependent_involved, financial_support_issue, supporting_documents | missing: violence_or_safety_concern",No contradiction linked in slot annotations or clarification answers.,"No immediate danger is recorded, but reassess safety before taking action. Collect existing orders, communication records, child/dependent details, and consider family-court or legal-aid consultation. Police already contacted: True. Legal help requested: True.",LP_FAMILY_COURT_001;LP_CHILD_CUSTODY_001;LP_LEGAL_AID_001,0,False,5,4,True,team-reviewed,REV547,validation
GOUT000166_EN,SCN000166,NAR000166_EN,en,ANS001489;ANS001490;ANS001491;ANS001492;ANS001493;ANS001494;ANS001495;ANS001496;ANS001497,EVT000166_001;EVT000166_002,1. hey guys warning someone hacked my account via identity theft just now around 07:10!! 2. I want to report an incident.,"You reported a cybercrime matter about identity theft at Online platform on 2023-12-14 around 07:10. The record notes danger status as No, threat mentioned as False, injury mentioned as False, and police contact as False.","incident_family=Cybercrime | issue=Identity theft | place=Online platform, Uttar Pradesh, India | date_time=2023-12-14 07:10 | events=EVT000166_001;EVT000166_002 | property_involved=True | threat_involved=False | injury_involved=False | open_questions=optional: digital_evidence, security_steps_taken | partially_provided: ongoing_access_risk","To the concerned authority, I wish to report that on 2023-12-14 around 07:10, at Online platform, I experienced/reported an incident described as Identity theft. My account is: I want to report an incident. hey guys warning someone hacked my account via identity theft just now around 07:10!! if u get any weird text or payment requests from me DO NOT transfer any money it is a fraud scam click nothing I am sharing all the details so that appropriate legal guidance can be provided. I request that the information be recorded, that appropriate lawful guidance or action be considered, and that I be told if any further documents or details are needed. This draft does not assert guilt, authenticate evidence, or state that an FIR has already been filed.","Case intake: Cybercrime / Identity theft; location Online platform, Uttar Pradesh; incident date/time 2023-12-14 07:10; danger=No; threat=False; injury=False; property=True; police_contacted=False; legal_help_requested=False; event_ids=EVT000166_001;EVT000166_002; key remaining gaps: optional: digital_evidence, security_steps_taken | partially_provided: ongoing_access_risk",Carry identity proof if needed; written timeline; location details; screenshots/photos/messages; receipts or documents where applicable; medical records if injury exists; property or account details if relevant; names/contact details of witnesses if safely available; copies of any prior complaint or authority response.,"Screenshots, suspicious link, login alert, and transaction message are available","optional: digital_evidence, security_steps_taken | partially_provided: ongoing_access_risk",No contradiction linked in slot annotations or clarification answers.,"No immediate danger is recorded, but reassess safety before taking action. Preserve digital evidence, secure accounts, notify bank/platform if relevant, and use cyber reporting channels. Police already contacted: False. Legal help requested: False.",LP_CYBER_REPORTING_001;LP_ACCOUNT_SECURITY_001;LP_DIGITAL_EVIDENCE_001;LP_FINANCIAL_CYBER_FRAUD_001,0,False,5,4,True,team-reviewed,REV678,validation
GOUT000167_EN,SCN000167,NAR000167_EN,en,ANS001498;ANS001499;ANS001500,EVT000167_001;EVT000167_002,1. Complainant registers a formal grievance concerning employer violations under the category of unfair termination at the designated office. 2. I want to report an incident.,"You reported a employment/labour matter about unfair termination at Office on 2023-12-15 around 00:56. The record notes danger status as No, threat mentioned as False, injury mentioned as False, and police contact as True.","incident_family=Employment/Labour | issue=Unfair termination | place=Office, Tamil Nadu, India | date_time=2023-12-15 00:56 | events=EVT000167_001;EVT000167_002 | property_involved=False | threat_involved=False | injury_involved=False | open_questions=optional: wage_or_benefit_amount","To the concerned authority, I wish to report that on 2023-12-15 around 00:56, at Office, I experienced/reported an incident described as Unfair termination. My account is: I want to report an incident. Complainant registers a formal grievance concerning employer violations under the category of unfair termination at the designated office. The incident occurred on 2026-06-27 at approximately 00:56 hours, wherein the management failed to comply with statutory labor provisions. Corporate payroll and logs have been requested. I am sharing all the details so that appropriate legal guidance can be provided. I request that the information be recorded, that appropriate lawful guidance or action be considered, and that I be told if any further documents or details are needed. This draft does not assert guilt, authenticate evidence, or state that an FIR has already been filed.","Case intake: Employment/Labour / Unfair termination; location Office, Tamil Nadu; incident date/time 2023-12-15 00:56; danger=No; threat=False; injury=False; property=False; police_contacted=True; legal_help_requested=True; event_ids=EVT000167_001;EVT000167_002; key remaining gaps: optional: wage_or_benefit_amount",Carry identity proof if needed; written timeline; location details; screenshots/photos/messages; receipts or documents where applicable; medical records if injury exists; property or account details if relevant; names/contact details of witnesses if safely available; copies of any prior complaint or authority response.,Corporate payroll and logs have been requested,optional: wage_or_benefit_amount,No contradiction linked in slot annotations or clarification answers.,"No immediate danger is recorded, but reassess safety before taking action. Collect employment documents, payslips, emails, HR communication, and wage/termination details. Police already contacted: True. Legal help requested: True.",LP_LABOUR_COMPLAINT_001;LP_WAGE_CLAIM_001;LP_LEGAL_AID_001,0,False,5,4,True,team-reviewed,REV408,test
GOUT000168_EN,SCN000168,NAR000168_EN,en,ANS001501;ANS001502;ANS001503;ANS001504;ANS001505;ANS001506;ANS001507;ANS001508;ANS001509,EVT000168_001;EVT000168_002,1. A swift incident of chain snatching took place at the local alleyway during peak hours. 2. I want to report an incident.,"You reported a theft and robbery matter about chain snatching at Alleyway on 2023-12-24 around 17:13. The record notes danger status as No, threat mentioned as True, injury mentioned as False, and police contact as False.","incident_family=Theft and robbery | issue=Chain snatching | place=Alleyway, Uttar Pradesh, India | date_time=2023-12-24 17:13 | events=EVT000168_001;EVT000168_002 | property_involved=True | threat_involved=True | injury_involved=False | open_questions=partially_provided: property_type, property_description | missing: ownership_information","To the concerned authority, I wish to report that on 2023-12-24 around 17:13, at Alleyway, I experienced/reported an incident described as Chain snatching. My account is: I want to report an incident. A swift incident of chain snatching took place at the local alleyway during peak hours. The victim lost valuable items instantly, and the unidentified suspect fled immediately before any bystanders could intervene. I am sharing all the details so that appropriate legal guidance can be provided. I request that the information be recorded, that appropriate lawful guidance or action be considered, and that I be told if any further documents or details are needed. This draft does not assert guilt, authenticate evidence, or state that an FIR has already been filed.","Case intake: Theft and robbery / Chain snatching; location Alleyway, Uttar Pradesh; incident date/time 2023-12-24 17:13; danger=No; threat=True; injury=False; property=True; police_contacted=False; legal_help_requested=True; event_ids=EVT000168_001;EVT000168_002; key remaining gaps: partially_provided: property_type, property_description | missing: ownership_information",Carry identity proof if needed; written timeline; location details; screenshots/photos/messages; receipts or documents where applicable; medical records if injury exists; property or account details if relevant; names/contact details of witnesses if safely available; copies of any prior complaint or authority response.,"I can show possession through receipts, photos, or property documents","partially_provided: property_type, property_description | missing: ownership_information",No contradiction linked in slot annotations or clarification answers.,"No immediate danger is recorded, but reassess safety before taking action. Prepare property details, location, timing, suspect description if known, and police complaint materials. Police already contacted: False. Legal help requested: True.",LP_CRIME_REPORTING_001;LP_FIR_PROCESS_001;LP_DIGITAL_EVIDENCE_001,0,False,5,4,True,team-reviewed,REV738,validation
GOUT000169_EN,SCN000169,NAR000169_EN,en,ANS001510;ANS001511;ANS001512,EVT000169_001;EVT000169_002,"1. On the date of 2026-07-03, a major institutional friction classified as unfair termination materialized at the specified office at approximately 06:32. 2. I want to report an incident.","You reported a employment/labour matter about unfair termination at Office on 2023-12-24 around 06:32. The record notes danger status as No, threat mentioned as False, injury mentioned as False, and police contact as True.","incident_family=Employment/Labour | issue=Unfair termination | place=Office, Gujarat, India | date_time=2023-12-24 06:32 | events=EVT000169_001;EVT000169_002 | property_involved=True | threat_involved=False | injury_involved=False | open_questions=optional: employment_documents","To the concerned authority, I wish to report that on 2023-12-24 around 06:32, at Office, I experienced/reported an incident described as Unfair termination. My account is: I want to report an incident. On the date of 2026-07-03, a major institutional friction classified as unfair termination materialized at the specified office at approximately 06:32. The circumstances indicate structured operational non-compliance by the management regarding standard working protocols or financial settlements, directly compromising employee protections. Internal grievance workflows were completely bypassed by leadership, compelling the affected party to seek statutory legal remedies through regional labor councils. I am sharing all the details so that appropriate legal guidance can be provided. I request that the information be recorded, that appropriate lawful guidance or action be considered, and that I be told if any further documents or details are needed. This draft does not assert guilt, authenticate evidence, or state that an FIR has already been filed.","Case intake: Employment/Labour / Unfair termination; location Office, Gujarat; incident date/time 2023-12-24 06:32; danger=No; threat=False; injury=False; property=True; police_contacted=True; legal_help_requested=False; event_ids=EVT000169_001;EVT000169_002; key remaining gaps: optional: employment_documents",Carry identity proof if needed; written timeline; location details; screenshots/photos/messages; receipts or documents where applicable; medical records if injury exists; property or account details if relevant; names/contact details of witnesses if safely available; copies of any prior complaint or authority response.,"I have some emails and employment records, but not every document",optional: employment_documents,No contradiction linked in slot annotations or clarification answers.,"No immediate danger is recorded, but reassess safety before taking action. Collect employment documents, payslips, emails, HR communication, and wage/termination details. Police already contacted: True. Legal help requested: False.",LP_LABOUR_COMPLAINT_001;LP_WAGE_CLAIM_001;LP_LEGAL_AID_001,0,False,5,4,True,team-reviewed,REV523,validation
GOUT000170_EN,SCN000170,NAR000170_EN,en,ANS001513;ANS001514;ANS001515,EVT000170_001;EVT000170_002,"1. On the morning of 2026-07-08, a sophisticated financial manipulation strategy matching the parameters of ponzi scheme investment fraud was discovered at the designated house around 08:29 hours. 2. I want to report an incident.","You reported a financial fraud matter about ponzi scheme investment fraud at House on 2023-12-25 around 08:29. The record notes danger status as No, threat mentioned as False, injury mentioned as False, and police contact as False.","incident_family=Financial Fraud | issue=Ponzi scheme investment fraud | place=House, Telangana, India | date_time=2023-12-25 08:29 | events=EVT000170_001;EVT000170_002 | property_involved=True | threat_involved=False | injury_involved=False | open_questions=optional: institution_notified","To the concerned authority, I wish to report that on 2023-12-25 around 08:29, at House, I experienced/reported an incident described as Ponzi scheme investment fraud. My account is: I want to report an incident. On the morning of 2026-07-08, a sophisticated financial manipulation strategy matching the parameters of ponzi scheme investment fraud was discovered at the designated house around 08:29 hours. The transaction logs indicate that highly specialized methods were utilized to manipulate verification nodes, enabling the illicit diversion of capital. Internal risk assets teams have initiated emergency containment protocols while formal complaints are being forwarded to statutory economic offenses wings within the state jurisdiction. I am sharing all the details so that appropriate legal guidance can be provided. I request that the information be recorded, that appropriate lawful guidance or action be considered, and that I be told if any further documents or details are needed. This draft does not assert guilt, authenticate evidence, or state that an FIR has already been filed.","Case intake: Financial Fraud / Ponzi scheme investment fraud; location House, Telangana; incident date/time 2023-12-25 08:29; danger=No; threat=False; injury=False; property=True; police_contacted=False; legal_help_requested=True; event_ids=EVT000170_001;EVT000170_002; key remaining gaps: optional: institution_notified",Carry identity proof if needed; written timeline; location details; screenshots/photos/messages; receipts or documents where applicable; medical records if injury exists; property or account details if relevant; names/contact details of witnesses if safely available; copies of any prior complaint or authority response.,"The transaction logs indicate that highly specialized methods were utilized to manipulate verification nodes, enabling the illicit diversion of capital",optional: institution_notified,No contradiction linked in slot annotations or clarification answers.,"No immediate danger is recorded, but reassess safety before taking action. Notify the financial institution quickly, preserve transaction records, and consider police/cyber reporting depending on facts. Police already contacted: False. Legal help requested: True.",LP_FINANCIAL_CYBER_FRAUD_001;LP_CYBER_REPORTING_001;LP_DIGITAL_EVIDENCE_001,0,False,5,4,True,team-reviewed,REV654,test
GOUT000171_EN,SCN000171,NAR000171_EN,en,ANS001516;ANS001517;ANS001518,EVT000171_001;EVT000171_002,1. just had a huge fight with HR at the Online platform regarding breach of employment contract around 08:45 today. 2. I want to report an incident.,"You reported a employment/labour matter about breach of employment contract at Online platform on 2023-12-26 around 08:45. The record notes danger status as No, threat mentioned as False, injury mentioned as False, and police contact as False.","incident_family=Employment/Labour | issue=Breach of employment contract | place=Online platform, Uttar Pradesh, India | date_time=2023-12-26 08:45 | events=EVT000171_001;EVT000171_002 | property_involved=True | threat_involved=False | injury_involved=False | open_questions=optional: employment_documents","To the concerned authority, I wish to report that on 2023-12-26 around 08:45, at Online platform, I experienced/reported an incident described as Breach of employment contract. My account is: I want to report an incident. hey guys bad news. just had a huge fight with HR at the Online platform regarding breach of employment contract around 08:45 today. they are trying to cheat us out of our terms or fire people arbitrarily. check your emails immediately, we need to stand together on this I am sharing all the details so that appropriate legal guidance can be provided. I request that the information be recorded, that appropriate lawful guidance or action be considered, and that I be told if any further documents or details are needed. This draft does not assert guilt, authenticate evidence, or state that an FIR has already been filed.","Case intake: Employment/Labour / Breach of employment contract; location Online platform, Uttar Pradesh; incident date/time 2023-12-26 08:45; danger=No; threat=False; injury=False; property=True; police_contacted=False; legal_help_requested=False; event_ids=EVT000171_001;EVT000171_002; key remaining gaps: optional: employment_documents",Carry identity proof if needed; written timeline; location details; screenshots/photos/messages; receipts or documents where applicable; medical records if injury exists; property or account details if relevant; names/contact details of witnesses if safely available; copies of any prior complaint or authority response.,"I have some emails and employment records, but not every document",optional: employment_documents,No contradiction linked in slot annotations or clarification answers.,"No immediate danger is recorded, but reassess safety before taking action. Collect employment documents, payslips, emails, HR communication, and wage/termination details. Police already contacted: False. Legal help requested: False.",LP_LABOUR_COMPLAINT_001;LP_WAGE_CLAIM_001;LP_LEGAL_AID_001,0,False,5,4,True,team-reviewed,REV485,validation
GOUT000172_EN,SCN000172,NAR000172_EN,en,ANS001519;ANS001520;ANS001521;ANS001522;ANS001523;ANS001524;ANS001525;ANS001526;ANS001527,EVT000172_001;EVT000172_002,1. An employment dispute involving workplace harassment escalated at the showroom at 19:44. 2. I want to report an incident.,"You reported a employment/labour matter about workplace harassment at Showroom on 2023-12-31 around 19:44. The record notes danger status as No, threat mentioned as False, injury mentioned as False, and police contact as True.","incident_family=Employment/Labour | issue=Workplace harassment | place=Showroom, West Bengal, India | date_time=2023-12-31 19:44 | events=EVT000172_001;EVT000172_002 | property_involved=False | threat_involved=False | injury_involved=False | open_questions=optional: employment_documents, wage_or_benefit_amount, internal_complaint_status","To the concerned authority, I wish to report that on 2023-12-31 around 19:44, at Showroom, I experienced/reported an incident described as Workplace harassment. My account is: I want to report an incident. An employment dispute involving workplace harassment escalated at the showroom at 19:44. The worker alleged severe breach of workplace regulations, seeking administrative or legal intervention to recover standard dues or ensure workplace safety. I am sharing all the details so that appropriate legal guidance can be provided. I request that the information be recorded, that appropriate lawful guidance or action be considered, and that I be told if any further documents or details are needed. This draft does not assert guilt, authenticate evidence, or state that an FIR has already been filed.","Case intake: Employment/Labour / Workplace harassment; location Showroom, West Bengal; incident date/time 2023-12-31 19:44; danger=No; threat=False; injury=False; property=False; police_contacted=True; legal_help_requested=True; event_ids=EVT000172_001;EVT000172_002; key remaining gaps: optional: employment_documents, wage_or_benefit_amount, internal_complaint_status",Carry identity proof if needed; written timeline; location details; screenshots/photos/messages; receipts or documents where applicable; medical records if injury exists; property or account details if relevant; names/contact details of witnesses if safely available; copies of any prior complaint or authority response.,"I have some emails and employment records, but not every document","optional: employment_documents, wage_or_benefit_amount, internal_complaint_status",No contradiction linked in slot annotations or clarification answers.,"No immediate danger is recorded, but reassess safety before taking action. Collect employment documents, payslips, emails, HR communication, and wage/termination details. Police already contacted: True. Legal help requested: True.",LP_LABOUR_COMPLAINT_001;LP_WAGE_CLAIM_001;LP_LEGAL_AID_001,0,False,5,4,True,team-reviewed,REV454,validation
GOUT000173_EN,SCN000173,NAR000173_EN,en,ANS001528;ANS001529;ANS001530;ANS001531;ANS001532;ANS001533;ANS001534;ANS001535;ANS001536;ANS001537;ANS001538;ANS001539,EVT000173_001;EVT000173_002,"1. On the date of 2026-07-08, a major incidence of shopbreaking was executed at the designated shop under complex environmental circumstances. 2. I want to report an incident.","You reported a theft and robbery matter about shopbreaking at Shop on 2024-01-02 around 13:34. The record notes danger status as No, threat mentioned as False, injury mentioned as False, and police contact as False.","incident_family=Theft and robbery | issue=Shopbreaking | place=Shop, Uttar Pradesh, India | date_time=2024-01-02 13:34 | events=EVT000173_001;EVT000173_002 | property_involved=True | threat_involved=False | injury_involved=False | open_questions=partially_provided: property_type, property_description | missing: ownership_information, force_or_threat_used","To the concerned authority, I wish to report that on 2024-01-02 around 13:34, at Shop, I experienced/reported an incident described as Shopbreaking. My account is: I want to report an incident. On the date of 2026-07-08, a major incidence of shopbreaking was executed at the designated shop under complex environmental circumstances. The perpetrator leveraged the crowded nature of the location to approach undetected, exploiting a momentary lapse in security vigilance. Following the commission of the act, the individual navigated through the exit corridors effectively evading immediate pursuit. Emergency services were notified subsequently, initiating a localized investigation into the security vulnerabilities of this particular jurisdiction. I am sharing all the details so that appropriate legal guidance can be provided. I request that the information be recorded, that appropriate lawful guidance or action be considered, and that I be told if any further documents or details are needed. This draft does not assert guilt, authenticate evidence, or state that an FIR has already been filed.","Case intake: Theft and robbery / Shopbreaking; location Shop, Uttar Pradesh; incident date/time 2024-01-02 13:34; danger=No; threat=False; injury=False; property=True; police_contacted=False; legal_help_requested=False; event_ids=EVT000173_001;EVT000173_002; key remaining gaps: partially_provided: property_type, property_description | missing: ownership_information, force_or_threat_used",Carry identity proof if needed; written timeline; location details; screenshots/photos/messages; receipts or documents where applicable; medical records if injury exists; property or account details if relevant; names/contact details of witnesses if safely available; copies of any prior complaint or authority response.,"I can show possession through receipts, photos, or property documents","partially_provided: property_type, property_description | missing: ownership_information, force_or_threat_used",No contradiction linked in slot annotations or clarification answers.,"No immediate danger is recorded, but reassess safety before taking action. Prepare property details, location, timing, suspect description if known, and police complaint materials. Police already contacted: False. Legal help requested: False.",LP_CRIME_REPORTING_001;LP_FIR_PROCESS_001;LP_DIGITAL_EVIDENCE_001,0,False,5,4,True,team-reviewed,REV499,Train
GOUT000174_EN,SCN000174,NAR000174_EN,en,ANS001540;ANS001541;ANS001542;ANS001543;ANS001544;ANS001545;ANS001546;ANS001547;ANS001548,EVT000174_001;EVT000174_002,"1. On the date of 2026-06-22, a minor unclassified neighborhood disruption manifesting as minor civic infrastructure issue materialized at the specified alleyway at approximately 01:39 hours. 2. I want to report an incident.","You reported a miscellaneous matter about minor civic infrastructure issue at Alleyway on 2024-01-02 around 01:39. The record notes danger status as No, threat mentioned as False, injury mentioned as False, and police contact as False.","incident_family=Miscellaneous | issue=Minor civic infrastructure issue | place=Alleyway, Karnataka, India | date_time=2024-01-02 01:39 | events=EVT000174_001;EVT000174_002 | property_involved=False | threat_involved=False | injury_involved=False | open_questions=partially_provided: risk_to_public | optional: item_or_property_affected, authority_to_contact","To the concerned authority, I wish to report that on 2024-01-02 around 01:39, at Alleyway, I experienced/reported an incident described as Minor civic infrastructure issue. My account is: I want to report an incident. On the date of 2026-06-22, a minor unclassified neighborhood disruption manifesting as minor civic infrastructure issue materialized at the specified alleyway at approximately 01:39 hours. The incident details demonstrate a clear operational or administrative failure concerning municipal upkeep or public behavior regulations, causing secondary delays for community residents. Local community leaders have logged an official complaint to expedite resolution within the state jurisdiction. I am sharing all the details so that appropriate legal guidance can be provided. I request that the information be recorded, that appropriate lawful guidance or action be considered, and that I be told if any further documents or details are needed. This draft does not assert guilt, authenticate evidence, or state that an FIR has already been filed.","Case intake: Miscellaneous / Minor civic infrastructure issue; location Alleyway, Karnataka; incident date/time 2024-01-02 01:39; danger=No; threat=False; injury=False; property=False; police_contacted=False; legal_help_requested=True; event_ids=EVT000174_001;EVT000174_002; key remaining gaps: partially_provided: risk_to_public | optional: item_or_property_affected, authority_to_contact",Carry identity proof if needed; written timeline; location details; screenshots/photos/messages; receipts or documents where applicable; medical records if injury exists; property or account details if relevant; names/contact details of witnesses if safely available; copies of any prior complaint or authority response.,"No specific evidence item is confirmed; ask user to preserve screenshots, documents, photos, receipts, and messages where available.","partially_provided: risk_to_public | optional: item_or_property_affected, authority_to_contact",No contradiction linked in slot annotations or clarification answers.,"No immediate danger is recorded, but reassess safety before taking action. Collect date, location, evidence, authority contacted, and any safety concerns before escalation. Police already contacted: False. Legal help requested: True.",LP_CRIME_REPORTING_001;LP_EMERGENCY_HELP_001;LP_LEGAL_AID_001,0,False,5,4,True,team-reviewed,REV187,test
GOUT000175_EN,SCN000175,NAR000175_EN,en,ANS001549;ANS001550;ANS001551;ANS001552;ANS001553;ANS001554,EVT000175_001;EVT000175_002,1. An incident of online banking fraud compromised security systems across the specified Mobile app at 02:31. 2. I want to report an incident.,"You reported a cybercrime matter about online banking fraud at Mobile app on 2024-01-07 around 02:31. The record notes danger status as No, threat mentioned as True, injury mentioned as False, and police contact as False.","incident_family=Cybercrime | issue=Online banking fraud | place=Mobile app, Gujarat, India | date_time=2024-01-07 02:31 | events=EVT000175_001;EVT000175_002 | property_involved=True | threat_involved=True | injury_involved=False | open_questions=optional: digital_evidence | partially_provided: ongoing_access_risk","To the concerned authority, I wish to report that on 2024-01-07 around 02:31, at Mobile app, I experienced/reported an incident described as Online banking fraud. My account is: I want to report an incident. An incident of online banking fraud compromised security systems across the specified Mobile app at 02:31. Electronic credentials were manipulated remotely by unknown malicious actors, triggering secondary security protocols. I am sharing all the details so that appropriate legal guidance can be provided. I request that the information be recorded, that appropriate lawful guidance or action be considered, and that I be told if any further documents or details are needed. This draft does not assert guilt, authenticate evidence, or state that an FIR has already been filed.","Case intake: Cybercrime / Online banking fraud; location Mobile app, Gujarat; incident date/time 2024-01-07 02:31; danger=No; threat=True; injury=False; property=True; police_contacted=False; legal_help_requested=False; event_ids=EVT000175_001;EVT000175_002; key remaining gaps: optional: digital_evidence | partially_provided: ongoing_access_risk",Carry identity proof if needed; written timeline; location details; screenshots/photos/messages; receipts or documents where applicable; medical records if injury exists; property or account details if relevant; names/contact details of witnesses if safely available; copies of any prior complaint or authority response.,"Screenshots, suspicious link, login alert, and transaction message are available",optional: digital_evidence | partially_provided: ongoing_access_risk,No contradiction linked in slot annotations or clarification answers.,"No immediate danger is recorded, but reassess safety before taking action. Preserve digital evidence, secure accounts, notify bank/platform if relevant, and use cyber reporting channels. Police already contacted: False. Legal help requested: False.",LP_CYBER_REPORTING_001;LP_ACCOUNT_SECURITY_001;LP_DIGITAL_EVIDENCE_001;LP_FINANCIAL_CYBER_FRAUD_001,0,False,5,4,True,team-reviewed,REV205,test
GOUT000176_EN,SCN000176,NAR000176_EN,en,ANS001555;ANS001556;ANS001557;ANS001558;ANS001559;ANS001560;ANS001561;ANS001562;ANS001563;ANS001564;ANS001565;ANS001566;ANS001567;ANS001568;ANS001569,EVT000176_001;EVT000176_002,1. An incident involving sudden road rage assault broke out at the road around 00:57. 2. I want to report an incident.,"You reported a assault & threats matter about road rage assault at Road on 2024-01-08 around 00:57. The record notes danger status as No, threat mentioned as True, injury mentioned as False, and police contact as False.","incident_family=Assault & Threats | issue=Road rage assault | place=Road, Telangana, India | date_time=2024-01-08 00:57 | events=EVT000176_001;EVT000176_002 | property_involved=True | threat_involved=True | injury_involved=False | open_questions=missing: threat_or_attack_description, injury_details | optional: alleged_offender_identity, safe_place_available, medical_help_status","To the concerned authority, I wish to report that on 2024-01-08 around 00:57, at Road, I experienced/reported an incident described as Road rage assault. My account is: I want to report an incident. An incident involving sudden road rage assault broke out at the road around 00:57. The aggressor initiated intense physical or verbal hostility against the victim, forcing bystanders to intervene to prevent further escalation. I am sharing all the details so that appropriate legal guidance can be provided. I request that the information be recorded, that appropriate lawful guidance or action be considered, and that I be told if any further documents or details are needed. This draft does not assert guilt, authenticate evidence, or state that an FIR has already been filed.","Case intake: Assault & Threats / Road rage assault; location Road, Telangana; incident date/time 2024-01-08 00:57; danger=No; threat=True; injury=False; property=True; police_contacted=False; legal_help_requested=True; event_ids=EVT000176_001;EVT000176_002; key remaining gaps: missing: threat_or_attack_description, injury_details | optional: alleged_offender_identity, safe_place_available, medical_help_status",Carry identity proof if needed; written timeline; location details; screenshots/photos/messages; receipts or documents where applicable; medical records if injury exists; property or account details if relevant; names/contact details of witnesses if safely available; copies of any prior complaint or authority response.,"No specific evidence item is confirmed; ask user to preserve screenshots, documents, photos, receipts, and messages where available.","missing: threat_or_attack_description, injury_details | optional: alleged_offender_identity, safe_place_available, medical_help_status",No contradiction linked in slot annotations or clarification answers.,"No immediate danger is recorded, but reassess safety before taking action. If threat or injury exists, seek safety and medical support; preserve messages, witness details, and complaint facts. Police already contacted: False. Legal help requested: True.",LP_CRIME_REPORTING_001;LP_EMERGENCY_HELP_001;LP_FIR_PROCESS_001,0,False,5,4,True,team-reviewed,REV330,test
GOUT000177_EN,SCN000177,NAR000177_EN,en,ANS001570;ANS001571;ANS001572;ANS001573;ANS001574;ANS001575;ANS001576;ANS001577;ANS001578,EVT000177_001;EVT000177_002,"1. On the date of 2026-07-03, a major incidence of chain snatching was executed at the designated residential street under complex environmental circumstances. 2. I want to report an incident.","You reported a theft and robbery matter about chain snatching at Residential street on 2024-01-11 around 18:37. The record notes danger status as No, threat mentioned as True, injury mentioned as False, and police contact as False.","incident_family=Theft and robbery | issue=Chain snatching | place=Residential street, Maharashtra, India | date_time=2024-01-11 18:37 | events=EVT000177_001;EVT000177_002 | property_involved=True | threat_involved=True | injury_involved=False | open_questions=partially_provided: property_type, property_description | missing: ownership_information","To the concerned authority, I wish to report that on 2024-01-11 around 18:37, at Residential street, I experienced/reported an incident described as Chain snatching. My account is: I want to report an incident. On the date of 2026-07-03, a major incidence of chain snatching was executed at the designated residential street under complex environmental circumstances. The perpetrator leveraged the crowded nature of the location to approach undetected, exploiting a momentary lapse in security vigilance. Following the commission of the act, the individual navigated through the exit corridors effectively evading immediate pursuit. Emergency services were notified subsequently, initiating a localized investigation into the security vulnerabilities of this particular jurisdiction. I am sharing all the details so that appropriate legal guidance can be provided. I request that the information be recorded, that appropriate lawful guidance or action be considered, and that I be told if any further documents or details are needed. This draft does not assert guilt, authenticate evidence, or state that an FIR has already been filed.","Case intake: Theft and robbery / Chain snatching; location Residential street, Maharashtra; incident date/time 2024-01-11 18:37; danger=No; threat=True; injury=False; property=True; police_contacted=False; legal_help_requested=True; event_ids=EVT000177_001;EVT000177_002; key remaining gaps: partially_provided: property_type, property_description | missing: ownership_information",Carry identity proof if needed; written timeline; location details; screenshots/photos/messages; receipts or documents where applicable; medical records if injury exists; property or account details if relevant; names/contact details of witnesses if safely available; copies of any prior complaint or authority response.,"I can show possession through receipts, photos, or property documents","partially_provided: property_type, property_description | missing: ownership_information",No contradiction linked in slot annotations or clarification answers.,"No immediate danger is recorded, but reassess safety before taking action. Prepare property details, location, timing, suspect description if known, and police complaint materials. Police already contacted: False. Legal help requested: True.",LP_CRIME_REPORTING_001;LP_FIR_PROCESS_001;LP_DIGITAL_EVIDENCE_001,0,False,5,4,True,team-reviewed,REV237,validation
GOUT000178_EN,SCN000178,NAR000178_EN,en,ANS001579;ANS001580;ANS001581;ANS001582;ANS001583;ANS001584;ANS001585;ANS001586;ANS001587;ANS001588;ANS001589;ANS001590,EVT000178_001;EVT000178_002,"1. Dear Management, I am writing to formally log a grievance regarding a distressing incident of road rage assault that occurred today at approximately 04:40 within the Highway. 2. I want to report an incident.","You reported a assault & threats matter about road rage assault at Highway on 2024-01-13 around 04:40. The record notes danger status as No, threat mentioned as True, injury mentioned as True, and police contact as False.","incident_family=Assault & Threats | issue=Road rage assault | place=Highway, Telangana, India | date_time=2024-01-13 04:40 | events=EVT000178_001;EVT000178_002 | property_involved=False | threat_involved=True | injury_involved=True | open_questions=missing: threat_or_attack_description | optional: witness_available, safe_place_available, medical_help_status","To the concerned authority, I wish to report that on 2024-01-13 around 04:40, at Highway, I experienced/reported an incident described as Road rage assault. My account is: I want to report an incident. Dear Management, I am writing to formally log a grievance regarding a distressing incident of road rage assault that occurred today at approximately 04:40 within the Highway. The aggressive posturing and direct threats have created an incredibly hostile and unsafe environment. I am sharing all the details so that appropriate legal guidance can be provided. I request that the information be recorded, that appropriate lawful guidance or action be considered, and that I be told if any further documents or details are needed. This draft does not assert guilt, authenticate evidence, or state that an FIR has already been filed.","Case intake: Assault & Threats / Road rage assault; location Highway, Telangana; incident date/time 2024-01-13 04:40; danger=No; threat=True; injury=True; property=False; police_contacted=False; legal_help_requested=True; event_ids=EVT000178_001;EVT000178_002; key remaining gaps: missing: threat_or_attack_description | optional: witness_available, safe_place_available, medical_help_status",Carry identity proof if needed; written timeline; location details; screenshots/photos/messages; receipts or documents where applicable; medical records if injury exists; property or account details if relevant; names/contact details of witnesses if safely available; copies of any prior complaint or authority response.,"No specific evidence item is confirmed; ask user to preserve screenshots, documents, photos, receipts, and messages where available.","missing: threat_or_attack_description | optional: witness_available, safe_place_available, medical_help_status",No contradiction linked in slot annotations or clarification answers.,"No immediate danger is recorded, but reassess safety before taking action. If threat or injury exists, seek safety and medical support; preserve messages, witness details, and complaint facts. Police already contacted: False. Legal help requested: True.",LP_CRIME_REPORTING_001;LP_EMERGENCY_HELP_001;LP_FIR_PROCESS_001,0,False,5,4,True,team-reviewed,REV954,test
GOUT000179_EN,SCN000179,NAR000179_EN,en,ANS001591;ANS001592;ANS001593;ANS001594;ANS001595;ANS001596,EVT000179_001;EVT000179_002,1. A transactional incident concerning refusal of service refund broke out at the local workplace at 06:31. 2. I want to report an incident.,"You reported a consumer disputes matter about refusal of service refund at Workplace on 2024-01-14 around 06:31. The record notes danger status as No, threat mentioned as False, injury mentioned as False, and police contact as True.","incident_family=Consumer Disputes | issue=Refusal of service refund | place=Workplace, Gujarat, India | date_time=2024-01-14 06:31 | events=EVT000179_001;EVT000179_002 | property_involved=True | threat_involved=False | injury_involved=False | open_questions=partially_provided: product_or_service | optional: evidence_available","To the concerned authority, I wish to report that on 2024-01-14 around 06:31, at Workplace, I experienced/reported an incident described as Refusal of service refund. My account is: I want to report an incident. A transactional incident concerning refusal of service refund broke out at the local workplace at 06:31. The buyer alleged a direct breach of contractual terms regarding product quality or billing accuracy, resulting in an active consumer dispute. I am sharing all the details so that appropriate legal guidance can be provided. I request that the information be recorded, that appropriate lawful guidance or action be considered, and that I be told if any further documents or details are needed. This draft does not assert guilt, authenticate evidence, or state that an FIR has already been filed.","Case intake: Consumer Disputes / Refusal of service refund; location Workplace, Gujarat; incident date/time 2024-01-14 06:31; danger=No; threat=False; injury=False; property=True; police_contacted=True; legal_help_requested=True; event_ids=EVT000179_001;EVT000179_002; key remaining gaps: partially_provided: product_or_service | optional: evidence_available",Carry identity proof if needed; written timeline; location details; screenshots/photos/messages; receipts or documents where applicable; medical records if injury exists; property or account details if relevant; names/contact details of witnesses if safely available; copies of any prior complaint or authority response.,A transactional incident concerning refusal of service refund broke out at the local workplace at 06:31; I have the payment screenshot and chat with the seller,partially_provided: product_or_service | optional: evidence_available,No contradiction linked in slot annotations or clarification answers.,"No immediate danger is recorded, but reassess safety before taking action. Prepare payment proof, seller communication, product/service details, and consider consumer grievance or platform escalation. Police already contacted: True. Legal help requested: True.",LP_CONSUMER_COMPLAINT_001;LP_REFUND_RIGHTS_001;LP_ECOMMERCE_001,0,False,5,4,True,team-reviewed,REV750,Train
GOUT000180_EN,SCN000180,NAR000180_EN,en,ANS001597;ANS001598;ANS001599,EVT000180_001;EVT000180_002,1. just had a huge fight with HR at the Online platform regarding breach of employment contract around 10:57 today. 2. I want to report an incident.,"You reported a employment/labour matter about breach of employment contract at Online platform on 2024-01-19 around 10:57. The record notes danger status as No, threat mentioned as False, injury mentioned as False, and police contact as True.","incident_family=Employment/Labour | issue=Breach of employment contract | place=Online platform, Delhi, India | date_time=2024-01-19 10:57 | events=EVT000180_001;EVT000180_002 | property_involved=True | threat_involved=False | injury_involved=False | open_questions=optional: employment_documents","To the concerned authority, I wish to report that on 2024-01-19 around 10:57, at Online platform, I experienced/reported an incident described as Breach of employment contract. My account is: I want to report an incident. hey guys bad news. just had a huge fight with HR at the Online platform regarding breach of employment contract around 10:57 today. they are trying to cheat us out of our terms or fire people arbitrarily. check your emails immediately, we need to stand together on this I am sharing all the details so that appropriate legal guidance can be provided. I request that the information be recorded, that appropriate lawful guidance or action be considered, and that I be told if any further documents or details are needed. This draft does not assert guilt, authenticate evidence, or state that an FIR has already been filed.","Case intake: Employment/Labour / Breach of employment contract; location Online platform, Delhi; incident date/time 2024-01-19 10:57; danger=No; threat=False; injury=False; property=True; police_contacted=True; legal_help_requested=False; event_ids=EVT000180_001;EVT000180_002; key remaining gaps: optional: employment_documents",Carry identity proof if needed; written timeline; location details; screenshots/photos/messages; receipts or documents where applicable; medical records if injury exists; property or account details if relevant; names/contact details of witnesses if safely available; copies of any prior complaint or authority response.,"I have some emails and employment records, but not every document",optional: employment_documents,No contradiction linked in slot annotations or clarification answers.,"No immediate danger is recorded, but reassess safety before taking action. Collect employment documents, payslips, emails, HR communication, and wage/termination details. Police already contacted: True. Legal help requested: False.",LP_LABOUR_COMPLAINT_001;LP_WAGE_CLAIM_001;LP_LEGAL_AID_001,0,False,5,4,True,team-reviewed,REV261,test
GOUT000181_EN,SCN000181,NAR000181_EN,en,ANS001600;ANS001601;ANS001602;ANS001603;ANS001604;ANS001605;ANS001606;ANS001607;ANS001608,EVT000181_001;EVT000181_002,"1. On the date of 2026-06-29, a formal consumer conflict classified as expired or contaminated goods sale manifested during a commercial interaction at the designated marketplace around 19:29. 2. I want to report an incident.","You reported a consumer disputes matter about expired or contaminated goods sale at Marketplace on 2024-01-20 around 19:29. The record notes danger status as No, threat mentioned as False, injury mentioned as True, and police contact as True.","incident_family=Consumer Disputes | issue=Expired or contaminated goods sale | place=Marketplace, Gujarat, India | date_time=2024-01-20 19:29 | events=EVT000181_001;EVT000181_002 | property_involved=True | threat_involved=False | injury_involved=True | open_questions=partially_provided: product_or_service | missing: refund_or_remedy_requested | optional: evidence_available","To the concerned authority, I wish to report that on 2024-01-20 around 19:29, at Marketplace, I experienced/reported an incident described as Expired or contaminated goods sale. My account is: I want to report an incident. On the date of 2026-06-29, a formal consumer conflict classified as expired or contaminated goods sale manifested during a commercial interaction at the designated marketplace around 19:29. The transaction parameters reveal an explicit deviation from advertising claims or legal standards, directly compromising buyer safety and financial protection. Standard operational dispute channels were exhausted without success, prompting an escalation to statutory regulatory oversight mechanisms. I am sharing all the details so that appropriate legal guidance can be provided. I request that the information be recorded, that appropriate lawful guidance or action be considered, and that I be told if any further documents or details are needed. This draft does not assert guilt, authenticate evidence, or state that an FIR has already been filed.","Case intake: Consumer Disputes / Expired or contaminated goods sale; location Marketplace, Gujarat; incident date/time 2024-01-20 19:29; danger=No; threat=False; injury=True; property=True; police_contacted=True; legal_help_requested=False; event_ids=EVT000181_001;EVT000181_002; key remaining gaps: partially_provided: product_or_service | missing: refund_or_remedy_requested | optional: evidence_available",Carry identity proof if needed; written timeline; location details; screenshots/photos/messages; receipts or documents where applicable; medical records if injury exists; property or account details if relevant; names/contact details of witnesses if safely available; copies of any prior complaint or authority response.,"The transaction parameters reveal an explicit deviation from advertising claims or legal standards, directly compromising buyer safety and financial protection; I have the payment screenshot and chat with the seller",partially_provided: product_or_service | missing: refund_or_remedy_requested | optional: evidence_available,No contradiction linked in slot annotations or clarification answers.,"No immediate danger is recorded, but reassess safety before taking action. Prepare payment proof, seller communication, product/service details, and consider consumer grievance or platform escalation. Police already contacted: True. Legal help requested: False.",LP_CONSUMER_COMPLAINT_001;LP_REFUND_RIGHTS_001;LP_ECOMMERCE_001,0,False,5,4,True,team-reviewed,REV598,validation
GOUT000182_EN,SCN000182,NAR000182_EN,en,ANS001609;ANS001610;ANS001611;ANS001612;ANS001613;ANS001614,EVT000182_001;EVT000182_002,"1. Dear Human Resources and Labor Commissioner, I am writing to formally lodge a grievance regarding the ongoing pattern of unfair termination within the Workplace. 2. I want to report an incident.","You reported a employment/labour matter about unfair termination at Workplace on 2024-01-20 around 06:32. The record notes danger status as No, threat mentioned as False, injury mentioned as False, and police contact as False.","incident_family=Employment/Labour | issue=Unfair termination | place=Workplace, Maharashtra, India | date_time=2024-01-20 06:32 | events=EVT000182_001;EVT000182_002 | property_involved=True | threat_involved=False | injury_involved=False | open_questions=optional: employment_documents, internal_complaint_status","To the concerned authority, I wish to report that on 2024-01-20 around 06:32, at Workplace, I experienced/reported an incident described as Unfair termination. My account is: I want to report an incident. Dear Human Resources and Labor Commissioner, I am writing to formally lodge a grievance regarding the ongoing pattern of unfair termination within the Workplace. The definitive breach transpired on 2026-07-03 at 06:32 hours, violating explicit terms of my employment contract and local statutory codes. I am sharing all the details so that appropriate legal guidance can be provided. I request that the information be recorded, that appropriate lawful guidance or action be considered, and that I be told if any further documents or details are needed. This draft does not assert guilt, authenticate evidence, or state that an FIR has already been filed.","Case intake: Employment/Labour / Unfair termination; location Workplace, Maharashtra; incident date/time 2024-01-20 06:32; danger=No; threat=False; injury=False; property=True; police_contacted=False; legal_help_requested=True; event_ids=EVT000182_001;EVT000182_002; key remaining gaps: optional: employment_documents, internal_complaint_status",Carry identity proof if needed; written timeline; location details; screenshots/photos/messages; receipts or documents where applicable; medical records if injury exists; property or account details if relevant; names/contact details of witnesses if safely available; copies of any prior complaint or authority response.,"I have some emails and employment records, but not every document","optional: employment_documents, internal_complaint_status",No contradiction linked in slot annotations or clarification answers.,"No immediate danger is recorded, but reassess safety before taking action. Collect employment documents, payslips, emails, HR communication, and wage/termination details. Police already contacted: False. Legal help requested: True.",LP_LABOUR_COMPLAINT_001;LP_WAGE_CLAIM_001;LP_LEGAL_AID_001,0,False,5,4,True,team-reviewed,REV209,test
GOUT000183_EN,SCN000183,NAR000183_EN,en,ANS001615;ANS001616;ANS001617;ANS001618;ANS001619;ANS001620;ANS001621;ANS001622;ANS001623;ANS001624;ANS001625;ANS001626,EVT000183_001;EVT000183_002,"1. Dear Traffic Police Commissioner, I am writing to formally report an escalating safety issue, specifically a recent hit and run collision that occurred at the Road. 2. I want to report an incident.","You reported a traffic & road incidents matter about hit and run collision at Road on 2024-01-23 around 10:21. The record notes danger status as No, threat mentioned as False, injury mentioned as True, and police contact as True.","incident_family=Traffic & Road Incidents | issue=Hit and run collision | place=Road, Karnataka, India | date_time=2024-01-23 10:21 | events=EVT000183_001;EVT000183_002 | property_involved=True | threat_involved=False | injury_involved=True | open_questions=partially_provided: vehicle_details | missing: property_damage | optional: offending_vehicle_left, traffic_obstruction","To the concerned authority, I wish to report that on 2024-01-23 around 10:21, at Road, I experienced/reported an incident described as Hit and run collision. My account is: I want to report an incident. Dear Traffic Police Commissioner, I am writing to formally report an escalating safety issue, specifically a recent hit and run collision that occurred at the Road. The incident took place on 2026-07-07 at 10:21 hours, creating significant hazards for other motorists. I am sharing all the details so that appropriate legal guidance can be provided. I request that the information be recorded, that appropriate lawful guidance or action be considered, and that I be told if any further documents or details are needed. This draft does not assert guilt, authenticate evidence, or state that an FIR has already been filed.","Case intake: Traffic & Road Incidents / Hit and run collision; location Road, Karnataka; incident date/time 2024-01-23 10:21; danger=No; threat=False; injury=True; property=True; police_contacted=True; legal_help_requested=False; event_ids=EVT000183_001;EVT000183_002; key remaining gaps: partially_provided: vehicle_details | missing: property_damage | optional: offending_vehicle_left, traffic_obstruction",Carry identity proof if needed; written timeline; location details; screenshots/photos/messages; receipts or documents where applicable; medical records if injury exists; property or account details if relevant; names/contact details of witnesses if safely available; copies of any prior complaint or authority response.,"No specific evidence item is confirmed; ask user to preserve screenshots, documents, photos, receipts, and messages where available.","partially_provided: vehicle_details | missing: property_damage | optional: offending_vehicle_left, traffic_obstruction",No contradiction linked in slot annotations or clarification answers.,"No immediate danger is recorded, but reassess safety before taking action. Record vehicle details, photos, injury and damage information, witnesses, and insurance/police documents. Police already contacted: True. Legal help requested: False.",LP_TRAFFIC_ACCIDENT_001;LP_HIT_AND_RUN_001;LP_MOTOR_CLAIM_001,0,False,5,4,True,team-reviewed,REV678,test
GOUT000184_EN,SCN000184,NAR000184_EN,en,ANS001627;ANS001628;ANS001629;ANS001630;ANS001631;ANS001632;ANS001633;ANS001634;ANS001635,EVT000184_001;EVT000184_002,1. experiencing a severe land encroachment since 08:37. 2. I want to report an incident.,"You reported a property disputes matter about land encroachment at Agricultural land on 2024-01-23 around 08:37. The record notes danger status as No, threat mentioned as True, injury mentioned as False, and police contact as False.","incident_family=Property Disputes | issue=Land encroachment | place=Agricultural land, Delhi, India | date_time=2024-01-23 08:37 | events=EVT000184_001;EVT000184_002 | property_involved=True | threat_involved=True | injury_involved=False | open_questions=partially_provided: property_type, current_possession | missing: ownership_documents","To the concerned authority, I wish to report that on 2024-01-23 around 08:37, at Agricultural land, I experienced/reported an incident described as Land encroachment. My account is: I want to report an incident. guys please help they are trying to take over the Agricultural land right now!! experiencing a severe land encroachment since 08:37. they brought workers and are breaking down boundaries. please check if anyone can come over fast I am sharing all the details so that appropriate legal guidance can be provided. I request that the information be recorded, that appropriate lawful guidance or action be considered, and that I be told if any further documents or details are needed. This draft does not assert guilt, authenticate evidence, or state that an FIR has already been filed.","Case intake: Property Disputes / Land encroachment; location Agricultural land, Delhi; incident date/time 2024-01-23 08:37; danger=No; threat=True; injury=False; property=True; police_contacted=False; legal_help_requested=True; event_ids=EVT000184_001;EVT000184_002; key remaining gaps: partially_provided: property_type, current_possession | missing: ownership_documents",Carry identity proof if needed; written timeline; location details; screenshots/photos/messages; receipts or documents where applicable; medical records if injury exists; property or account details if relevant; names/contact details of witnesses if safely available; copies of any prior complaint or authority response.,"I can show possession through receipts, photos, or property documents","partially_provided: property_type, current_possession | missing: ownership_documents",No contradiction linked in slot annotations or clarification answers.,"No immediate danger is recorded, but reassess safety before taking action. Collect ownership/possession documents, photos of the site, opposing-party details, and avoid confrontation. Police already contacted: False. Legal help requested: True.",LP_PROPERTY_DISPUTE_001;LP_CRIME_REPORTING_001;LP_DIGITAL_EVIDENCE_001,0,False,5,4,True,team-reviewed,REV398,test
GOUT000185_EN,SCN000185,NAR000185_EN,en,ANS001636;ANS001637;ANS001638;ANS001639;ANS001640;ANS001641;ANS001642;ANS001643;ANS001644;ANS001645;ANS001646;ANS001647,EVT000185_001;EVT000185_002,"1. Several individuals were actively contesting an instance of inheritance property claim, with local residents stepping in to prevent physical escalation before authorities were notified. 2. I want to report an incident.","You reported a property disputes matter about inheritance property claim at House on 2024-01-24 around 22:24. The record notes danger status as No, threat mentioned as False, injury mentioned as True, and police contact as False.","incident_family=Property Disputes | issue=Inheritance property claim | place=House, Gujarat, India | date_time=2024-01-24 22:24 | events=EVT000185_001;EVT000185_002 | property_involved=True | threat_involved=False | injury_involved=True | open_questions=partially_provided: property_type, ownership_documents | optional: opposing_party_identity | missing: current_possession","To the concerned authority, I wish to report that on 2024-01-24 around 22:24, at House, I experienced/reported an incident described as Inheritance property claim. My account is: I want to report an incident. The observer witnessed an intense community argument unfolding near the house around 22:24. Several individuals were actively contesting an instance of inheritance property claim, with local residents stepping in to prevent physical escalation before authorities were notified. I am sharing all the details so that appropriate legal guidance can be provided. I request that the information be recorded, that appropriate lawful guidance or action be considered, and that I be told if any further documents or details are needed. This draft does not assert guilt, authenticate evidence, or state that an FIR has already been filed.","Case intake: Property Disputes / Inheritance property claim; location House, Gujarat; incident date/time 2024-01-24 22:24; danger=No; threat=False; injury=True; property=True; police_contacted=False; legal_help_requested=True; event_ids=EVT000185_001;EVT000185_002; key remaining gaps: partially_provided: property_type, ownership_documents | optional: opposing_party_identity | missing: current_possession",Carry identity proof if needed; written timeline; location details; screenshots/photos/messages; receipts or documents where applicable; medical records if injury exists; property or account details if relevant; names/contact details of witnesses if safely available; copies of any prior complaint or authority response.,"Several individuals were actively contesting an instance of inheritance property claim, with local residents stepping in to prevent physical escalation before authorities were notified; I can show possession through receipts, photos, or property documents","partially_provided: property_type, ownership_documents | optional: opposing_party_identity | missing: current_possession",No contradiction linked in slot annotations or clarification answers.,"No immediate danger is recorded, but reassess safety before taking action. Collect ownership/possession documents, photos of the site, opposing-party details, and avoid confrontation. Police already contacted: False. Legal help requested: True.",LP_PROPERTY_DISPUTE_001;LP_CRIME_REPORTING_001;LP_DIGITAL_EVIDENCE_001,0,False,5,4,True,team-reviewed,REV667,validation
GOUT000186_EN,SCN000186,NAR000186_EN,en,ANS001648;ANS001649;ANS001650;ANS001651;ANS001652;ANS001653,EVT000186_001;EVT000186_002,1. there is a massive lost item reporting that happened around 15:19 today. 2. I want to report an incident.,"You reported a miscellaneous matter about lost item reporting at Railway station on 2024-01-25 around 15:19. The record notes danger status as No, threat mentioned as False, injury mentioned as False, and police contact as False.","incident_family=Miscellaneous | issue=Lost item reporting | place=Railway station, Uttar Pradesh, India | date_time=2024-01-25 15:19 | events=EVT000186_001;EVT000186_002 | property_involved=True | threat_involved=False | injury_involved=False | open_questions=partially_provided: risk_to_public | optional: authority_to_contact","To the concerned authority, I wish to report that on 2024-01-25 around 15:19, at Railway station, I experienced/reported an incident described as Lost item reporting. My account is: I want to report an incident. hey guys warning if u are passing by the Railway station right now!! there is a massive lost item reporting that happened around 15:19 today. try to take a different route if possible to avoid getting stuck or delayed I am sharing all the details so that appropriate legal guidance can be provided. I request that the information be recorded, that appropriate lawful guidance or action be considered, and that I be told if any further documents or details are needed. This draft does not assert guilt, authenticate evidence, or state that an FIR has already been filed.","Case intake: Miscellaneous / Lost item reporting; location Railway station, Uttar Pradesh; incident date/time 2024-01-25 15:19; danger=No; threat=False; injury=False; property=True; police_contacted=False; legal_help_requested=False; event_ids=EVT000186_001;EVT000186_002; key remaining gaps: partially_provided: risk_to_public | optional: authority_to_contact",Carry identity proof if needed; written timeline; location details; screenshots/photos/messages; receipts or documents where applicable; medical records if injury exists; property or account details if relevant; names/contact details of witnesses if safely available; copies of any prior complaint or authority response.,"No specific evidence item is confirmed; ask user to preserve screenshots, documents, photos, receipts, and messages where available.",partially_provided: risk_to_public | optional: authority_to_contact,No contradiction linked in slot annotations or clarification answers.,"No immediate danger is recorded, but reassess safety before taking action. Collect date, location, evidence, authority contacted, and any safety concerns before escalation. Police already contacted: False. Legal help requested: False.",LP_CRIME_REPORTING_001;LP_EMERGENCY_HELP_001;LP_LEGAL_AID_001,0,False,5,4,True,team-reviewed,REV945,test
GOUT000187_EN,SCN000187,NAR000187_EN,en,ANS001654;ANS001655;ANS001656;ANS001657;ANS001658;ANS001659;ANS001660;ANS001661;ANS001662,EVT000187_001;EVT000187_002,1. Complainant registers a general municipal or public service notification regarding noise pollution grievance at the location of residential street. 2. I want to report an incident.,"You reported a miscellaneous matter about noise pollution grievance at Residential street on 2024-01-30 around 03:51. The record notes danger status as No, threat mentioned as False, injury mentioned as False, and police contact as False.","incident_family=Miscellaneous | issue=Noise pollution grievance | place=Residential street, Telangana, India | date_time=2024-01-30 03:51 | events=EVT000187_001;EVT000187_002 | property_involved=True | threat_involved=False | injury_involved=False | open_questions=partially_provided: risk_to_public | optional: item_or_property_affected, authority_to_contact","To the concerned authority, I wish to report that on 2024-01-30 around 03:51, at Residential street, I experienced/reported an incident described as Noise pollution grievance. My account is: I want to report an incident. Complainant registers a general municipal or public service notification regarding noise pollution grievance at the location of residential street. The incident transpired on 2026-06-27 at approximately 03:51 hours, causing minor public inconvenience or operational disruption. Log entries have been completed. I am sharing all the details so that appropriate legal guidance can be provided. I request that the information be recorded, that appropriate lawful guidance or action be considered, and that I be told if any further documents or details are needed. This draft does not assert guilt, authenticate evidence, or state that an FIR has already been filed.","Case intake: Miscellaneous / Noise pollution grievance; location Residential street, Telangana; incident date/time 2024-01-30 03:51; danger=No; threat=False; injury=False; property=True; police_contacted=False; legal_help_requested=False; event_ids=EVT000187_001;EVT000187_002; key remaining gaps: partially_provided: risk_to_public | optional: item_or_property_affected, authority_to_contact",Carry identity proof if needed; written timeline; location details; screenshots/photos/messages; receipts or documents where applicable; medical records if injury exists; property or account details if relevant; names/contact details of witnesses if safely available; copies of any prior complaint or authority response.,"No specific evidence item is confirmed; ask user to preserve screenshots, documents, photos, receipts, and messages where available.","partially_provided: risk_to_public | optional: item_or_property_affected, authority_to_contact",No contradiction linked in slot annotations or clarification answers.,"No immediate danger is recorded, but reassess safety before taking action. Collect date, location, evidence, authority contacted, and any safety concerns before escalation. Police already contacted: False. Legal help requested: False.",LP_CRIME_REPORTING_001;LP_EMERGENCY_HELP_001;LP_LEGAL_AID_001,0,False,5,4,True,team-reviewed,REV475,validation
GOUT000188_EN,SCN000188,NAR000188_EN,en,ANS001663;ANS001664;ANS001665;ANS001666;ANS001667;ANS001668;ANS001669;ANS001670;ANS001671;ANS001672;ANS001673;ANS001674,EVT000188_001;EVT000188_002,1. Complainant reports a structural civil grievance regarding boundary wall dispute at the site located in villa. 2. I want to report an incident.,"You reported a property disputes matter about boundary wall dispute at Villa on 2024-01-31 around 00:47. The record notes danger status as No, threat mentioned as False, injury mentioned as True, and police contact as True.","incident_family=Property Disputes | issue=Boundary wall dispute | place=Villa, Maharashtra, India | date_time=2024-01-31 00:47 | events=EVT000188_001;EVT000188_002 | property_involved=True | threat_involved=False | injury_involved=True | open_questions=partially_provided: property_type, ownership_documents | optional: opposing_party_identity | missing: current_possession","To the concerned authority, I wish to report that on 2024-01-31 around 00:47, at Villa, I experienced/reported an incident described as Boundary wall dispute. My account is: I want to report an incident. Complainant reports a structural civil grievance regarding boundary wall dispute at the site located in villa. On 2026-07-07 at 00:47 hours, opposing parties gathered and attempted unauthorized physical alterations. Property ownership documents have been submitted for verification. I am sharing all the details so that appropriate legal guidance can be provided. I request that the information be recorded, that appropriate lawful guidance or action be considered, and that I be told if any further documents or details are needed. This draft does not assert guilt, authenticate evidence, or state that an FIR has already been filed.","Case intake: Property Disputes / Boundary wall dispute; location Villa, Maharashtra; incident date/time 2024-01-31 00:47; danger=No; threat=False; injury=True; property=True; police_contacted=True; legal_help_requested=True; event_ids=EVT000188_001;EVT000188_002; key remaining gaps: partially_provided: property_type, ownership_documents | optional: opposing_party_identity | missing: current_possession",Carry identity proof if needed; written timeline; location details; screenshots/photos/messages; receipts or documents where applicable; medical records if injury exists; property or account details if relevant; names/contact details of witnesses if safely available; copies of any prior complaint or authority response.,"Property ownership documents have been submitted for verification; I can show possession through receipts, photos, or property documents","partially_provided: property_type, ownership_documents | optional: opposing_party_identity | missing: current_possession",No contradiction linked in slot annotations or clarification answers.,"No immediate danger is recorded, but reassess safety before taking action. Collect ownership/possession documents, photos of the site, opposing-party details, and avoid confrontation. Police already contacted: True. Legal help requested: True.",LP_PROPERTY_DISPUTE_001;LP_CRIME_REPORTING_001;LP_DIGITAL_EVIDENCE_001,0,False,5,4,True,team-reviewed,REV180,test
GOUT000189_EN,SCN000189,NAR000189_EN,en,ANS001675;ANS001676;ANS001677;ANS001678;ANS001679;ANS001680;ANS001681;ANS001682;ANS001683,EVT000189_001;EVT000189_002,1. Complainant registers a general municipal or public service notification regarding noise pollution grievance at the location of house. 2. I want to report an incident.,"You reported a miscellaneous matter about noise pollution grievance at House on 2024-02-01 around 21:40. The record notes danger status as No, threat mentioned as False, injury mentioned as False, and police contact as True.","incident_family=Miscellaneous | issue=Noise pollution grievance | place=House, Telangana, India | date_time=2024-02-01 21:40 | events=EVT000189_001;EVT000189_002 | property_involved=False | threat_involved=False | injury_involved=False | open_questions=partially_provided: risk_to_public | optional: item_or_property_affected, authority_to_contact","To the concerned authority, I wish to report that on 2024-02-01 around 21:40, at House, I experienced/reported an incident described as Noise pollution grievance. My account is: I want to report an incident. Complainant registers a general municipal or public service notification regarding noise pollution grievance at the location of house. The incident transpired on 2026-07-02 at approximately 21:40 hours, causing minor public inconvenience or operational disruption. Log entries have been completed. I am sharing all the details so that appropriate legal guidance can be provided. I request that the information be recorded, that appropriate lawful guidance or action be considered, and that I be told if any further documents or details are needed. This draft does not assert guilt, authenticate evidence, or state that an FIR has already been filed.","Case intake: Miscellaneous / Noise pollution grievance; location House, Telangana; incident date/time 2024-02-01 21:40; danger=No; threat=False; injury=False; property=False; police_contacted=True; legal_help_requested=True; event_ids=EVT000189_001;EVT000189_002; key remaining gaps: partially_provided: risk_to_public | optional: item_or_property_affected, authority_to_contact",Carry identity proof if needed; written timeline; location details; screenshots/photos/messages; receipts or documents where applicable; medical records if injury exists; property or account details if relevant; names/contact details of witnesses if safely available; copies of any prior complaint or authority response.,"No specific evidence item is confirmed; ask user to preserve screenshots, documents, photos, receipts, and messages where available.","partially_provided: risk_to_public | optional: item_or_property_affected, authority_to_contact",No contradiction linked in slot annotations or clarification answers.,"No immediate danger is recorded, but reassess safety before taking action. Collect date, location, evidence, authority contacted, and any safety concerns before escalation. Police already contacted: True. Legal help requested: True.",LP_CRIME_REPORTING_001;LP_EMERGENCY_HELP_001;LP_LEGAL_AID_001,0,False,5,4,True,team-reviewed,REV319,validation
GOUT000190_EN,SCN000190,NAR000190_EN,en,ANS001684;ANS001685;ANS001686;ANS001687;ANS001688;ANS001689,EVT000190_001;EVT000190_002,"1. Dear Human Resources and Labor Commissioner, I am writing to formally lodge a grievance regarding the ongoing pattern of unpaid wage dispute within the Shop. 2. I want to report an incident.","You reported a employment/labour matter about unpaid wage dispute at Shop on 2024-02-09 around 13:29. The record notes danger status as No, threat mentioned as False, injury mentioned as False, and police contact as False.","incident_family=Employment/Labour | issue=Unpaid wage dispute | place=Shop, Maharashtra, India | date_time=2024-02-09 13:29 | events=EVT000190_001;EVT000190_002 | property_involved=True | threat_involved=False | injury_involved=False | open_questions=optional: employment_documents, internal_complaint_status","To the concerned authority, I wish to report that on 2024-02-09 around 13:29, at Shop, I experienced/reported an incident described as Unpaid wage dispute. My account is: I want to report an incident. Dear Human Resources and Labor Commissioner, I am writing to formally lodge a grievance regarding the ongoing pattern of unpaid wage dispute within the Shop. The definitive breach transpired on 2026-06-23 at 13:29 hours, violating explicit terms of my employment contract and local statutory codes. I am sharing all the details so that appropriate legal guidance can be provided. I request that the information be recorded, that appropriate lawful guidance or action be considered, and that I be told if any further documents or details are needed. This draft does not assert guilt, authenticate evidence, or state that an FIR has already been filed.","Case intake: Employment/Labour / Unpaid wage dispute; location Shop, Maharashtra; incident date/time 2024-02-09 13:29; danger=No; threat=False; injury=False; property=True; police_contacted=False; legal_help_requested=True; event_ids=EVT000190_001;EVT000190_002; key remaining gaps: optional: employment_documents, internal_complaint_status",Carry identity proof if needed; written timeline; location details; screenshots/photos/messages; receipts or documents where applicable; medical records if injury exists; property or account details if relevant; names/contact details of witnesses if safely available; copies of any prior complaint or authority response.,"I have some emails and employment records, but not every document","optional: employment_documents, internal_complaint_status",No contradiction linked in slot annotations or clarification answers.,"No immediate danger is recorded, but reassess safety before taking action. Collect employment documents, payslips, emails, HR communication, and wage/termination details. Police already contacted: False. Legal help requested: True.",LP_LABOUR_COMPLAINT_001;LP_WAGE_CLAIM_001;LP_LEGAL_AID_001,0,False,5,4,True,team-reviewed,REV257,test
GOUT000191_EN,SCN000191,NAR000191_EN,en,ANS001690;ANS001691;ANS001692;ANS001693;ANS001694;ANS001695;ANS001696;ANS001697;ANS001698;ANS001699;ANS001700;ANS001701,EVT000191_001;EVT000191_002,"1. Complainant states that on 2026-06-30 at approximately 02:52 hours, an incident of online phishing theft occurred at Online platform. 2. I want to report an incident.","You reported a theft and robbery matter about online phishing theft at Online platform on 2024-02-10 around 02:52. The record notes danger status as No, threat mentioned as False, injury mentioned as False, and police contact as False.","incident_family=Theft and robbery | issue=Online phishing theft | place=Online platform, Maharashtra, India | date_time=2024-02-10 02:52 | events=EVT000191_001;EVT000191_002 | property_involved=True | threat_involved=False | injury_involved=False | open_questions=partially_provided: property_type, property_description, ownership_information | missing: force_or_threat_used","To the concerned authority, I wish to report that on 2024-02-10 around 02:52, at Online platform, I experienced/reported an incident described as Online phishing theft. My account is: I want to report an incident. Complainant states that on 2026-06-30 at approximately 02:52 hours, an incident of online phishing theft occurred at Online platform. The perpetrator description matches a male individual height approx 5'8"". Property loss reported. Case registered under relevant sections. I am sharing all the details so that appropriate legal guidance can be provided. I request that the information be recorded, that appropriate lawful guidance or action be considered, and that I be told if any further documents or details are needed. This draft does not assert guilt, authenticate evidence, or state that an FIR has already been filed.","Case intake: Theft and robbery / Online phishing theft; location Online platform, Maharashtra; incident date/time 2024-02-10 02:52; danger=No; threat=False; injury=False; property=True; police_contacted=False; legal_help_requested=True; event_ids=EVT000191_001;EVT000191_002; key remaining gaps: partially_provided: property_type, property_description, ownership_information | missing: force_or_threat_used",Carry identity proof if needed; written timeline; location details; screenshots/photos/messages; receipts or documents where applicable; medical records if injury exists; property or account details if relevant; names/contact details of witnesses if safely available; copies of any prior complaint or authority response.,"Case registered under relevant sections; I can show possession through receipts, photos, or property documents","partially_provided: property_type, property_description, ownership_information | missing: force_or_threat_used",No contradiction linked in slot annotations or clarification answers.,"No immediate danger is recorded, but reassess safety before taking action. Prepare property details, location, timing, suspect description if known, and police complaint materials. Police already contacted: False. Legal help requested: True.",LP_CRIME_REPORTING_001;LP_FIR_PROCESS_001;LP_DIGITAL_EVIDENCE_001,0,False,5,4,True,team-reviewed,REV689,test
GOUT000192_EN,SCN000192,NAR000192_EN,en,ANS001702;ANS001703;ANS001704;ANS001705;ANS001706;ANS001707;ANS001708;ANS001709;ANS001710;ANS001711;ANS001712;ANS001713,EVT000192_001;EVT000192_002,"1. Shortly after, they approached the victim from behind, forcefully committed pickpocketing, and fled the scene on a two-wheeler heading north. 2. I want to report an incident.","You reported a theft and robbery matter about pickpocketing at Railway station on 2024-02-10 around 15:20. The record notes danger status as No, threat mentioned as True, injury mentioned as False, and police contact as True.","incident_family=Theft and robbery | issue=Pickpocketing | place=Railway station, Maharashtra, India | date_time=2024-02-10 15:20 | events=EVT000192_001;EVT000192_002 | property_involved=True | threat_involved=True | injury_involved=False | open_questions=partially_provided: property_type, property_description | missing: ownership_information | optional: suspect_description","To the concerned authority, I wish to report that on 2024-02-10 around 15:20, at Railway station, I experienced/reported an incident described as Pickpocketing. My account is: I want to report an incident. The observer noticed two suspicious individuals loitering near the railway station around 15:20. Shortly after, they approached the victim from behind, forcefully committed pickpocketing, and fled the scene on a two-wheeler heading north. I am sharing all the details so that appropriate legal guidance can be provided. I request that the information be recorded, that appropriate lawful guidance or action be considered, and that I be told if any further documents or details are needed. This draft does not assert guilt, authenticate evidence, or state that an FIR has already been filed.","Case intake: Theft and robbery / Pickpocketing; location Railway station, Maharashtra; incident date/time 2024-02-10 15:20; danger=No; threat=True; injury=False; property=True; police_contacted=True; legal_help_requested=True; event_ids=EVT000192_001;EVT000192_002; key remaining gaps: partially_provided: property_type, property_description | missing: ownership_information | optional: suspect_description",Carry identity proof if needed; written timeline; location details; screenshots/photos/messages; receipts or documents where applicable; medical records if injury exists; property or account details if relevant; names/contact details of witnesses if safely available; copies of any prior complaint or authority response.,"I can show possession through receipts, photos, or property documents","partially_provided: property_type, property_description | missing: ownership_information | optional: suspect_description",No contradiction linked in slot annotations or clarification answers.,"No immediate danger is recorded, but reassess safety before taking action. Prepare property details, location, timing, suspect description if known, and police complaint materials. Police already contacted: True. Legal help requested: True.",LP_CRIME_REPORTING_001;LP_FIR_PROCESS_001;LP_DIGITAL_EVIDENCE_001,0,False,5,4,True,team-reviewed,REV378,test
GOUT000193_EN,SCN000193,NAR000193_EN,en,ANS001714;ANS001715;ANS001716;ANS001717;ANS001718;ANS001719;ANS001720;ANS001721;ANS001722,EVT000193_001;EVT000193_002,"1. A customer was contesting a distinct case of expired or contaminated goods sale, showing clear evidence to the merchant, who continuously refused liability or proper resolution. 2. I want to report an incident.","You reported a consumer disputes matter about expired or contaminated goods sale at Marketplace on 2024-02-10 around 22:23. The record notes danger status as No, threat mentioned as False, injury mentioned as True, and police contact as False.","incident_family=Consumer Disputes | issue=Expired or contaminated goods sale | place=Marketplace, Gujarat, India | date_time=2024-02-10 22:23 | events=EVT000193_001;EVT000193_002 | property_involved=True | threat_involved=False | injury_involved=True | open_questions=partially_provided: product_or_service | missing: payment_information, refund_or_remedy_requested","To the concerned authority, I wish to report that on 2024-02-10 around 22:23, at Marketplace, I experienced/reported an incident described as Expired or contaminated goods sale. My account is: I want to report an incident. The observer noted a clear altercation developing at the counter of the marketplace around 22:23. A customer was contesting a distinct case of expired or contaminated goods sale, showing clear evidence to the merchant, who continuously refused liability or proper resolution. I am sharing all the details so that appropriate legal guidance can be provided. I request that the information be recorded, that appropriate lawful guidance or action be considered, and that I be told if any further documents or details are needed. This draft does not assert guilt, authenticate evidence, or state that an FIR has already been filed.","Case intake: Consumer Disputes / Expired or contaminated goods sale; location Marketplace, Gujarat; incident date/time 2024-02-10 22:23; danger=No; threat=False; injury=True; property=True; police_contacted=False; legal_help_requested=True; event_ids=EVT000193_001;EVT000193_002; key remaining gaps: partially_provided: product_or_service | missing: payment_information, refund_or_remedy_requested",Carry identity proof if needed; written timeline; location details; screenshots/photos/messages; receipts or documents where applicable; medical records if injury exists; property or account details if relevant; names/contact details of witnesses if safely available; copies of any prior complaint or authority response.,"A customer was contesting a distinct case of expired or contaminated goods sale, showing clear evidence to the merchant, who continuously refused liability or proper resolution; Payment was made before the dispute, and I can provide the receipt or screenshot","partially_provided: product_or_service | missing: payment_information, refund_or_remedy_requested",No contradiction linked in slot annotations or clarification answers.,"No immediate danger is recorded, but reassess safety before taking action. Prepare payment proof, seller communication, product/service details, and consider consumer grievance or platform escalation. Police already contacted: False. Legal help requested: True.",LP_CONSUMER_COMPLAINT_001;LP_REFUND_RIGHTS_001;LP_ECOMMERCE_001,0,False,5,4,True,team-reviewed,REV382,validation
GOUT000194_EN,SCN000194,NAR000194_EN,en,ANS001723;ANS001724;ANS001725;ANS001726;ANS001727;ANS001728;ANS001729;ANS001730;ANS001731;ANS001732;ANS001733;ANS001734;ANS001735;ANS001736;ANS001737,EVT000194_001;EVT000194_002,1. he is screaming and throwing things again it's really bad emotional and verbal abuse right now at home since 18:30 hours. 2. I want to report an incident.,"You reported a domestic violence matter about emotional and verbal abuse at Residential street on 2024-02-10 around 18:30. The record notes danger status as No, threat mentioned as True, injury mentioned as False, and police contact as True.","incident_family=Domestic Violence | issue=Emotional and verbal abuse | place=Residential street, Uttar Pradesh, India | date_time=2024-02-10 18:30 | events=EVT000194_001;EVT000194_002 | property_involved=True | threat_involved=True | injury_involved=False | open_questions=partially_provided: relationship_to_offender, current_shelter_safety | optional: children_or_dependents, evidence_available | missing: injury_or_medical_need","To the concerned authority, I wish to report that on 2024-02-10 around 18:30, at Residential street, I experienced/reported an incident described as Emotional and verbal abuse. My account is: I want to report an incident. he is screaming and throwing things again it's really bad emotional and verbal abuse right now at home since 18:30 hours. please call someone or come over i am hiding in the washroom right now text me back please I am sharing all the details so that appropriate legal guidance can be provided. I request that the information be recorded, that appropriate lawful guidance or action be considered, and that I be told if any further documents or details are needed. This draft does not assert guilt, authenticate evidence, or state that an FIR has already been filed.","Case intake: Domestic Violence / Emotional and verbal abuse; location Residential street, Uttar Pradesh; incident date/time 2024-02-10 18:30; danger=No; threat=True; injury=False; property=True; police_contacted=True; legal_help_requested=False; event_ids=EVT000194_001;EVT000194_002; key remaining gaps: partially_provided: relationship_to_offender, current_shelter_safety | optional: children_or_dependents, evidence_available | missing: injury_or_medical_need",Carry identity proof if needed; written timeline; location details; screenshots/photos/messages; receipts or documents where applicable; medical records if injury exists; property or account details if relevant; names/contact details of witnesses if safely available; copies of any prior complaint or authority response.,I have photos and messages related to the incident,"partially_provided: relationship_to_offender, current_shelter_safety | optional: children_or_dependents, evidence_available | missing: injury_or_medical_need",No contradiction linked in slot annotations or clarification answers.,"No immediate danger is recorded, but reassess safety before taking action. Prioritise safety planning, trusted support, medical documentation if needed, and legal-aid/protection options. Police already contacted: True. Legal help requested: False.",LP_DOMESTIC_VIOLENCE_001;LP_EMERGENCY_HELP_001;LP_LEGAL_AID_001,0,False,5,4,True,team-reviewed,REV868,test
GOUT000195_EN,SCN000195,NAR000195_EN,en,ANS001738;ANS001739;ANS001740;ANS001741;ANS001742;ANS001743;ANS001744;ANS001745;ANS001746,EVT000195_001;EVT000195_002,"1. The situation involved a distinct noise pollution grievance, drawing the attention of passing commuters before local municipal workers arrived on site. 2. I want to report an incident.","You reported a miscellaneous matter about noise pollution grievance at Apartment on 2024-02-12 around 18:21. The record notes danger status as No, threat mentioned as False, injury mentioned as False, and police contact as False.","incident_family=Miscellaneous | issue=Noise pollution grievance | place=Apartment, Delhi, India | date_time=2024-02-12 18:21 | events=EVT000195_001;EVT000195_002 | property_involved=True | threat_involved=False | injury_involved=False | open_questions=partially_provided: risk_to_public | optional: item_or_property_affected, authority_to_contact","To the concerned authority, I wish to report that on 2024-02-12 around 18:21, at Apartment, I experienced/reported an incident described as Noise pollution grievance. My account is: I want to report an incident. The observer noted a minor public disturbance developing near the local apartment around 18:21. The situation involved a distinct noise pollution grievance, drawing the attention of passing commuters before local municipal workers arrived on site. I am sharing all the details so that appropriate legal guidance can be provided. I request that the information be recorded, that appropriate lawful guidance or action be considered, and that I be told if any further documents or details are needed. This draft does not assert guilt, authenticate evidence, or state that an FIR has already been filed.","Case intake: Miscellaneous / Noise pollution grievance; location Apartment, Delhi; incident date/time 2024-02-12 18:21; danger=No; threat=False; injury=False; property=True; police_contacted=False; legal_help_requested=False; event_ids=EVT000195_001;EVT000195_002; key remaining gaps: partially_provided: risk_to_public | optional: item_or_property_affected, authority_to_contact",Carry identity proof if needed; written timeline; location details; screenshots/photos/messages; receipts or documents where applicable; medical records if injury exists; property or account details if relevant; names/contact details of witnesses if safely available; copies of any prior complaint or authority response.,"No specific evidence item is confirmed; ask user to preserve screenshots, documents, photos, receipts, and messages where available.","partially_provided: risk_to_public | optional: item_or_property_affected, authority_to_contact",No contradiction linked in slot annotations or clarification answers.,"No immediate danger is recorded, but reassess safety before taking action. Collect date, location, evidence, authority contacted, and any safety concerns before escalation. Police already contacted: False. Legal help requested: False.",LP_CRIME_REPORTING_001;LP_EMERGENCY_HELP_001;LP_LEGAL_AID_001,0,False,5,4,True,team-reviewed,REV203,test
GOUT000196_EN,SCN000196,NAR000196_EN,en,ANS001747;ANS001748;ANS001749;ANS001750;ANS001751;ANS001752,EVT000196_001;EVT000196_002,1. just had a huge fight with HR at the Showroom regarding workplace harassment around 11:52 today. 2. I want to report an incident.,"You reported a employment/labour matter about workplace harassment at Showroom on 2024-02-15 around 11:52. The record notes danger status as No, threat mentioned as False, injury mentioned as False, and police contact as False.","incident_family=Employment/Labour | issue=Workplace harassment | place=Showroom, Delhi, India | date_time=2024-02-15 11:52 | events=EVT000196_001;EVT000196_002 | property_involved=False | threat_involved=False | injury_involved=False | open_questions=optional: employment_documents, wage_or_benefit_amount","To the concerned authority, I wish to report that on 2024-02-15 around 11:52, at Showroom, I experienced/reported an incident described as Workplace harassment. My account is: I want to report an incident. hey guys bad news. just had a huge fight with HR at the Showroom regarding workplace harassment around 11:52 today. they are trying to cheat us out of our terms or fire people arbitrarily. check your emails immediately, we need to stand together on this I am sharing all the details so that appropriate legal guidance can be provided. I request that the information be recorded, that appropriate lawful guidance or action be considered, and that I be told if any further documents or details are needed. This draft does not assert guilt, authenticate evidence, or state that an FIR has already been filed.","Case intake: Employment/Labour / Workplace harassment; location Showroom, Delhi; incident date/time 2024-02-15 11:52; danger=No; threat=False; injury=False; property=False; police_contacted=False; legal_help_requested=True; event_ids=EVT000196_001;EVT000196_002; key remaining gaps: optional: employment_documents, wage_or_benefit_amount",Carry identity proof if needed; written timeline; location details; screenshots/photos/messages; receipts or documents where applicable; medical records if injury exists; property or account details if relevant; names/contact details of witnesses if safely available; copies of any prior complaint or authority response.,"I have some emails and employment records, but not every document","optional: employment_documents, wage_or_benefit_amount",No contradiction linked in slot annotations or clarification answers.,"No immediate danger is recorded, but reassess safety before taking action. Collect employment documents, payslips, emails, HR communication, and wage/termination details. Police already contacted: False. Legal help requested: True.",LP_LABOUR_COMPLAINT_001;LP_WAGE_CLAIM_001;LP_LEGAL_AID_001,0,False,5,4,True,team-reviewed,REV335,Train
GOUT000197_EN,SCN000197,NAR000197_EN,en,ANS001753;ANS001754;ANS001755;ANS001756;ANS001757;ANS001758;ANS001759;ANS001760;ANS001761,EVT000197_001;EVT000197_002,1. experiencing a severe land encroachment since 10:00. 2. I want to report an incident.,"You reported a property disputes matter about land encroachment at Plot on 2024-02-16 around 10:00. The record notes danger status as No, threat mentioned as True, injury mentioned as False, and police contact as True.","incident_family=Property Disputes | issue=Land encroachment | place=Plot, Maharashtra, India | date_time=2024-02-16 10:00 | events=EVT000197_001;EVT000197_002 | property_involved=True | threat_involved=True | injury_involved=False | open_questions=partially_provided: property_type, current_possession | missing: ownership_documents","To the concerned authority, I wish to report that on 2024-02-16 around 10:00, at Plot, I experienced/reported an incident described as Land encroachment. My account is: I want to report an incident. guys please help they are trying to take over the Plot right now!! experiencing a severe land encroachment since 10:00. they brought workers and are breaking down boundaries. please check if anyone can come over fast I am sharing all the details so that appropriate legal guidance can be provided. I request that the information be recorded, that appropriate lawful guidance or action be considered, and that I be told if any further documents or details are needed. This draft does not assert guilt, authenticate evidence, or state that an FIR has already been filed.","Case intake: Property Disputes / Land encroachment; location Plot, Maharashtra; incident date/time 2024-02-16 10:00; danger=No; threat=True; injury=False; property=True; police_contacted=True; legal_help_requested=True; event_ids=EVT000197_001;EVT000197_002; key remaining gaps: partially_provided: property_type, current_possession | missing: ownership_documents",Carry identity proof if needed; written timeline; location details; screenshots/photos/messages; receipts or documents where applicable; medical records if injury exists; property or account details if relevant; names/contact details of witnesses if safely available; copies of any prior complaint or authority response.,"I can show possession through receipts, photos, or property documents","partially_provided: property_type, current_possession | missing: ownership_documents",No contradiction linked in slot annotations or clarification answers.,"No immediate danger is recorded, but reassess safety before taking action. Collect ownership/possession documents, photos of the site, opposing-party details, and avoid confrontation. Police already contacted: True. Legal help requested: True.",LP_PROPERTY_DISPUTE_001;LP_CRIME_REPORTING_001;LP_DIGITAL_EVIDENCE_001,0,False,5,4,True,team-reviewed,REV791,validation
GOUT000198_EN,SCN000198,NAR000198_EN,en,ANS001762;ANS001763;ANS001764;ANS001765;ANS001766;ANS001767;ANS001768;ANS001769;ANS001770,EVT000198_001;EVT000198_002,1. just discovered a major loan approval scam happened around 20:28 today. 2. I want to report an incident.,"You reported a financial fraud matter about loan approval scam at Office on 2024-02-16 around 20:28. The record notes danger status as No, threat mentioned as True, injury mentioned as False, and police contact as True.","incident_family=Financial Fraud | issue=Loan approval scam | place=Office, Gujarat, India | date_time=2024-02-16 20:28 | events=EVT000198_001;EVT000198_002 | property_involved=True | threat_involved=True | injury_involved=False | open_questions=optional: bank_or_wallet, transaction_identifier, documents_or_audit_trail","To the concerned authority, I wish to report that on 2024-02-16 around 20:28, at Office, I experienced/reported an incident described as Loan approval scam. My account is: I want to report an incident. guys freeze your accounts if you used that Office recently!! just discovered a major loan approval scam happened around 20:28 today. unauthorized charges are showing up on multiple profiles, notify your branch manager asap I am sharing all the details so that appropriate legal guidance can be provided. I request that the information be recorded, that appropriate lawful guidance or action be considered, and that I be told if any further documents or details are needed. This draft does not assert guilt, authenticate evidence, or state that an FIR has already been filed.","Case intake: Financial Fraud / Loan approval scam; location Office, Gujarat; incident date/time 2024-02-16 20:28; danger=No; threat=True; injury=False; property=True; police_contacted=True; legal_help_requested=True; event_ids=EVT000198_001;EVT000198_002; key remaining gaps: optional: bank_or_wallet, transaction_identifier, documents_or_audit_trail",Carry identity proof if needed; written timeline; location details; screenshots/photos/messages; receipts or documents where applicable; medical records if injury exists; property or account details if relevant; names/contact details of witnesses if safely available; copies of any prior complaint or authority response.,"I can provide more details, but I need to check the exact information","optional: bank_or_wallet, transaction_identifier, documents_or_audit_trail",No contradiction linked in slot annotations or clarification answers.,"No immediate danger is recorded, but reassess safety before taking action. Notify the financial institution quickly, preserve transaction records, and consider police/cyber reporting depending on facts. Police already contacted: True. Legal help requested: True.",LP_FINANCIAL_CYBER_FRAUD_001;LP_CYBER_REPORTING_001;LP_DIGITAL_EVIDENCE_001,0,False,5,4,True,team-reviewed,REV953,test
GOUT000199_EN,SCN000199,NAR000199_EN,en,ANS001771;ANS001772;ANS001773;ANS001774;ANS001775;ANS001776,EVT000199_001;EVT000199_002,"1. So I was just standing at the railway station around 16:14 yesterday, checking my phone, when this guy suddenly rushed past me and grabbed my belongings out of nowhere! 2. I want to report an incident.","You reported a theft and robbery matter about pickpocketing at Railway station on 2024-02-23 around 16:14. The record notes danger status as No, threat mentioned as True, injury mentioned as False, and police contact as False.","incident_family=Theft and robbery | issue=Pickpocketing | place=Railway station, Telangana, India | date_time=2024-02-23 16:14 | events=EVT000199_001;EVT000199_002 | property_involved=True | threat_involved=True | injury_involved=False | open_questions=missing: ownership_information | optional: suspect_description","To the concerned authority, I wish to report that on 2024-02-23 around 16:14, at Railway station, I experienced/reported an incident described as Pickpocketing. My account is: I want to report an incident. So I was just standing at the railway station around 16:14 yesterday, checking my phone, when this guy suddenly rushed past me and grabbed my belongings out of nowhere! I didn't even have time to react or see his face properly. Totally shocked. I am sharing all the details so that appropriate legal guidance can be provided. I request that the information be recorded, that appropriate lawful guidance or action be considered, and that I be told if any further documents or details are needed. This draft does not assert guilt, authenticate evidence, or state that an FIR has already been filed.","Case intake: Theft and robbery / Pickpocketing; location Railway station, Telangana; incident date/time 2024-02-23 16:14; danger=No; threat=True; injury=False; property=True; police_contacted=False; legal_help_requested=True; event_ids=EVT000199_001;EVT000199_002; key remaining gaps: missing: ownership_information | optional: suspect_description",Carry identity proof if needed; written timeline; location details; screenshots/photos/messages; receipts or documents where applicable; medical records if injury exists; property or account details if relevant; names/contact details of witnesses if safely available; copies of any prior complaint or authority response.,"I can show possession through receipts, photos, or property documents",missing: ownership_information | optional: suspect_description,No contradiction linked in slot annotations or clarification answers.,"No immediate danger is recorded, but reassess safety before taking action. Prepare property details, location, timing, suspect description if known, and police complaint materials. Police already contacted: False. Legal help requested: True.",LP_CRIME_REPORTING_001;LP_FIR_PROCESS_001;LP_DIGITAL_EVIDENCE_001,0,False,5,4,True,team-reviewed,REV297,Train
GOUT000200_EN,SCN000200,NAR000200_EN,en,ANS001777;ANS001778;ANS001779;ANS001780;ANS001781;ANS001782;ANS001783;ANS001784;ANS001785;ANS001786;ANS001787;ANS001788,EVT000200_001;EVT000200_002,1. I realized it was a total cyberstalking when my savings started moving out. 2. I want to report an incident.,"You reported a cybercrime matter about cyberstalking at Online platform on 2024-02-25 around 18:06. The record notes danger status as No, threat mentioned as True, injury mentioned as False, and police contact as True.","incident_family=Cybercrime | issue=Cyberstalking | place=Online platform, Tamil Nadu, India | date_time=2024-02-25 18:06 | events=EVT000200_001;EVT000200_002 | property_involved=True | threat_involved=True | injury_involved=False | open_questions=optional: digital_evidence, suspect_or_sender_identity, security_steps_taken | partially_provided: ongoing_access_risk","To the concerned authority, I wish to report that on 2024-02-25 around 18:06, at Online platform, I experienced/reported an incident described as Cyberstalking. My account is: I want to report an incident. So I clicked this link thinking it was an official notification around 18:06 yesterday, and suddenly I was locked out of my account. I realized it was a total cyberstalking when my savings started moving out. I'm completely panicking right now. I am sharing all the details so that appropriate legal guidance can be provided. I request that the information be recorded, that appropriate lawful guidance or action be considered, and that I be told if any further documents or details are needed. This draft does not assert guilt, authenticate evidence, or state that an FIR has already been filed.","Case intake: Cybercrime / Cyberstalking; location Online platform, Tamil Nadu; incident date/time 2024-02-25 18:06; danger=No; threat=True; injury=False; property=True; police_contacted=True; legal_help_requested=False; event_ids=EVT000200_001;EVT000200_002; key remaining gaps: optional: digital_evidence, suspect_or_sender_identity, security_steps_taken | partially_provided: ongoing_access_risk",Carry identity proof if needed; written timeline; location details; screenshots/photos/messages; receipts or documents where applicable; medical records if injury exists; property or account details if relevant; names/contact details of witnesses if safely available; copies of any prior complaint or authority response.,"Screenshots, suspicious link, login alert, and transaction message are available","optional: digital_evidence, suspect_or_sender_identity, security_steps_taken | partially_provided: ongoing_access_risk",No contradiction linked in slot annotations or clarification answers.,"No immediate danger is recorded, but reassess safety before taking action. Preserve digital evidence, secure accounts, notify bank/platform if relevant, and use cyber reporting channels. Police already contacted: True. Legal help requested: False.",LP_CYBER_REPORTING_001;LP_ACCOUNT_SECURITY_001;LP_DIGITAL_EVIDENCE_001;LP_FINANCIAL_CYBER_FRAUD_001,0,False,5,4,True,team-reviewed,REV640,test
GOUT000201_EN,SCN000201,NAR000201_EN,en,ANS001789;ANS001790;ANS001791;ANS001792;ANS001793;ANS001794;ANS001795;ANS001796;ANS001797,EVT000201_001;EVT000201_002,"1. Dear Cyber Crime Portal, I am writing to register an official cybercrime incident regarding identity theft that targets my system. 2. Dear Cyber Crime Portal, I am writing to register an official cybercrime incident regarding identity theft that targets my system.","You reported a cybercrime matter about identity theft at Online platform on 2024-02-25 around 18:51. The record notes danger status as No, threat mentioned as False, injury mentioned as False, and police contact as False.","incident_family=Cybercrime | issue=Identity theft | place=Online platform, Karnataka, India | date_time=2024-02-25 18:51 | events=EVT000201_001;EVT000201_002 | property_involved=True | threat_involved=False | injury_involved=False | open_questions=optional: digital_evidence, security_steps_taken | partially_provided: ongoing_access_risk","To the concerned authority, I wish to report that on 2024-02-25 around 18:51, at Online platform, I experienced/reported an incident described as Identity theft. My account is: Dear Cyber Crime Portal, I am writing to register an official cybercrime incident regarding identity theft that targets my system. At 18:51 on 2026-07-17, illegal server access was achieved through the Online platform, leading to severe data breach and financial compromise.. I request that the information be recorded, that appropriate lawful guidance or action be considered, and that I be told if any further documents or details are needed. This draft does not assert guilt, authenticate evidence, or state that an FIR has already been filed.","Case intake: Cybercrime / Identity theft; location Online platform, Karnataka; incident date/time 2024-02-25 18:51; danger=No; threat=False; injury=False; property=True; police_contacted=False; legal_help_requested=False; event_ids=EVT000201_001;EVT000201_002; key remaining gaps: optional: digital_evidence, security_steps_taken | partially_provided: ongoing_access_risk",Carry identity proof if needed; written timeline; location details; screenshots/photos/messages; receipts or documents where applicable; medical records if injury exists; property or account details if relevant; names/contact details of witnesses if safely available; copies of any prior complaint or authority response.,"Screenshots, suspicious link, login alert, and transaction message are available","optional: digital_evidence, security_steps_taken | partially_provided: ongoing_access_risk",No contradiction linked in slot annotations or clarification answers.,"No immediate danger is recorded, but reassess safety before taking action. Preserve digital evidence, secure accounts, notify bank/platform if relevant, and use cyber reporting channels. Police already contacted: False. Legal help requested: False.",LP_CYBER_REPORTING_001;LP_ACCOUNT_SECURITY_001;LP_DIGITAL_EVIDENCE_001;LP_FINANCIAL_CYBER_FRAUD_001,0,False,5,4,True,team-reviewed,REV599,Train
GOUT000202_EN,SCN000202,NAR000202_EN,en,ANS001798;ANS001799;ANS001800;ANS001801;ANS001802;ANS001803;ANS001804;ANS001805;ANS001806;ANS001807;ANS001808;ANS001809,EVT000202_001;EVT000202_002,"1. When I confronted them about this blatant land encroachment, they straight up threatened me and refused to move back. 2. When I confronted them about this blatant land encroachment, they straight up threatened me and refused to move back.","You reported a property disputes matter about land encroachment at Agricultural land on 2024-02-28 around 13:38. The record notes danger status as No, threat mentioned as False, injury mentioned as False, and police contact as True.","incident_family=Property Disputes | issue=Land encroachment | place=Agricultural land, Tamil Nadu, India | date_time=2024-02-28 13:38 | events=EVT000202_001;EVT000202_002 | property_involved=True | threat_involved=False | injury_involved=False | open_questions=partially_provided: property_type | missing: ownership_documents, current_possession | optional: damage_or_alteration","To the concerned authority, I wish to report that on 2024-02-28 around 13:38, at Agricultural land, I experienced/reported an incident described as Land encroachment. My account is: So I went out to check my agricultural land around 13:38 today, and I saw they were actively setting up structures on my side! When I confronted them about this blatant land encroachment, they straight up threatened me and refused to move back. I am so stressed out right now.. I request that the information be recorded, that appropriate lawful guidance or action be considered, and that I be told if any further documents or details are needed. This draft does not assert guilt, authenticate evidence, or state that an FIR has already been filed.","Case intake: Property Disputes / Land encroachment; location Agricultural land, Tamil Nadu; incident date/time 2024-02-28 13:38; danger=No; threat=False; injury=False; property=True; police_contacted=True; legal_help_requested=True; event_ids=EVT000202_001;EVT000202_002; key remaining gaps: partially_provided: property_type | missing: ownership_documents, current_possession | optional: damage_or_alteration",Carry identity proof if needed; written timeline; location details; screenshots/photos/messages; receipts or documents where applicable; medical records if injury exists; property or account details if relevant; names/contact details of witnesses if safely available; copies of any prior complaint or authority response.,"I can show possession through receipts, photos, or property documents","partially_provided: property_type | missing: ownership_documents, current_possession | optional: damage_or_alteration",No contradiction linked in slot annotations or clarification answers.,"No immediate danger is recorded, but reassess safety before taking action. Collect ownership/possession documents, photos of the site, opposing-party details, and avoid confrontation. Police already contacted: True. Legal help requested: True.",LP_PROPERTY_DISPUTE_001;LP_CRIME_REPORTING_001;LP_DIGITAL_EVIDENCE_001,0,False,5,4,True,team-reviewed,REV663,validation
GOUT000203_EN,SCN000203,NAR000203_EN,en,ANS001810;ANS001811;ANS001812;ANS001813;ANS001814;ANS001815;ANS001816;ANS001817;ANS001818,EVT000203_001;EVT000203_002,1. experiencing a severe boundary wall dispute since 14:04. 2. guys please help they are trying to take over the Plot right now!!,"You reported a property disputes matter about boundary wall dispute at Plot on 2024-03-01 around 14:04. The record notes danger status as No, threat mentioned as True, injury mentioned as False, and police contact as True.","incident_family=Property Disputes | issue=Boundary wall dispute | place=Plot, Uttar Pradesh, India | date_time=2024-03-01 14:04 | events=EVT000203_001;EVT000203_002 | property_involved=True | threat_involved=True | injury_involved=False | open_questions=partially_provided: property_type, current_possession | missing: ownership_documents","To the concerned authority, I wish to report that on 2024-03-01 around 14:04, at Plot, I experienced/reported an incident described as Boundary wall dispute. My account is: guys please help they are trying to take over the Plot right now!! experiencing a severe boundary wall dispute since 14:04. they brought workers and are breaking down boundaries. please check if anyone can come over fast. I request that the information be recorded, that appropriate lawful guidance or action be considered, and that I be told if any further documents or details are needed. This draft does not assert guilt, authenticate evidence, or state that an FIR has already been filed.","Case intake: Property Disputes / Boundary wall dispute; location Plot, Uttar Pradesh; incident date/time 2024-03-01 14:04; danger=No; threat=True; injury=False; property=True; police_contacted=True; legal_help_requested=True; event_ids=EVT000203_001;EVT000203_002; key remaining gaps: partially_provided: property_type, current_possession | missing: ownership_documents",Carry identity proof if needed; written timeline; location details; screenshots/photos/messages; receipts or documents where applicable; medical records if injury exists; property or account details if relevant; names/contact details of witnesses if safely available; copies of any prior complaint or authority response.,"I can show possession through receipts, photos, or property documents","partially_provided: property_type, current_possession | missing: ownership_documents",No contradiction linked in slot annotations or clarification answers.,"No immediate danger is recorded, but reassess safety before taking action. Collect ownership/possession documents, photos of the site, opposing-party details, and avoid confrontation. Police already contacted: True. Legal help requested: True.",LP_PROPERTY_DISPUTE_001;LP_CRIME_REPORTING_001;LP_DIGITAL_EVIDENCE_001,0,False,5,4,True,team-reviewed,REV160,validation
GOUT000204_EN,SCN000204,NAR000204_EN,en,ANS001819;ANS001820;ANS001821;ANS001822;ANS001823;ANS001824;ANS001825;ANS001826;ANS001827;ANS001828;ANS001829;ANS001830,EVT000204_001;EVT000204_002,"1. The system administrator observed anomalous traffic originating from unauthorized servers around 07:12, confirming a systemwide cyberstalking. 2. The system administrator observed anomalous traffic originating from unauthorized servers around 07:12, confirming a systemwide cyberstalking.","You reported a cybercrime matter about cyberstalking at Online platform on 2024-03-05 around 07:12. The record notes danger status as No, threat mentioned as True, injury mentioned as False, and police contact as False.","incident_family=Cybercrime | issue=Cyberstalking | place=Online platform, Maharashtra, India | date_time=2024-03-05 07:12 | events=EVT000204_001;EVT000204_002 | property_involved=True | threat_involved=True | injury_involved=False | open_questions=optional: digital_evidence, suspect_or_sender_identity, security_steps_taken | partially_provided: ongoing_access_risk","To the concerned authority, I wish to report that on 2024-03-05 around 07:12, at Online platform, I experienced/reported an incident described as Cyberstalking. My account is: The system administrator observed anomalous traffic originating from unauthorized servers around 07:12, confirming a systemwide cyberstalking. The victim was actively manipulated into bypassing authentication protocols on the Online platform platform.. I request that the information be recorded, that appropriate lawful guidance or action be considered, and that I be told if any further documents or details are needed. This draft does not assert guilt, authenticate evidence, or state that an FIR has already been filed.","Case intake: Cybercrime / Cyberstalking; location Online platform, Maharashtra; incident date/time 2024-03-05 07:12; danger=No; threat=True; injury=False; property=True; police_contacted=False; legal_help_requested=False; event_ids=EVT000204_001;EVT000204_002; key remaining gaps: optional: digital_evidence, suspect_or_sender_identity, security_steps_taken | partially_provided: ongoing_access_risk",Carry identity proof if needed; written timeline; location details; screenshots/photos/messages; receipts or documents where applicable; medical records if injury exists; property or account details if relevant; names/contact details of witnesses if safely available; copies of any prior complaint or authority response.,"Screenshots, suspicious link, login alert, and transaction message are available","optional: digital_evidence, suspect_or_sender_identity, security_steps_taken | partially_provided: ongoing_access_risk",No contradiction linked in slot annotations or clarification answers.,"No immediate danger is recorded, but reassess safety before taking action. Preserve digital evidence, secure accounts, notify bank/platform if relevant, and use cyber reporting channels. Police already contacted: False. Legal help requested: False.",LP_CYBER_REPORTING_001;LP_ACCOUNT_SECURITY_001;LP_DIGITAL_EVIDENCE_001;LP_FINANCIAL_CYBER_FRAUD_001,0,False,5,4,True,team-reviewed,REV742,test
GOUT000205_EN,SCN000205,NAR000205_EN,en,ANS001831;ANS001832;ANS001833;ANS001834;ANS001835;ANS001836;ANS001837;ANS001838;ANS001839;ANS001840;ANS001841;ANS001842,EVT000205_001;EVT000205_002,"1. So I was waiting at the apartment around 12:20 today for my scheduled meeting, when my ex turned up and started an absolute argument over our child custody dispute. 2. So I was waiting at the apartment around 12:20 today for my scheduled meeting, when my ex turned up and started an absolute argument over our child custody dispute.","You reported a family law matter about child custody dispute at Apartment on 2024-03-06 around 12:20. The record notes danger status as No, threat mentioned as True, injury mentioned as False, and police contact as False.","incident_family=Family Law | issue=Child custody dispute | place=Apartment, Karnataka, India | date_time=2024-03-06 12:20 | events=EVT000205_001;EVT000205_002 | property_involved=True | threat_involved=True | injury_involved=False | open_questions=optional: case_or_order_status, financial_support_issue, urgent_motion_needed, supporting_documents","To the concerned authority, I wish to report that on 2024-03-06 around 12:20, at Apartment, I experienced/reported an incident described as Child custody dispute. My account is: So I was waiting at the apartment around 12:20 today for my scheduled meeting, when my ex turned up and started an absolute argument over our child custody dispute. They completely refused to abide by what the court originally decided. I'm just so drained by this ongoing legal battle.. I request that the information be recorded, that appropriate lawful guidance or action be considered, and that I be told if any further documents or details are needed. This draft does not assert guilt, authenticate evidence, or state that an FIR has already been filed.","Case intake: Family Law / Child custody dispute; location Apartment, Karnataka; incident date/time 2024-03-06 12:20; danger=No; threat=True; injury=False; property=True; police_contacted=False; legal_help_requested=True; event_ids=EVT000205_001;EVT000205_002; key remaining gaps: optional: case_or_order_status, financial_support_issue, urgent_motion_needed, supporting_documents",Carry identity proof if needed; written timeline; location details; screenshots/photos/messages; receipts or documents where applicable; medical records if injury exists; property or account details if relevant; names/contact details of witnesses if safely available; copies of any prior complaint or authority response.,"I can provide more details, but I need to check the exact information","optional: case_or_order_status, financial_support_issue, urgent_motion_needed, supporting_documents",No contradiction linked in slot annotations or clarification answers.,"No immediate danger is recorded, but reassess safety before taking action. Collect existing orders, communication records, child/dependent details, and consider family-court or legal-aid consultation. Police already contacted: False. Legal help requested: True.",LP_FAMILY_COURT_001;LP_CHILD_CUSTODY_001;LP_LEGAL_AID_001,0,False,5,4,True,team-reviewed,REV456,test
GOUT000206_EN,SCN000206,NAR000206_EN,en,ANS001843;ANS001844;ANS001845;ANS001846;ANS001847;ANS001848;ANS001849;ANS001850;ANS001851;ANS001852;ANS001853;ANS001854;ANS001855;ANS001856;ANS001857,EVT000206_001;EVT000206_002,"1. On the date of 2026-07-05, a highly contentious domestic incident manifesting as economic deprivation occurred within the private residence. 2. The conflict reportedly originated from long-standing domestic pressures and rapidly intensified into aggressive behavior around 17:57.","You reported a domestic violence matter about economic deprivation at House on 2024-03-06 around 17:57. The record notes danger status as No, threat mentioned as True, injury mentioned as False, and police contact as False.","incident_family=Domestic Violence | issue=Economic deprivation | place=House, Tamil Nadu, India | date_time=2024-03-06 17:57 | events=EVT000206_001;EVT000206_002 | property_involved=False | threat_involved=True | injury_involved=False | open_questions=partially_provided: relationship_to_offender, current_shelter_safety | optional: children_or_dependents, evidence_available | missing: injury_or_medical_need","To the concerned authority, I wish to report that on 2024-03-06 around 17:57, at House, I experienced/reported an incident described as Economic deprivation. My account is: On the date of 2026-07-05, a highly contentious domestic incident manifesting as economic deprivation occurred within the private residence. The conflict reportedly originated from long-standing domestic pressures and rapidly intensified into aggressive behavior around 17:57. The victim sustained significant psychological and physical strain before external family structures could be notified. Local authorities are reviewing the continuous pattern of behavior under the protection laws of the jurisdiction.. I request that the information be recorded, that appropriate lawful guidance or action be considered, and that I be told if any further documents or details are needed. This draft does not assert guilt, authenticate evidence, or state that an FIR has already been filed.","Case intake: Domestic Violence / Economic deprivation; location House, Tamil Nadu; incident date/time 2024-03-06 17:57; danger=No; threat=True; injury=False; property=False; police_contacted=False; legal_help_requested=True; event_ids=EVT000206_001;EVT000206_002; key remaining gaps: partially_provided: relationship_to_offender, current_shelter_safety | optional: children_or_dependents, evidence_available | missing: injury_or_medical_need",Carry identity proof if needed; written timeline; location details; screenshots/photos/messages; receipts or documents where applicable; medical records if injury exists; property or account details if relevant; names/contact details of witnesses if safely available; copies of any prior complaint or authority response.,I have photos and messages related to the incident,"partially_provided: relationship_to_offender, current_shelter_safety | optional: children_or_dependents, evidence_available | missing: injury_or_medical_need",No contradiction linked in slot annotations or clarification answers.,"No immediate danger is recorded, but reassess safety before taking action. Prioritise safety planning, trusted support, medical documentation if needed, and legal-aid/protection options. Police already contacted: False. Legal help requested: True.",LP_DOMESTIC_VIOLENCE_001;LP_EMERGENCY_HELP_001;LP_LEGAL_AID_001,0,False,5,4,True,team-reviewed,REV684,Train
GOUT000207_EN,SCN000207,NAR000207_EN,en,NONE,EVT000207_001;EVT000207_002,1. Complainant registers a formal grievance concerning employer violations under the category of unpaid wage dispute at the designated workplace. 2. Corporate payroll and logs have been requested..,"You reported a employment/labour matter about unpaid wage dispute at Workplace on 2024-03-08 around 20:03. The record notes danger status as No, threat mentioned as False, injury mentioned as False, and police contact as False.","incident_family=Employment/Labour | issue=Unpaid wage dispute | place=Workplace, Tamil Nadu, India | date_time=2024-03-08 20:03 | events=EVT000207_001;EVT000207_002 | property_involved=True | threat_involved=False | injury_involved=False | open_questions=No critical unanswered mandatory fields remain after clarification simulation.","To the concerned authority, I wish to report that on 2024-03-08 around 20:03, at Workplace, I experienced/reported an incident described as Unpaid wage dispute. My account is: Complainant registers a formal grievance concerning employer violations under the category of unpaid wage dispute at the designated workplace. The incident occurred on 2026-06-22 at approximately 20:03 hours, wherein the management failed to comply with statutory labor provisions. Corporate payroll and logs have been requested.. I request that the information be recorded, that appropriate lawful guidance or action be considered, and that I be told if any further documents or details are needed. This draft does not assert guilt, authenticate evidence, or state that an FIR has already been filed.","Case intake: Employment/Labour / Unpaid wage dispute; location Workplace, Tamil Nadu; incident date/time 2024-03-08 20:03; danger=No; threat=False; injury=False; property=True; police_contacted=False; legal_help_requested=True; event_ids=EVT000207_001;EVT000207_002; key remaining gaps: No critical unanswered mandatory fields remain after clarification simulation.",Carry identity proof if needed; written timeline; location details; screenshots/photos/messages; receipts or documents where applicable; medical records if injury exists; property or account details if relevant; names/contact details of witnesses if safely available; copies of any prior complaint or authority response.,Corporate payroll and logs have been requested,No critical unanswered mandatory fields remain after clarification simulation.,No contradiction linked in slot annotations or clarification answers.,"No immediate danger is recorded, but reassess safety before taking action. Collect employment documents, payslips, emails, HR communication, and wage/termination details. Police already contacted: False. Legal help requested: True.",LP_LABOUR_COMPLAINT_001;LP_WAGE_CLAIM_001;LP_LEGAL_AID_001,0,False,5,5,True,team-reviewed,REV236,Train
GOUT000208_EN,SCN000208,NAR000208_EN,en,ANS001858;ANS001859;ANS001860;ANS001861;ANS001862;ANS001863;ANS001864;ANS001865;ANS001866,EVT000208_001;EVT000208_002,1. Complainant registers a family matter notification involving an active restitution of conjugal rights at the premises. 2. Relevant documentation has been requested for family court presentation..,"You reported a family law matter about restitution of conjugal rights at Apartment on 2024-03-10 around 23:59. The record notes danger status as No, threat mentioned as False, injury mentioned as False, and police contact as False.","incident_family=Family Law | issue=Restitution of conjugal rights | place=Apartment, Gujarat, India | date_time=2024-03-10 23:59 | events=EVT000208_001;EVT000208_002 | property_involved=False | threat_involved=False | injury_involved=False | open_questions=optional: financial_support_issue, urgent_motion_needed | missing: violence_or_safety_concern","To the concerned authority, I wish to report that on 2024-03-10 around 23:59, at Apartment, I experienced/reported an incident described as Restitution of conjugal rights. My account is: Complainant registers a family matter notification involving an active restitution of conjugal rights at the premises. On 2026-07-06 at approximately 23:59 hours, an escalation occurred regarding legal compliance or child visitation parameters. Relevant documentation has been requested for family court presentation.. I request that the information be recorded, that appropriate lawful guidance or action be considered, and that I be told if any further documents or details are needed. This draft does not assert guilt, authenticate evidence, or state that an FIR has already been filed.","Case intake: Family Law / Restitution of conjugal rights; location Apartment, Gujarat; incident date/time 2024-03-10 23:59; danger=No; threat=False; injury=False; property=False; police_contacted=False; legal_help_requested=True; event_ids=EVT000208_001;EVT000208_002; key remaining gaps: optional: financial_support_issue, urgent_motion_needed | missing: violence_or_safety_concern",Carry identity proof if needed; written timeline; location details; screenshots/photos/messages; receipts or documents where applicable; medical records if injury exists; property or account details if relevant; names/contact details of witnesses if safely available; copies of any prior complaint or authority response.,Relevant documentation has been requested for family court presentation,"optional: financial_support_issue, urgent_motion_needed | missing: violence_or_safety_concern",No contradiction linked in slot annotations or clarification answers.,"No immediate danger is recorded, but reassess safety before taking action. Collect existing orders, communication records, child/dependent details, and consider family-court or legal-aid consultation. Police already contacted: False. Legal help requested: True.",LP_FAMILY_COURT_001;LP_CHILD_CUSTODY_001;LP_LEGAL_AID_001,0,False,5,4,True,team-reviewed,REV971,test
GOUT000209_EN,SCN000209,NAR000209_EN,en,ANS001867;ANS001868;ANS001869;ANS001870;ANS001871;ANS001872,EVT000209_001;EVT000209_002,"1. The context of the dispute was clearly a severe case of workplace harassment, with the supervisor dismissing the employee's legitimate safety or financial claims arbitrarily.. 2. The observer witnessed an intense disagreement between the management and an employee inside the workplace around 23:44.","You reported a employment/labour matter about workplace harassment at Workplace on 2024-03-18 around 23:44. The record notes danger status as No, threat mentioned as False, injury mentioned as False, and police contact as True.","incident_family=Employment/Labour | issue=Workplace harassment | place=Workplace, Karnataka, India | date_time=2024-03-18 23:44 | events=EVT000209_001;EVT000209_002 | property_involved=False | threat_involved=False | injury_involved=False | open_questions=optional: employment_documents, wage_or_benefit_amount","To the concerned authority, I wish to report that on 2024-03-18 around 23:44, at Workplace, I experienced/reported an incident described as Workplace harassment. My account is: The observer witnessed an intense disagreement between the management and an employee inside the workplace around 23:44. The context of the dispute was clearly a severe case of workplace harassment, with the supervisor dismissing the employee's legitimate safety or financial claims arbitrarily.. I request that the information be recorded, that appropriate lawful guidance or action be considered, and that I be told if any further documents or details are needed. This draft does not assert guilt, authenticate evidence, or state that an FIR has already been filed.","Case intake: Employment/Labour / Workplace harassment; location Workplace, Karnataka; incident date/time 2024-03-18 23:44; danger=No; threat=False; injury=False; property=False; police_contacted=True; legal_help_requested=False; event_ids=EVT000209_001;EVT000209_002; key remaining gaps: optional: employment_documents, wage_or_benefit_amount",Carry identity proof if needed; written timeline; location details; screenshots/photos/messages; receipts or documents where applicable; medical records if injury exists; property or account details if relevant; names/contact details of witnesses if safely available; copies of any prior complaint or authority response.,"I have some emails and employment records, but not every document","optional: employment_documents, wage_or_benefit_amount",No contradiction linked in slot annotations or clarification answers.,"No immediate danger is recorded, but reassess safety before taking action. Collect employment documents, payslips, emails, HR communication, and wage/termination details. Police already contacted: True. Legal help requested: False.",LP_LABOUR_COMPLAINT_001;LP_WAGE_CLAIM_001;LP_LEGAL_AID_001,0,False,5,4,True,team-reviewed,REV458,test
GOUT000210_EN,SCN000210,NAR000210_EN,en,ANS001873;ANS001874;ANS001875;ANS001876;ANS001877;ANS001878;ANS001879;ANS001880;ANS001881;ANS001882;ANS001883;ANS001884;ANS001885;ANS001886;ANS001887,EVT000210_001;EVT000210_002,"1. Several individuals were actively contesting an instance of land encroachment, with local residents stepping in to prevent physical escalation before authorities were notified.. 2. Several individuals were actively contesting an instance of land encroachment, with local residents stepping in to prevent physical escalation before authorities were notified..","You reported a property disputes matter about land encroachment at Agricultural land on 2024-03-21 around 18:19. The record notes danger status as No, threat mentioned as True, injury mentioned as False, and police contact as True.","incident_family=Property Disputes | issue=Land encroachment | place=Agricultural land, Delhi, India | date_time=2024-03-21 18:19 | events=EVT000210_001;EVT000210_002 | property_involved=True | threat_involved=True | injury_involved=False | open_questions=partially_provided: property_type | missing: ownership_documents, current_possession | optional: opposing_party_identity, damage_or_alteration","To the concerned authority, I wish to report that on 2024-03-21 around 18:19, at Agricultural land, I experienced/reported an incident described as Land encroachment. My account is: The observer witnessed an intense community argument unfolding near the agricultural land around 18:19. Several individuals were actively contesting an instance of land encroachment, with local residents stepping in to prevent physical escalation before authorities were notified.. I request that the information be recorded, that appropriate lawful guidance or action be considered, and that I be told if any further documents or details are needed. This draft does not assert guilt, authenticate evidence, or state that an FIR has already been filed.","Case intake: Property Disputes / Land encroachment; location Agricultural land, Delhi; incident date/time 2024-03-21 18:19; danger=No; threat=True; injury=False; property=True; police_contacted=True; legal_help_requested=True; event_ids=EVT000210_001;EVT000210_002; key remaining gaps: partially_provided: property_type | missing: ownership_documents, current_possession | optional: opposing_party_identity, damage_or_alteration",Carry identity proof if needed; written timeline; location details; screenshots/photos/messages; receipts or documents where applicable; medical records if injury exists; property or account details if relevant; names/contact details of witnesses if safely available; copies of any prior complaint or authority response.,"I can show possession through receipts, photos, or property documents","partially_provided: property_type | missing: ownership_documents, current_possession | optional: opposing_party_identity, damage_or_alteration",No contradiction linked in slot annotations or clarification answers.,"No immediate danger is recorded, but reassess safety before taking action. Collect ownership/possession documents, photos of the site, opposing-party details, and avoid confrontation. Police already contacted: True. Legal help requested: True.",LP_PROPERTY_DISPUTE_001;LP_CRIME_REPORTING_001;LP_DIGITAL_EVIDENCE_001,0,False,5,4,True,team-reviewed,REV223,validation
GOUT000211_EN,SCN000211,NAR000211_EN,en,ANS001888;ANS001889;ANS001890;ANS001891;ANS001892;ANS001893,EVT000211_001;EVT000211_002,"1. So I was just standing at the bank around 23:33 yesterday, checking my phone, when this guy suddenly rushed past me and grabbed my belongings out of nowhere! 2. So I was just standing at the bank around 23:33 yesterday, checking my phone, when this guy suddenly rushed past me and grabbed my belongings out of nowhere!","You reported a theft and robbery matter about armed robbery at Bank on 2024-03-25 around 23:33. The record notes danger status as Yes, threat mentioned as True, injury mentioned as False, and police contact as True.","incident_family=Theft and robbery | issue=Armed robbery | place=Bank, Karnataka, India | date_time=2024-03-25 23:33 | events=EVT000211_001;EVT000211_002 | property_involved=True | threat_involved=True | injury_involved=False | open_questions=missing: ownership_information | optional: suspect_description","To the concerned authority, I wish to report that on 2024-03-25 around 23:33, at Bank, I experienced/reported an incident described as Armed robbery. My account is: So I was just standing at the bank around 23:33 yesterday, checking my phone, when this guy suddenly rushed past me and grabbed my belongings out of nowhere! I didn't even have time to react or see his face properly. Totally shocked.. I request that the information be recorded, that appropriate lawful guidance or action be considered, and that I be told if any further documents or details are needed. This draft does not assert guilt, authenticate evidence, or state that an FIR has already been filed.","Case intake: Theft and robbery / Armed robbery; location Bank, Karnataka; incident date/time 2024-03-25 23:33; danger=Yes; threat=True; injury=False; property=True; police_contacted=True; legal_help_requested=True; event_ids=EVT000211_001;EVT000211_002; key remaining gaps: missing: ownership_information | optional: suspect_description",Carry identity proof if needed; written timeline; location details; screenshots/photos/messages; receipts or documents where applicable; medical records if injury exists; property or account details if relevant; names/contact details of witnesses if safely available; copies of any prior complaint or authority response.,"I can show possession through receipts, photos, or property documents",missing: ownership_information | optional: suspect_description,No contradiction linked in slot annotations or clarification answers.,"Prioritise immediate safety and emergency assistance before document preparation. Prepare property details, location, timing, suspect description if known, and police complaint materials. Police already contacted: True. Legal help requested: True.",LP_CRIME_REPORTING_001;LP_FIR_PROCESS_001;LP_DIGITAL_EVIDENCE_001,0,False,5,4,True,team-reviewed,REV324,test
GOUT000212_EN,SCN000212,NAR000212_EN,en,ANS001894;ANS001895;ANS001896;ANS001897;ANS001898;ANS001899;ANS001900;ANS001901;ANS001902;ANS001903;ANS001904;ANS001905,EVT000212_001;EVT000212_002,"1. Shortly after, they approached the victim from behind, forcefully committed shopbreaking, and fled the scene on a two-wheeler heading north.. 2. Shortly after, they approached the victim from behind, forcefully committed shopbreaking, and fled the scene on a two-wheeler heading north..","You reported a theft and robbery matter about shopbreaking at Shop on 2024-03-27 around 23:10. The record notes danger status as No, threat mentioned as True, injury mentioned as False, and police contact as False.","incident_family=Theft and robbery | issue=Shopbreaking | place=Shop, Gujarat, India | date_time=2024-03-27 23:10 | events=EVT000212_001;EVT000212_002 | property_involved=True | threat_involved=True | injury_involved=False | open_questions=partially_provided: property_type, property_description | missing: ownership_information | optional: suspect_description","To the concerned authority, I wish to report that on 2024-03-27 around 23:10, at Shop, I experienced/reported an incident described as Shopbreaking. My account is: The observer noticed two suspicious individuals loitering near the shop around 23:10. Shortly after, they approached the victim from behind, forcefully committed shopbreaking, and fled the scene on a two-wheeler heading north.. I request that the information be recorded, that appropriate lawful guidance or action be considered, and that I be told if any further documents or details are needed. This draft does not assert guilt, authenticate evidence, or state that an FIR has already been filed.","Case intake: Theft and robbery / Shopbreaking; location Shop, Gujarat; incident date/time 2024-03-27 23:10; danger=No; threat=True; injury=False; property=True; police_contacted=False; legal_help_requested=True; event_ids=EVT000212_001;EVT000212_002; key remaining gaps: partially_provided: property_type, property_description | missing: ownership_information | optional: suspect_description",Carry identity proof if needed; written timeline; location details; screenshots/photos/messages; receipts or documents where applicable; medical records if injury exists; property or account details if relevant; names/contact details of witnesses if safely available; copies of any prior complaint or authority response.,"I can show possession through receipts, photos, or property documents","partially_provided: property_type, property_description | missing: ownership_information | optional: suspect_description",No contradiction linked in slot annotations or clarification answers.,"No immediate danger is recorded, but reassess safety before taking action. Prepare property details, location, timing, suspect description if known, and police complaint materials. Police already contacted: False. Legal help requested: True.",LP_CRIME_REPORTING_001;LP_FIR_PROCESS_001;LP_DIGITAL_EVIDENCE_001,0,False,5,4,True,team-reviewed,REV535,test
GOUT000213_EN,SCN000213,NAR000213_EN,en,ANS001906;ANS001907;ANS001908;ANS001909;ANS001910;ANS001911;ANS001912;ANS001913;ANS001914,EVT000213_001;EVT000213_002,"1. Complainant states that on 2026-06-28 at approximately 02:30 hours, an incident of vehicle theft occurred at Garage. 2. Property loss reported.","You reported a theft and robbery matter about vehicle theft at Garage on 2024-03-27 around 02:30. The record notes danger status as No, threat mentioned as True, injury mentioned as False, and police contact as True.","incident_family=Theft and robbery | issue=Vehicle theft | place=Garage, Tamil Nadu, India | date_time=2024-03-27 02:30 | events=EVT000213_001;EVT000213_002 | property_involved=True | threat_involved=True | injury_involved=False | open_questions=partially_provided: property_type, property_description, ownership_information","To the concerned authority, I wish to report that on 2024-03-27 around 02:30, at Garage, I experienced/reported an incident described as Vehicle theft. My account is: Complainant states that on 2026-06-28 at approximately 02:30 hours, an incident of vehicle theft occurred at Garage. The perpetrator description matches a male individual height approx 5'8"". Property loss reported. Case registered under relevant sections.. I request that the information be recorded, that appropriate lawful guidance or action be considered, and that I be told if any further documents or details are needed. This draft does not assert guilt, authenticate evidence, or state that an FIR has already been filed.","Case intake: Theft and robbery / Vehicle theft; location Garage, Tamil Nadu; incident date/time 2024-03-27 02:30; danger=No; threat=True; injury=False; property=True; police_contacted=True; legal_help_requested=False; event_ids=EVT000213_001;EVT000213_002; key remaining gaps: partially_provided: property_type, property_description, ownership_information",Carry identity proof if needed; written timeline; location details; screenshots/photos/messages; receipts or documents where applicable; medical records if injury exists; property or account details if relevant; names/contact details of witnesses if safely available; copies of any prior complaint or authority response.,"Case registered under relevant sections; I can show possession through receipts, photos, or property documents","partially_provided: property_type, property_description, ownership_information",No contradiction linked in slot annotations or clarification answers.,"No immediate danger is recorded, but reassess safety before taking action. Prepare property details, location, timing, suspect description if known, and police complaint materials. Police already contacted: True. Legal help requested: False.",LP_CRIME_REPORTING_001;LP_FIR_PROCESS_001;LP_DIGITAL_EVIDENCE_001,0,False,5,4,True,team-reviewed,REV630,test
GOUT000214_EN,SCN000214,NAR000214_EN,en,ANS001915;ANS001916;ANS001917;ANS001918;ANS001919;ANS001920,EVT000214_001;EVT000214_002,1. A transactional incident concerning refusal of service refund broke out at the local online platform at 01:13. 2. A transactional incident concerning refusal of service refund broke out at the local online platform at 01:13.,"You reported a consumer disputes matter about refusal of service refund at Online platform on 2024-03-28 around 01:13. The record notes danger status as No, threat mentioned as False, injury mentioned as False, and police contact as False.","incident_family=Consumer Disputes | issue=Refusal of service refund | place=Online platform, Gujarat, India | date_time=2024-03-28 01:13 | events=EVT000214_001;EVT000214_002 | property_involved=True | threat_involved=False | injury_involved=False | open_questions=partially_provided: product_or_service | optional: evidence_available","To the concerned authority, I wish to report that on 2024-03-28 around 01:13, at Online platform, I experienced/reported an incident described as Refusal of service refund. My account is: A transactional incident concerning refusal of service refund broke out at the local online platform at 01:13. The buyer alleged a direct breach of contractual terms regarding product quality or billing accuracy, resulting in an active consumer dispute.. I request that the information be recorded, that appropriate lawful guidance or action be considered, and that I be told if any further documents or details are needed. This draft does not assert guilt, authenticate evidence, or state that an FIR has already been filed.","Case intake: Consumer Disputes / Refusal of service refund; location Online platform, Gujarat; incident date/time 2024-03-28 01:13; danger=No; threat=False; injury=False; property=True; police_contacted=False; legal_help_requested=True; event_ids=EVT000214_001;EVT000214_002; key remaining gaps: partially_provided: product_or_service | optional: evidence_available",Carry identity proof if needed; written timeline; location details; screenshots/photos/messages; receipts or documents where applicable; medical records if injury exists; property or account details if relevant; names/contact details of witnesses if safely available; copies of any prior complaint or authority response.,A transactional incident concerning refusal of service refund broke out at the local online platform at 01:13; I have the payment screenshot and chat with the seller,partially_provided: product_or_service | optional: evidence_available,No contradiction linked in slot annotations or clarification answers.,"No immediate danger is recorded, but reassess safety before taking action. Prepare payment proof, seller communication, product/service details, and consider consumer grievance or platform escalation. Police already contacted: False. Legal help requested: True.",LP_CONSUMER_COMPLAINT_001;LP_REFUND_RIGHTS_001;LP_ECOMMERCE_001,0,False,5,4,True,team-reviewed,REV224,test
GOUT000215_EN,SCN000215,NAR000215_EN,en,ANS001921;ANS001922;ANS001923;ANS001924;ANS001925;ANS001926;ANS001927;ANS001928;ANS001929;ANS001930;ANS001931;ANS001932;ANS001933;ANS001934;ANS001935,EVT000215_001;EVT000215_002,1. he is screaming and throwing things again it's really bad emotional and verbal abuse right now at home since 17:47 hours. 2. please call someone or come over i am hiding in the washroom right now text me back please.,"You reported a domestic violence matter about emotional and verbal abuse at House on 2024-03-29 around 17:47. The record notes danger status as No, threat mentioned as True, injury mentioned as False, and police contact as False.","incident_family=Domestic Violence | issue=Emotional and verbal abuse | place=House, Gujarat, India | date_time=2024-03-29 17:47 | events=EVT000215_001;EVT000215_002 | property_involved=True | threat_involved=True | injury_involved=False | open_questions=partially_provided: relationship_to_offender, current_shelter_safety | optional: children_or_dependents, evidence_available | missing: injury_or_medical_need","To the concerned authority, I wish to report that on 2024-03-29 around 17:47, at House, I experienced/reported an incident described as Emotional and verbal abuse. My account is: he is screaming and throwing things again it's really bad emotional and verbal abuse right now at home since 17:47 hours. please call someone or come over i am hiding in the washroom right now text me back please. I request that the information be recorded, that appropriate lawful guidance or action be considered, and that I be told if any further documents or details are needed. This draft does not assert guilt, authenticate evidence, or state that an FIR has already been filed.","Case intake: Domestic Violence / Emotional and verbal abuse; location House, Gujarat; incident date/time 2024-03-29 17:47; danger=No; threat=True; injury=False; property=True; police_contacted=False; legal_help_requested=True; event_ids=EVT000215_001;EVT000215_002; key remaining gaps: partially_provided: relationship_to_offender, current_shelter_safety | optional: children_or_dependents, evidence_available | missing: injury_or_medical_need",Carry identity proof if needed; written timeline; location details; screenshots/photos/messages; receipts or documents where applicable; medical records if injury exists; property or account details if relevant; names/contact details of witnesses if safely available; copies of any prior complaint or authority response.,I have photos and messages related to the incident,"partially_provided: relationship_to_offender, current_shelter_safety | optional: children_or_dependents, evidence_available | missing: injury_or_medical_need",No contradiction linked in slot annotations or clarification answers.,"No immediate danger is recorded, but reassess safety before taking action. Prioritise safety planning, trusted support, medical documentation if needed, and legal-aid/protection options. Police already contacted: False. Legal help requested: True.",LP_DOMESTIC_VIOLENCE_001;LP_EMERGENCY_HELP_001;LP_LEGAL_AID_001,0,False,5,4,True,team-reviewed,REV950,test
GOUT000216_EN,SCN000216,NAR000216_EN,en,ANS001936;ANS001937;ANS001938;ANS001939;ANS001940;ANS001941;ANS001942;ANS001943;ANS001944,EVT000216_001;EVT000216_002,1. Complainant reports unauthorized digital breach under cyberstalking framework. 2. Digital logs preserved for forensic analysis..,"You reported a cybercrime matter about cyberstalking at Hostel on 2024-03-30 around 19:56. The record notes danger status as No, threat mentioned as True, injury mentioned as False, and police contact as True.","incident_family=Cybercrime | issue=Cyberstalking | place=Hostel, Uttar Pradesh, India | date_time=2024-03-30 19:56 | events=EVT000216_001;EVT000216_002 | property_involved=True | threat_involved=True | injury_involved=False | open_questions=optional: suspect_or_sender_identity, security_steps_taken | partially_provided: ongoing_access_risk","To the concerned authority, I wish to report that on 2024-03-30 around 19:56, at Hostel, I experienced/reported an incident described as Cyberstalking. My account is: Complainant reports unauthorized digital breach under cyberstalking framework. On 2026-06-27 at approx 19:56 hours, malicious payloads or fraudulent links were deployed to misappropriate assets or credentials via Hostel. Digital logs preserved for forensic analysis.. I request that the information be recorded, that appropriate lawful guidance or action be considered, and that I be told if any further documents or details are needed. This draft does not assert guilt, authenticate evidence, or state that an FIR has already been filed.","Case intake: Cybercrime / Cyberstalking; location Hostel, Uttar Pradesh; incident date/time 2024-03-30 19:56; danger=No; threat=True; injury=False; property=True; police_contacted=True; legal_help_requested=True; event_ids=EVT000216_001;EVT000216_002; key remaining gaps: optional: suspect_or_sender_identity, security_steps_taken | partially_provided: ongoing_access_risk",Carry identity proof if needed; written timeline; location details; screenshots/photos/messages; receipts or documents where applicable; medical records if injury exists; property or account details if relevant; names/contact details of witnesses if safely available; copies of any prior complaint or authority response.,Digital logs preserved for forensic analysis,"optional: suspect_or_sender_identity, security_steps_taken | partially_provided: ongoing_access_risk",No contradiction linked in slot annotations or clarification answers.,"No immediate danger is recorded, but reassess safety before taking action. Preserve digital evidence, secure accounts, notify bank/platform if relevant, and use cyber reporting channels. Police already contacted: True. Legal help requested: True.",LP_CYBER_REPORTING_001;LP_ACCOUNT_SECURITY_001;LP_DIGITAL_EVIDENCE_001;LP_FINANCIAL_CYBER_FRAUD_001,0,False,5,4,True,team-reviewed,REV913,test
GOUT000217_EN,SCN000217,NAR000217_EN,en,ANS001945;ANS001946;ANS001947;ANS001948;ANS001949;ANS001950;ANS001951;ANS001952;ANS001953;ANS001954;ANS001955;ANS001956,EVT000217_001;EVT000217_002,"1. On the date of 2026-06-29, a major civil friction classified under child custody dispute escalated during a familial meeting at the designated house at approximately 22:48 hours. 2. On the date of 2026-06-29, a major civil friction classified under child custody dispute escalated during a familial meeting at the designated house at approximately 22:48 hours.","You reported a family law matter about child custody dispute at House on 2024-03-31 around 22:48. The record notes danger status as No, threat mentioned as False, injury mentioned as False, and police contact as True.","incident_family=Family Law | issue=Child custody dispute | place=House, Delhi, India | date_time=2024-03-31 22:48 | events=EVT000217_001;EVT000217_002 | property_involved=True | threat_involved=False | injury_involved=False | open_questions=optional: financial_support_issue, urgent_motion_needed, supporting_documents | missing: violence_or_safety_concern","To the concerned authority, I wish to report that on 2024-03-31 around 22:48, at House, I experienced/reported an incident described as Child custody dispute. My account is: On the date of 2026-06-29, a major civil friction classified under child custody dispute escalated during a familial meeting at the designated house at approximately 22:48 hours. The dispute involves competing claims regarding maintenance allocations or custody arrangements, leading to severe communication breakdown between the principal parties. The current circumstances indicate an immediate requirement for legal intervention to mandate adherence to statutory family frameworks within the state jurisdiction.. I request that the information be recorded, that appropriate lawful guidance or action be considered, and that I be told if any further documents or details are needed. This draft does not assert guilt, authenticate evidence, or state that an FIR has already been filed.","Case intake: Family Law / Child custody dispute; location House, Delhi; incident date/time 2024-03-31 22:48; danger=No; threat=False; injury=False; property=True; police_contacted=True; legal_help_requested=True; event_ids=EVT000217_001;EVT000217_002; key remaining gaps: optional: financial_support_issue, urgent_motion_needed, supporting_documents | missing: violence_or_safety_concern",Carry identity proof if needed; written timeline; location details; screenshots/photos/messages; receipts or documents where applicable; medical records if injury exists; property or account details if relevant; names/contact details of witnesses if safely available; copies of any prior complaint or authority response.,"I can provide more details, but I need to check the exact information","optional: financial_support_issue, urgent_motion_needed, supporting_documents | missing: violence_or_safety_concern",No contradiction linked in slot annotations or clarification answers.,"No immediate danger is recorded, but reassess safety before taking action. Collect existing orders, communication records, child/dependent details, and consider family-court or legal-aid consultation. Police already contacted: True. Legal help requested: True.",LP_FAMILY_COURT_001;LP_CHILD_CUSTODY_001;LP_LEGAL_AID_001,0,False,5,4,True,team-reviewed,REV643,validation
GOUT000218_EN,SCN000218,NAR000218_EN,en,ANS001957;ANS001958;ANS001959;ANS001960;ANS001961;ANS001962;ANS001963;ANS001964;ANS001965;ANS001966;ANS001967;ANS001968;ANS001969;ANS001970;ANS001971,EVT000218_001;EVT000218_002,"1. Complainant states that on 2026-06-24 at approximately 19:53 hours, a severe case of online harassment & threats transpired at Online platform. 2. Medical examination conducted where applicable..","You reported a assault & threats matter about online harassment & threats at Online platform on 2024-04-01 around 19:53. The record notes danger status as No, threat mentioned as True, injury mentioned as False, and police contact as False.","incident_family=Assault & Threats | issue=Online harassment & threats | place=Online platform, Uttar Pradesh, India | date_time=2024-04-01 19:53 | events=EVT000218_001;EVT000218_002 | property_involved=True | threat_involved=True | injury_involved=False | open_questions=missing: threat_or_attack_description, injury_details | optional: witness_available, safe_place_available, medical_help_status","To the concerned authority, I wish to report that on 2024-04-01 around 19:53, at Online platform, I experienced/reported an incident described as Online harassment & threats. My account is: Complainant states that on 2026-06-24 at approximately 19:53 hours, a severe case of online harassment & threats transpired at Online platform. The accused allegedly engaged in hostile behavior, posing immediate threat to the victim. Medical examination conducted where applicable.. I request that the information be recorded, that appropriate lawful guidance or action be considered, and that I be told if any further documents or details are needed. This draft does not assert guilt, authenticate evidence, or state that an FIR has already been filed.","Case intake: Assault & Threats / Online harassment & threats; location Online platform, Uttar Pradesh; incident date/time 2024-04-01 19:53; danger=No; threat=True; injury=False; property=True; police_contacted=False; legal_help_requested=True; event_ids=EVT000218_001;EVT000218_002; key remaining gaps: missing: threat_or_attack_description, injury_details | optional: witness_available, safe_place_available, medical_help_status",Carry identity proof if needed; written timeline; location details; screenshots/photos/messages; receipts or documents where applicable; medical records if injury exists; property or account details if relevant; names/contact details of witnesses if safely available; copies of any prior complaint or authority response.,"No specific evidence item is confirmed; ask user to preserve screenshots, documents, photos, receipts, and messages where available.","missing: threat_or_attack_description, injury_details | optional: witness_available, safe_place_available, medical_help_status",No contradiction linked in slot annotations or clarification answers.,"No immediate danger is recorded, but reassess safety before taking action. If threat or injury exists, seek safety and medical support; preserve messages, witness details, and complaint facts. Police already contacted: False. Legal help requested: True.",LP_CRIME_REPORTING_001;LP_EMERGENCY_HELP_001;LP_FIR_PROCESS_001,0,False,5,4,True,team-reviewed,REV684,validation
GOUT000219_EN,SCN000219,NAR000219_EN,en,ANS001972;ANS001973;ANS001974;ANS001975;ANS001976;ANS001977;ANS001978;ANS001979;ANS001980,EVT000219_001;EVT000219_002,"1. On the date of 2026-07-10, a major incidence of house burglary was executed at the designated villa under complex environmental circumstances. 2. Emergency services were notified subsequently, initiating a localized investigation into the security vulnerabilities of this particular jurisdiction..","You reported a theft and robbery matter about house burglary at Villa on 2024-04-02 around 08:02. The record notes danger status as No, threat mentioned as True, injury mentioned as False, and police contact as False.","incident_family=Theft and robbery | issue=House burglary | place=Villa, West Bengal, India | date_time=2024-04-02 08:02 | events=EVT000219_001;EVT000219_002 | property_involved=True | threat_involved=True | injury_involved=False | open_questions=partially_provided: property_type, property_description | missing: ownership_information","To the concerned authority, I wish to report that on 2024-04-02 around 08:02, at Villa, I experienced/reported an incident described as House burglary. My account is: On the date of 2026-07-10, a major incidence of house burglary was executed at the designated villa under complex environmental circumstances. The perpetrator leveraged the crowded nature of the location to approach undetected, exploiting a momentary lapse in security vigilance. Following the commission of the act, the individual navigated through the exit corridors effectively evading immediate pursuit. Emergency services were notified subsequently, initiating a localized investigation into the security vulnerabilities of this particular jurisdiction.. I request that the information be recorded, that appropriate lawful guidance or action be considered, and that I be told if any further documents or details are needed. This draft does not assert guilt, authenticate evidence, or state that an FIR has already been filed.","Case intake: Theft and robbery / House burglary; location Villa, West Bengal; incident date/time 2024-04-02 08:02; danger=No; threat=True; injury=False; property=True; police_contacted=False; legal_help_requested=False; event_ids=EVT000219_001;EVT000219_002; key remaining gaps: partially_provided: property_type, property_description | missing: ownership_information",Carry identity proof if needed; written timeline; location details; screenshots/photos/messages; receipts or documents where applicable; medical records if injury exists; property or account details if relevant; names/contact details of witnesses if safely available; copies of any prior complaint or authority response.,"I can show possession through receipts, photos, or property documents","partially_provided: property_type, property_description | missing: ownership_information",No contradiction linked in slot annotations or clarification answers.,"No immediate danger is recorded, but reassess safety before taking action. Prepare property details, location, timing, suspect description if known, and police complaint materials. Police already contacted: False. Legal help requested: False.",LP_CRIME_REPORTING_001;LP_FIR_PROCESS_001;LP_DIGITAL_EVIDENCE_001,0,False,5,4,True,team-reviewed,REV349,test
GOUT000220_EN,SCN000220,NAR000220_EN,en,ANS001981;ANS001982;ANS001983;ANS001984;ANS001985;ANS001986;ANS001987;ANS001988;ANS001989;ANS001990;ANS001991;ANS001992;ANS001993;ANS001994;ANS001995,EVT000220_001;EVT000220_002,1. An incident involving sudden verbal intimidation broke out at the residential street around 20:57. 2. An incident involving sudden verbal intimidation broke out at the residential street around 20:57.,"You reported a assault & threats matter about verbal intimidation at Residential street on 2024-04-05 around 20:57. The record notes danger status as Yes, threat mentioned as True, injury mentioned as False, and police contact as False.","incident_family=Assault & Threats | issue=Verbal intimidation | place=Residential street, Uttar Pradesh, India | date_time=2024-04-05 20:57 | events=EVT000220_001;EVT000220_002 | property_involved=False | threat_involved=True | injury_involved=False | open_questions=missing: threat_or_attack_description, injury_details | optional: alleged_offender_identity, safe_place_available, medical_help_status","To the concerned authority, I wish to report that on 2024-04-05 around 20:57, at Residential street, I experienced/reported an incident described as Verbal intimidation. My account is: An incident involving sudden verbal intimidation broke out at the residential street around 20:57. The aggressor initiated intense physical or verbal hostility against the victim, forcing bystanders to intervene to prevent further escalation.. I request that the information be recorded, that appropriate lawful guidance or action be considered, and that I be told if any further documents or details are needed. This draft does not assert guilt, authenticate evidence, or state that an FIR has already been filed.","Case intake: Assault & Threats / Verbal intimidation; location Residential street, Uttar Pradesh; incident date/time 2024-04-05 20:57; danger=Yes; threat=True; injury=False; property=False; police_contacted=False; legal_help_requested=True; event_ids=EVT000220_001;EVT000220_002; key remaining gaps: missing: threat_or_attack_description, injury_details | optional: alleged_offender_identity, safe_place_available, medical_help_status",Carry identity proof if needed; written timeline; location details; screenshots/photos/messages; receipts or documents where applicable; medical records if injury exists; property or account details if relevant; names/contact details of witnesses if safely available; copies of any prior complaint or authority response.,"No specific evidence item is confirmed; ask user to preserve screenshots, documents, photos, receipts, and messages where available.","missing: threat_or_attack_description, injury_details | optional: alleged_offender_identity, safe_place_available, medical_help_status",No contradiction linked in slot annotations or clarification answers.,"Prioritise immediate safety and emergency assistance before document preparation. If threat or injury exists, seek safety and medical support; preserve messages, witness details, and complaint facts. Police already contacted: False. Legal help requested: True.",LP_CRIME_REPORTING_001;LP_EMERGENCY_HELP_001;LP_FIR_PROCESS_001,0,False,5,4,True,team-reviewed,REV590,Train
GOUT000221_EN,SCN000221,NAR000221_EN,en,ANS001996;ANS001997;ANS001998;ANS001999;ANS002000;ANS002001;ANS002002;ANS002003;ANS002004,EVT000221_001;EVT000221_002,1. hey guys warning someone hacked my account via ransomware attack just now around 15:19!! 2. hey guys warning someone hacked my account via ransomware attack just now around 15:19!!,"You reported a cybercrime matter about ransomware attack at Shop on 2024-04-09 around 15:19. The record notes danger status as No, threat mentioned as True, injury mentioned as False, and police contact as False.","incident_family=Cybercrime | issue=Ransomware attack | place=Shop, Delhi, India | date_time=2024-04-09 15:19 | events=EVT000221_001;EVT000221_002 | property_involved=True | threat_involved=True | injury_involved=False | open_questions=optional: digital_evidence, security_steps_taken | partially_provided: ongoing_access_risk","To the concerned authority, I wish to report that on 2024-04-09 around 15:19, at Shop, I experienced/reported an incident described as Ransomware attack. My account is: hey guys warning someone hacked my account via ransomware attack just now around 15:19!! if u get any weird text or payment requests from me DO NOT transfer any money it is a fraud scam click nothing. I request that the information be recorded, that appropriate lawful guidance or action be considered, and that I be told if any further documents or details are needed. This draft does not assert guilt, authenticate evidence, or state that an FIR has already been filed.","Case intake: Cybercrime / Ransomware attack; location Shop, Delhi; incident date/time 2024-04-09 15:19; danger=No; threat=True; injury=False; property=True; police_contacted=False; legal_help_requested=False; event_ids=EVT000221_001;EVT000221_002; key remaining gaps: optional: digital_evidence, security_steps_taken | partially_provided: ongoing_access_risk",Carry identity proof if needed; written timeline; location details; screenshots/photos/messages; receipts or documents where applicable; medical records if injury exists; property or account details if relevant; names/contact details of witnesses if safely available; copies of any prior complaint or authority response.,"Screenshots, suspicious link, login alert, and transaction message are available","optional: digital_evidence, security_steps_taken | partially_provided: ongoing_access_risk",No contradiction linked in slot annotations or clarification answers.,"No immediate danger is recorded, but reassess safety before taking action. Preserve digital evidence, secure accounts, notify bank/platform if relevant, and use cyber reporting channels. Police already contacted: False. Legal help requested: False.",LP_CYBER_REPORTING_001;LP_ACCOUNT_SECURITY_001;LP_DIGITAL_EVIDENCE_001;LP_FINANCIAL_CYBER_FRAUD_001,0,False,5,4,True,team-reviewed,REV917,test
GOUT000222_EN,SCN000222,NAR000222_EN,en,ANS002005;ANS002006;ANS002007;ANS002008;ANS002009;ANS002010;ANS002011;ANS002012;ANS002013,EVT000222_001;EVT000222_002,1. experiencing a severe illegal property possession since 04:18. 2. guys please help they are trying to take over the Shop right now!!,"You reported a property disputes matter about illegal property possession at Shop on 2024-04-15 around 04:18. The record notes danger status as No, threat mentioned as True, injury mentioned as False, and police contact as True.","incident_family=Property Disputes | issue=Illegal property possession | place=Shop, Tamil Nadu, India | date_time=2024-04-15 04:18 | events=EVT000222_001;EVT000222_002 | property_involved=True | threat_involved=True | injury_involved=False | open_questions=partially_provided: property_type, current_possession | missing: ownership_documents","To the concerned authority, I wish to report that on 2024-04-15 around 04:18, at Shop, I experienced/reported an incident described as Illegal property possession. My account is: guys please help they are trying to take over the Shop right now!! experiencing a severe illegal property possession since 04:18. they brought workers and are breaking down boundaries. please check if anyone can come over fast. I request that the information be recorded, that appropriate lawful guidance or action be considered, and that I be told if any further documents or details are needed. This draft does not assert guilt, authenticate evidence, or state that an FIR has already been filed.","Case intake: Property Disputes / Illegal property possession; location Shop, Tamil Nadu; incident date/time 2024-04-15 04:18; danger=No; threat=True; injury=False; property=True; police_contacted=True; legal_help_requested=True; event_ids=EVT000222_001;EVT000222_002; key remaining gaps: partially_provided: property_type, current_possession | missing: ownership_documents",Carry identity proof if needed; written timeline; location details; screenshots/photos/messages; receipts or documents where applicable; medical records if injury exists; property or account details if relevant; names/contact details of witnesses if safely available; copies of any prior complaint or authority response.,"I can show possession through receipts, photos, or property documents","partially_provided: property_type, current_possession | missing: ownership_documents",No contradiction linked in slot annotations or clarification answers.,"No immediate danger is recorded, but reassess safety before taking action. Collect ownership/possession documents, photos of the site, opposing-party details, and avoid confrontation. Police already contacted: True. Legal help requested: True.",LP_PROPERTY_DISPUTE_001;LP_CRIME_REPORTING_001;LP_DIGITAL_EVIDENCE_001,0,False,5,4,True,team-reviewed,REV569,validation
GOUT000223_EN,SCN000223,NAR000223_EN,en,ANS002014;ANS002015;ANS002016;ANS002017;ANS002018;ANS002019;ANS002020;ANS002021;ANS002022;ANS002023;ANS002024;ANS002025;ANS002026;ANS002027;ANS002028,EVT000223_001;EVT000223_002,"1. Complainant states that on 2026-06-25 at approximately 15:38 hours, a severe case of verbal intimidation transpired at Shop. 2. Medical examination conducted where applicable..","You reported a assault & threats matter about verbal intimidation at Shop on 2024-04-16 around 15:38. The record notes danger status as No, threat mentioned as True, injury mentioned as False, and police contact as True.","incident_family=Assault & Threats | issue=Verbal intimidation | place=Shop, Maharashtra, India | date_time=2024-04-16 15:38 | events=EVT000223_001;EVT000223_002 | property_involved=False | threat_involved=True | injury_involved=False | open_questions=missing: threat_or_attack_description, injury_details | optional: witness_available, safe_place_available, medical_help_status","To the concerned authority, I wish to report that on 2024-04-16 around 15:38, at Shop, I experienced/reported an incident described as Verbal intimidation. My account is: Complainant states that on 2026-06-25 at approximately 15:38 hours, a severe case of verbal intimidation transpired at Shop. The accused allegedly engaged in hostile behavior, posing immediate threat to the victim. Medical examination conducted where applicable.. I request that the information be recorded, that appropriate lawful guidance or action be considered, and that I be told if any further documents or details are needed. This draft does not assert guilt, authenticate evidence, or state that an FIR has already been filed.","Case intake: Assault & Threats / Verbal intimidation; location Shop, Maharashtra; incident date/time 2024-04-16 15:38; danger=No; threat=True; injury=False; property=False; police_contacted=True; legal_help_requested=False; event_ids=EVT000223_001;EVT000223_002; key remaining gaps: missing: threat_or_attack_description, injury_details | optional: witness_available, safe_place_available, medical_help_status",Carry identity proof if needed; written timeline; location details; screenshots/photos/messages; receipts or documents where applicable; medical records if injury exists; property or account details if relevant; names/contact details of witnesses if safely available; copies of any prior complaint or authority response.,"No specific evidence item is confirmed; ask user to preserve screenshots, documents, photos, receipts, and messages where available.","missing: threat_or_attack_description, injury_details | optional: witness_available, safe_place_available, medical_help_status",No contradiction linked in slot annotations or clarification answers.,"No immediate danger is recorded, but reassess safety before taking action. If threat or injury exists, seek safety and medical support; preserve messages, witness details, and complaint facts. Police already contacted: True. Legal help requested: False.",LP_CRIME_REPORTING_001;LP_EMERGENCY_HELP_001;LP_FIR_PROCESS_001,0,False,5,4,True,team-reviewed,REV817,Train
GOUT000224_EN,SCN000224,NAR000224_EN,en,ANS002029;ANS002030;ANS002031;ANS002032;ANS002033;ANS002034;ANS002035;ANS002036;ANS002037;ANS002038;ANS002039;ANS002040;ANS002041;ANS002042;ANS002043;ANS002044;ANS002045;ANS002046,EVT000224_001;EVT000224_002,"1. Dear Legal Counsel / Mediation Cell, I am writing to formally report a non-compliance issue regarding our ongoing restitution of conjugal rights at the residence. 2. Dear Legal Counsel / Mediation Cell, I am writing to formally report a non-compliance issue regarding our ongoing restitution of conjugal rights at the residence.","You reported a family law matter about restitution of conjugal rights at Apartment on 2024-04-18 around 06:59. The record notes danger status as No, threat mentioned as False, injury mentioned as False, and police contact as False.","incident_family=Family Law | issue=Restitution of conjugal rights | place=Apartment, Maharashtra, India | date_time=2024-04-18 06:59 | events=EVT000224_001;EVT000224_002 | property_involved=False | threat_involved=False | injury_involved=False | open_questions=optional: case_or_order_status, child_or_dependent_involved, financial_support_issue, urgent_motion_needed, supporting_documents | missing: violence_or_safety_concern","To the concerned authority, I wish to report that on 2024-04-18 around 06:59, at Apartment, I experienced/reported an incident described as Restitution of conjugal rights. My account is: Dear Legal Counsel / Mediation Cell, I am writing to formally report a non-compliance issue regarding our ongoing restitution of conjugal rights at the residence. The definitive breach occurred on 2026-07-06 at 06:59 hours, wherein the counter-party unilaterally altered agreed-upon familial or financial maintenance parameters.. I request that the information be recorded, that appropriate lawful guidance or action be considered, and that I be told if any further documents or details are needed. This draft does not assert guilt, authenticate evidence, or state that an FIR has already been filed.","Case intake: Family Law / Restitution of conjugal rights; location Apartment, Maharashtra; incident date/time 2024-04-18 06:59; danger=No; threat=False; injury=False; property=False; police_contacted=False; legal_help_requested=True; event_ids=EVT000224_001;EVT000224_002; key remaining gaps: optional: case_or_order_status, child_or_dependent_involved, financial_support_issue, urgent_motion_needed, supporting_documents | missing: violence_or_safety_concern",Carry identity proof if needed; written timeline; location details; screenshots/photos/messages; receipts or documents where applicable; medical records if injury exists; property or account details if relevant; names/contact details of witnesses if safely available; copies of any prior complaint or authority response.,"I can provide more details, but I need to check the exact information","optional: case_or_order_status, child_or_dependent_involved, financial_support_issue, urgent_motion_needed, supporting_documents | missing: violence_or_safety_concern",No contradiction linked in slot annotations or clarification answers.,"No immediate danger is recorded, but reassess safety before taking action. Collect existing orders, communication records, child/dependent details, and consider family-court or legal-aid consultation. Police already contacted: False. Legal help requested: True.",LP_FAMILY_COURT_001;LP_CHILD_CUSTODY_001;LP_LEGAL_AID_001,0,False,5,4,True,team-reviewed,REV806,test
GOUT000225_EN,SCN000225,NAR000225_EN,en,ANS002047;ANS002048;ANS002049;ANS002050;ANS002051;ANS002052;ANS002053;ANS002054;ANS002055;ANS002056;ANS002057;ANS002058;ANS002059;ANS002060;ANS002061;ANS002062;ANS002063;ANS002064,EVT000225_001;EVT000225_002,"1. Dear Legal Counsel / Mediation Cell, I am writing to formally report a non-compliance issue regarding our ongoing divorce proceedings conflict at the residence. 2. Dear Legal Counsel / Mediation Cell, I am writing to formally report a non-compliance issue regarding our ongoing divorce proceedings conflict at the residence.","You reported a family law matter about divorce proceedings conflict at Apartment on 2024-04-19 around 03:01. The record notes danger status as No, threat mentioned as False, injury mentioned as False, and police contact as True.","incident_family=Family Law | issue=Divorce proceedings conflict | place=Apartment, Gujarat, India | date_time=2024-04-19 03:01 | events=EVT000225_001;EVT000225_002 | property_involved=False | threat_involved=False | injury_involved=False | open_questions=optional: case_or_order_status, child_or_dependent_involved, financial_support_issue, urgent_motion_needed, supporting_documents | missing: violence_or_safety_concern","To the concerned authority, I wish to report that on 2024-04-19 around 03:01, at Apartment, I experienced/reported an incident described as Divorce proceedings conflict. My account is: Dear Legal Counsel / Mediation Cell, I am writing to formally report a non-compliance issue regarding our ongoing divorce proceedings conflict at the residence. The definitive breach occurred on 2026-07-10 at 03:01 hours, wherein the counter-party unilaterally altered agreed-upon familial or financial maintenance parameters.. I request that the information be recorded, that appropriate lawful guidance or action be considered, and that I be told if any further documents or details are needed. This draft does not assert guilt, authenticate evidence, or state that an FIR has already been filed.","Case intake: Family Law / Divorce proceedings conflict; location Apartment, Gujarat; incident date/time 2024-04-19 03:01; danger=No; threat=False; injury=False; property=False; police_contacted=True; legal_help_requested=True; event_ids=EVT000225_001;EVT000225_002; key remaining gaps: optional: case_or_order_status, child_or_dependent_involved, financial_support_issue, urgent_motion_needed, supporting_documents | missing: violence_or_safety_concern",Carry identity proof if needed; written timeline; location details; screenshots/photos/messages; receipts or documents where applicable; medical records if injury exists; property or account details if relevant; names/contact details of witnesses if safely available; copies of any prior complaint or authority response.,"I can provide more details, but I need to check the exact information","optional: case_or_order_status, child_or_dependent_involved, financial_support_issue, urgent_motion_needed, supporting_documents | missing: violence_or_safety_concern",No contradiction linked in slot annotations or clarification answers.,"No immediate danger is recorded, but reassess safety before taking action. Collect existing orders, communication records, child/dependent details, and consider family-court or legal-aid consultation. Police already contacted: True. Legal help requested: True.",LP_FAMILY_COURT_001;LP_CHILD_CUSTODY_001;LP_LEGAL_AID_001,0,False,5,4,True,team-reviewed,REV773,Train
GOUT000226_EN,SCN000226,NAR000226_EN,en,ANS002065;ANS002066;ANS002067;ANS002068;ANS002069;ANS002070;ANS002071;ANS002072;ANS002073;ANS002074;ANS002075;ANS002076,EVT000226_001;EVT000226_002,"1. Several individuals were actively contesting an instance of boundary wall dispute, with local residents stepping in to prevent physical escalation before authorities were notified.. 2. Several individuals were actively contesting an instance of boundary wall dispute, with local residents stepping in to prevent physical escalation before authorities were notified..","You reported a property disputes matter about boundary wall dispute at Villa on 2024-04-21 around 00:57. The record notes danger status as No, threat mentioned as True, injury mentioned as False, and police contact as False.","incident_family=Property Disputes | issue=Boundary wall dispute | place=Villa, West Bengal, India | date_time=2024-04-21 00:57 | events=EVT000226_001;EVT000226_002 | property_involved=True | threat_involved=True | injury_involved=False | open_questions=partially_provided: property_type | missing: ownership_documents, current_possession | optional: opposing_party_identity","To the concerned authority, I wish to report that on 2024-04-21 around 00:57, at Villa, I experienced/reported an incident described as Boundary wall dispute. My account is: The observer witnessed an intense community argument unfolding near the villa around 00:57. Several individuals were actively contesting an instance of boundary wall dispute, with local residents stepping in to prevent physical escalation before authorities were notified.. I request that the information be recorded, that appropriate lawful guidance or action be considered, and that I be told if any further documents or details are needed. This draft does not assert guilt, authenticate evidence, or state that an FIR has already been filed.","Case intake: Property Disputes / Boundary wall dispute; location Villa, West Bengal; incident date/time 2024-04-21 00:57; danger=No; threat=True; injury=False; property=True; police_contacted=False; legal_help_requested=True; event_ids=EVT000226_001;EVT000226_002; key remaining gaps: partially_provided: property_type | missing: ownership_documents, current_possession | optional: opposing_party_identity",Carry identity proof if needed; written timeline; location details; screenshots/photos/messages; receipts or documents where applicable; medical records if injury exists; property or account details if relevant; names/contact details of witnesses if safely available; copies of any prior complaint or authority response.,"I can show possession through receipts, photos, or property documents","partially_provided: property_type | missing: ownership_documents, current_possession | optional: opposing_party_identity",No contradiction linked in slot annotations or clarification answers.,"No immediate danger is recorded, but reassess safety before taking action. Collect ownership/possession documents, photos of the site, opposing-party details, and avoid confrontation. Police already contacted: False. Legal help requested: True.",LP_PROPERTY_DISPUTE_001;LP_CRIME_REPORTING_001;LP_DIGITAL_EVIDENCE_001,0,False,5,4,True,team-reviewed,REV112,Train
GOUT000227_EN,SCN000227,NAR000227_EN,en,ANS002077;ANS002078;ANS002079;ANS002080;ANS002081;ANS002082;ANS002083;ANS002084;ANS002085;ANS002086;ANS002087;ANS002088;ANS002089;ANS002090;ANS002091;ANS002092;ANS002093;ANS002094,EVT000227_001;EVT000227_002,"1. Dear Legal Counsel / Mediation Cell, I am writing to formally report a non-compliance issue regarding our ongoing restitution of conjugal rights at the residence. 2. Dear Legal Counsel / Mediation Cell, I am writing to formally report a non-compliance issue regarding our ongoing restitution of conjugal rights at the residence.","You reported a family law matter about restitution of conjugal rights at Apartment on 2024-04-24 around 08:59. The record notes danger status as No, threat mentioned as False, injury mentioned as False, and police contact as True.","incident_family=Family Law | issue=Restitution of conjugal rights | place=Apartment, Delhi, India | date_time=2024-04-24 08:59 | events=EVT000227_001;EVT000227_002 | property_involved=True | threat_involved=False | injury_involved=False | open_questions=optional: case_or_order_status, child_or_dependent_involved, financial_support_issue, urgent_motion_needed, supporting_documents | missing: violence_or_safety_concern","To the concerned authority, I wish to report that on 2024-04-24 around 08:59, at Apartment, I experienced/reported an incident described as Restitution of conjugal rights. My account is: Dear Legal Counsel / Mediation Cell, I am writing to formally report a non-compliance issue regarding our ongoing restitution of conjugal rights at the residence. The definitive breach occurred on 2026-07-04 at 08:59 hours, wherein the counter-party unilaterally altered agreed-upon familial or financial maintenance parameters.. I request that the information be recorded, that appropriate lawful guidance or action be considered, and that I be told if any further documents or details are needed. This draft does not assert guilt, authenticate evidence, or state that an FIR has already been filed.","Case intake: Family Law / Restitution of conjugal rights; location Apartment, Delhi; incident date/time 2024-04-24 08:59; danger=No; threat=False; injury=False; property=True; police_contacted=True; legal_help_requested=True; event_ids=EVT000227_001;EVT000227_002; key remaining gaps: optional: case_or_order_status, child_or_dependent_involved, financial_support_issue, urgent_motion_needed, supporting_documents | missing: violence_or_safety_concern",Carry identity proof if needed; written timeline; location details; screenshots/photos/messages; receipts or documents where applicable; medical records if injury exists; property or account details if relevant; names/contact details of witnesses if safely available; copies of any prior complaint or authority response.,"I can provide more details, but I need to check the exact information","optional: case_or_order_status, child_or_dependent_involved, financial_support_issue, urgent_motion_needed, supporting_documents | missing: violence_or_safety_concern",No contradiction linked in slot annotations or clarification answers.,"No immediate danger is recorded, but reassess safety before taking action. Collect existing orders, communication records, child/dependent details, and consider family-court or legal-aid consultation. Police already contacted: True. Legal help requested: True.",LP_FAMILY_COURT_001;LP_CHILD_CUSTODY_001;LP_LEGAL_AID_001,0,False,5,4,True,team-reviewed,REV143,test
GOUT000228_EN,SCN000228,NAR000228_EN,en,ANS002095;ANS002096;ANS002097;ANS002098;ANS002099;ANS002100;ANS002101;ANS002102;ANS002103;ANS002104;ANS002105;ANS002106,EVT000228_001;EVT000228_002,"1. On the date of 2026-07-09, a major civil friction classified under guardianship dispute escalated during a familial meeting at the designated apartment at approximately 01:47 hours. 2. On the date of 2026-07-09, a major civil friction classified under guardianship dispute escalated during a familial meeting at the designated apartment at approximately 01:47 hours.","You reported a family law matter about guardianship dispute at Apartment on 2024-04-26 around 01:47. The record notes danger status as No, threat mentioned as False, injury mentioned as False, and police contact as False.","incident_family=Family Law | issue=Guardianship dispute | place=Apartment, Karnataka, India | date_time=2024-04-26 01:47 | events=EVT000228_001;EVT000228_002 | property_involved=False | threat_involved=False | injury_involved=False | open_questions=optional: financial_support_issue, urgent_motion_needed, supporting_documents | missing: violence_or_safety_concern","To the concerned authority, I wish to report that on 2024-04-26 around 01:47, at Apartment, I experienced/reported an incident described as Guardianship dispute. My account is: On the date of 2026-07-09, a major civil friction classified under guardianship dispute escalated during a familial meeting at the designated apartment at approximately 01:47 hours. The dispute involves competing claims regarding maintenance allocations or custody arrangements, leading to severe communication breakdown between the principal parties. The current circumstances indicate an immediate requirement for legal intervention to mandate adherence to statutory family frameworks within the state jurisdiction.. I request that the information be recorded, that appropriate lawful guidance or action be considered, and that I be told if any further documents or details are needed. This draft does not assert guilt, authenticate evidence, or state that an FIR has already been filed.","Case intake: Family Law / Guardianship dispute; location Apartment, Karnataka; incident date/time 2024-04-26 01:47; danger=No; threat=False; injury=False; property=False; police_contacted=False; legal_help_requested=True; event_ids=EVT000228_001;EVT000228_002; key remaining gaps: optional: financial_support_issue, urgent_motion_needed, supporting_documents | missing: violence_or_safety_concern",Carry identity proof if needed; written timeline; location details; screenshots/photos/messages; receipts or documents where applicable; medical records if injury exists; property or account details if relevant; names/contact details of witnesses if safely available; copies of any prior complaint or authority response.,"I can provide more details, but I need to check the exact information","optional: financial_support_issue, urgent_motion_needed, supporting_documents | missing: violence_or_safety_concern",No contradiction linked in slot annotations or clarification answers.,"No immediate danger is recorded, but reassess safety before taking action. Collect existing orders, communication records, child/dependent details, and consider family-court or legal-aid consultation. Police already contacted: False. Legal help requested: True.",LP_FAMILY_COURT_001;LP_CHILD_CUSTODY_001;LP_LEGAL_AID_001,0,False,5,4,True,team-reviewed,REV287,test
GOUT000229_EN,SCN000229,NAR000229_EN,en,ANS002107;ANS002108;ANS002109;ANS002110;ANS002111;ANS002112;ANS002113;ANS002114;ANS002115;ANS002116;ANS002117;ANS002118;ANS002119;ANS002120;ANS002121,EVT000229_001;EVT000229_002,"1. Complainant states that on 2026-06-25 at approximately 22:25 hours, a severe case of online harassment & threats transpired at Online platform. 2. Medical examination conducted where applicable..","You reported a assault & threats matter about online harassment & threats at Online platform on 2024-04-30 around 22:25. The record notes danger status as No, threat mentioned as True, injury mentioned as False, and police contact as True.","incident_family=Assault & Threats | issue=Online harassment & threats | place=Online platform, Telangana, India | date_time=2024-04-30 22:25 | events=EVT000229_001;EVT000229_002 | property_involved=False | threat_involved=True | injury_involved=False | open_questions=missing: threat_or_attack_description, injury_details | optional: witness_available, safe_place_available, medical_help_status","To the concerned authority, I wish to report that on 2024-04-30 around 22:25, at Online platform, I experienced/reported an incident described as Online harassment & threats. My account is: Complainant states that on 2026-06-25 at approximately 22:25 hours, a severe case of online harassment & threats transpired at Online platform. The accused allegedly engaged in hostile behavior, posing immediate threat to the victim. Medical examination conducted where applicable.. I request that the information be recorded, that appropriate lawful guidance or action be considered, and that I be told if any further documents or details are needed. This draft does not assert guilt, authenticate evidence, or state that an FIR has already been filed.","Case intake: Assault & Threats / Online harassment & threats; location Online platform, Telangana; incident date/time 2024-04-30 22:25; danger=No; threat=True; injury=False; property=False; police_contacted=True; legal_help_requested=False; event_ids=EVT000229_001;EVT000229_002; key remaining gaps: missing: threat_or_attack_description, injury_details | optional: witness_available, safe_place_available, medical_help_status",Carry identity proof if needed; written timeline; location details; screenshots/photos/messages; receipts or documents where applicable; medical records if injury exists; property or account details if relevant; names/contact details of witnesses if safely available; copies of any prior complaint or authority response.,"No specific evidence item is confirmed; ask user to preserve screenshots, documents, photos, receipts, and messages where available.","missing: threat_or_attack_description, injury_details | optional: witness_available, safe_place_available, medical_help_status",No contradiction linked in slot annotations or clarification answers.,"No immediate danger is recorded, but reassess safety before taking action. If threat or injury exists, seek safety and medical support; preserve messages, witness details, and complaint facts. Police already contacted: True. Legal help requested: False.",LP_CRIME_REPORTING_001;LP_EMERGENCY_HELP_001;LP_FIR_PROCESS_001,0,False,5,4,True,team-reviewed,REV475,test
GOUT000230_EN,SCN000230,NAR000230_EN,en,ANS002122;ANS002123;ANS002124,EVT000230_001;EVT000230_002,"1. Dear Nodal Officer / Bank Authority, I am writing to formally log an emergency grievance regarding an severe case of insurance claim fraud executed against my portfolio through the Office. 2. Dear Nodal Officer / Bank Authority, I am writing to formally log an emergency grievance regarding an severe case of insurance claim fraud executed against my portfolio through the Office.","You reported a financial fraud matter about insurance claim fraud at Office on 2024-05-01 around 16:43. The record notes danger status as No, threat mentioned as False, injury mentioned as False, and police contact as False.","incident_family=Financial Fraud | issue=Insurance claim fraud | place=Office, Uttar Pradesh, India | date_time=2024-05-01 16:43 | events=EVT000230_001;EVT000230_002 | property_involved=True | threat_involved=False | injury_involved=False | open_questions=optional: documents_or_audit_trail","To the concerned authority, I wish to report that on 2024-05-01 around 16:43, at Office, I experienced/reported an incident described as Insurance claim fraud. My account is: Dear Nodal Officer / Bank Authority, I am writing to formally log an emergency grievance regarding an severe case of insurance claim fraud executed against my portfolio through the Office. The breach occurred on 2026-07-08 at 16:43 hours, violating standard security checks and clearing mechanisms.. I request that the information be recorded, that appropriate lawful guidance or action be considered, and that I be told if any further documents or details are needed. This draft does not assert guilt, authenticate evidence, or state that an FIR has already been filed.","Case intake: Financial Fraud / Insurance claim fraud; location Office, Uttar Pradesh; incident date/time 2024-05-01 16:43; danger=No; threat=False; injury=False; property=True; police_contacted=False; legal_help_requested=True; event_ids=EVT000230_001;EVT000230_002; key remaining gaps: optional: documents_or_audit_trail",Carry identity proof if needed; written timeline; location details; screenshots/photos/messages; receipts or documents where applicable; medical records if injury exists; property or account details if relevant; names/contact details of witnesses if safely available; copies of any prior complaint or authority response.,"I can provide more details, but I need to check the exact information",optional: documents_or_audit_trail,No contradiction linked in slot annotations or clarification answers.,"No immediate danger is recorded, but reassess safety before taking action. Notify the financial institution quickly, preserve transaction records, and consider police/cyber reporting depending on facts. Police already contacted: False. Legal help requested: True.",LP_FINANCIAL_CYBER_FRAUD_001;LP_CYBER_REPORTING_001;LP_DIGITAL_EVIDENCE_001,0,False,5,4,True,team-reviewed,REV346,Train
GOUT000231_EN,SCN000231,NAR000231_EN,en,ANS002125;ANS002126;ANS002127;ANS002128;ANS002129;ANS002130;ANS002131;ANS002132;ANS002133;ANS002134;ANS002135;ANS002136;ANS002137;ANS002138;ANS002139,EVT000231_001;EVT000231_002,"1. Dear Management, I am writing to formally log a grievance regarding a distressing incident of online harassment & threats that occurred today at approximately 23:25 within the Social media. 2. Dear Management, I am writing to formally log a grievance regarding a distressing incident of online harassment & threats that occurred today at approximately 23:25 within the Social media.","You reported a assault & threats matter about online harassment & threats at Social media on 2024-05-02 around 23:25. The record notes danger status as No, threat mentioned as True, injury mentioned as False, and police contact as True.","incident_family=Assault & Threats | issue=Online harassment & threats | place=Social media, Telangana, India | date_time=2024-05-02 23:25 | events=EVT000231_001;EVT000231_002 | property_involved=True | threat_involved=True | injury_involved=False | open_questions=missing: threat_or_attack_description, injury_details | optional: witness_available, safe_place_available, medical_help_status","To the concerned authority, I wish to report that on 2024-05-02 around 23:25, at Social media, I experienced/reported an incident described as Online harassment & threats. My account is: Dear Management, I am writing to formally log a grievance regarding a distressing incident of online harassment & threats that occurred today at approximately 23:25 within the Social media. The aggressive posturing and direct threats have created an incredibly hostile and unsafe environment.. I request that the information be recorded, that appropriate lawful guidance or action be considered, and that I be told if any further documents or details are needed. This draft does not assert guilt, authenticate evidence, or state that an FIR has already been filed.","Case intake: Assault & Threats / Online harassment & threats; location Social media, Telangana; incident date/time 2024-05-02 23:25; danger=No; threat=True; injury=False; property=True; police_contacted=True; legal_help_requested=True; event_ids=EVT000231_001;EVT000231_002; key remaining gaps: missing: threat_or_attack_description, injury_details | optional: witness_available, safe_place_available, medical_help_status",Carry identity proof if needed; written timeline; location details; screenshots/photos/messages; receipts or documents where applicable; medical records if injury exists; property or account details if relevant; names/contact details of witnesses if safely available; copies of any prior complaint or authority response.,"No specific evidence item is confirmed; ask user to preserve screenshots, documents, photos, receipts, and messages where available.","missing: threat_or_attack_description, injury_details | optional: witness_available, safe_place_available, medical_help_status",No contradiction linked in slot annotations or clarification answers.,"No immediate danger is recorded, but reassess safety before taking action. If threat or injury exists, seek safety and medical support; preserve messages, witness details, and complaint facts. Police already contacted: True. Legal help requested: True.",LP_CRIME_REPORTING_001;LP_EMERGENCY_HELP_001;LP_FIR_PROCESS_001,0,False,5,4,True,team-reviewed,REV903,Train
GOUT000232_EN,SCN000232,NAR000232_EN,en,ANS002140;ANS002141;ANS002142;ANS002143;ANS002144;ANS002145;ANS002146;ANS002147;ANS002148;ANS002149;ANS002150;ANS002151,EVT000232_001;EVT000232_002,"1. When I confronted them about this blatant tenant-landlord conflict, they straight up threatened me and refused to move back. 2. When I confronted them about this blatant tenant-landlord conflict, they straight up threatened me and refused to move back.","You reported a property disputes matter about tenant-landlord conflict at House on 2024-05-04 around 15:17. The record notes danger status as No, threat mentioned as True, injury mentioned as False, and police contact as False.","incident_family=Property Disputes | issue=Tenant-landlord conflict | place=House, Delhi, India | date_time=2024-05-04 15:17 | events=EVT000232_001;EVT000232_002 | property_involved=True | threat_involved=True | injury_involved=False | open_questions=partially_provided: property_type, current_possession | missing: ownership_documents | optional: damage_or_alteration","To the concerned authority, I wish to report that on 2024-05-04 around 15:17, at House, I experienced/reported an incident described as Tenant-landlord conflict. My account is: So I went out to check my house around 15:17 today, and I saw they were actively setting up structures on my side! When I confronted them about this blatant tenant-landlord conflict, they straight up threatened me and refused to move back. I am so stressed out right now.. I request that the information be recorded, that appropriate lawful guidance or action be considered, and that I be told if any further documents or details are needed. This draft does not assert guilt, authenticate evidence, or state that an FIR has already been filed.","Case intake: Property Disputes / Tenant-landlord conflict; location House, Delhi; incident date/time 2024-05-04 15:17; danger=No; threat=True; injury=False; property=True; police_contacted=False; legal_help_requested=True; event_ids=EVT000232_001;EVT000232_002; key remaining gaps: partially_provided: property_type, current_possession | missing: ownership_documents | optional: damage_or_alteration",Carry identity proof if needed; written timeline; location details; screenshots/photos/messages; receipts or documents where applicable; medical records if injury exists; property or account details if relevant; names/contact details of witnesses if safely available; copies of any prior complaint or authority response.,"I can show possession through receipts, photos, or property documents","partially_provided: property_type, current_possession | missing: ownership_documents | optional: damage_or_alteration",No contradiction linked in slot annotations or clarification answers.,"No immediate danger is recorded, but reassess safety before taking action. Collect ownership/possession documents, photos of the site, opposing-party details, and avoid confrontation. Police already contacted: False. Legal help requested: True.",LP_PROPERTY_DISPUTE_001;LP_CRIME_REPORTING_001;LP_DIGITAL_EVIDENCE_001,0,False,5,4,True,team-reviewed,REV790,Train
GOUT000233_EN,SCN000233,NAR000233_EN,en,ANS002152;ANS002153;ANS002154;ANS002155;ANS002156;ANS002157;ANS002158;ANS002159;ANS002160;ANS002161;ANS002162;ANS002163;ANS002164;ANS002165;ANS002166,EVT000233_001;EVT000233_002,"1. On the date of 2026-06-21, a highly contentious domestic incident manifesting as intimate partner violence occurred within the private residence. 2. The conflict reportedly originated from long-standing domestic pressures and rapidly intensified into aggressive behavior around 06:19.","You reported a domestic violence matter about intimate partner violence at House on 2024-05-07 around 06:19. The record notes danger status as No, threat mentioned as True, injury mentioned as False, and police contact as True.","incident_family=Domestic Violence | issue=Intimate partner violence | place=House, Gujarat, India | date_time=2024-05-07 06:19 | events=EVT000233_001;EVT000233_002 | property_involved=False | threat_involved=True | injury_involved=False | open_questions=partially_provided: relationship_to_offender, current_shelter_safety | optional: children_or_dependents, evidence_available | missing: injury_or_medical_need","To the concerned authority, I wish to report that on 2024-05-07 around 06:19, at House, I experienced/reported an incident described as Intimate partner violence. My account is: On the date of 2026-06-21, a highly contentious domestic incident manifesting as intimate partner violence occurred within the private residence. The conflict reportedly originated from long-standing domestic pressures and rapidly intensified into aggressive behavior around 06:19. The victim sustained significant psychological and physical strain before external family structures could be notified. Local authorities are reviewing the continuous pattern of behavior under the protection laws of the jurisdiction.. I request that the information be recorded, that appropriate lawful guidance or action be considered, and that I be told if any further documents or details are needed. This draft does not assert guilt, authenticate evidence, or state that an FIR has already been filed.","Case intake: Domestic Violence / Intimate partner violence; location House, Gujarat; incident date/time 2024-05-07 06:19; danger=No; threat=True; injury=False; property=False; police_contacted=True; legal_help_requested=True; event_ids=EVT000233_001;EVT000233_002; key remaining gaps: partially_provided: relationship_to_offender, current_shelter_safety | optional: children_or_dependents, evidence_available | missing: injury_or_medical_need",Carry identity proof if needed; written timeline; location details; screenshots/photos/messages; receipts or documents where applicable; medical records if injury exists; property or account details if relevant; names/contact details of witnesses if safely available; copies of any prior complaint or authority response.,I have photos and messages related to the incident,"partially_provided: relationship_to_offender, current_shelter_safety | optional: children_or_dependents, evidence_available | missing: injury_or_medical_need",No contradiction linked in slot annotations or clarification answers.,"No immediate danger is recorded, but reassess safety before taking action. Prioritise safety planning, trusted support, medical documentation if needed, and legal-aid/protection options. Police already contacted: True. Legal help requested: True.",LP_DOMESTIC_VIOLENCE_001;LP_EMERGENCY_HELP_001;LP_LEGAL_AID_001,0,False,5,4,True,team-reviewed,REV241,test
GOUT000234_EN,SCN000234,NAR000234_EN,en,ANS002167;ANS002168;ANS002169;ANS002170;ANS002171;ANS002172;ANS002173;ANS002174;ANS002175,EVT000234_001;EVT000234_002,1. occurred just now around 07:37 hours. 2. anyone nearby please help or tell me where the nearest police booth is asap!!,"You reported a theft and robbery matter about house burglary at House on 2024-05-09 around 07:37. The record notes danger status as No, threat mentioned as False, injury mentioned as False, and police contact as False.","incident_family=Theft and robbery | issue=House burglary | place=House, Karnataka, India | date_time=2024-05-09 07:37 | events=EVT000234_001;EVT000234_002 | property_involved=True | threat_involved=False | injury_involved=False | open_questions=missing: ownership_information, force_or_threat_used | optional: suspect_description","To the concerned authority, I wish to report that on 2024-05-09 around 07:37, at House, I experienced/reported an incident described as House burglary. My account is: omg someone just took my things at the House!!! occurred just now around 07:37 hours. anyone nearby please help or tell me where the nearest police booth is asap!! lost everything inside my bag. I request that the information be recorded, that appropriate lawful guidance or action be considered, and that I be told if any further documents or details are needed. This draft does not assert guilt, authenticate evidence, or state that an FIR has already been filed.","Case intake: Theft and robbery / House burglary; location House, Karnataka; incident date/time 2024-05-09 07:37; danger=No; threat=False; injury=False; property=True; police_contacted=False; legal_help_requested=False; event_ids=EVT000234_001;EVT000234_002; key remaining gaps: missing: ownership_information, force_or_threat_used | optional: suspect_description",Carry identity proof if needed; written timeline; location details; screenshots/photos/messages; receipts or documents where applicable; medical records if injury exists; property or account details if relevant; names/contact details of witnesses if safely available; copies of any prior complaint or authority response.,"I can show possession through receipts, photos, or property documents","missing: ownership_information, force_or_threat_used | optional: suspect_description",No contradiction linked in slot annotations or clarification answers.,"No immediate danger is recorded, but reassess safety before taking action. Prepare property details, location, timing, suspect description if known, and police complaint materials. Police already contacted: False. Legal help requested: False.",LP_CRIME_REPORTING_001;LP_FIR_PROCESS_001;LP_DIGITAL_EVIDENCE_001,0,False,5,4,True,team-reviewed,REV847,test
GOUT000235_EN,SCN000235,NAR000235_EN,en,ANS002176;ANS002177;ANS002178;ANS002179;ANS002180;ANS002181;ANS002182;ANS002183;ANS002184;ANS002185;ANS002186;ANS002187,EVT000235_001;EVT000235_002,"1. Dear Authority, I am writing to formally lodge a complaint regarding a armed robbery incident that transpired at the Highway on 2026-06-20. 2. Dear Authority, I am writing to formally lodge a complaint regarding a armed robbery incident that transpired at the Highway on 2026-06-20.","You reported a theft and robbery matter about armed robbery at Highway on 2024-05-10 around 10:11. The record notes danger status as No, threat mentioned as True, injury mentioned as False, and police contact as True.","incident_family=Theft and robbery | issue=Armed robbery | place=Highway, Uttar Pradesh, India | date_time=2024-05-10 10:11 | events=EVT000235_001;EVT000235_002 | property_involved=True | threat_involved=True | injury_involved=False | open_questions=partially_provided: property_type, property_description | missing: ownership_information | optional: suspect_description","To the concerned authority, I wish to report that on 2024-05-10 around 10:11, at Highway, I experienced/reported an incident described as Armed robbery. My account is: Dear Authority, I am writing to formally lodge a complaint regarding a armed robbery incident that transpired at the Highway on 2026-06-20. The incident occurred around 10:11, resulting in the unauthorized taking of my personal property. I request your immediate intervention to review CCTV footage.. I request that the information be recorded, that appropriate lawful guidance or action be considered, and that I be told if any further documents or details are needed. This draft does not assert guilt, authenticate evidence, or state that an FIR has already been filed.","Case intake: Theft and robbery / Armed robbery; location Highway, Uttar Pradesh; incident date/time 2024-05-10 10:11; danger=No; threat=True; injury=False; property=True; police_contacted=True; legal_help_requested=True; event_ids=EVT000235_001;EVT000235_002; key remaining gaps: partially_provided: property_type, property_description | missing: ownership_information | optional: suspect_description",Carry identity proof if needed; written timeline; location details; screenshots/photos/messages; receipts or documents where applicable; medical records if injury exists; property or account details if relevant; names/contact details of witnesses if safely available; copies of any prior complaint or authority response.,"I can show possession through receipts, photos, or property documents","partially_provided: property_type, property_description | missing: ownership_information | optional: suspect_description",No contradiction linked in slot annotations or clarification answers.,"No immediate danger is recorded, but reassess safety before taking action. Prepare property details, location, timing, suspect description if known, and police complaint materials. Police already contacted: True. Legal help requested: True.",LP_CRIME_REPORTING_001;LP_FIR_PROCESS_001;LP_DIGITAL_EVIDENCE_001,0,False,5,4,True,team-reviewed,REV799,test
GOUT000236_EN,SCN000236,NAR000236_EN,en,ANS002188;ANS002189;ANS002190;ANS002191;ANS002192;ANS002193;ANS002194;ANS002195;ANS002196;ANS002197;ANS002198;ANS002199;ANS002200;ANS002201;ANS002202,EVT000236_001;EVT000236_002,"1. Complainant states that on 2026-06-30 at approximately 16:42 hours, a severe case of verbal intimidation transpired at Shop. 2. Medical examination conducted where applicable..","You reported a assault & threats matter about verbal intimidation at Shop on 2024-05-14 around 16:42. The record notes danger status as No, threat mentioned as True, injury mentioned as False, and police contact as True.","incident_family=Assault & Threats | issue=Verbal intimidation | place=Shop, West Bengal, India | date_time=2024-05-14 16:42 | events=EVT000236_001;EVT000236_002 | property_involved=True | threat_involved=True | injury_involved=False | open_questions=missing: threat_or_attack_description, injury_details | optional: witness_available, safe_place_available, medical_help_status","To the concerned authority, I wish to report that on 2024-05-14 around 16:42, at Shop, I experienced/reported an incident described as Verbal intimidation. My account is: Complainant states that on 2026-06-30 at approximately 16:42 hours, a severe case of verbal intimidation transpired at Shop. The accused allegedly engaged in hostile behavior, posing immediate threat to the victim. Medical examination conducted where applicable.. I request that the information be recorded, that appropriate lawful guidance or action be considered, and that I be told if any further documents or details are needed. This draft does not assert guilt, authenticate evidence, or state that an FIR has already been filed.","Case intake: Assault & Threats / Verbal intimidation; location Shop, West Bengal; incident date/time 2024-05-14 16:42; danger=No; threat=True; injury=False; property=True; police_contacted=True; legal_help_requested=True; event_ids=EVT000236_001;EVT000236_002; key remaining gaps: missing: threat_or_attack_description, injury_details | optional: witness_available, safe_place_available, medical_help_status",Carry identity proof if needed; written timeline; location details; screenshots/photos/messages; receipts or documents where applicable; medical records if injury exists; property or account details if relevant; names/contact details of witnesses if safely available; copies of any prior complaint or authority response.,"No specific evidence item is confirmed; ask user to preserve screenshots, documents, photos, receipts, and messages where available.","missing: threat_or_attack_description, injury_details | optional: witness_available, safe_place_available, medical_help_status",No contradiction linked in slot annotations or clarification answers.,"No immediate danger is recorded, but reassess safety before taking action. If threat or injury exists, seek safety and medical support; preserve messages, witness details, and complaint facts. Police already contacted: True. Legal help requested: True.",LP_CRIME_REPORTING_001;LP_EMERGENCY_HELP_001;LP_FIR_PROCESS_001,0,False,5,4,True,team-reviewed,REV576,test
GOUT000237_EN,SCN000237,NAR000237_EN,en,ANS002203;ANS002204;ANS002205;ANS002206;ANS002207;ANS002208;ANS002209;ANS002210;ANS002211,EVT000237_001;EVT000237_002,"1. So I was just going out past the road around 11:00 today, and I ran straight into a total public nuisance dispute. 2. It completely blocked my path and nobody around seemed to know who to call to get it fixed or sorted out.","You reported a miscellaneous matter about public nuisance dispute at Road on 2024-05-17 around 11:00. The record notes danger status as No, threat mentioned as False, injury mentioned as False, and police contact as True.","incident_family=Miscellaneous | issue=Public nuisance dispute | place=Road, Karnataka, India | date_time=2024-05-17 11:00 | events=EVT000237_001;EVT000237_002 | property_involved=True | threat_involved=False | injury_involved=False | open_questions=partially_provided: risk_to_public | optional: item_or_property_affected, authority_to_contact","To the concerned authority, I wish to report that on 2024-05-17 around 11:00, at Road, I experienced/reported an incident described as Public nuisance dispute. My account is: So I was just going out past the road around 11:00 today, and I ran straight into a total public nuisance dispute. It completely blocked my path and nobody around seemed to know who to call to get it fixed or sorted out. Just super frustrated.. I request that the information be recorded, that appropriate lawful guidance or action be considered, and that I be told if any further documents or details are needed. This draft does not assert guilt, authenticate evidence, or state that an FIR has already been filed.","Case intake: Miscellaneous / Public nuisance dispute; location Road, Karnataka; incident date/time 2024-05-17 11:00; danger=No; threat=False; injury=False; property=True; police_contacted=True; legal_help_requested=False; event_ids=EVT000237_001;EVT000237_002; key remaining gaps: partially_provided: risk_to_public | optional: item_or_property_affected, authority_to_contact",Carry identity proof if needed; written timeline; location details; screenshots/photos/messages; receipts or documents where applicable; medical records if injury exists; property or account details if relevant; names/contact details of witnesses if safely available; copies of any prior complaint or authority response.,"No specific evidence item is confirmed; ask user to preserve screenshots, documents, photos, receipts, and messages where available.","partially_provided: risk_to_public | optional: item_or_property_affected, authority_to_contact",No contradiction linked in slot annotations or clarification answers.,"No immediate danger is recorded, but reassess safety before taking action. Collect date, location, evidence, authority contacted, and any safety concerns before escalation. Police already contacted: True. Legal help requested: False.",LP_CRIME_REPORTING_001;LP_EMERGENCY_HELP_001;LP_LEGAL_AID_001,0,False,5,4,True,team-reviewed,REV123,Train
GOUT000238_EN,SCN000238,NAR000238_EN,en,ANS002212;ANS002213;ANS002214,EVT000238_001;EVT000238_002,1. Complainant registers a formal grievance concerning employer violations under the category of safe working conditions violation at the designated factory. 2. Corporate payroll and logs have been requested..,"You reported a employment/labour matter about safe working conditions violation at Factory on 2024-05-18 around 13:21. The record notes danger status as No, threat mentioned as False, injury mentioned as True, and police contact as False.","incident_family=Employment/Labour | issue=Safe working conditions violation | place=Factory, West Bengal, India | date_time=2024-05-18 13:21 | events=EVT000238_001;EVT000238_002 | property_involved=False | threat_involved=False | injury_involved=True | open_questions=optional: wage_or_benefit_amount","To the concerned authority, I wish to report that on 2024-05-18 around 13:21, at Factory, I experienced/reported an incident described as Safe working conditions violation. My account is: Complainant registers a formal grievance concerning employer violations under the category of safe working conditions violation at the designated factory. The incident occurred on 2026-07-10 at approximately 13:21 hours, wherein the management failed to comply with statutory labor provisions. Corporate payroll and logs have been requested.. I request that the information be recorded, that appropriate lawful guidance or action be considered, and that I be told if any further documents or details are needed. This draft does not assert guilt, authenticate evidence, or state that an FIR has already been filed.","Case intake: Employment/Labour / Safe working conditions violation; location Factory, West Bengal; incident date/time 2024-05-18 13:21; danger=No; threat=False; injury=True; property=False; police_contacted=False; legal_help_requested=True; event_ids=EVT000238_001;EVT000238_002; key remaining gaps: optional: wage_or_benefit_amount",Carry identity proof if needed; written timeline; location details; screenshots/photos/messages; receipts or documents where applicable; medical records if injury exists; property or account details if relevant; names/contact details of witnesses if safely available; copies of any prior complaint or authority response.,Corporate payroll and logs have been requested,optional: wage_or_benefit_amount,No contradiction linked in slot annotations or clarification answers.,"No immediate danger is recorded, but reassess safety before taking action. Collect employment documents, payslips, emails, HR communication, and wage/termination details. Police already contacted: False. Legal help requested: True.",LP_LABOUR_COMPLAINT_001;LP_WAGE_CLAIM_001;LP_LEGAL_AID_001,0,False,5,4,True,team-reviewed,REV805,validation
GOUT000239_EN,SCN000239,NAR000239_EN,en,ANS002215;ANS002216;ANS002217;ANS002218;ANS002219;ANS002220;ANS002221;ANS002222;ANS002223,EVT000239_001;EVT000239_002,1. Complainant registers a general municipal or public service notification regarding public nuisance dispute at the location of park. 2. Complainant registers a general municipal or public service notification regarding public nuisance dispute at the location of park.,"You reported a miscellaneous matter about public nuisance dispute at Park on 2024-05-20 around 12:42. The record notes danger status as No, threat mentioned as False, injury mentioned as False, and police contact as False.","incident_family=Miscellaneous | issue=Public nuisance dispute | place=Park, West Bengal, India | date_time=2024-05-20 12:42 | events=EVT000239_001;EVT000239_002 | property_involved=True | threat_involved=False | injury_involved=False | open_questions=partially_provided: risk_to_public | optional: item_or_property_affected, authority_to_contact","To the concerned authority, I wish to report that on 2024-05-20 around 12:42, at Park, I experienced/reported an incident described as Public nuisance dispute. My account is: Complainant registers a general municipal or public service notification regarding public nuisance dispute at the location of park. The incident transpired on 2026-06-27 at approximately 12:42 hours, causing minor public inconvenience or operational disruption. Log entries have been completed.. I request that the information be recorded, that appropriate lawful guidance or action be considered, and that I be told if any further documents or details are needed. This draft does not assert guilt, authenticate evidence, or state that an FIR has already been filed.","Case intake: Miscellaneous / Public nuisance dispute; location Park, West Bengal; incident date/time 2024-05-20 12:42; danger=No; threat=False; injury=False; property=True; police_contacted=False; legal_help_requested=False; event_ids=EVT000239_001;EVT000239_002; key remaining gaps: partially_provided: risk_to_public | optional: item_or_property_affected, authority_to_contact",Carry identity proof if needed; written timeline; location details; screenshots/photos/messages; receipts or documents where applicable; medical records if injury exists; property or account details if relevant; names/contact details of witnesses if safely available; copies of any prior complaint or authority response.,"No specific evidence item is confirmed; ask user to preserve screenshots, documents, photos, receipts, and messages where available.","partially_provided: risk_to_public | optional: item_or_property_affected, authority_to_contact",No contradiction linked in slot annotations or clarification answers.,"No immediate danger is recorded, but reassess safety before taking action. Collect date, location, evidence, authority contacted, and any safety concerns before escalation. Police already contacted: False. Legal help requested: False.",LP_CRIME_REPORTING_001;LP_EMERGENCY_HELP_001;LP_LEGAL_AID_001,0,False,5,4,True,team-reviewed,REV421,Train
GOUT000240_EN,SCN000240,NAR000240_EN,en,ANS002224;ANS002225;ANS002226,EVT000240_001;EVT000240_002,"1. The context of the dispute was clearly a severe case of unpaid wage dispute, with the supervisor dismissing the employee's legitimate safety or financial claims arbitrarily.. 2. The observer witnessed an intense disagreement between the management and an employee inside the shop around 18:05.","You reported a employment/labour matter about unpaid wage dispute at Shop on 2024-05-22 around 18:05. The record notes danger status as No, threat mentioned as False, injury mentioned as False, and police contact as False.","incident_family=Employment/Labour | issue=Unpaid wage dispute | place=Shop, Karnataka, India | date_time=2024-05-22 18:05 | events=EVT000240_001;EVT000240_002 | property_involved=True | threat_involved=False | injury_involved=False | open_questions=optional: employment_documents","To the concerned authority, I wish to report that on 2024-05-22 around 18:05, at Shop, I experienced/reported an incident described as Unpaid wage dispute. My account is: The observer witnessed an intense disagreement between the management and an employee inside the shop around 18:05. The context of the dispute was clearly a severe case of unpaid wage dispute, with the supervisor dismissing the employee's legitimate safety or financial claims arbitrarily.. I request that the information be recorded, that appropriate lawful guidance or action be considered, and that I be told if any further documents or details are needed. This draft does not assert guilt, authenticate evidence, or state that an FIR has already been filed.","Case intake: Employment/Labour / Unpaid wage dispute; location Shop, Karnataka; incident date/time 2024-05-22 18:05; danger=No; threat=False; injury=False; property=True; police_contacted=False; legal_help_requested=True; event_ids=EVT000240_001;EVT000240_002; key remaining gaps: optional: employment_documents",Carry identity proof if needed; written timeline; location details; screenshots/photos/messages; receipts or documents where applicable; medical records if injury exists; property or account details if relevant; names/contact details of witnesses if safely available; copies of any prior complaint or authority response.,"I have some emails and employment records, but not every document",optional: employment_documents,No contradiction linked in slot annotations or clarification answers.,"No immediate danger is recorded, but reassess safety before taking action. Collect employment documents, payslips, emails, HR communication, and wage/termination details. Police already contacted: False. Legal help requested: True.",LP_LABOUR_COMPLAINT_001;LP_WAGE_CLAIM_001;LP_LEGAL_AID_001,0,False,5,4,True,team-reviewed,REV144,test
GOUT000241_EN,SCN000241,NAR000241_EN,en,ANS002227;ANS002228;ANS002229;ANS002230;ANS002231;ANS002232;ANS002233;ANS002234;ANS002235,EVT000241_001;EVT000241_002,"1. A driver committed a blatant hit and run collision, resulting in an immediate vehicle collision and a heated argument between the affected commuters before police arrived.. 2. A driver committed a blatant hit and run collision, resulting in an immediate vehicle collision and a heated argument between the affected commuters before police arrived..","You reported a traffic & road incidents matter about hit and run collision at Road on 2024-05-22 around 18:09. The record notes danger status as No, threat mentioned as False, injury mentioned as True, and police contact as True.","incident_family=Traffic & Road Incidents | issue=Hit and run collision | place=Road, Karnataka, India | date_time=2024-05-22 18:09 | events=EVT000241_001;EVT000241_002 | property_involved=True | threat_involved=False | injury_involved=True | open_questions=partially_provided: vehicle_details | missing: property_damage | optional: traffic_obstruction","To the concerned authority, I wish to report that on 2024-05-22 around 18:09, at Road, I experienced/reported an incident described as Hit and run collision. My account is: The witness observed a major traffic disruption unfolding near the road around 18:09. A driver committed a blatant hit and run collision, resulting in an immediate vehicle collision and a heated argument between the affected commuters before police arrived.. I request that the information be recorded, that appropriate lawful guidance or action be considered, and that I be told if any further documents or details are needed. This draft does not assert guilt, authenticate evidence, or state that an FIR has already been filed.","Case intake: Traffic & Road Incidents / Hit and run collision; location Road, Karnataka; incident date/time 2024-05-22 18:09; danger=No; threat=False; injury=True; property=True; police_contacted=True; legal_help_requested=True; event_ids=EVT000241_001;EVT000241_002; key remaining gaps: partially_provided: vehicle_details | missing: property_damage | optional: traffic_obstruction",Carry identity proof if needed; written timeline; location details; screenshots/photos/messages; receipts or documents where applicable; medical records if injury exists; property or account details if relevant; names/contact details of witnesses if safely available; copies of any prior complaint or authority response.,"No specific evidence item is confirmed; ask user to preserve screenshots, documents, photos, receipts, and messages where available.",partially_provided: vehicle_details | missing: property_damage | optional: traffic_obstruction,No contradiction linked in slot annotations or clarification answers.,"No immediate danger is recorded, but reassess safety before taking action. Record vehicle details, photos, injury and damage information, witnesses, and insurance/police documents. Police already contacted: True. Legal help requested: True.",LP_TRAFFIC_ACCIDENT_001;LP_HIT_AND_RUN_001;LP_MOTOR_CLAIM_001,0,False,5,4,True,team-reviewed,REV115,Train
GOUT000242_EN,SCN000242,NAR000242_EN,en,ANS002236;ANS002237;ANS002238;ANS002239;ANS002240;ANS002241;ANS002242;ANS002243;ANS002244,EVT000242_001;EVT000242_002,"1. So I was just going out past the residential street around 17:54 today, and I ran straight into a total stray animal hazard. 2. It completely blocked my path and nobody around seemed to know who to call to get it fixed or sorted out.","You reported a miscellaneous matter about stray animal hazard at Residential street on 2024-05-23 around 17:54. The record notes danger status as No, threat mentioned as False, injury mentioned as False, and police contact as False.","incident_family=Miscellaneous | issue=Stray animal hazard | place=Residential street, Telangana, India | date_time=2024-05-23 17:54 | events=EVT000242_001;EVT000242_002 | property_involved=False | threat_involved=False | injury_involved=False | open_questions=partially_provided: risk_to_public | optional: item_or_property_affected, authority_to_contact","To the concerned authority, I wish to report that on 2024-05-23 around 17:54, at Residential street, I experienced/reported an incident described as Stray animal hazard. My account is: So I was just going out past the residential street around 17:54 today, and I ran straight into a total stray animal hazard. It completely blocked my path and nobody around seemed to know who to call to get it fixed or sorted out. Just super frustrated.. I request that the information be recorded, that appropriate lawful guidance or action be considered, and that I be told if any further documents or details are needed. This draft does not assert guilt, authenticate evidence, or state that an FIR has already been filed.","Case intake: Miscellaneous / Stray animal hazard; location Residential street, Telangana; incident date/time 2024-05-23 17:54; danger=No; threat=False; injury=False; property=False; police_contacted=False; legal_help_requested=False; event_ids=EVT000242_001;EVT000242_002; key remaining gaps: partially_provided: risk_to_public | optional: item_or_property_affected, authority_to_contact",Carry identity proof if needed; written timeline; location details; screenshots/photos/messages; receipts or documents where applicable; medical records if injury exists; property or account details if relevant; names/contact details of witnesses if safely available; copies of any prior complaint or authority response.,"No specific evidence item is confirmed; ask user to preserve screenshots, documents, photos, receipts, and messages where available.","partially_provided: risk_to_public | optional: item_or_property_affected, authority_to_contact",No contradiction linked in slot annotations or clarification answers.,"No immediate danger is recorded, but reassess safety before taking action. Collect date, location, evidence, authority contacted, and any safety concerns before escalation. Police already contacted: False. Legal help requested: False.",LP_CRIME_REPORTING_001;LP_EMERGENCY_HELP_001;LP_LEGAL_AID_001,0,False,5,4,True,team-reviewed,REV934,Train
GOUT000243_EN,SCN000243,NAR000243_EN,en,ANS002245;ANS002246;ANS002247;ANS002248;ANS002249;ANS002250;ANS002251;ANS002252;ANS002253,EVT000243_001;EVT000243_002,1. there is a massive stray animal hazard that happened around 11:12 today. 2. hey guys warning if u are passing by the Road right now!!,"You reported a miscellaneous matter about stray animal hazard at Road on 2024-05-24 around 11:12. The record notes danger status as No, threat mentioned as False, injury mentioned as False, and police contact as False.","incident_family=Miscellaneous | issue=Stray animal hazard | place=Road, Telangana, India | date_time=2024-05-24 11:12 | events=EVT000243_001;EVT000243_002 | property_involved=True | threat_involved=False | injury_involved=False | open_questions=partially_provided: risk_to_public | optional: item_or_property_affected, authority_to_contact","To the concerned authority, I wish to report that on 2024-05-24 around 11:12, at Road, I experienced/reported an incident described as Stray animal hazard. My account is: hey guys warning if u are passing by the Road right now!! there is a massive stray animal hazard that happened around 11:12 today. try to take a different route if possible to avoid getting stuck or delayed. I request that the information be recorded, that appropriate lawful guidance or action be considered, and that I be told if any further documents or details are needed. This draft does not assert guilt, authenticate evidence, or state that an FIR has already been filed.","Case intake: Miscellaneous / Stray animal hazard; location Road, Telangana; incident date/time 2024-05-24 11:12; danger=No; threat=False; injury=False; property=True; police_contacted=False; legal_help_requested=True; event_ids=EVT000243_001;EVT000243_002; key remaining gaps: partially_provided: risk_to_public | optional: item_or_property_affected, authority_to_contact",Carry identity proof if needed; written timeline; location details; screenshots/photos/messages; receipts or documents where applicable; medical records if injury exists; property or account details if relevant; names/contact details of witnesses if safely available; copies of any prior complaint or authority response.,"No specific evidence item is confirmed; ask user to preserve screenshots, documents, photos, receipts, and messages where available.","partially_provided: risk_to_public | optional: item_or_property_affected, authority_to_contact",No contradiction linked in slot annotations or clarification answers.,"No immediate danger is recorded, but reassess safety before taking action. Collect date, location, evidence, authority contacted, and any safety concerns before escalation. Police already contacted: False. Legal help requested: True.",LP_CRIME_REPORTING_001;LP_EMERGENCY_HELP_001;LP_LEGAL_AID_001,0,False,5,4,True,team-reviewed,REV313,validation
GOUT000244_EN,SCN000244,NAR000244_EN,en,ANS002254;ANS002255;ANS002256;ANS002257;ANS002258;ANS002259;ANS002260;ANS002261;ANS002262,EVT000244_001;EVT000244_002,"1. On the date of 2026-07-13, an advanced threat actor initiated an exploit categorized under ransomware attack targeting remote infrastructures at approximately 20:44. 2. On the date of 2026-07-13, an advanced threat actor initiated an exploit categorized under ransomware attack targeting remote infrastructures at approximately 20:44.","You reported a cybercrime matter about ransomware attack at Shop on 2024-05-25 around 20:44. The record notes danger status as No, threat mentioned as True, injury mentioned as False, and police contact as True.","incident_family=Cybercrime | issue=Ransomware attack | place=Shop, Karnataka, India | date_time=2024-05-25 20:44 | events=EVT000244_001;EVT000244_002 | property_involved=True | threat_involved=True | injury_involved=False | open_questions=optional: digital_evidence, security_steps_taken | partially_provided: ongoing_access_risk","To the concerned authority, I wish to report that on 2024-05-25 around 20:44, at Shop, I experienced/reported an incident described as Ransomware attack. My account is: On the date of 2026-07-13, an advanced threat actor initiated an exploit categorized under ransomware attack targeting remote infrastructures at approximately 20:44. The intrusion vectors reveal highly organized techniques using social engineering methods or brute-force automation to penetrate authorization systems on the Shop. Immediate isolation of the network endpoints was executed to limit exposure within the regional jurisdiction.. I request that the information be recorded, that appropriate lawful guidance or action be considered, and that I be told if any further documents or details are needed. This draft does not assert guilt, authenticate evidence, or state that an FIR has already been filed.","Case intake: Cybercrime / Ransomware attack; location Shop, Karnataka; incident date/time 2024-05-25 20:44; danger=No; threat=True; injury=False; property=True; police_contacted=True; legal_help_requested=True; event_ids=EVT000244_001;EVT000244_002; key remaining gaps: optional: digital_evidence, security_steps_taken | partially_provided: ongoing_access_risk",Carry identity proof if needed; written timeline; location details; screenshots/photos/messages; receipts or documents where applicable; medical records if injury exists; property or account details if relevant; names/contact details of witnesses if safely available; copies of any prior complaint or authority response.,"Screenshots, suspicious link, login alert, and transaction message are available","optional: digital_evidence, security_steps_taken | partially_provided: ongoing_access_risk",No contradiction linked in slot annotations or clarification answers.,"No immediate danger is recorded, but reassess safety before taking action. Preserve digital evidence, secure accounts, notify bank/platform if relevant, and use cyber reporting channels. Police already contacted: True. Legal help requested: True.",LP_CYBER_REPORTING_001;LP_ACCOUNT_SECURITY_001;LP_DIGITAL_EVIDENCE_001;LP_FINANCIAL_CYBER_FRAUD_001,0,False,5,4,True,team-reviewed,REV767,test
GOUT000245_EN,SCN000245,NAR000245_EN,en,ANS002263;ANS002264;ANS002265;ANS002266;ANS002267;ANS002268;ANS002269;ANS002270;ANS002271,EVT000245_001;EVT000245_002,"1. On the date of 2026-06-24, an advanced threat actor initiated an exploit categorized under identity theft targeting remote infrastructures at approximately 15:26. 2. On the date of 2026-06-24, an advanced threat actor initiated an exploit categorized under identity theft targeting remote infrastructures at approximately 15:26.","You reported a cybercrime matter about identity theft at Workplace on 2024-05-30 around 15:26. The record notes danger status as No, threat mentioned as False, injury mentioned as False, and police contact as True.","incident_family=Cybercrime | issue=Identity theft | place=Workplace, Maharashtra, India | date_time=2024-05-30 15:26 | events=EVT000245_001;EVT000245_002 | property_involved=True | threat_involved=False | injury_involved=False | open_questions=optional: digital_evidence, security_steps_taken | partially_provided: ongoing_access_risk","To the concerned authority, I wish to report that on 2024-05-30 around 15:26, at Workplace, I experienced/reported an incident described as Identity theft. My account is: On the date of 2026-06-24, an advanced threat actor initiated an exploit categorized under identity theft targeting remote infrastructures at approximately 15:26. The intrusion vectors reveal highly organized techniques using social engineering methods or brute-force automation to penetrate authorization systems on the Workplace. Immediate isolation of the network endpoints was executed to limit exposure within the regional jurisdiction.. I request that the information be recorded, that appropriate lawful guidance or action be considered, and that I be told if any further documents or details are needed. This draft does not assert guilt, authenticate evidence, or state that an FIR has already been filed.","Case intake: Cybercrime / Identity theft; location Workplace, Maharashtra; incident date/time 2024-05-30 15:26; danger=No; threat=False; injury=False; property=True; police_contacted=True; legal_help_requested=True; event_ids=EVT000245_001;EVT000245_002; key remaining gaps: optional: digital_evidence, security_steps_taken | partially_provided: ongoing_access_risk",Carry identity proof if needed; written timeline; location details; screenshots/photos/messages; receipts or documents where applicable; medical records if injury exists; property or account details if relevant; names/contact details of witnesses if safely available; copies of any prior complaint or authority response.,"Screenshots, suspicious link, login alert, and transaction message are available","optional: digital_evidence, security_steps_taken | partially_provided: ongoing_access_risk",No contradiction linked in slot annotations or clarification answers.,"No immediate danger is recorded, but reassess safety before taking action. Preserve digital evidence, secure accounts, notify bank/platform if relevant, and use cyber reporting channels. Police already contacted: True. Legal help requested: True.",LP_CYBER_REPORTING_001;LP_ACCOUNT_SECURITY_001;LP_DIGITAL_EVIDENCE_001;LP_FINANCIAL_CYBER_FRAUD_001,0,False,5,4,True,team-reviewed,REV691,validation
GOUT000246_EN,SCN000246,NAR000246_EN,en,ANS002272;ANS002273;ANS002274;ANS002275;ANS002276;ANS002277;ANS002278;ANS002279;ANS002280;ANS002281;ANS002282;ANS002283,EVT000246_001;EVT000246_002,1. A family civil dispute categorized as alimony and maintenance claim manifested within a private residence at 12:08. 2. A family civil dispute categorized as alimony and maintenance claim manifested within a private residence at 12:08.,"You reported a family law matter about alimony and maintenance claim at Online platform on 2024-06-01 around 12:08. The record notes danger status as No, threat mentioned as False, injury mentioned as False, and police contact as False.","incident_family=Family Law | issue=Alimony and maintenance claim | place=Online platform, Karnataka, India | date_time=2024-06-01 12:08 | events=EVT000246_001;EVT000246_002 | property_involved=True | threat_involved=False | injury_involved=False | open_questions=optional: financial_support_issue, urgent_motion_needed, supporting_documents | missing: violence_or_safety_concern","To the concerned authority, I wish to report that on 2024-06-01 around 12:08, at Online platform, I experienced/reported an incident described as Alimony and maintenance claim. My account is: A family civil dispute categorized as alimony and maintenance claim manifested within a private residence at 12:08. The incident centers around contested guardianship or maintenance rights, necessitating institutional mediation under family law statues.. I request that the information be recorded, that appropriate lawful guidance or action be considered, and that I be told if any further documents or details are needed. This draft does not assert guilt, authenticate evidence, or state that an FIR has already been filed.","Case intake: Family Law / Alimony and maintenance claim; location Online platform, Karnataka; incident date/time 2024-06-01 12:08; danger=No; threat=False; injury=False; property=True; police_contacted=False; legal_help_requested=True; event_ids=EVT000246_001;EVT000246_002; key remaining gaps: optional: financial_support_issue, urgent_motion_needed, supporting_documents | missing: violence_or_safety_concern",Carry identity proof if needed; written timeline; location details; screenshots/photos/messages; receipts or documents where applicable; medical records if injury exists; property or account details if relevant; names/contact details of witnesses if safely available; copies of any prior complaint or authority response.,"I can provide more details, but I need to check the exact information","optional: financial_support_issue, urgent_motion_needed, supporting_documents | missing: violence_or_safety_concern",No contradiction linked in slot annotations or clarification answers.,"No immediate danger is recorded, but reassess safety before taking action. Collect existing orders, communication records, child/dependent details, and consider family-court or legal-aid consultation. Police already contacted: False. Legal help requested: True.",LP_FAMILY_COURT_001;LP_CHILD_CUSTODY_001;LP_LEGAL_AID_001,0,False,5,4,True,team-reviewed,REV744,test
GOUT000247_EN,SCN000247,NAR000247_EN,en,ANS002284;ANS002285;ANS002286;ANS002287;ANS002288;ANS002289;ANS002290;ANS002291;ANS002292;ANS002293;ANS002294;ANS002295,EVT000247_001;EVT000247_002,"1. Dear Authority, I am writing to formally lodge a complaint regarding a armed robbery incident that transpired at the Jewelry shop on 2026-07-16. 2. Dear Authority, I am writing to formally lodge a complaint regarding a armed robbery incident that transpired at the Jewelry shop on 2026-07-16.","You reported a theft and robbery matter about armed robbery at Jewelry shop on 2024-06-02 around 02:58. The record notes danger status as No, threat mentioned as True, injury mentioned as False, and police contact as True.","incident_family=Theft and robbery | issue=Armed robbery | place=Jewelry shop, Maharashtra, India | date_time=2024-06-02 02:58 | events=EVT000247_001;EVT000247_002 | property_involved=True | threat_involved=True | injury_involved=False | open_questions=partially_provided: property_type, property_description | missing: ownership_information | optional: suspect_description","To the concerned authority, I wish to report that on 2024-06-02 around 02:58, at Jewelry shop, I experienced/reported an incident described as Armed robbery. My account is: Dear Authority, I am writing to formally lodge a complaint regarding a armed robbery incident that transpired at the Jewelry shop on 2026-07-16. The incident occurred around 02:58, resulting in the unauthorized taking of my personal property. I request your immediate intervention to review CCTV footage.. I request that the information be recorded, that appropriate lawful guidance or action be considered, and that I be told if any further documents or details are needed. This draft does not assert guilt, authenticate evidence, or state that an FIR has already been filed.","Case intake: Theft and robbery / Armed robbery; location Jewelry shop, Maharashtra; incident date/time 2024-06-02 02:58; danger=No; threat=True; injury=False; property=True; police_contacted=True; legal_help_requested=True; event_ids=EVT000247_001;EVT000247_002; key remaining gaps: partially_provided: property_type, property_description | missing: ownership_information | optional: suspect_description",Carry identity proof if needed; written timeline; location details; screenshots/photos/messages; receipts or documents where applicable; medical records if injury exists; property or account details if relevant; names/contact details of witnesses if safely available; copies of any prior complaint or authority response.,"I can show possession through receipts, photos, or property documents","partially_provided: property_type, property_description | missing: ownership_information | optional: suspect_description",No contradiction linked in slot annotations or clarification answers.,"No immediate danger is recorded, but reassess safety before taking action. Prepare property details, location, timing, suspect description if known, and police complaint materials. Police already contacted: True. Legal help requested: True.",LP_CRIME_REPORTING_001;LP_FIR_PROCESS_001;LP_DIGITAL_EVIDENCE_001,0,False,5,4,True,team-reviewed,REV928,test
GOUT000248_EN,SCN000248,NAR000248_EN,en,ANS002296;ANS002297;ANS002298;ANS002299;ANS002300;ANS002301;ANS002302;ANS002303;ANS002304;ANS002305;ANS002306;ANS002307,EVT000248_001;EVT000248_002,"1. Dear Revenue Officer / Police Commissioner, I am writing to register an urgent complaint regarding a critical instance of inheritance property claim affecting my House. 2. Dear Revenue Officer / Police Commissioner, I am writing to register an urgent complaint regarding a critical instance of inheritance property claim affecting my House.","You reported a property disputes matter about inheritance property claim at House on 2024-06-07 around 08:45. The record notes danger status as No, threat mentioned as True, injury mentioned as False, and police contact as False.","incident_family=Property Disputes | issue=Inheritance property claim | place=House, West Bengal, India | date_time=2024-06-07 08:45 | events=EVT000248_001;EVT000248_002 | property_involved=True | threat_involved=True | injury_involved=False | open_questions=partially_provided: property_type, ownership_documents | optional: opposing_party_identity | missing: current_possession","To the concerned authority, I wish to report that on 2024-06-07 around 08:45, at House, I experienced/reported an incident described as Inheritance property claim. My account is: Dear Revenue Officer / Police Commissioner, I am writing to register an urgent complaint regarding a critical instance of inheritance property claim affecting my House. The unlawful activity intensified on 2026-06-23 at 08:45 hours, causing direct infringement on my registered property rights.. I request that the information be recorded, that appropriate lawful guidance or action be considered, and that I be told if any further documents or details are needed. This draft does not assert guilt, authenticate evidence, or state that an FIR has already been filed.","Case intake: Property Disputes / Inheritance property claim; location House, West Bengal; incident date/time 2024-06-07 08:45; danger=No; threat=True; injury=False; property=True; police_contacted=False; legal_help_requested=True; event_ids=EVT000248_001;EVT000248_002; key remaining gaps: partially_provided: property_type, ownership_documents | optional: opposing_party_identity | missing: current_possession",Carry identity proof if needed; written timeline; location details; screenshots/photos/messages; receipts or documents where applicable; medical records if injury exists; property or account details if relevant; names/contact details of witnesses if safely available; copies of any prior complaint or authority response.,"Dear Revenue Officer / Police Commissioner, I am writing to register an urgent complaint regarding a critical instance of inheritance property claim affecting my House; I can show possession through receipts, photos, or property documents","partially_provided: property_type, ownership_documents | optional: opposing_party_identity | missing: current_possession",No contradiction linked in slot annotations or clarification answers.,"No immediate danger is recorded, but reassess safety before taking action. Collect ownership/possession documents, photos of the site, opposing-party details, and avoid confrontation. Police already contacted: False. Legal help requested: True.",LP_PROPERTY_DISPUTE_001;LP_CRIME_REPORTING_001;LP_DIGITAL_EVIDENCE_001,0,False,5,4,True,team-reviewed,REV278,test
GOUT000249_EN,SCN000249,NAR000249_EN,en,ANS002308;ANS002309;ANS002310;ANS002311;ANS002312;ANS002313,EVT000249_001;EVT000249_002,1. An incident of online banking fraud compromised security systems across the specified Online platform at 05:17. 2. An incident of online banking fraud compromised security systems across the specified Online platform at 05:17.,"You reported a cybercrime matter about online banking fraud at Online platform on 2024-06-10 around 05:17. The record notes danger status as No, threat mentioned as True, injury mentioned as False, and police contact as True.","incident_family=Cybercrime | issue=Online banking fraud | place=Online platform, Karnataka, India | date_time=2024-06-10 05:17 | events=EVT000249_001;EVT000249_002 | property_involved=True | threat_involved=True | injury_involved=False | open_questions=optional: digital_evidence | partially_provided: ongoing_access_risk","To the concerned authority, I wish to report that on 2024-06-10 around 05:17, at Online platform, I experienced/reported an incident described as Online banking fraud. My account is: An incident of online banking fraud compromised security systems across the specified Online platform at 05:17. Electronic credentials were manipulated remotely by unknown malicious actors, triggering secondary security protocols.. I request that the information be recorded, that appropriate lawful guidance or action be considered, and that I be told if any further documents or details are needed. This draft does not assert guilt, authenticate evidence, or state that an FIR has already been filed.","Case intake: Cybercrime / Online banking fraud; location Online platform, Karnataka; incident date/time 2024-06-10 05:17; danger=No; threat=True; injury=False; property=True; police_contacted=True; legal_help_requested=True; event_ids=EVT000249_001;EVT000249_002; key remaining gaps: optional: digital_evidence | partially_provided: ongoing_access_risk",Carry identity proof if needed; written timeline; location details; screenshots/photos/messages; receipts or documents where applicable; medical records if injury exists; property or account details if relevant; names/contact details of witnesses if safely available; copies of any prior complaint or authority response.,"Screenshots, suspicious link, login alert, and transaction message are available",optional: digital_evidence | partially_provided: ongoing_access_risk,No contradiction linked in slot annotations or clarification answers.,"No immediate danger is recorded, but reassess safety before taking action. Preserve digital evidence, secure accounts, notify bank/platform if relevant, and use cyber reporting channels. Police already contacted: True. Legal help requested: True.",LP_CYBER_REPORTING_001;LP_ACCOUNT_SECURITY_001;LP_DIGITAL_EVIDENCE_001;LP_FINANCIAL_CYBER_FRAUD_001,0,False,5,4,True,team-reviewed,REV181,test
GOUT000250_EN,SCN000250,NAR000250_EN,en,ANS002314;ANS002315;ANS002316;ANS002317;ANS002318;ANS002319;ANS002320;ANS002321;ANS002322;ANS002323;ANS002324;ANS002325,EVT000250_001;EVT000250_002,1. pls help someone is targeting me with online harassment & threats right now at the Online platform!! 2. pls help someone is targeting me with online harassment & threats right now at the Online platform!!,"You reported a assault & threats matter about online harassment & threats at Online platform on 2024-06-12 around 03:38. The record notes danger status as No, threat mentioned as True, injury mentioned as False, and police contact as False.","incident_family=Assault & Threats | issue=Online harassment & threats | place=Online platform, Uttar Pradesh, India | date_time=2024-06-12 03:38 | events=EVT000250_001;EVT000250_002 | property_involved=False | threat_involved=True | injury_involved=False | open_questions=missing: threat_or_attack_description, injury_details | optional: safe_place_available, medical_help_status","To the concerned authority, I wish to report that on 2024-06-12 around 03:38, at Online platform, I experienced/reported an incident described as Online harassment & threats. My account is: pls help someone is targeting me with online harassment & threats right now at the Online platform!! they are threatening to hit me or worse. happened around 03:38. is anyone nearby who can come stay with me? urgent. I request that the information be recorded, that appropriate lawful guidance or action be considered, and that I be told if any further documents or details are needed. This draft does not assert guilt, authenticate evidence, or state that an FIR has already been filed.","Case intake: Assault & Threats / Online harassment & threats; location Online platform, Uttar Pradesh; incident date/time 2024-06-12 03:38; danger=No; threat=True; injury=False; property=False; police_contacted=False; legal_help_requested=False; event_ids=EVT000250_001;EVT000250_002; key remaining gaps: missing: threat_or_attack_description, injury_details | optional: safe_place_available, medical_help_status",Carry identity proof if needed; written timeline; location details; screenshots/photos/messages; receipts or documents where applicable; medical records if injury exists; property or account details if relevant; names/contact details of witnesses if safely available; copies of any prior complaint or authority response.,"No specific evidence item is confirmed; ask user to preserve screenshots, documents, photos, receipts, and messages where available.","missing: threat_or_attack_description, injury_details | optional: safe_place_available, medical_help_status",No contradiction linked in slot annotations or clarification answers.,"No immediate danger is recorded, but reassess safety before taking action. If threat or injury exists, seek safety and medical support; preserve messages, witness details, and complaint facts. Police already contacted: False. Legal help requested: False.",LP_CRIME_REPORTING_001;LP_EMERGENCY_HELP_001;LP_FIR_PROCESS_001,0,False,5,4,True,team-reviewed,REV382,test
GOUT000251_EN,SCN000251,NAR000251_EN,en,ANS002326;ANS002327;ANS002328;ANS002329;ANS002330;ANS002331;ANS002332;ANS002333;ANS002334,EVT000251_001;EVT000251_002,"1. Dear Cyber Crime Portal, I am writing to register an official cybercrime incident regarding phishing scam that targets my system. 2. Dear Cyber Crime Portal, I am writing to register an official cybercrime incident regarding phishing scam that targets my system.","You reported a cybercrime matter about phishing scam at Mobile app on 2024-06-13 around 00:31. The record notes danger status as No, threat mentioned as False, injury mentioned as False, and police contact as False.","incident_family=Cybercrime | issue=Phishing scam | place=Mobile app, Telangana, India | date_time=2024-06-13 00:31 | events=EVT000251_001;EVT000251_002 | property_involved=True | threat_involved=False | injury_involved=False | open_questions=optional: digital_evidence, security_steps_taken | partially_provided: ongoing_access_risk","To the concerned authority, I wish to report that on 2024-06-13 around 00:31, at Mobile app, I experienced/reported an incident described as Phishing scam. My account is: Dear Cyber Crime Portal, I am writing to register an official cybercrime incident regarding phishing scam that targets my system. At 00:31 on 2026-07-17, illegal server access was achieved through the Mobile app, leading to severe data breach and financial compromise.. I request that the information be recorded, that appropriate lawful guidance or action be considered, and that I be told if any further documents or details are needed. This draft does not assert guilt, authenticate evidence, or state that an FIR has already been filed.","Case intake: Cybercrime / Phishing scam; location Mobile app, Telangana; incident date/time 2024-06-13 00:31; danger=No; threat=False; injury=False; property=True; police_contacted=False; legal_help_requested=False; event_ids=EVT000251_001;EVT000251_002; key remaining gaps: optional: digital_evidence, security_steps_taken | partially_provided: ongoing_access_risk",Carry identity proof if needed; written timeline; location details; screenshots/photos/messages; receipts or documents where applicable; medical records if injury exists; property or account details if relevant; names/contact details of witnesses if safely available; copies of any prior complaint or authority response.,"Screenshots, suspicious link, login alert, and transaction message are available","optional: digital_evidence, security_steps_taken | partially_provided: ongoing_access_risk",No contradiction linked in slot annotations or clarification answers.,"No immediate danger is recorded, but reassess safety before taking action. Preserve digital evidence, secure accounts, notify bank/platform if relevant, and use cyber reporting channels. Police already contacted: False. Legal help requested: False.",LP_CYBER_REPORTING_001;LP_ACCOUNT_SECURITY_001;LP_DIGITAL_EVIDENCE_001;LP_FINANCIAL_CYBER_FRAUD_001,0,False,5,4,True,team-reviewed,REV358,Train
GOUT000252_EN,SCN000252,NAR000252_EN,en,ANS002335;ANS002336;ANS002337;ANS002338;ANS002339;ANS002340;ANS002341;ANS002342;ANS002343;ANS002344;ANS002345;ANS002346;ANS002347;ANS002348;ANS002349,EVT000252_001;EVT000252_002,"1. The confrontation quickly turned into a physical altercation, with one individual visibly projecting physical intimidation towards the other party before crowds gathered to separate them.. 2. The bystander reported observing a heated argument developing near the bar/pub around 03:04.","You reported a assault & threats matter about physical altercation at Bar/Pub on 2024-06-13 around 03:04. The record notes danger status as No, threat mentioned as True, injury mentioned as False, and police contact as True.","incident_family=Assault & Threats | issue=Physical altercation | place=Bar/Pub, Uttar Pradesh, India | date_time=2024-06-13 03:04 | events=EVT000252_001;EVT000252_002 | property_involved=True | threat_involved=True | injury_involved=False | open_questions=missing: threat_or_attack_description, injury_details | optional: alleged_offender_identity, safe_place_available, medical_help_status","To the concerned authority, I wish to report that on 2024-06-13 around 03:04, at Bar/Pub, I experienced/reported an incident described as Physical altercation. My account is: The bystander reported observing a heated argument developing near the bar/pub around 03:04. The confrontation quickly turned into a physical altercation, with one individual visibly projecting physical intimidation towards the other party before crowds gathered to separate them.. I request that the information be recorded, that appropriate lawful guidance or action be considered, and that I be told if any further documents or details are needed. This draft does not assert guilt, authenticate evidence, or state that an FIR has already been filed.","Case intake: Assault & Threats / Physical altercation; location Bar/Pub, Uttar Pradesh; incident date/time 2024-06-13 03:04; danger=No; threat=True; injury=False; property=True; police_contacted=True; legal_help_requested=True; event_ids=EVT000252_001;EVT000252_002; key remaining gaps: missing: threat_or_attack_description, injury_details | optional: alleged_offender_identity, safe_place_available, medical_help_status",Carry identity proof if needed; written timeline; location details; screenshots/photos/messages; receipts or documents where applicable; medical records if injury exists; property or account details if relevant; names/contact details of witnesses if safely available; copies of any prior complaint or authority response.,"No specific evidence item is confirmed; ask user to preserve screenshots, documents, photos, receipts, and messages where available.","missing: threat_or_attack_description, injury_details | optional: alleged_offender_identity, safe_place_available, medical_help_status",No contradiction linked in slot annotations or clarification answers.,"No immediate danger is recorded, but reassess safety before taking action. If threat or injury exists, seek safety and medical support; preserve messages, witness details, and complaint facts. Police already contacted: True. Legal help requested: True.",LP_CRIME_REPORTING_001;LP_EMERGENCY_HELP_001;LP_FIR_PROCESS_001,0,False,5,4,True,team-reviewed,REV788,test
GOUT000253_EN,SCN000253,NAR000253_EN,en,ANS002350;ANS002351;ANS002352;ANS002353;ANS002354;ANS002355;ANS002356;ANS002357;ANS002358,EVT000253_001;EVT000253_002,"1. Dear Consumer Forum Support, I am writing to formally register a merchant complaint regarding a severe instance of overcharging and hidden fees that occurred at Shop on 2026-06-27 at 13:47 hours. 2. Dear Consumer Forum Support, I am writing to formally register a merchant complaint regarding a severe instance of overcharging and hidden fees that occurred at Shop on 2026-06-27 at 13:47 hours.","You reported a consumer disputes matter about overcharging and hidden fees at Shop on 2024-06-13 around 13:47. The record notes danger status as No, threat mentioned as False, injury mentioned as False, and police contact as True.","incident_family=Consumer Disputes | issue=Overcharging and hidden fees | place=Shop, Uttar Pradesh, India | date_time=2024-06-13 13:47 | events=EVT000253_001;EVT000253_002 | property_involved=True | threat_involved=False | injury_involved=False | open_questions=partially_provided: product_or_service | missing: payment_information | optional: evidence_available","To the concerned authority, I wish to report that on 2024-06-13 around 13:47, at Shop, I experienced/reported an incident described as Overcharging and hidden fees. My account is: Dear Consumer Forum Support, I am writing to formally register a merchant complaint regarding a severe instance of overcharging and hidden fees that occurred at Shop on 2026-06-27 at 13:47 hours. Despite multiple amicable requests, the management refused to honor the standard consumer guarantees.. I request that the information be recorded, that appropriate lawful guidance or action be considered, and that I be told if any further documents or details are needed. This draft does not assert guilt, authenticate evidence, or state that an FIR has already been filed.","Case intake: Consumer Disputes / Overcharging and hidden fees; location Shop, Uttar Pradesh; incident date/time 2024-06-13 13:47; danger=No; threat=False; injury=False; property=True; police_contacted=True; legal_help_requested=False; event_ids=EVT000253_001;EVT000253_002; key remaining gaps: partially_provided: product_or_service | missing: payment_information | optional: evidence_available",Carry identity proof if needed; written timeline; location details; screenshots/photos/messages; receipts or documents where applicable; medical records if injury exists; property or account details if relevant; names/contact details of witnesses if safely available; copies of any prior complaint or authority response.,"Payment was made before the dispute, and I can provide the receipt or screenshot; I have the payment screenshot and chat with the seller",partially_provided: product_or_service | missing: payment_information | optional: evidence_available,No contradiction linked in slot annotations or clarification answers.,"No immediate danger is recorded, but reassess safety before taking action. Prepare payment proof, seller communication, product/service details, and consider consumer grievance or platform escalation. Police already contacted: True. Legal help requested: False.",LP_CONSUMER_COMPLAINT_001;LP_REFUND_RIGHTS_001;LP_ECOMMERCE_001,0,False,5,4,True,team-reviewed,REV985,Train
GOUT000254_EN,SCN000254,NAR000254_EN,en,ANS002359;ANS002360;ANS002361,EVT000254_001;EVT000254_002,"1. Complainant states that on 2026-06-30 at approximately 22:41 hours, an incident of online phishing theft occurred at Mobile app. 2. Property loss reported.","You reported a theft and robbery matter about online phishing theft at Mobile app on 2024-06-14 around 22:41. The record notes danger status as No, threat mentioned as True, injury mentioned as False, and police contact as True.","incident_family=Theft and robbery | issue=Online phishing theft | place=Mobile app, Delhi, India | date_time=2024-06-14 22:41 | events=EVT000254_001;EVT000254_002 | property_involved=True | threat_involved=True | injury_involved=False | open_questions=partially_provided: ownership_information","To the concerned authority, I wish to report that on 2024-06-14 around 22:41, at Mobile app, I experienced/reported an incident described as Online phishing theft. My account is: Complainant states that on 2026-06-30 at approximately 22:41 hours, an incident of online phishing theft occurred at Mobile app. The perpetrator description matches a male individual height approx 5'8"". Property loss reported. Case registered under relevant sections.. I request that the information be recorded, that appropriate lawful guidance or action be considered, and that I be told if any further documents or details are needed. This draft does not assert guilt, authenticate evidence, or state that an FIR has already been filed.","Case intake: Theft and robbery / Online phishing theft; location Mobile app, Delhi; incident date/time 2024-06-14 22:41; danger=No; threat=True; injury=False; property=True; police_contacted=True; legal_help_requested=True; event_ids=EVT000254_001;EVT000254_002; key remaining gaps: partially_provided: ownership_information",Carry identity proof if needed; written timeline; location details; screenshots/photos/messages; receipts or documents where applicable; medical records if injury exists; property or account details if relevant; names/contact details of witnesses if safely available; copies of any prior complaint or authority response.,"Case registered under relevant sections; I can show possession through receipts, photos, or property documents",partially_provided: ownership_information,No contradiction linked in slot annotations or clarification answers.,"No immediate danger is recorded, but reassess safety before taking action. Prepare property details, location, timing, suspect description if known, and police complaint materials. Police already contacted: True. Legal help requested: True.",LP_CRIME_REPORTING_001;LP_FIR_PROCESS_001;LP_DIGITAL_EVIDENCE_001,0,False,5,4,True,team-reviewed,REV690,Train
GOUT000255_EN,SCN000255,NAR000255_EN,en,ANS002362;ANS002363;ANS002364;ANS002365;ANS002366;ANS002367,EVT000255_001;EVT000255_002,"1. On the date of 2026-06-23, a formal consumer conflict classified as refusal of service refund manifested during a commercial interaction at the designated online platform around 02:12. 2. On the date of 2026-06-23, a formal consumer conflict classified as refusal of service refund manifested during a commercial interaction at the designated online platform around 02:12.","You reported a consumer disputes matter about refusal of service refund at Online platform on 2024-06-21 around 02:12. The record notes danger status as No, threat mentioned as False, injury mentioned as False, and police contact as True.","incident_family=Consumer Disputes | issue=Refusal of service refund | place=Online platform, Gujarat, India | date_time=2024-06-21 02:12 | events=EVT000255_001;EVT000255_002 | property_involved=True | threat_involved=False | injury_involved=False | open_questions=partially_provided: product_or_service | optional: evidence_available","To the concerned authority, I wish to report that on 2024-06-21 around 02:12, at Online platform, I experienced/reported an incident described as Refusal of service refund. My account is: On the date of 2026-06-23, a formal consumer conflict classified as refusal of service refund manifested during a commercial interaction at the designated online platform around 02:12. The transaction parameters reveal an explicit deviation from advertising claims or legal standards, directly compromising buyer safety and financial protection. Standard operational dispute channels were exhausted without success, prompting an escalation to statutory regulatory oversight mechanisms.. I request that the information be recorded, that appropriate lawful guidance or action be considered, and that I be told if any further documents or details are needed. This draft does not assert guilt, authenticate evidence, or state that an FIR has already been filed.","Case intake: Consumer Disputes / Refusal of service refund; location Online platform, Gujarat; incident date/time 2024-06-21 02:12; danger=No; threat=False; injury=False; property=True; police_contacted=True; legal_help_requested=True; event_ids=EVT000255_001;EVT000255_002; key remaining gaps: partially_provided: product_or_service | optional: evidence_available",Carry identity proof if needed; written timeline; location details; screenshots/photos/messages; receipts or documents where applicable; medical records if injury exists; property or account details if relevant; names/contact details of witnesses if safely available; copies of any prior complaint or authority response.,"On the date of 2026-06-23, a formal consumer conflict classified as refusal of service refund manifested during a commercial interaction at the designated online platform around 02:12; I have the payment screenshot and chat with the seller",partially_provided: product_or_service | optional: evidence_available,No contradiction linked in slot annotations or clarification answers.,"No immediate danger is recorded, but reassess safety before taking action. Prepare payment proof, seller communication, product/service details, and consider consumer grievance or platform escalation. Police already contacted: True. Legal help requested: True.",LP_CONSUMER_COMPLAINT_001;LP_REFUND_RIGHTS_001;LP_ECOMMERCE_001,0,False,5,4,True,team-reviewed,REV587,test
GOUT000256_EN,SCN000256,NAR000256_EN,en,ANS002368;ANS002369;ANS002370;ANS002371;ANS002372;ANS002373;ANS002374;ANS002375;ANS002376;ANS002377;ANS002378;ANS002379;ANS002380;ANS002381;ANS002382;ANS002383;ANS002384;ANS002385,EVT000256_001;EVT000256_002,"1. Then it escalated into a complete domestic dispute and they said they'd hurt me if they saw me again. 2. I was just minding my own business at the house around 20:58, when this aggressive person started shouting at me out of nowhere.","You reported a assault & threats matter about domestic dispute at House on 2024-06-24 around 20:58. The record notes danger status as No, threat mentioned as True, injury mentioned as False, and police contact as True.","incident_family=Assault & Threats | issue=Domestic dispute | place=House, Telangana, India | date_time=2024-06-24 20:58 | events=EVT000256_001;EVT000256_002 | property_involved=True | threat_involved=True | injury_involved=False | open_questions=missing: threat_or_attack_description, injury_details | optional: alleged_offender_identity, witness_available, safe_place_available, medical_help_status","To the concerned authority, I wish to report that on 2024-06-24 around 20:58, at House, I experienced/reported an incident described as Domestic dispute. My account is: I was just minding my own business at the house around 20:58, when this aggressive person started shouting at me out of nowhere. Then it escalated into a complete domestic dispute and they said they'd hurt me if they saw me again. Genuinely terrified.. I request that the information be recorded, that appropriate lawful guidance or action be considered, and that I be told if any further documents or details are needed. This draft does not assert guilt, authenticate evidence, or state that an FIR has already been filed.","Case intake: Assault & Threats / Domestic dispute; location House, Telangana; incident date/time 2024-06-24 20:58; danger=No; threat=True; injury=False; property=True; police_contacted=True; legal_help_requested=False; event_ids=EVT000256_001;EVT000256_002; key remaining gaps: missing: threat_or_attack_description, injury_details | optional: alleged_offender_identity, witness_available, safe_place_available, medical_help_status",Carry identity proof if needed; written timeline; location details; screenshots/photos/messages; receipts or documents where applicable; medical records if injury exists; property or account details if relevant; names/contact details of witnesses if safely available; copies of any prior complaint or authority response.,"No specific evidence item is confirmed; ask user to preserve screenshots, documents, photos, receipts, and messages where available.","missing: threat_or_attack_description, injury_details | optional: alleged_offender_identity, witness_available, safe_place_available, medical_help_status",No contradiction linked in slot annotations or clarification answers.,"No immediate danger is recorded, but reassess safety before taking action. If threat or injury exists, seek safety and medical support; preserve messages, witness details, and complaint facts. Police already contacted: True. Legal help requested: False.",LP_CRIME_REPORTING_001;LP_EMERGENCY_HELP_001;LP_FIR_PROCESS_001,0,False,5,4,True,team-reviewed,REV700,Train
GOUT000257_EN,SCN000257,NAR000257_EN,en,ANS002386;ANS002387;ANS002388;ANS002389;ANS002390;ANS002391;ANS002392;ANS002393;ANS002394,EVT000257_001;EVT000257_002,"1. hey guys, my ex just blocked me from seeing the kids / resolving the guardianship dispute at the Hostel around 10:53 today. 2. hey guys, my ex just blocked me from seeing the kids / resolving the guardianship dispute at the Hostel around 10:53 today.","You reported a family law matter about guardianship dispute at Hostel on 2024-06-24 around 10:53. The record notes danger status as No, threat mentioned as False, injury mentioned as False, and police contact as True.","incident_family=Family Law | issue=Guardianship dispute | place=Hostel, West Bengal, India | date_time=2024-06-24 10:53 | events=EVT000257_001;EVT000257_002 | property_involved=False | threat_involved=False | injury_involved=False | open_questions=optional: financial_support_issue, supporting_documents | missing: violence_or_safety_concern","To the concerned authority, I wish to report that on 2024-06-24 around 10:53, at Hostel, I experienced/reported an incident described as Guardianship dispute. My account is: hey guys, my ex just blocked me from seeing the kids / resolving the guardianship dispute at the Hostel around 10:53 today. completely violating the current terms. does anyone know a reliable family court lawyer who can file an urgent motion tomorrow?. I request that the information be recorded, that appropriate lawful guidance or action be considered, and that I be told if any further documents or details are needed. This draft does not assert guilt, authenticate evidence, or state that an FIR has already been filed.","Case intake: Family Law / Guardianship dispute; location Hostel, West Bengal; incident date/time 2024-06-24 10:53; danger=No; threat=False; injury=False; property=False; police_contacted=True; legal_help_requested=True; event_ids=EVT000257_001;EVT000257_002; key remaining gaps: optional: financial_support_issue, supporting_documents | missing: violence_or_safety_concern",Carry identity proof if needed; written timeline; location details; screenshots/photos/messages; receipts or documents where applicable; medical records if injury exists; property or account details if relevant; names/contact details of witnesses if safely available; copies of any prior complaint or authority response.,"I can provide more details, but I need to check the exact information","optional: financial_support_issue, supporting_documents | missing: violence_or_safety_concern",No contradiction linked in slot annotations or clarification answers.,"No immediate danger is recorded, but reassess safety before taking action. Collect existing orders, communication records, child/dependent details, and consider family-court or legal-aid consultation. Police already contacted: True. Legal help requested: True.",LP_FAMILY_COURT_001;LP_CHILD_CUSTODY_001;LP_LEGAL_AID_001,0,False,5,4,True,team-reviewed,REV141,validation
GOUT000258_EN,SCN000258,NAR000258_EN,en,ANS002395;ANS002396;ANS002397;ANS002398;ANS002399;ANS002400;ANS002401;ANS002402;ANS002403;ANS002404;ANS002405;ANS002406;ANS002407;ANS002408;ANS002409;ANS002410;ANS002411;ANS002412,EVT000258_001;EVT000258_002,1. Things escalated so quickly and it turned into full-blown dowry harassment. 2. It happened again at home around 08:28.,"You reported a domestic violence matter about dowry harassment at Workplace on 2024-06-27 around 08:28. The record notes danger status as No, threat mentioned as True, injury mentioned as False, and police contact as False.","incident_family=Domestic Violence | issue=Dowry harassment | place=Workplace, Telangana, India | date_time=2024-06-27 08:28 | events=EVT000258_001;EVT000258_002 | property_involved=False | threat_involved=True | injury_involved=False | open_questions=partially_provided: relationship_to_offender, current_shelter_safety | optional: children_or_dependents, evidence_available, support_person_contact | missing: injury_or_medical_need","To the concerned authority, I wish to report that on 2024-06-27 around 08:28, at Workplace, I experienced/reported an incident described as Dowry harassment. My account is: It happened again at home around 08:28. Things escalated so quickly and it turned into full-blown dowry harassment. I was locked inside the room and couldn't even reach out to anyone until now. I honestly don't know what to do anymore, I am so scared.. I request that the information be recorded, that appropriate lawful guidance or action be considered, and that I be told if any further documents or details are needed. This draft does not assert guilt, authenticate evidence, or state that an FIR has already been filed.","Case intake: Domestic Violence / Dowry harassment; location Workplace, Telangana; incident date/time 2024-06-27 08:28; danger=No; threat=True; injury=False; property=False; police_contacted=False; legal_help_requested=False; event_ids=EVT000258_001;EVT000258_002; key remaining gaps: partially_provided: relationship_to_offender, current_shelter_safety | optional: children_or_dependents, evidence_available, support_person_contact | missing: injury_or_medical_need",Carry identity proof if needed; written timeline; location details; screenshots/photos/messages; receipts or documents where applicable; medical records if injury exists; property or account details if relevant; names/contact details of witnesses if safely available; copies of any prior complaint or authority response.,I have photos and messages related to the incident,"partially_provided: relationship_to_offender, current_shelter_safety | optional: children_or_dependents, evidence_available, support_person_contact | missing: injury_or_medical_need",No contradiction linked in slot annotations or clarification answers.,"No immediate danger is recorded, but reassess safety before taking action. Prioritise safety planning, trusted support, medical documentation if needed, and legal-aid/protection options. Police already contacted: False. Legal help requested: False.",LP_DOMESTIC_VIOLENCE_001;LP_EMERGENCY_HELP_001;LP_LEGAL_AID_001,0,False,5,4,True,team-reviewed,REV510,Train
GOUT000259_EN,SCN000259,NAR000259_EN,en,ANS002413;ANS002414;ANS002415;ANS002416;ANS002417;ANS002418;ANS002419;ANS002420;ANS002421;ANS002422;ANS002423;ANS002424,EVT000259_001;EVT000259_002,1. pls help someone is targeting me with physical altercation right now at the Bar/Pub!! 2. pls help someone is targeting me with physical altercation right now at the Bar/Pub!!,"You reported a assault & threats matter about physical altercation at Bar/Pub on 2024-06-29 around 17:22. The record notes danger status as Yes, threat mentioned as True, injury mentioned as False, and police contact as True.","incident_family=Assault & Threats | issue=Physical altercation | place=Bar/Pub, Tamil Nadu, India | date_time=2024-06-29 17:22 | events=EVT000259_001;EVT000259_002 | property_involved=False | threat_involved=True | injury_involved=False | open_questions=missing: threat_or_attack_description, injury_details | optional: safe_place_available, medical_help_status","To the concerned authority, I wish to report that on 2024-06-29 around 17:22, at Bar/Pub, I experienced/reported an incident described as Physical altercation. My account is: pls help someone is targeting me with physical altercation right now at the Bar/Pub!! they are threatening to hit me or worse. happened around 17:22. is anyone nearby who can come stay with me? urgent. I request that the information be recorded, that appropriate lawful guidance or action be considered, and that I be told if any further documents or details are needed. This draft does not assert guilt, authenticate evidence, or state that an FIR has already been filed.","Case intake: Assault & Threats / Physical altercation; location Bar/Pub, Tamil Nadu; incident date/time 2024-06-29 17:22; danger=Yes; threat=True; injury=False; property=False; police_contacted=True; legal_help_requested=False; event_ids=EVT000259_001;EVT000259_002; key remaining gaps: missing: threat_or_attack_description, injury_details | optional: safe_place_available, medical_help_status",Carry identity proof if needed; written timeline; location details; screenshots/photos/messages; receipts or documents where applicable; medical records if injury exists; property or account details if relevant; names/contact details of witnesses if safely available; copies of any prior complaint or authority response.,"No specific evidence item is confirmed; ask user to preserve screenshots, documents, photos, receipts, and messages where available.","missing: threat_or_attack_description, injury_details | optional: safe_place_available, medical_help_status",No contradiction linked in slot annotations or clarification answers.,"Prioritise immediate safety and emergency assistance before document preparation. If threat or injury exists, seek safety and medical support; preserve messages, witness details, and complaint facts. Police already contacted: True. Legal help requested: False.",LP_CRIME_REPORTING_001;LP_EMERGENCY_HELP_001;LP_FIR_PROCESS_001,0,False,5,4,True,team-reviewed,REV279,validation
GOUT000260_EN,SCN000260,NAR000260_EN,en,ANS002425;ANS002426;ANS002427;ANS002428;ANS002429;ANS002430;ANS002431;ANS002432;ANS002433;ANS002434;ANS002435;ANS002436,EVT000260_001;EVT000260_002,"1. The argument was explicitly regarding a severe case of alimony and maintenance claim, with both sides loudly contesting rights before local residents requested calm.. 2. The argument was explicitly regarding a severe case of alimony and maintenance claim, with both sides loudly contesting rights before local residents requested calm..","You reported a family law matter about alimony and maintenance claim at Online platform on 2024-06-30 around 00:03. The record notes danger status as No, threat mentioned as False, injury mentioned as False, and police contact as True.","incident_family=Family Law | issue=Alimony and maintenance claim | place=Online platform, Gujarat, India | date_time=2024-06-30 00:03 | events=EVT000260_001;EVT000260_002 | property_involved=True | threat_involved=False | injury_involved=False | open_questions=optional: child_or_dependent_involved, financial_support_issue, supporting_documents | missing: violence_or_safety_concern","To the concerned authority, I wish to report that on 2024-06-30 around 00:03, at Online platform, I experienced/reported an incident described as Alimony and maintenance claim. My account is: The observer noted a highly emotional confrontation between two estranged family members outside the online platform around 00:03. The argument was explicitly regarding a severe case of alimony and maintenance claim, with both sides loudly contesting rights before local residents requested calm.. I request that the information be recorded, that appropriate lawful guidance or action be considered, and that I be told if any further documents or details are needed. This draft does not assert guilt, authenticate evidence, or state that an FIR has already been filed.","Case intake: Family Law / Alimony and maintenance claim; location Online platform, Gujarat; incident date/time 2024-06-30 00:03; danger=No; threat=False; injury=False; property=True; police_contacted=True; legal_help_requested=True; event_ids=EVT000260_001;EVT000260_002; key remaining gaps: optional: child_or_dependent_involved, financial_support_issue, supporting_documents | missing: violence_or_safety_concern",Carry identity proof if needed; written timeline; location details; screenshots/photos/messages; receipts or documents where applicable; medical records if injury exists; property or account details if relevant; names/contact details of witnesses if safely available; copies of any prior complaint or authority response.,"I can provide more details, but I need to check the exact information","optional: child_or_dependent_involved, financial_support_issue, supporting_documents | missing: violence_or_safety_concern",No contradiction linked in slot annotations or clarification answers.,"No immediate danger is recorded, but reassess safety before taking action. Collect existing orders, communication records, child/dependent details, and consider family-court or legal-aid consultation. Police already contacted: True. Legal help requested: True.",LP_FAMILY_COURT_001;LP_CHILD_CUSTODY_001;LP_LEGAL_AID_001,0,False,5,4,True,team-reviewed,REV400,Train
GOUT000261_EN,SCN000261,NAR000261_EN,en,ANS002437;ANS002438;ANS002439;ANS002440;ANS002441;ANS002442,EVT000261_001;EVT000261_002,"1. I've been working at this online platform for months, and around 05:00 yesterday, things hit a breaking point with a massive breach of employment contract. 2. I've been working at this online platform for months, and around 05:00 yesterday, things hit a breaking point with a massive breach of employment contract.","You reported a employment/labour matter about breach of employment contract at Online platform on 2024-06-30 around 05:00. The record notes danger status as No, threat mentioned as False, injury mentioned as False, and police contact as False.","incident_family=Employment/Labour | issue=Breach of employment contract | place=Online platform, Tamil Nadu, India | date_time=2024-06-30 05:00 | events=EVT000261_001;EVT000261_002 | property_involved=True | threat_involved=False | injury_involved=False | open_questions=optional: employment_documents, internal_complaint_status","To the concerned authority, I wish to report that on 2024-06-30 around 05:00, at Online platform, I experienced/reported an incident described as Breach of employment contract. My account is: I've been working at this online platform for months, and around 05:00 yesterday, things hit a breaking point with a massive breach of employment contract. They literally refused to settle what was rightfully owed to me and told me to just leave if I didn't like it. I'm so stressed about how I'm going to pay my rent.. I request that the information be recorded, that appropriate lawful guidance or action be considered, and that I be told if any further documents or details are needed. This draft does not assert guilt, authenticate evidence, or state that an FIR has already been filed.","Case intake: Employment/Labour / Breach of employment contract; location Online platform, Tamil Nadu; incident date/time 2024-06-30 05:00; danger=No; threat=False; injury=False; property=True; police_contacted=False; legal_help_requested=True; event_ids=EVT000261_001;EVT000261_002; key remaining gaps: optional: employment_documents, internal_complaint_status",Carry identity proof if needed; written timeline; location details; screenshots/photos/messages; receipts or documents where applicable; medical records if injury exists; property or account details if relevant; names/contact details of witnesses if safely available; copies of any prior complaint or authority response.,"I have some emails and employment records, but not every document","optional: employment_documents, internal_complaint_status",No contradiction linked in slot annotations or clarification answers.,"No immediate danger is recorded, but reassess safety before taking action. Collect employment documents, payslips, emails, HR communication, and wage/termination details. Police already contacted: False. Legal help requested: True.",LP_LABOUR_COMPLAINT_001;LP_WAGE_CLAIM_001;LP_LEGAL_AID_001,0,False,5,4,True,team-reviewed,REV379,test
GOUT000262_EN,SCN000262,NAR000262_EN,en,ANS002443;ANS002444;ANS002445;ANS002446;ANS002447;ANS002448;ANS002449;ANS002450;ANS002451;ANS002452;ANS002453;ANS002454;ANS002455;ANS002456;ANS002457;ANS002458;ANS002459;ANS002460,EVT000262_001;EVT000262_002,"1. So I was waiting at the apartment around 09:36 today for my scheduled meeting, when my ex turned up and started an absolute argument over our restitution of conjugal rights. 2. So I was waiting at the apartment around 09:36 today for my scheduled meeting, when my ex turned up and started an absolute argument over our restitution of conjugal rights.","You reported a family law matter about restitution of conjugal rights at Apartment on 2024-07-04 around 09:36. The record notes danger status as No, threat mentioned as False, injury mentioned as False, and police contact as True.","incident_family=Family Law | issue=Restitution of conjugal rights | place=Apartment, Uttar Pradesh, India | date_time=2024-07-04 09:36 | events=EVT000262_001;EVT000262_002 | property_involved=False | threat_involved=False | injury_involved=False | open_questions=optional: case_or_order_status, child_or_dependent_involved, financial_support_issue, urgent_motion_needed, supporting_documents | missing: violence_or_safety_concern","To the concerned authority, I wish to report that on 2024-07-04 around 09:36, at Apartment, I experienced/reported an incident described as Restitution of conjugal rights. My account is: So I was waiting at the apartment around 09:36 today for my scheduled meeting, when my ex turned up and started an absolute argument over our restitution of conjugal rights. They completely refused to abide by what the court originally decided. I'm just so drained by this ongoing legal battle.. I request that the information be recorded, that appropriate lawful guidance or action be considered, and that I be told if any further documents or details are needed. This draft does not assert guilt, authenticate evidence, or state that an FIR has already been filed.","Case intake: Family Law / Restitution of conjugal rights; location Apartment, Uttar Pradesh; incident date/time 2024-07-04 09:36; danger=No; threat=False; injury=False; property=False; police_contacted=True; legal_help_requested=True; event_ids=EVT000262_001;EVT000262_002; key remaining gaps: optional: case_or_order_status, child_or_dependent_involved, financial_support_issue, urgent_motion_needed, supporting_documents | missing: violence_or_safety_concern",Carry identity proof if needed; written timeline; location details; screenshots/photos/messages; receipts or documents where applicable; medical records if injury exists; property or account details if relevant; names/contact details of witnesses if safely available; copies of any prior complaint or authority response.,"I can provide more details, but I need to check the exact information","optional: case_or_order_status, child_or_dependent_involved, financial_support_issue, urgent_motion_needed, supporting_documents | missing: violence_or_safety_concern",No contradiction linked in slot annotations or clarification answers.,"No immediate danger is recorded, but reassess safety before taking action. Collect existing orders, communication records, child/dependent details, and consider family-court or legal-aid consultation. Police already contacted: True. Legal help requested: True.",LP_FAMILY_COURT_001;LP_CHILD_CUSTODY_001;LP_LEGAL_AID_001,0,False,5,4,True,team-reviewed,REV564,validation
GOUT000263_EN,SCN000263,NAR000263_EN,en,ANS002461;ANS002462;ANS002463,EVT000263_001;EVT000263_002,"1. On the date of 2026-07-05, a serious municipal roadway incident manifesting as traffic signal violation dispute transpired on the specified road at approximately 12:07 hours. 2. Local emergency response teams arrived on site to manage structural debris and administer medical assistance where relevant, while investigating officers initiated standard vehicle documentation checks within the state jurisdiction..","You reported a traffic & road incidents matter about traffic signal violation dispute at Road on 2024-07-07 around 12:07. The record notes danger status as No, threat mentioned as False, injury mentioned as False, and police contact as False.","incident_family=Traffic & Road Incidents | issue=Traffic signal violation dispute | place=Road, Maharashtra, India | date_time=2024-07-07 12:07 | events=EVT000263_001;EVT000263_002 | property_involved=False | threat_involved=False | injury_involved=False | open_questions=missing: injury_details","To the concerned authority, I wish to report that on 2024-07-07 around 12:07, at Road, I experienced/reported an incident described as Traffic signal violation dispute. My account is: On the date of 2026-07-05, a serious municipal roadway incident manifesting as traffic signal violation dispute transpired on the specified road at approximately 12:07 hours. The collision metrics indicate high impact speeds or deliberate disregard for active traffic control mechanisms, resulting in secondary vehicle damage. Local emergency response teams arrived on site to manage structural debris and administer medical assistance where relevant, while investigating officers initiated standard vehicle documentation checks within the state jurisdiction.. I request that the information be recorded, that appropriate lawful guidance or action be considered, and that I be told if any further documents or details are needed. This draft does not assert guilt, authenticate evidence, or state that an FIR has already been filed.","Case intake: Traffic & Road Incidents / Traffic signal violation dispute; location Road, Maharashtra; incident date/time 2024-07-07 12:07; danger=No; threat=False; injury=False; property=False; police_contacted=False; legal_help_requested=False; event_ids=EVT000263_001;EVT000263_002; key remaining gaps: missing: injury_details",Carry identity proof if needed; written timeline; location details; screenshots/photos/messages; receipts or documents where applicable; medical records if injury exists; property or account details if relevant; names/contact details of witnesses if safely available; copies of any prior complaint or authority response.,"No specific evidence item is confirmed; ask user to preserve screenshots, documents, photos, receipts, and messages where available.",missing: injury_details,No contradiction linked in slot annotations or clarification answers.,"No immediate danger is recorded, but reassess safety before taking action. Record vehicle details, photos, injury and damage information, witnesses, and insurance/police documents. Police already contacted: False. Legal help requested: False.",LP_TRAFFIC_ACCIDENT_001;LP_HIT_AND_RUN_001;LP_MOTOR_CLAIM_001,0,False,5,4,True,team-reviewed,REV834,validation
GOUT000264_EN,SCN000264,NAR000264_EN,en,ANS002464;ANS002465;ANS002466;ANS002467;ANS002468;ANS002469;ANS002470;ANS002471;ANS002472,EVT000264_001;EVT000264_002,1. Complainant reports unauthorized digital breach under cyberstalking framework. 2. Digital logs preserved for forensic analysis..,"You reported a cybercrime matter about cyberstalking at Online platform on 2024-07-08 around 15:37. The record notes danger status as No, threat mentioned as True, injury mentioned as False, and police contact as True.","incident_family=Cybercrime | issue=Cyberstalking | place=Online platform, Maharashtra, India | date_time=2024-07-08 15:37 | events=EVT000264_001;EVT000264_002 | property_involved=False | threat_involved=True | injury_involved=False | open_questions=optional: financial_loss, suspect_or_sender_identity, security_steps_taken","To the concerned authority, I wish to report that on 2024-07-08 around 15:37, at Online platform, I experienced/reported an incident described as Cyberstalking. My account is: Complainant reports unauthorized digital breach under cyberstalking framework. On 2026-07-20 at approx 15:37 hours, malicious payloads or fraudulent links were deployed to misappropriate assets or credentials via Online platform. Digital logs preserved for forensic analysis.. I request that the information be recorded, that appropriate lawful guidance or action be considered, and that I be told if any further documents or details are needed. This draft does not assert guilt, authenticate evidence, or state that an FIR has already been filed.","Case intake: Cybercrime / Cyberstalking; location Online platform, Maharashtra; incident date/time 2024-07-08 15:37; danger=No; threat=True; injury=False; property=False; police_contacted=True; legal_help_requested=True; event_ids=EVT000264_001;EVT000264_002; key remaining gaps: optional: financial_loss, suspect_or_sender_identity, security_steps_taken",Carry identity proof if needed; written timeline; location details; screenshots/photos/messages; receipts or documents where applicable; medical records if injury exists; property or account details if relevant; names/contact details of witnesses if safely available; copies of any prior complaint or authority response.,Digital logs preserved for forensic analysis,"optional: financial_loss, suspect_or_sender_identity, security_steps_taken",No contradiction linked in slot annotations or clarification answers.,"No immediate danger is recorded, but reassess safety before taking action. Preserve digital evidence, secure accounts, notify bank/platform if relevant, and use cyber reporting channels. Police already contacted: True. Legal help requested: True.",LP_CYBER_REPORTING_001;LP_ACCOUNT_SECURITY_001;LP_DIGITAL_EVIDENCE_001;LP_FINANCIAL_CYBER_FRAUD_001,0,False,5,4,True,team-reviewed,REV871,Train
GOUT000265_EN,SCN000265,NAR000265_EN,en,ANS002473;ANS002474;ANS002475;ANS002476;ANS002477;ANS002478;ANS002479;ANS002480;ANS002481,EVT000265_001;EVT000265_002,1. Complainant registers a family matter notification involving an active restitution of conjugal rights at the premises. 2. Relevant documentation has been requested for family court presentation..,"You reported a family law matter about restitution of conjugal rights at House on 2024-07-08 around 23:40. The record notes danger status as No, threat mentioned as False, injury mentioned as False, and police contact as False.","incident_family=Family Law | issue=Restitution of conjugal rights | place=House, Telangana, India | date_time=2024-07-08 23:40 | events=EVT000265_001;EVT000265_002 | property_involved=True | threat_involved=False | injury_involved=False | open_questions=optional: financial_support_issue, urgent_motion_needed | missing: violence_or_safety_concern","To the concerned authority, I wish to report that on 2024-07-08 around 23:40, at House, I experienced/reported an incident described as Restitution of conjugal rights. My account is: Complainant registers a family matter notification involving an active restitution of conjugal rights at the premises. On 2026-07-15 at approximately 23:40 hours, an escalation occurred regarding legal compliance or child visitation parameters. Relevant documentation has been requested for family court presentation.. I request that the information be recorded, that appropriate lawful guidance or action be considered, and that I be told if any further documents or details are needed. This draft does not assert guilt, authenticate evidence, or state that an FIR has already been filed.","Case intake: Family Law / Restitution of conjugal rights; location House, Telangana; incident date/time 2024-07-08 23:40; danger=No; threat=False; injury=False; property=True; police_contacted=False; legal_help_requested=True; event_ids=EVT000265_001;EVT000265_002; key remaining gaps: optional: financial_support_issue, urgent_motion_needed | missing: violence_or_safety_concern",Carry identity proof if needed; written timeline; location details; screenshots/photos/messages; receipts or documents where applicable; medical records if injury exists; property or account details if relevant; names/contact details of witnesses if safely available; copies of any prior complaint or authority response.,Relevant documentation has been requested for family court presentation,"optional: financial_support_issue, urgent_motion_needed | missing: violence_or_safety_concern",No contradiction linked in slot annotations or clarification answers.,"No immediate danger is recorded, but reassess safety before taking action. Collect existing orders, communication records, child/dependent details, and consider family-court or legal-aid consultation. Police already contacted: False. Legal help requested: True.",LP_FAMILY_COURT_001;LP_CHILD_CUSTODY_001;LP_LEGAL_AID_001,0,False,5,4,True,team-reviewed,REV919,validation
GOUT000266_EN,SCN000266,NAR000266_EN,en,ANS002482;ANS002483;ANS002484;ANS002485;ANS002486;ANS002487;ANS002488;ANS002489;ANS002490,EVT000266_001;EVT000266_002,"1. A swift incident of chain snatching took place at the local residential street during peak hours. 2. The victim lost valuable items instantly, and the unidentified suspect fled immediately before any bystanders could intervene..","You reported a theft and robbery matter about chain snatching at Residential street on 2024-07-10 around 22:26. The record notes danger status as No, threat mentioned as True, injury mentioned as False, and police contact as False.","incident_family=Theft and robbery | issue=Chain snatching | place=Residential street, Delhi, India | date_time=2024-07-10 22:26 | events=EVT000266_001;EVT000266_002 | property_involved=True | threat_involved=True | injury_involved=False | open_questions=partially_provided: property_type, property_description | missing: ownership_information","To the concerned authority, I wish to report that on 2024-07-10 around 22:26, at Residential street, I experienced/reported an incident described as Chain snatching. My account is: A swift incident of chain snatching took place at the local residential street during peak hours. The victim lost valuable items instantly, and the unidentified suspect fled immediately before any bystanders could intervene.. I request that the information be recorded, that appropriate lawful guidance or action be considered, and that I be told if any further documents or details are needed. This draft does not assert guilt, authenticate evidence, or state that an FIR has already been filed.","Case intake: Theft and robbery / Chain snatching; location Residential street, Delhi; incident date/time 2024-07-10 22:26; danger=No; threat=True; injury=False; property=True; police_contacted=False; legal_help_requested=False; event_ids=EVT000266_001;EVT000266_002; key remaining gaps: partially_provided: property_type, property_description | missing: ownership_information",Carry identity proof if needed; written timeline; location details; screenshots/photos/messages; receipts or documents where applicable; medical records if injury exists; property or account details if relevant; names/contact details of witnesses if safely available; copies of any prior complaint or authority response.,"I can show possession through receipts, photos, or property documents","partially_provided: property_type, property_description | missing: ownership_information",No contradiction linked in slot annotations or clarification answers.,"No immediate danger is recorded, but reassess safety before taking action. Prepare property details, location, timing, suspect description if known, and police complaint materials. Police already contacted: False. Legal help requested: False.",LP_CRIME_REPORTING_001;LP_FIR_PROCESS_001;LP_DIGITAL_EVIDENCE_001,0,False,5,4,True,team-reviewed,REV491,test
GOUT000267_EN,SCN000267,NAR000267_EN,en,ANS002491;ANS002492;ANS002493,EVT000267_001;EVT000267_002,1. just had a huge fight with HR at the Construction site regarding safe working conditions violation around 08:51 today. 2. just had a huge fight with HR at the Construction site regarding safe working conditions violation around 08:51 today.,"You reported a employment/labour matter about safe working conditions violation at Construction site on 2024-07-11 around 08:51. The record notes danger status as No, threat mentioned as False, injury mentioned as True, and police contact as True.","incident_family=Employment/Labour | issue=Safe working conditions violation | place=Construction site, Gujarat, India | date_time=2024-07-11 08:51 | events=EVT000267_001;EVT000267_002 | property_involved=True | threat_involved=False | injury_involved=True | open_questions=optional: employment_documents","To the concerned authority, I wish to report that on 2024-07-11 around 08:51, at Construction site, I experienced/reported an incident described as Safe working conditions violation. My account is: hey guys bad news. just had a huge fight with HR at the Construction site regarding safe working conditions violation around 08:51 today. they are trying to cheat us out of our terms or fire people arbitrarily. check your emails immediately, we need to stand together on this. I request that the information be recorded, that appropriate lawful guidance or action be considered, and that I be told if any further documents or details are needed. This draft does not assert guilt, authenticate evidence, or state that an FIR has already been filed.","Case intake: Employment/Labour / Safe working conditions violation; location Construction site, Gujarat; incident date/time 2024-07-11 08:51; danger=No; threat=False; injury=True; property=True; police_contacted=True; legal_help_requested=True; event_ids=EVT000267_001;EVT000267_002; key remaining gaps: optional: employment_documents",Carry identity proof if needed; written timeline; location details; screenshots/photos/messages; receipts or documents where applicable; medical records if injury exists; property or account details if relevant; names/contact details of witnesses if safely available; copies of any prior complaint or authority response.,"I have some emails and employment records, but not every document",optional: employment_documents,No contradiction linked in slot annotations or clarification answers.,"No immediate danger is recorded, but reassess safety before taking action. Collect employment documents, payslips, emails, HR communication, and wage/termination details. Police already contacted: True. Legal help requested: True.",LP_LABOUR_COMPLAINT_001;LP_WAGE_CLAIM_001;LP_LEGAL_AID_001,0,False,5,4,True,team-reviewed,REV108,test
GOUT000268_EN,SCN000268,NAR000268_EN,en,ANS002494;ANS002495;ANS002496;ANS002497;ANS002498;ANS002499;ANS002500;ANS002501;ANS002502,EVT000268_001;EVT000268_002,"1. On the date of 2026-07-18, a formal consumer conflict classified as false advertising and misrepresentation manifested during a commercial interaction at the designated online platform around 06:28. 2. On the date of 2026-07-18, a formal consumer conflict classified as false advertising and misrepresentation manifested during a commercial interaction at the designated online platform around 06:28.","You reported a consumer disputes matter about false advertising and misrepresentation at Online platform on 2024-07-13 around 06:28. The record notes danger status as No, threat mentioned as False, injury mentioned as False, and police contact as True.","incident_family=Consumer Disputes | issue=False advertising and misrepresentation | place=Online platform, West Bengal, India | date_time=2024-07-13 06:28 | events=EVT000268_001;EVT000268_002 | property_involved=True | threat_involved=False | injury_involved=False | open_questions=partially_provided: product_or_service | missing: refund_or_remedy_requested | optional: evidence_available","To the concerned authority, I wish to report that on 2024-07-13 around 06:28, at Online platform, I experienced/reported an incident described as False advertising and misrepresentation. My account is: On the date of 2026-07-18, a formal consumer conflict classified as false advertising and misrepresentation manifested during a commercial interaction at the designated online platform around 06:28. The transaction parameters reveal an explicit deviation from advertising claims or legal standards, directly compromising buyer safety and financial protection. Standard operational dispute channels were exhausted without success, prompting an escalation to statutory regulatory oversight mechanisms.. I request that the information be recorded, that appropriate lawful guidance or action be considered, and that I be told if any further documents or details are needed. This draft does not assert guilt, authenticate evidence, or state that an FIR has already been filed.","Case intake: Consumer Disputes / False advertising and misrepresentation; location Online platform, West Bengal; incident date/time 2024-07-13 06:28; danger=No; threat=False; injury=False; property=True; police_contacted=True; legal_help_requested=True; event_ids=EVT000268_001;EVT000268_002; key remaining gaps: partially_provided: product_or_service | missing: refund_or_remedy_requested | optional: evidence_available",Carry identity proof if needed; written timeline; location details; screenshots/photos/messages; receipts or documents where applicable; medical records if injury exists; property or account details if relevant; names/contact details of witnesses if safely available; copies of any prior complaint or authority response.,"The transaction parameters reveal an explicit deviation from advertising claims or legal standards, directly compromising buyer safety and financial protection; I have the payment screenshot and chat with the seller",partially_provided: product_or_service | missing: refund_or_remedy_requested | optional: evidence_available,No contradiction linked in slot annotations or clarification answers.,"No immediate danger is recorded, but reassess safety before taking action. Prepare payment proof, seller communication, product/service details, and consider consumer grievance or platform escalation. Police already contacted: True. Legal help requested: True.",LP_CONSUMER_COMPLAINT_001;LP_REFUND_RIGHTS_001;LP_ECOMMERCE_001,0,False,5,4,True,team-reviewed,REV434,validation
GOUT000269_EN,SCN000269,NAR000269_EN,en,ANS002503;ANS002504;ANS002505;ANS002506;ANS002507;ANS002508;ANS002509;ANS002510;ANS002511,EVT000269_001;EVT000269_002,"1. Dear Cyber Crime Portal, I am writing to register an official cybercrime incident regarding phishing scam that targets my system. 2. Dear Cyber Crime Portal, I am writing to register an official cybercrime incident regarding phishing scam that targets my system.","You reported a cybercrime matter about phishing scam at Mobile app on 2024-07-14 around 17:37. The record notes danger status as No, threat mentioned as False, injury mentioned as False, and police contact as True.","incident_family=Cybercrime | issue=Phishing scam | place=Mobile app, Maharashtra, India | date_time=2024-07-14 17:37 | events=EVT000269_001;EVT000269_002 | property_involved=True | threat_involved=False | injury_involved=False | open_questions=optional: digital_evidence, security_steps_taken | partially_provided: ongoing_access_risk","To the concerned authority, I wish to report that on 2024-07-14 around 17:37, at Mobile app, I experienced/reported an incident described as Phishing scam. My account is: Dear Cyber Crime Portal, I am writing to register an official cybercrime incident regarding phishing scam that targets my system. At 17:37 on 2026-07-01, illegal server access was achieved through the Mobile app, leading to severe data breach and financial compromise.. I request that the information be recorded, that appropriate lawful guidance or action be considered, and that I be told if any further documents or details are needed. This draft does not assert guilt, authenticate evidence, or state that an FIR has already been filed.","Case intake: Cybercrime / Phishing scam; location Mobile app, Maharashtra; incident date/time 2024-07-14 17:37; danger=No; threat=False; injury=False; property=True; police_contacted=True; legal_help_requested=False; event_ids=EVT000269_001;EVT000269_002; key remaining gaps: optional: digital_evidence, security_steps_taken | partially_provided: ongoing_access_risk",Carry identity proof if needed; written timeline; location details; screenshots/photos/messages; receipts or documents where applicable; medical records if injury exists; property or account details if relevant; names/contact details of witnesses if safely available; copies of any prior complaint or authority response.,"Screenshots, suspicious link, login alert, and transaction message are available","optional: digital_evidence, security_steps_taken | partially_provided: ongoing_access_risk",No contradiction linked in slot annotations or clarification answers.,"No immediate danger is recorded, but reassess safety before taking action. Preserve digital evidence, secure accounts, notify bank/platform if relevant, and use cyber reporting channels. Police already contacted: True. Legal help requested: False.",LP_CYBER_REPORTING_001;LP_ACCOUNT_SECURITY_001;LP_DIGITAL_EVIDENCE_001;LP_FINANCIAL_CYBER_FRAUD_001,0,False,5,4,True,team-reviewed,REV243,validation
GOUT000270_EN,SCN000270,NAR000270_EN,en,ANS002512;ANS002513;ANS002514;ANS002515;ANS002516;ANS002517;ANS002518;ANS002519;ANS002520;ANS002521;ANS002522;ANS002523,EVT000270_001;EVT000270_002,"1. On the date of 2026-07-17, a major civil friction classified under restitution of conjugal rights escalated during a familial meeting at the designated apartment at approximately 21:36 hours. 2. On the date of 2026-07-17, a major civil friction classified under restitution of conjugal rights escalated during a familial meeting at the designated apartment at approximately 21:36 hours.","You reported a family law matter about restitution of conjugal rights at Apartment on 2024-07-24 around 21:36. The record notes danger status as No, threat mentioned as False, injury mentioned as False, and police contact as False.","incident_family=Family Law | issue=Restitution of conjugal rights | place=Apartment, West Bengal, India | date_time=2024-07-24 21:36 | events=EVT000270_001;EVT000270_002 | property_involved=False | threat_involved=False | injury_involved=False | open_questions=optional: financial_support_issue, urgent_motion_needed, supporting_documents | missing: violence_or_safety_concern","To the concerned authority, I wish to report that on 2024-07-24 around 21:36, at Apartment, I experienced/reported an incident described as Restitution of conjugal rights. My account is: On the date of 2026-07-17, a major civil friction classified under restitution of conjugal rights escalated during a familial meeting at the designated apartment at approximately 21:36 hours. The dispute involves competing claims regarding maintenance allocations or custody arrangements, leading to severe communication breakdown between the principal parties. The current circumstances indicate an immediate requirement for legal intervention to mandate adherence to statutory family frameworks within the state jurisdiction.. I request that the information be recorded, that appropriate lawful guidance or action be considered, and that I be told if any further documents or details are needed. This draft does not assert guilt, authenticate evidence, or state that an FIR has already been filed.","Case intake: Family Law / Restitution of conjugal rights; location Apartment, West Bengal; incident date/time 2024-07-24 21:36; danger=No; threat=False; injury=False; property=False; police_contacted=False; legal_help_requested=True; event_ids=EVT000270_001;EVT000270_002; key remaining gaps: optional: financial_support_issue, urgent_motion_needed, supporting_documents | missing: violence_or_safety_concern",Carry identity proof if needed; written timeline; location details; screenshots/photos/messages; receipts or documents where applicable; medical records if injury exists; property or account details if relevant; names/contact details of witnesses if safely available; copies of any prior complaint or authority response.,"I can provide more details, but I need to check the exact information","optional: financial_support_issue, urgent_motion_needed, supporting_documents | missing: violence_or_safety_concern",No contradiction linked in slot annotations or clarification answers.,"No immediate danger is recorded, but reassess safety before taking action. Collect existing orders, communication records, child/dependent details, and consider family-court or legal-aid consultation. Police already contacted: False. Legal help requested: True.",LP_FAMILY_COURT_001;LP_CHILD_CUSTODY_001;LP_LEGAL_AID_001,0,False,5,4,True,team-reviewed,REV515,test
GOUT000271_EN,SCN000271,NAR000271_EN,en,ANS002524;ANS002525;ANS002526;ANS002527;ANS002528;ANS002529;ANS002530;ANS002531;ANS002532,EVT000271_001;EVT000271_002,"1. hey guys, my ex just blocked me from seeing the kids / resolving the restitution of conjugal rights at the House around 16:23 today. 2. hey guys, my ex just blocked me from seeing the kids / resolving the restitution of conjugal rights at the House around 16:23 today.","You reported a family law matter about restitution of conjugal rights at House on 2024-07-27 around 16:23. The record notes danger status as No, threat mentioned as False, injury mentioned as False, and police contact as True.","incident_family=Family Law | issue=Restitution of conjugal rights | place=House, Delhi, India | date_time=2024-07-27 16:23 | events=EVT000271_001;EVT000271_002 | property_involved=False | threat_involved=False | injury_involved=False | open_questions=optional: financial_support_issue, supporting_documents | missing: violence_or_safety_concern","To the concerned authority, I wish to report that on 2024-07-27 around 16:23, at House, I experienced/reported an incident described as Restitution of conjugal rights. My account is: hey guys, my ex just blocked me from seeing the kids / resolving the restitution of conjugal rights at the House around 16:23 today. completely violating the current terms. does anyone know a reliable family court lawyer who can file an urgent motion tomorrow?. I request that the information be recorded, that appropriate lawful guidance or action be considered, and that I be told if any further documents or details are needed. This draft does not assert guilt, authenticate evidence, or state that an FIR has already been filed.","Case intake: Family Law / Restitution of conjugal rights; location House, Delhi; incident date/time 2024-07-27 16:23; danger=No; threat=False; injury=False; property=False; police_contacted=True; legal_help_requested=True; event_ids=EVT000271_001;EVT000271_002; key remaining gaps: optional: financial_support_issue, supporting_documents | missing: violence_or_safety_concern",Carry identity proof if needed; written timeline; location details; screenshots/photos/messages; receipts or documents where applicable; medical records if injury exists; property or account details if relevant; names/contact details of witnesses if safely available; copies of any prior complaint or authority response.,"I can provide more details, but I need to check the exact information","optional: financial_support_issue, supporting_documents | missing: violence_or_safety_concern",No contradiction linked in slot annotations or clarification answers.,"No immediate danger is recorded, but reassess safety before taking action. Collect existing orders, communication records, child/dependent details, and consider family-court or legal-aid consultation. Police already contacted: True. Legal help requested: True.",LP_FAMILY_COURT_001;LP_CHILD_CUSTODY_001;LP_LEGAL_AID_001,0,False,5,4,True,team-reviewed,REV592,test
GOUT000272_EN,SCN000272,NAR000272_EN,en,ANS002533;ANS002534;ANS002535;ANS002536;ANS002537;ANS002538;ANS002539;ANS002540;ANS002541,EVT000272_001;EVT000272_002,1. Complainant registers a family matter notification involving an active guardianship dispute at the premises. 2. Relevant documentation has been requested for family court presentation..,"You reported a family law matter about guardianship dispute at House on 2024-07-28 around 03:27. The record notes danger status as No, threat mentioned as False, injury mentioned as False, and police contact as True.","incident_family=Family Law | issue=Guardianship dispute | place=House, Tamil Nadu, India | date_time=2024-07-28 03:27 | events=EVT000272_001;EVT000272_002 | property_involved=False | threat_involved=False | injury_involved=False | open_questions=optional: financial_support_issue, urgent_motion_needed | missing: violence_or_safety_concern","To the concerned authority, I wish to report that on 2024-07-28 around 03:27, at House, I experienced/reported an incident described as Guardianship dispute. My account is: Complainant registers a family matter notification involving an active guardianship dispute at the premises. On 2026-07-11 at approximately 03:27 hours, an escalation occurred regarding legal compliance or child visitation parameters. Relevant documentation has been requested for family court presentation.. I request that the information be recorded, that appropriate lawful guidance or action be considered, and that I be told if any further documents or details are needed. This draft does not assert guilt, authenticate evidence, or state that an FIR has already been filed.","Case intake: Family Law / Guardianship dispute; location House, Tamil Nadu; incident date/time 2024-07-28 03:27; danger=No; threat=False; injury=False; property=False; police_contacted=True; legal_help_requested=True; event_ids=EVT000272_001;EVT000272_002; key remaining gaps: optional: financial_support_issue, urgent_motion_needed | missing: violence_or_safety_concern",Carry identity proof if needed; written timeline; location details; screenshots/photos/messages; receipts or documents where applicable; medical records if injury exists; property or account details if relevant; names/contact details of witnesses if safely available; copies of any prior complaint or authority response.,Relevant documentation has been requested for family court presentation,"optional: financial_support_issue, urgent_motion_needed | missing: violence_or_safety_concern",No contradiction linked in slot annotations or clarification answers.,"No immediate danger is recorded, but reassess safety before taking action. Collect existing orders, communication records, child/dependent details, and consider family-court or legal-aid consultation. Police already contacted: True. Legal help requested: True.",LP_FAMILY_COURT_001;LP_CHILD_CUSTODY_001;LP_LEGAL_AID_001,0,False,5,4,True,team-reviewed,REV196,validation
GOUT000273_EN,SCN000273,NAR000273_EN,en,ANS002542;ANS002543;ANS002544;ANS002545;ANS002546;ANS002547;ANS002548;ANS002549;ANS002550;ANS002551;ANS002552;ANS002553;ANS002554;ANS002555;ANS002556,EVT000273_001;EVT000273_002,1. An incident involving sudden domestic dispute broke out at the house around 20:55. 2. An incident involving sudden domestic dispute broke out at the house around 20:55.,"You reported a assault & threats matter about domestic dispute at House on 2024-07-29 around 20:55. The record notes danger status as No, threat mentioned as True, injury mentioned as False, and police contact as False.","incident_family=Assault & Threats | issue=Domestic dispute | place=House, Telangana, India | date_time=2024-07-29 20:55 | events=EVT000273_001;EVT000273_002 | property_involved=True | threat_involved=True | injury_involved=False | open_questions=missing: threat_or_attack_description, injury_details | optional: alleged_offender_identity, safe_place_available, medical_help_status","To the concerned authority, I wish to report that on 2024-07-29 around 20:55, at House, I experienced/reported an incident described as Domestic dispute. My account is: An incident involving sudden domestic dispute broke out at the house around 20:55. The aggressor initiated intense physical or verbal hostility against the victim, forcing bystanders to intervene to prevent further escalation.. I request that the information be recorded, that appropriate lawful guidance or action be considered, and that I be told if any further documents or details are needed. This draft does not assert guilt, authenticate evidence, or state that an FIR has already been filed.","Case intake: Assault & Threats / Domestic dispute; location House, Telangana; incident date/time 2024-07-29 20:55; danger=No; threat=True; injury=False; property=True; police_contacted=False; legal_help_requested=False; event_ids=EVT000273_001;EVT000273_002; key remaining gaps: missing: threat_or_attack_description, injury_details | optional: alleged_offender_identity, safe_place_available, medical_help_status",Carry identity proof if needed; written timeline; location details; screenshots/photos/messages; receipts or documents where applicable; medical records if injury exists; property or account details if relevant; names/contact details of witnesses if safely available; copies of any prior complaint or authority response.,"No specific evidence item is confirmed; ask user to preserve screenshots, documents, photos, receipts, and messages where available.","missing: threat_or_attack_description, injury_details | optional: alleged_offender_identity, safe_place_available, medical_help_status",No contradiction linked in slot annotations or clarification answers.,"No immediate danger is recorded, but reassess safety before taking action. If threat or injury exists, seek safety and medical support; preserve messages, witness details, and complaint facts. Police already contacted: False. Legal help requested: False.",LP_CRIME_REPORTING_001;LP_EMERGENCY_HELP_001;LP_FIR_PROCESS_001,0,False,5,4,True,team-reviewed,REV956,validation
GOUT000274_EN,SCN000274,NAR000274_EN,en,ANS002557;ANS002558;ANS002559;ANS002560;ANS002561;ANS002562;ANS002563;ANS002564;ANS002565;ANS002566;ANS002567;ANS002568,EVT000274_001;EVT000274_002,1. pls help someone is targeting me with domestic dispute right now at the Apartment!! 2. pls help someone is targeting me with domestic dispute right now at the Apartment!!,"You reported a assault & threats matter about domestic dispute at Apartment on 2024-07-29 around 00:46. The record notes danger status as No, threat mentioned as True, injury mentioned as False, and police contact as True.","incident_family=Assault & Threats | issue=Domestic dispute | place=Apartment, Uttar Pradesh, India | date_time=2024-07-29 00:46 | events=EVT000274_001;EVT000274_002 | property_involved=False | threat_involved=True | injury_involved=False | open_questions=missing: threat_or_attack_description, injury_details | optional: safe_place_available, medical_help_status","To the concerned authority, I wish to report that on 2024-07-29 around 00:46, at Apartment, I experienced/reported an incident described as Domestic dispute. My account is: pls help someone is targeting me with domestic dispute right now at the Apartment!! they are threatening to hit me or worse. happened around 00:46. is anyone nearby who can come stay with me? urgent. I request that the information be recorded, that appropriate lawful guidance or action be considered, and that I be told if any further documents or details are needed. This draft does not assert guilt, authenticate evidence, or state that an FIR has already been filed.","Case intake: Assault & Threats / Domestic dispute; location Apartment, Uttar Pradesh; incident date/time 2024-07-29 00:46; danger=No; threat=True; injury=False; property=False; police_contacted=True; legal_help_requested=False; event_ids=EVT000274_001;EVT000274_002; key remaining gaps: missing: threat_or_attack_description, injury_details | optional: safe_place_available, medical_help_status",Carry identity proof if needed; written timeline; location details; screenshots/photos/messages; receipts or documents where applicable; medical records if injury exists; property or account details if relevant; names/contact details of witnesses if safely available; copies of any prior complaint or authority response.,"No specific evidence item is confirmed; ask user to preserve screenshots, documents, photos, receipts, and messages where available.","missing: threat_or_attack_description, injury_details | optional: safe_place_available, medical_help_status",No contradiction linked in slot annotations or clarification answers.,"No immediate danger is recorded, but reassess safety before taking action. If threat or injury exists, seek safety and medical support; preserve messages, witness details, and complaint facts. Police already contacted: True. Legal help requested: False.",LP_CRIME_REPORTING_001;LP_EMERGENCY_HELP_001;LP_FIR_PROCESS_001,0,False,5,4,True,team-reviewed,REV529,Train
GOUT000275_EN,SCN000275,NAR000275_EN,en,ANS002569;ANS002570;ANS002571;ANS002572;ANS002573;ANS002574;ANS002575;ANS002576;ANS002577,EVT000275_001;EVT000275_002,"1. Dear Municipal Authorities, I am writing to formally log a civic grievance regarding the ongoing pattern of stray animal hazard at the Residential street. 2. Dear Municipal Authorities, I am writing to formally log a civic grievance regarding the ongoing pattern of stray animal hazard at the Residential street.","You reported a miscellaneous matter about stray animal hazard at Residential street on 2024-08-01 around 04:26. The record notes danger status as No, threat mentioned as False, injury mentioned as False, and police contact as False.","incident_family=Miscellaneous | issue=Stray animal hazard | place=Residential street, Telangana, India | date_time=2024-08-01 04:26 | events=EVT000275_001;EVT000275_002 | property_involved=True | threat_involved=False | injury_involved=False | open_questions=partially_provided: risk_to_public | optional: item_or_property_affected, authority_to_contact","To the concerned authority, I wish to report that on 2024-08-01 around 04:26, at Residential street, I experienced/reported an incident described as Stray animal hazard. My account is: Dear Municipal Authorities, I am writing to formally log a civic grievance regarding the ongoing pattern of stray animal hazard at the Residential street. The latest escalation occurred on 2026-06-29 at 04:26 hours, causing localized hazards that require immediate civic attention.. I request that the information be recorded, that appropriate lawful guidance or action be considered, and that I be told if any further documents or details are needed. This draft does not assert guilt, authenticate evidence, or state that an FIR has already been filed.","Case intake: Miscellaneous / Stray animal hazard; location Residential street, Telangana; incident date/time 2024-08-01 04:26; danger=No; threat=False; injury=False; property=True; police_contacted=False; legal_help_requested=False; event_ids=EVT000275_001;EVT000275_002; key remaining gaps: partially_provided: risk_to_public | optional: item_or_property_affected, authority_to_contact",Carry identity proof if needed; written timeline; location details; screenshots/photos/messages; receipts or documents where applicable; medical records if injury exists; property or account details if relevant; names/contact details of witnesses if safely available; copies of any prior complaint or authority response.,"No specific evidence item is confirmed; ask user to preserve screenshots, documents, photos, receipts, and messages where available.","partially_provided: risk_to_public | optional: item_or_property_affected, authority_to_contact",No contradiction linked in slot annotations or clarification answers.,"No immediate danger is recorded, but reassess safety before taking action. Collect date, location, evidence, authority contacted, and any safety concerns before escalation. Police already contacted: False. Legal help requested: False.",LP_CRIME_REPORTING_001;LP_EMERGENCY_HELP_001;LP_LEGAL_AID_001,0,False,5,4,True,team-reviewed,REV417,test
GOUT000276_EN,SCN000276,NAR000276_EN,en,ANS002578;ANS002579;ANS002580;ANS002581;ANS002582;ANS002583;ANS002584;ANS002585;ANS002586;ANS002587;ANS002588;ANS002589,EVT000276_001;EVT000276_002,"1. A driver committed a blatant drunk driving accident, resulting in an immediate vehicle collision and a heated argument between the affected commuters before police arrived.. 2. A driver committed a blatant drunk driving accident, resulting in an immediate vehicle collision and a heated argument between the affected commuters before police arrived..","You reported a traffic & road incidents matter about drunk driving accident at Highway on 2024-08-01 around 16:04. The record notes danger status as No, threat mentioned as False, injury mentioned as False, and police contact as False.","incident_family=Traffic & Road Incidents | issue=Drunk driving accident | place=Highway, West Bengal, India | date_time=2024-08-01 16:04 | events=EVT000276_001;EVT000276_002 | property_involved=True | threat_involved=False | injury_involved=False | open_questions=partially_provided: vehicle_details | missing: injury_details, property_damage | optional: traffic_obstruction","To the concerned authority, I wish to report that on 2024-08-01 around 16:04, at Highway, I experienced/reported an incident described as Drunk driving accident. My account is: The witness observed a major traffic disruption unfolding near the highway around 16:04. A driver committed a blatant drunk driving accident, resulting in an immediate vehicle collision and a heated argument between the affected commuters before police arrived.. I request that the information be recorded, that appropriate lawful guidance or action be considered, and that I be told if any further documents or details are needed. This draft does not assert guilt, authenticate evidence, or state that an FIR has already been filed.","Case intake: Traffic & Road Incidents / Drunk driving accident; location Highway, West Bengal; incident date/time 2024-08-01 16:04; danger=No; threat=False; injury=False; property=True; police_contacted=False; legal_help_requested=True; event_ids=EVT000276_001;EVT000276_002; key remaining gaps: partially_provided: vehicle_details | missing: injury_details, property_damage | optional: traffic_obstruction",Carry identity proof if needed; written timeline; location details; screenshots/photos/messages; receipts or documents where applicable; medical records if injury exists; property or account details if relevant; names/contact details of witnesses if safely available; copies of any prior complaint or authority response.,"No specific evidence item is confirmed; ask user to preserve screenshots, documents, photos, receipts, and messages where available.","partially_provided: vehicle_details | missing: injury_details, property_damage | optional: traffic_obstruction",No contradiction linked in slot annotations or clarification answers.,"No immediate danger is recorded, but reassess safety before taking action. Record vehicle details, photos, injury and damage information, witnesses, and insurance/police documents. Police already contacted: False. Legal help requested: True.",LP_TRAFFIC_ACCIDENT_001;LP_HIT_AND_RUN_001;LP_MOTOR_CLAIM_001,0,False,5,4,True,team-reviewed,REV449,validation
GOUT000277_EN,SCN000277,NAR000277_EN,en,ANS002590;ANS002591;ANS002592;ANS002593;ANS002594;ANS002595;ANS002596;ANS002597;ANS002598,EVT000277_001;EVT000277_002,"1. On the afternoon of 2026-07-19, a long-standing land friction culminated in an explicit case of illegal property possession at the designated house around 04:29 hours. 2. On the afternoon of 2026-07-19, a long-standing land friction culminated in an explicit case of illegal property possession at the designated house around 04:29 hours.","You reported a property disputes matter about illegal property possession at House on 2024-08-03 around 04:29. The record notes danger status as No, threat mentioned as False, injury mentioned as False, and police contact as False.","incident_family=Property Disputes | issue=Illegal property possession | place=House, Karnataka, India | date_time=2024-08-03 04:29 | events=EVT000277_001;EVT000277_002 | property_involved=True | threat_involved=False | injury_involved=False | open_questions=partially_provided: property_type, ownership_documents, current_possession","To the concerned authority, I wish to report that on 2024-08-03 around 04:29, at House, I experienced/reported an incident described as Illegal property possession. My account is: On the afternoon of 2026-07-19, a long-standing land friction culminated in an explicit case of illegal property possession at the designated house around 04:29 hours. The incident involved rival claimants attempting physical occupation or structural modification without valid legal injunctions. Local law enforcement intervened to mandate a status quo until the appropriate regional civil courts review the structural registration parameters and revenue maps under the state jurisdiction.. I request that the information be recorded, that appropriate lawful guidance or action be considered, and that I be told if any further documents or details are needed. This draft does not assert guilt, authenticate evidence, or state that an FIR has already been filed.","Case intake: Property Disputes / Illegal property possession; location House, Karnataka; incident date/time 2024-08-03 04:29; danger=No; threat=False; injury=False; property=True; police_contacted=False; legal_help_requested=True; event_ids=EVT000277_001;EVT000277_002; key remaining gaps: partially_provided: property_type, ownership_documents, current_possession",Carry identity proof if needed; written timeline; location details; screenshots/photos/messages; receipts or documents where applicable; medical records if injury exists; property or account details if relevant; names/contact details of witnesses if safely available; copies of any prior complaint or authority response.,"On the afternoon of 2026-07-19, a long-standing land friction culminated in an explicit case of illegal property possession at the designated house around 04:29 hours; I can show possession through receipts, photos, or property documents","partially_provided: property_type, ownership_documents, current_possession",No contradiction linked in slot annotations or clarification answers.,"No immediate danger is recorded, but reassess safety before taking action. Collect ownership/possession documents, photos of the site, opposing-party details, and avoid confrontation. Police already contacted: False. Legal help requested: True.",LP_PROPERTY_DISPUTE_001;LP_CRIME_REPORTING_001;LP_DIGITAL_EVIDENCE_001,0,False,5,4,True,team-reviewed,REV699,validation
GOUT000278_EN,SCN000278,NAR000278_EN,en,ANS002599;ANS002600;ANS002601;ANS002602;ANS002603;ANS002604;ANS002605;ANS002606;ANS002607;ANS002608;ANS002609;ANS002610;ANS002611;ANS002612;ANS002613,EVT000278_001;EVT000278_002,"1. The confrontation quickly turned into a verbal intimidation, with one individual visibly projecting physical intimidation towards the other party before crowds gathered to separate them.. 2. The bystander reported observing a heated argument developing near the residential street around 08:18.","You reported a assault & threats matter about verbal intimidation at Residential street on 2024-08-07 around 08:18. The record notes danger status as No, threat mentioned as True, injury mentioned as False, and police contact as True.","incident_family=Assault & Threats | issue=Verbal intimidation | place=Residential street, Karnataka, India | date_time=2024-08-07 08:18 | events=EVT000278_001;EVT000278_002 | property_involved=True | threat_involved=True | injury_involved=False | open_questions=missing: threat_or_attack_description, injury_details | optional: alleged_offender_identity, safe_place_available, medical_help_status","To the concerned authority, I wish to report that on 2024-08-07 around 08:18, at Residential street, I experienced/reported an incident described as Verbal intimidation. My account is: The bystander reported observing a heated argument developing near the residential street around 08:18. The confrontation quickly turned into a verbal intimidation, with one individual visibly projecting physical intimidation towards the other party before crowds gathered to separate them.. I request that the information be recorded, that appropriate lawful guidance or action be considered, and that I be told if any further documents or details are needed. This draft does not assert guilt, authenticate evidence, or state that an FIR has already been filed.","Case intake: Assault & Threats / Verbal intimidation; location Residential street, Karnataka; incident date/time 2024-08-07 08:18; danger=No; threat=True; injury=False; property=True; police_contacted=True; legal_help_requested=True; event_ids=EVT000278_001;EVT000278_002; key remaining gaps: missing: threat_or_attack_description, injury_details | optional: alleged_offender_identity, safe_place_available, medical_help_status",Carry identity proof if needed; written timeline; location details; screenshots/photos/messages; receipts or documents where applicable; medical records if injury exists; property or account details if relevant; names/contact details of witnesses if safely available; copies of any prior complaint or authority response.,"No specific evidence item is confirmed; ask user to preserve screenshots, documents, photos, receipts, and messages where available.","missing: threat_or_attack_description, injury_details | optional: alleged_offender_identity, safe_place_available, medical_help_status",No contradiction linked in slot annotations or clarification answers.,"No immediate danger is recorded, but reassess safety before taking action. If threat or injury exists, seek safety and medical support; preserve messages, witness details, and complaint facts. Police already contacted: True. Legal help requested: True.",LP_CRIME_REPORTING_001;LP_EMERGENCY_HELP_001;LP_FIR_PROCESS_001,0,False,5,4,True,team-reviewed,REV101,test
GOUT000279_EN,SCN000279,NAR000279_EN,en,ANS002614;ANS002615;ANS002616;ANS002617;ANS002618;ANS002619;ANS002620;ANS002621;ANS002622;ANS002623;ANS002624;ANS002625;ANS002626;ANS002627;ANS002628,EVT000279_001;EVT000279_002,"1. On the afternoon of 2026-06-26, an escalating conflict classified under verbal intimidation manifested at the specified shop. 2. Security personnel were subsequently informed to review the breach of safety within the jurisdiction..","You reported a assault & threats matter about verbal intimidation at Shop on 2024-08-09 around 06:30. The record notes danger status as No, threat mentioned as True, injury mentioned as False, and police contact as False.","incident_family=Assault & Threats | issue=Verbal intimidation | place=Shop, West Bengal, India | date_time=2024-08-09 06:30 | events=EVT000279_001;EVT000279_002 | property_involved=True | threat_involved=True | injury_involved=False | open_questions=missing: threat_or_attack_description, injury_details | optional: alleged_offender_identity, safe_place_available, medical_help_status","To the concerned authority, I wish to report that on 2024-08-09 around 06:30, at Shop, I experienced/reported an incident described as Verbal intimidation. My account is: On the afternoon of 2026-06-26, an escalating conflict classified under verbal intimidation manifested at the specified shop. Initial verbal friction rapidly degenerated into targeted hostility, establishing clear intent of intimidation and potential bodily harm. The victim sought refuge immediately while nearby witnesses attempted to de-escalate the situation. Security personnel were subsequently informed to review the breach of safety within the jurisdiction.. I request that the information be recorded, that appropriate lawful guidance or action be considered, and that I be told if any further documents or details are needed. This draft does not assert guilt, authenticate evidence, or state that an FIR has already been filed.","Case intake: Assault & Threats / Verbal intimidation; location Shop, West Bengal; incident date/time 2024-08-09 06:30; danger=No; threat=True; injury=False; property=True; police_contacted=False; legal_help_requested=False; event_ids=EVT000279_001;EVT000279_002; key remaining gaps: missing: threat_or_attack_description, injury_details | optional: alleged_offender_identity, safe_place_available, medical_help_status",Carry identity proof if needed; written timeline; location details; screenshots/photos/messages; receipts or documents where applicable; medical records if injury exists; property or account details if relevant; names/contact details of witnesses if safely available; copies of any prior complaint or authority response.,"No specific evidence item is confirmed; ask user to preserve screenshots, documents, photos, receipts, and messages where available.","missing: threat_or_attack_description, injury_details | optional: alleged_offender_identity, safe_place_available, medical_help_status",No contradiction linked in slot annotations or clarification answers.,"No immediate danger is recorded, but reassess safety before taking action. If threat or injury exists, seek safety and medical support; preserve messages, witness details, and complaint facts. Police already contacted: False. Legal help requested: False.",LP_CRIME_REPORTING_001;LP_EMERGENCY_HELP_001;LP_FIR_PROCESS_001,0,False,5,4,True,team-reviewed,REV944,Train
GOUT000280_EN,SCN000280,NAR000280_EN,en,ANS002629;ANS002630;ANS002631;ANS002632;ANS002633;ANS002634;ANS002635;ANS002636;ANS002637,EVT000280_001;EVT000280_002,1. A vehicular incident involving illegal parking blockage occurred on the local road at 14:35. 2. A vehicular incident involving illegal parking blockage occurred on the local road at 14:35.,"You reported a traffic & road incidents matter about illegal parking blockage at Road on 2024-08-10 around 14:35. The record notes danger status as No, threat mentioned as False, injury mentioned as False, and police contact as False.","incident_family=Traffic & Road Incidents | issue=Illegal parking blockage | place=Road, Uttar Pradesh, India | date_time=2024-08-10 14:35 | events=EVT000280_001;EVT000280_002 | property_involved=True | threat_involved=False | injury_involved=False | open_questions=partially_provided: vehicle_details | missing: injury_details | optional: offending_vehicle_left","To the concerned authority, I wish to report that on 2024-08-10 around 14:35, at Road, I experienced/reported an incident described as Illegal parking blockage. My account is: A vehicular incident involving illegal parking blockage occurred on the local road at 14:35. The collision or blockage led to structural vehicular property damage and caused a severe traffic bottleneck requiring immediate clearing.. I request that the information be recorded, that appropriate lawful guidance or action be considered, and that I be told if any further documents or details are needed. This draft does not assert guilt, authenticate evidence, or state that an FIR has already been filed.","Case intake: Traffic & Road Incidents / Illegal parking blockage; location Road, Uttar Pradesh; incident date/time 2024-08-10 14:35; danger=No; threat=False; injury=False; property=True; police_contacted=False; legal_help_requested=True; event_ids=EVT000280_001;EVT000280_002; key remaining gaps: partially_provided: vehicle_details | missing: injury_details | optional: offending_vehicle_left",Carry identity proof if needed; written timeline; location details; screenshots/photos/messages; receipts or documents where applicable; medical records if injury exists; property or account details if relevant; names/contact details of witnesses if safely available; copies of any prior complaint or authority response.,"No specific evidence item is confirmed; ask user to preserve screenshots, documents, photos, receipts, and messages where available.",partially_provided: vehicle_details | missing: injury_details | optional: offending_vehicle_left,No contradiction linked in slot annotations or clarification answers.,"No immediate danger is recorded, but reassess safety before taking action. Record vehicle details, photos, injury and damage information, witnesses, and insurance/police documents. Police already contacted: False. Legal help requested: True.",LP_TRAFFIC_ACCIDENT_001;LP_HIT_AND_RUN_001;LP_MOTOR_CLAIM_001,0,False,5,4,True,team-reviewed,REV173,test
GOUT000281_EN,SCN000281,NAR000281_EN,en,ANS002638;ANS002639;ANS002640;ANS002641;ANS002642;ANS002643;ANS002644;ANS002645;ANS002646,EVT000281_001;EVT000281_002,"1. Complainant states that on 2026-06-25 at approximately 11:47 hours, an incident of armed robbery occurred at Highway. 2. Property loss reported.","You reported a theft and robbery matter about armed robbery at Highway on 2024-08-14 around 11:47. The record notes danger status as No, threat mentioned as True, injury mentioned as True, and police contact as False.","incident_family=Theft and robbery | issue=Armed robbery | place=Highway, Maharashtra, India | date_time=2024-08-14 11:47 | events=EVT000281_001;EVT000281_002 | property_involved=True | threat_involved=True | injury_involved=True | open_questions=partially_provided: property_type, property_description, ownership_information","To the concerned authority, I wish to report that on 2024-08-14 around 11:47, at Highway, I experienced/reported an incident described as Armed robbery. My account is: Complainant states that on 2026-06-25 at approximately 11:47 hours, an incident of armed robbery occurred at Highway. The perpetrator description matches a male individual height approx 5'8"". Property loss reported. Case registered under relevant sections.. I request that the information be recorded, that appropriate lawful guidance or action be considered, and that I be told if any further documents or details are needed. This draft does not assert guilt, authenticate evidence, or state that an FIR has already been filed.","Case intake: Theft and robbery / Armed robbery; location Highway, Maharashtra; incident date/time 2024-08-14 11:47; danger=No; threat=True; injury=True; property=True; police_contacted=False; legal_help_requested=False; event_ids=EVT000281_001;EVT000281_002; key remaining gaps: partially_provided: property_type, property_description, ownership_information",Carry identity proof if needed; written timeline; location details; screenshots/photos/messages; receipts or documents where applicable; medical records if injury exists; property or account details if relevant; names/contact details of witnesses if safely available; copies of any prior complaint or authority response.,"Case registered under relevant sections; I can show possession through receipts, photos, or property documents","partially_provided: property_type, property_description, ownership_information",No contradiction linked in slot annotations or clarification answers.,"No immediate danger is recorded, but reassess safety before taking action. Prepare property details, location, timing, suspect description if known, and police complaint materials. Police already contacted: False. Legal help requested: False.",LP_CRIME_REPORTING_001;LP_FIR_PROCESS_001;LP_DIGITAL_EVIDENCE_001,0,False,5,4,True,team-reviewed,REV343,test
GOUT000282_EN,SCN000282,NAR000282_EN,en,ANS002647;ANS002648;ANS002649;ANS002650;ANS002651;ANS002652;ANS002653;ANS002654;ANS002655,EVT000282_001;EVT000282_002,1. pls help someone is targeting me with physical altercation right now at the Hostel!! 2. pls help someone is targeting me with physical altercation right now at the Hostel!!,"You reported a assault & threats matter about physical altercation at Hostel on 2024-08-16 around 02:27. The record notes danger status as No, threat mentioned as True, injury mentioned as True, and police contact as True.","incident_family=Assault & Threats | issue=Physical altercation | place=Hostel, Delhi, India | date_time=2024-08-16 02:27 | events=EVT000282_001;EVT000282_002 | property_involved=False | threat_involved=True | injury_involved=True | open_questions=missing: threat_or_attack_description | optional: safe_place_available, medical_help_status","To the concerned authority, I wish to report that on 2024-08-16 around 02:27, at Hostel, I experienced/reported an incident described as Physical altercation. My account is: pls help someone is targeting me with physical altercation right now at the Hostel!! they are threatening to hit me or worse. happened around 02:27. is anyone nearby who can come stay with me? urgent. I request that the information be recorded, that appropriate lawful guidance or action be considered, and that I be told if any further documents or details are needed. This draft does not assert guilt, authenticate evidence, or state that an FIR has already been filed.","Case intake: Assault & Threats / Physical altercation; location Hostel, Delhi; incident date/time 2024-08-16 02:27; danger=No; threat=True; injury=True; property=False; police_contacted=True; legal_help_requested=False; event_ids=EVT000282_001;EVT000282_002; key remaining gaps: missing: threat_or_attack_description | optional: safe_place_available, medical_help_status",Carry identity proof if needed; written timeline; location details; screenshots/photos/messages; receipts or documents where applicable; medical records if injury exists; property or account details if relevant; names/contact details of witnesses if safely available; copies of any prior complaint or authority response.,"No specific evidence item is confirmed; ask user to preserve screenshots, documents, photos, receipts, and messages where available.","missing: threat_or_attack_description | optional: safe_place_available, medical_help_status",No contradiction linked in slot annotations or clarification answers.,"No immediate danger is recorded, but reassess safety before taking action. If threat or injury exists, seek safety and medical support; preserve messages, witness details, and complaint facts. Police already contacted: True. Legal help requested: False.",LP_CRIME_REPORTING_001;LP_EMERGENCY_HELP_001;LP_FIR_PROCESS_001,0,False,5,4,True,team-reviewed,REV645,validation
GOUT000283_EN,SCN000283,NAR000283_EN,en,ANS002656;ANS002657;ANS002658;ANS002659;ANS002660;ANS002661;ANS002662;ANS002663;ANS002664,EVT000283_001;EVT000283_002,"1. On the date of 2026-06-29, a major incidence of armed robbery was executed at the designated bank under complex environmental circumstances. 2. Emergency services were notified subsequently, initiating a localized investigation into the security vulnerabilities of this particular jurisdiction..","You reported a theft and robbery matter about armed robbery at Bank on 2024-08-18 around 17:17. The record notes danger status as No, threat mentioned as True, injury mentioned as True, and police contact as True.","incident_family=Theft and robbery | issue=Armed robbery | place=Bank, Karnataka, India | date_time=2024-08-18 17:17 | events=EVT000283_001;EVT000283_002 | property_involved=True | threat_involved=True | injury_involved=True | open_questions=partially_provided: property_type, property_description | missing: ownership_information","To the concerned authority, I wish to report that on 2024-08-18 around 17:17, at Bank, I experienced/reported an incident described as Armed robbery. My account is: On the date of 2026-06-29, a major incidence of armed robbery was executed at the designated bank under complex environmental circumstances. The perpetrator leveraged the crowded nature of the location to approach undetected, exploiting a momentary lapse in security vigilance. Following the commission of the act, the individual navigated through the exit corridors effectively evading immediate pursuit. Emergency services were notified subsequently, initiating a localized investigation into the security vulnerabilities of this particular jurisdiction.. I request that the information be recorded, that appropriate lawful guidance or action be considered, and that I be told if any further documents or details are needed. This draft does not assert guilt, authenticate evidence, or state that an FIR has already been filed.","Case intake: Theft and robbery / Armed robbery; location Bank, Karnataka; incident date/time 2024-08-18 17:17; danger=No; threat=True; injury=True; property=True; police_contacted=True; legal_help_requested=False; event_ids=EVT000283_001;EVT000283_002; key remaining gaps: partially_provided: property_type, property_description | missing: ownership_information",Carry identity proof if needed; written timeline; location details; screenshots/photos/messages; receipts or documents where applicable; medical records if injury exists; property or account details if relevant; names/contact details of witnesses if safely available; copies of any prior complaint or authority response.,"I can show possession through receipts, photos, or property documents","partially_provided: property_type, property_description | missing: ownership_information",No contradiction linked in slot annotations or clarification answers.,"No immediate danger is recorded, but reassess safety before taking action. Prepare property details, location, timing, suspect description if known, and police complaint materials. Police already contacted: True. Legal help requested: False.",LP_CRIME_REPORTING_001;LP_FIR_PROCESS_001;LP_DIGITAL_EVIDENCE_001,0,False,5,4,True,team-reviewed,REV577,validation
GOUT000284_EN,SCN000284,NAR000284_EN,en,ANS002665;ANS002666;ANS002667;ANS002668;ANS002669;ANS002670;ANS002671;ANS002672;ANS002673;ANS002674;ANS002675;ANS002676,EVT000284_001;EVT000284_002,"1. Dear Revenue Officer / Police Commissioner, I am writing to register an urgent complaint regarding a critical instance of illegal property possession affecting my Shop. 2. Dear Revenue Officer / Police Commissioner, I am writing to register an urgent complaint regarding a critical instance of illegal property possession affecting my Shop.","You reported a property disputes matter about illegal property possession at Shop on 2024-08-21 around 15:33. The record notes danger status as No, threat mentioned as True, injury mentioned as False, and police contact as True.","incident_family=Property Disputes | issue=Illegal property possession | place=Shop, West Bengal, India | date_time=2024-08-21 15:33 | events=EVT000284_001;EVT000284_002 | property_involved=True | threat_involved=True | injury_involved=False | open_questions=partially_provided: property_type, current_possession | missing: ownership_documents | optional: opposing_party_identity","To the concerned authority, I wish to report that on 2024-08-21 around 15:33, at Shop, I experienced/reported an incident described as Illegal property possession. My account is: Dear Revenue Officer / Police Commissioner, I am writing to register an urgent complaint regarding a critical instance of illegal property possession affecting my Shop. The unlawful activity intensified on 2026-06-22 at 15:33 hours, causing direct infringement on my registered property rights.. I request that the information be recorded, that appropriate lawful guidance or action be considered, and that I be told if any further documents or details are needed. This draft does not assert guilt, authenticate evidence, or state that an FIR has already been filed.","Case intake: Property Disputes / Illegal property possession; location Shop, West Bengal; incident date/time 2024-08-21 15:33; danger=No; threat=True; injury=False; property=True; police_contacted=True; legal_help_requested=True; event_ids=EVT000284_001;EVT000284_002; key remaining gaps: partially_provided: property_type, current_possession | missing: ownership_documents | optional: opposing_party_identity",Carry identity proof if needed; written timeline; location details; screenshots/photos/messages; receipts or documents where applicable; medical records if injury exists; property or account details if relevant; names/contact details of witnesses if safely available; copies of any prior complaint or authority response.,"I can show possession through receipts, photos, or property documents","partially_provided: property_type, current_possession | missing: ownership_documents | optional: opposing_party_identity",No contradiction linked in slot annotations or clarification answers.,"No immediate danger is recorded, but reassess safety before taking action. Collect ownership/possession documents, photos of the site, opposing-party details, and avoid confrontation. Police already contacted: True. Legal help requested: True.",LP_PROPERTY_DISPUTE_001;LP_CRIME_REPORTING_001;LP_DIGITAL_EVIDENCE_001,0,False,5,4,True,team-reviewed,REV268,validation
GOUT000285_EN,SCN000285,NAR000285_EN,en,ANS002677;ANS002678;ANS002679;ANS002680;ANS002681;ANS002682;ANS002683;ANS002684;ANS002685;ANS002686;ANS002687;ANS002688,EVT000285_001;EVT000285_002,"1. So I went down to the mobile app around 02:11 to check my balance, and I realized I was a victim of a massive loan approval scam. 2. So I went down to the mobile app around 02:11 to check my balance, and I realized I was a victim of a massive loan approval scam.","You reported a financial fraud matter about loan approval scam at Mobile app on 2024-08-24 around 02:11. The record notes danger status as No, threat mentioned as False, injury mentioned as False, and police contact as False.","incident_family=Financial Fraud | issue=Loan approval scam | place=Mobile app, Uttar Pradesh, India | date_time=2024-08-24 02:11 | events=EVT000285_001;EVT000285_002 | property_involved=True | threat_involved=False | injury_involved=False | open_questions=optional: bank_or_wallet, transaction_identifier, documents_or_audit_trail, institution_notified","To the concerned authority, I wish to report that on 2024-08-24 around 02:11, at Mobile app, I experienced/reported an incident described as Loan approval scam. My account is: So I went down to the mobile app around 02:11 to check my balance, and I realized I was a victim of a massive loan approval scam. They completely forged my details and cleared out the pending funds out of nowhere. I don't even know how I'm going to manage this month's expenses.. I request that the information be recorded, that appropriate lawful guidance or action be considered, and that I be told if any further documents or details are needed. This draft does not assert guilt, authenticate evidence, or state that an FIR has already been filed.","Case intake: Financial Fraud / Loan approval scam; location Mobile app, Uttar Pradesh; incident date/time 2024-08-24 02:11; danger=No; threat=False; injury=False; property=True; police_contacted=False; legal_help_requested=False; event_ids=EVT000285_001;EVT000285_002; key remaining gaps: optional: bank_or_wallet, transaction_identifier, documents_or_audit_trail, institution_notified",Carry identity proof if needed; written timeline; location details; screenshots/photos/messages; receipts or documents where applicable; medical records if injury exists; property or account details if relevant; names/contact details of witnesses if safely available; copies of any prior complaint or authority response.,"I can provide more details, but I need to check the exact information","optional: bank_or_wallet, transaction_identifier, documents_or_audit_trail, institution_notified",No contradiction linked in slot annotations or clarification answers.,"No immediate danger is recorded, but reassess safety before taking action. Notify the financial institution quickly, preserve transaction records, and consider police/cyber reporting depending on facts. Police already contacted: False. Legal help requested: False.",LP_FINANCIAL_CYBER_FRAUD_001;LP_CYBER_REPORTING_001;LP_DIGITAL_EVIDENCE_001,0,False,5,4,True,team-reviewed,REV496,test
GOUT000286_EN,SCN000286,NAR000286_EN,en,ANS002689;ANS002690;ANS002691;ANS002692;ANS002693;ANS002694;ANS002695;ANS002696;ANS002697;ANS002698;ANS002699;ANS002700,EVT000286_001;EVT000286_002,"1. On the afternoon of 2026-07-11, a long-standing land friction culminated in an explicit case of land encroachment at the designated house around 17:05 hours. 2. On the afternoon of 2026-07-11, a long-standing land friction culminated in an explicit case of land encroachment at the designated house around 17:05 hours.","You reported a property disputes matter about land encroachment at House on 2024-08-30 around 17:05. The record notes danger status as No, threat mentioned as True, injury mentioned as False, and police contact as True.","incident_family=Property Disputes | issue=Land encroachment | place=House, Delhi, India | date_time=2024-08-30 17:05 | events=EVT000286_001;EVT000286_002 | property_involved=True | threat_involved=True | injury_involved=False | open_questions=partially_provided: property_type, ownership_documents, current_possession | optional: damage_or_alteration","To the concerned authority, I wish to report that on 2024-08-30 around 17:05, at House, I experienced/reported an incident described as Land encroachment. My account is: On the afternoon of 2026-07-11, a long-standing land friction culminated in an explicit case of land encroachment at the designated house around 17:05 hours. The incident involved rival claimants attempting physical occupation or structural modification without valid legal injunctions. Local law enforcement intervened to mandate a status quo until the appropriate regional civil courts review the structural registration parameters and revenue maps under the state jurisdiction.. I request that the information be recorded, that appropriate lawful guidance or action be considered, and that I be told if any further documents or details are needed. This draft does not assert guilt, authenticate evidence, or state that an FIR has already been filed.","Case intake: Property Disputes / Land encroachment; location House, Delhi; incident date/time 2024-08-30 17:05; danger=No; threat=True; injury=False; property=True; police_contacted=True; legal_help_requested=True; event_ids=EVT000286_001;EVT000286_002; key remaining gaps: partially_provided: property_type, ownership_documents, current_possession | optional: damage_or_alteration",Carry identity proof if needed; written timeline; location details; screenshots/photos/messages; receipts or documents where applicable; medical records if injury exists; property or account details if relevant; names/contact details of witnesses if safely available; copies of any prior complaint or authority response.,"On the afternoon of 2026-07-11, a long-standing land friction culminated in an explicit case of land encroachment at the designated house around 17:05 hours; I can show possession through receipts, photos, or property documents","partially_provided: property_type, ownership_documents, current_possession | optional: damage_or_alteration",No contradiction linked in slot annotations or clarification answers.,"No immediate danger is recorded, but reassess safety before taking action. Collect ownership/possession documents, photos of the site, opposing-party details, and avoid confrontation. Police already contacted: True. Legal help requested: True.",LP_PROPERTY_DISPUTE_001;LP_CRIME_REPORTING_001;LP_DIGITAL_EVIDENCE_001,0,False,5,4,True,team-reviewed,REV454,test
GOUT000287_EN,SCN000287,NAR000287_EN,en,ANS002701;ANS002702;ANS002703;ANS002704;ANS002705;ANS002706;ANS002707;ANS002708;ANS002709;ANS002710;ANS002711;ANS002712;ANS002713;ANS002714;ANS002715,EVT000287_001;EVT000287_002,1. A family civil dispute categorized as restitution of conjugal rights manifested within a private residence at 18:15. 2. A family civil dispute categorized as restitution of conjugal rights manifested within a private residence at 18:15.,"You reported a family law matter about restitution of conjugal rights at House on 2024-08-31 around 18:15. The record notes danger status as No, threat mentioned as False, injury mentioned as False, and police contact as False.","incident_family=Family Law | issue=Restitution of conjugal rights | place=House, Delhi, India | date_time=2024-08-31 18:15 | events=EVT000287_001;EVT000287_002 | property_involved=True | threat_involved=False | injury_involved=False | open_questions=optional: case_or_order_status, financial_support_issue, urgent_motion_needed, supporting_documents | missing: violence_or_safety_concern","To the concerned authority, I wish to report that on 2024-08-31 around 18:15, at House, I experienced/reported an incident described as Restitution of conjugal rights. My account is: A family civil dispute categorized as restitution of conjugal rights manifested within a private residence at 18:15. The incident centers around contested guardianship or maintenance rights, necessitating institutional mediation under family law statues.. I request that the information be recorded, that appropriate lawful guidance or action be considered, and that I be told if any further documents or details are needed. This draft does not assert guilt, authenticate evidence, or state that an FIR has already been filed.","Case intake: Family Law / Restitution of conjugal rights; location House, Delhi; incident date/time 2024-08-31 18:15; danger=No; threat=False; injury=False; property=True; police_contacted=False; legal_help_requested=True; event_ids=EVT000287_001;EVT000287_002; key remaining gaps: optional: case_or_order_status, financial_support_issue, urgent_motion_needed, supporting_documents | missing: violence_or_safety_concern",Carry identity proof if needed; written timeline; location details; screenshots/photos/messages; receipts or documents where applicable; medical records if injury exists; property or account details if relevant; names/contact details of witnesses if safely available; copies of any prior complaint or authority response.,"I can provide more details, but I need to check the exact information","optional: case_or_order_status, financial_support_issue, urgent_motion_needed, supporting_documents | missing: violence_or_safety_concern",No contradiction linked in slot annotations or clarification answers.,"No immediate danger is recorded, but reassess safety before taking action. Collect existing orders, communication records, child/dependent details, and consider family-court or legal-aid consultation. Police already contacted: False. Legal help requested: True.",LP_FAMILY_COURT_001;LP_CHILD_CUSTODY_001;LP_LEGAL_AID_001,0,False,5,4,True,team-reviewed,REV767,test
GOUT000288_EN,SCN000288,NAR000288_EN,en,ANS002716;ANS002717;ANS002718;ANS002719;ANS002720;ANS002721;ANS002722;ANS002723;ANS002724;ANS002725;ANS002726;ANS002727;ANS002728;ANS002729;ANS002730,EVT000288_001;EVT000288_002,"1. Dear Protection Officer, I am writing to formally report an escalating pattern of domestic violence, specifically emotional and verbal abuse, at my residence. 2. Dear Protection Officer, I am writing to formally report an escalating pattern of domestic violence, specifically emotional and verbal abuse, at my residence.","You reported a domestic violence matter about emotional and verbal abuse at House on 2024-09-01 around 03:01. The record notes danger status as No, threat mentioned as True, injury mentioned as False, and police contact as False.","incident_family=Domestic Violence | issue=Emotional and verbal abuse | place=House, Uttar Pradesh, India | date_time=2024-09-01 03:01 | events=EVT000288_001;EVT000288_002 | property_involved=True | threat_involved=True | injury_involved=False | open_questions=partially_provided: relationship_to_offender, current_shelter_safety | optional: children_or_dependents, evidence_available | missing: injury_or_medical_need","To the concerned authority, I wish to report that on 2024-09-01 around 03:01, at House, I experienced/reported an incident described as Emotional and verbal abuse. My account is: Dear Protection Officer, I am writing to formally report an escalating pattern of domestic violence, specifically emotional and verbal abuse, at my residence. The latest major confrontation took place on 2026-06-25 around 03:01. I urgently request legal assistance and protective measures.. I request that the information be recorded, that appropriate lawful guidance or action be considered, and that I be told if any further documents or details are needed. This draft does not assert guilt, authenticate evidence, or state that an FIR has already been filed.","Case intake: Domestic Violence / Emotional and verbal abuse; location House, Uttar Pradesh; incident date/time 2024-09-01 03:01; danger=No; threat=True; injury=False; property=True; police_contacted=False; legal_help_requested=True; event_ids=EVT000288_001;EVT000288_002; key remaining gaps: partially_provided: relationship_to_offender, current_shelter_safety | optional: children_or_dependents, evidence_available | missing: injury_or_medical_need",Carry identity proof if needed; written timeline; location details; screenshots/photos/messages; receipts or documents where applicable; medical records if injury exists; property or account details if relevant; names/contact details of witnesses if safely available; copies of any prior complaint or authority response.,I have photos and messages related to the incident,"partially_provided: relationship_to_offender, current_shelter_safety | optional: children_or_dependents, evidence_available | missing: injury_or_medical_need",No contradiction linked in slot annotations or clarification answers.,"No immediate danger is recorded, but reassess safety before taking action. Prioritise safety planning, trusted support, medical documentation if needed, and legal-aid/protection options. Police already contacted: False. Legal help requested: True.",LP_DOMESTIC_VIOLENCE_001;LP_EMERGENCY_HELP_001;LP_LEGAL_AID_001,0,False,5,4,True,team-reviewed,REV175,validation
GOUT000289_EN,SCN000289,NAR000289_EN,en,ANS002731;ANS002732;ANS002733;ANS002734;ANS002735;ANS002736;ANS002737;ANS002738;ANS002739;ANS002740;ANS002741;ANS002742;ANS002743;ANS002744;ANS002745,EVT000289_001;EVT000289_002,1. An incident involving sudden verbal intimidation broke out at the shop around 10:03. 2. An incident involving sudden verbal intimidation broke out at the shop around 10:03.,"You reported a assault & threats matter about verbal intimidation at Shop on 2024-09-03 around 10:03. The record notes danger status as No, threat mentioned as True, injury mentioned as False, and police contact as False.","incident_family=Assault & Threats | issue=Verbal intimidation | place=Shop, Delhi, India | date_time=2024-09-03 10:03 | events=EVT000289_001;EVT000289_002 | property_involved=False | threat_involved=True | injury_involved=False | open_questions=missing: threat_or_attack_description, injury_details | optional: alleged_offender_identity, safe_place_available, medical_help_status","To the concerned authority, I wish to report that on 2024-09-03 around 10:03, at Shop, I experienced/reported an incident described as Verbal intimidation. My account is: An incident involving sudden verbal intimidation broke out at the shop around 10:03. The aggressor initiated intense physical or verbal hostility against the victim, forcing bystanders to intervene to prevent further escalation.. I request that the information be recorded, that appropriate lawful guidance or action be considered, and that I be told if any further documents or details are needed. This draft does not assert guilt, authenticate evidence, or state that an FIR has already been filed.","Case intake: Assault & Threats / Verbal intimidation; location Shop, Delhi; incident date/time 2024-09-03 10:03; danger=No; threat=True; injury=False; property=False; police_contacted=False; legal_help_requested=False; event_ids=EVT000289_001;EVT000289_002; key remaining gaps: missing: threat_or_attack_description, injury_details | optional: alleged_offender_identity, safe_place_available, medical_help_status",Carry identity proof if needed; written timeline; location details; screenshots/photos/messages; receipts or documents where applicable; medical records if injury exists; property or account details if relevant; names/contact details of witnesses if safely available; copies of any prior complaint or authority response.,"No specific evidence item is confirmed; ask user to preserve screenshots, documents, photos, receipts, and messages where available.","missing: threat_or_attack_description, injury_details | optional: alleged_offender_identity, safe_place_available, medical_help_status",No contradiction linked in slot annotations or clarification answers.,"No immediate danger is recorded, but reassess safety before taking action. If threat or injury exists, seek safety and medical support; preserve messages, witness details, and complaint facts. Police already contacted: False. Legal help requested: False.",LP_CRIME_REPORTING_001;LP_EMERGENCY_HELP_001;LP_FIR_PROCESS_001,0,False,5,4,True,team-reviewed,REV517,Train
GOUT000290_EN,SCN000290,NAR000290_EN,en,ANS002746;ANS002747;ANS002748;ANS002749;ANS002750;ANS002751;ANS002752;ANS002753;ANS002754;ANS002755;ANS002756;ANS002757,EVT000290_001;EVT000290_002,"1. Dear Revenue Officer / Police Commissioner, I am writing to register an urgent complaint regarding a critical instance of land encroachment affecting my House. 2. Dear Revenue Officer / Police Commissioner, I am writing to register an urgent complaint regarding a critical instance of land encroachment affecting my House.","You reported a property disputes matter about land encroachment at House on 2024-09-04 around 04:58. The record notes danger status as No, threat mentioned as False, injury mentioned as False, and police contact as False.","incident_family=Property Disputes | issue=Land encroachment | place=House, Uttar Pradesh, India | date_time=2024-09-04 04:58 | events=EVT000290_001;EVT000290_002 | property_involved=True | threat_involved=False | injury_involved=False | open_questions=partially_provided: property_type | missing: ownership_documents, current_possession | optional: opposing_party_identity","To the concerned authority, I wish to report that on 2024-09-04 around 04:58, at House, I experienced/reported an incident described as Land encroachment. My account is: Dear Revenue Officer / Police Commissioner, I am writing to register an urgent complaint regarding a critical instance of land encroachment affecting my House. The unlawful activity intensified on 2026-06-21 at 04:58 hours, causing direct infringement on my registered property rights.. I request that the information be recorded, that appropriate lawful guidance or action be considered, and that I be told if any further documents or details are needed. This draft does not assert guilt, authenticate evidence, or state that an FIR has already been filed.","Case intake: Property Disputes / Land encroachment; location House, Uttar Pradesh; incident date/time 2024-09-04 04:58; danger=No; threat=False; injury=False; property=True; police_contacted=False; legal_help_requested=True; event_ids=EVT000290_001;EVT000290_002; key remaining gaps: partially_provided: property_type | missing: ownership_documents, current_possession | optional: opposing_party_identity",Carry identity proof if needed; written timeline; location details; screenshots/photos/messages; receipts or documents where applicable; medical records if injury exists; property or account details if relevant; names/contact details of witnesses if safely available; copies of any prior complaint or authority response.,"I can show possession through receipts, photos, or property documents","partially_provided: property_type | missing: ownership_documents, current_possession | optional: opposing_party_identity",No contradiction linked in slot annotations or clarification answers.,"No immediate danger is recorded, but reassess safety before taking action. Collect ownership/possession documents, photos of the site, opposing-party details, and avoid confrontation. Police already contacted: False. Legal help requested: True.",LP_PROPERTY_DISPUTE_001;LP_CRIME_REPORTING_001;LP_DIGITAL_EVIDENCE_001,0,False,5,4,True,team-reviewed,REV943,validation
GOUT000291_EN,SCN000291,NAR000291_EN,en,ANS002758;ANS002759;ANS002760;ANS002761;ANS002762;ANS002763,EVT000291_001;EVT000291_002,"1. The context of the dispute was clearly a severe case of safe working conditions violation, with the supervisor dismissing the employee's legitimate safety or financial claims arbitrarily.. 2. The observer witnessed an intense disagreement between the management and an employee inside the construction site around 11:22.","You reported a employment/labour matter about safe working conditions violation at Construction site on 2024-09-05 around 11:22. The record notes danger status as No, threat mentioned as False, injury mentioned as False, and police contact as False.","incident_family=Employment/Labour | issue=Safe working conditions violation | place=Construction site, Maharashtra, India | date_time=2024-09-05 11:22 | events=EVT000291_001;EVT000291_002 | property_involved=False | threat_involved=False | injury_involved=False | open_questions=optional: employment_documents, wage_or_benefit_amount","To the concerned authority, I wish to report that on 2024-09-05 around 11:22, at Construction site, I experienced/reported an incident described as Safe working conditions violation. My account is: The observer witnessed an intense disagreement between the management and an employee inside the construction site around 11:22. The context of the dispute was clearly a severe case of safe working conditions violation, with the supervisor dismissing the employee's legitimate safety or financial claims arbitrarily.. I request that the information be recorded, that appropriate lawful guidance or action be considered, and that I be told if any further documents or details are needed. This draft does not assert guilt, authenticate evidence, or state that an FIR has already been filed.","Case intake: Employment/Labour / Safe working conditions violation; location Construction site, Maharashtra; incident date/time 2024-09-05 11:22; danger=No; threat=False; injury=False; property=False; police_contacted=False; legal_help_requested=True; event_ids=EVT000291_001;EVT000291_002; key remaining gaps: optional: employment_documents, wage_or_benefit_amount",Carry identity proof if needed; written timeline; location details; screenshots/photos/messages; receipts or documents where applicable; medical records if injury exists; property or account details if relevant; names/contact details of witnesses if safely available; copies of any prior complaint or authority response.,"I have some emails and employment records, but not every document","optional: employment_documents, wage_or_benefit_amount",No contradiction linked in slot annotations or clarification answers.,"No immediate danger is recorded, but reassess safety before taking action. Collect employment documents, payslips, emails, HR communication, and wage/termination details. Police already contacted: False. Legal help requested: True.",LP_LABOUR_COMPLAINT_001;LP_WAGE_CLAIM_001;LP_LEGAL_AID_001,0,False,5,4,True,team-reviewed,REV391,validation
GOUT000292_EN,SCN000292,NAR000292_EN,en,ANS002764;ANS002765;ANS002766;ANS002767;ANS002768;ANS002769;ANS002770;ANS002771;ANS002772;ANS002773;ANS002774;ANS002775;ANS002776;ANS002777;ANS002778;ANS002779;ANS002780;ANS002781,EVT000292_001;EVT000292_002,"1. Then it escalated into a complete domestic dispute and they said they'd hurt me if they saw me again. 2. I was just minding my own business at the house around 18:35, when this aggressive person started shouting at me out of nowhere.","You reported a assault & threats matter about domestic dispute at House on 2024-09-05 around 18:35. The record notes danger status as No, threat mentioned as True, injury mentioned as False, and police contact as False.","incident_family=Assault & Threats | issue=Domestic dispute | place=House, West Bengal, India | date_time=2024-09-05 18:35 | events=EVT000292_001;EVT000292_002 | property_involved=False | threat_involved=True | injury_involved=False | open_questions=missing: threat_or_attack_description, injury_details | optional: alleged_offender_identity, witness_available, safe_place_available, medical_help_status","To the concerned authority, I wish to report that on 2024-09-05 around 18:35, at House, I experienced/reported an incident described as Domestic dispute. My account is: I was just minding my own business at the house around 18:35, when this aggressive person started shouting at me out of nowhere. Then it escalated into a complete domestic dispute and they said they'd hurt me if they saw me again. Genuinely terrified.. I request that the information be recorded, that appropriate lawful guidance or action be considered, and that I be told if any further documents or details are needed. This draft does not assert guilt, authenticate evidence, or state that an FIR has already been filed.","Case intake: Assault & Threats / Domestic dispute; location House, West Bengal; incident date/time 2024-09-05 18:35; danger=No; threat=True; injury=False; property=False; police_contacted=False; legal_help_requested=False; event_ids=EVT000292_001;EVT000292_002; key remaining gaps: missing: threat_or_attack_description, injury_details | optional: alleged_offender_identity, witness_available, safe_place_available, medical_help_status",Carry identity proof if needed; written timeline; location details; screenshots/photos/messages; receipts or documents where applicable; medical records if injury exists; property or account details if relevant; names/contact details of witnesses if safely available; copies of any prior complaint or authority response.,"No specific evidence item is confirmed; ask user to preserve screenshots, documents, photos, receipts, and messages where available.","missing: threat_or_attack_description, injury_details | optional: alleged_offender_identity, witness_available, safe_place_available, medical_help_status",No contradiction linked in slot annotations or clarification answers.,"No immediate danger is recorded, but reassess safety before taking action. If threat or injury exists, seek safety and medical support; preserve messages, witness details, and complaint facts. Police already contacted: False. Legal help requested: False.",LP_CRIME_REPORTING_001;LP_EMERGENCY_HELP_001;LP_FIR_PROCESS_001,0,False,5,4,True,team-reviewed,REV948,test
GOUT000293_EN,SCN000293,NAR000293_EN,en,ANS002782;ANS002783;ANS002784;ANS002785;ANS002786;ANS002787;ANS002788;ANS002789;ANS002790;ANS002791;ANS002792;ANS002793;ANS002794;ANS002795;ANS002796;ANS002797;ANS002798;ANS002799,EVT000293_001;EVT000293_002,1. Things escalated so quickly and it turned into full-blown economic deprivation. 2. It happened again at home around 21:24.,"You reported a domestic violence matter about economic deprivation at Apartment on 2024-09-08 around 21:24. The record notes danger status as No, threat mentioned as True, injury mentioned as False, and police contact as True.","incident_family=Domestic Violence | issue=Economic deprivation | place=Apartment, Maharashtra, India | date_time=2024-09-08 21:24 | events=EVT000293_001;EVT000293_002 | property_involved=True | threat_involved=True | injury_involved=False | open_questions=missing: relationship_to_offender, injury_or_medical_need | partially_provided: current_shelter_safety | optional: children_or_dependents, evidence_available, support_person_contact","To the concerned authority, I wish to report that on 2024-09-08 around 21:24, at Apartment, I experienced/reported an incident described as Economic deprivation. My account is: It happened again at home around 21:24. Things escalated so quickly and it turned into full-blown economic deprivation. I was locked inside the room and couldn't even reach out to anyone until now. I honestly don't know what to do anymore, I am so scared.. I request that the information be recorded, that appropriate lawful guidance or action be considered, and that I be told if any further documents or details are needed. This draft does not assert guilt, authenticate evidence, or state that an FIR has already been filed.","Case intake: Domestic Violence / Economic deprivation; location Apartment, Maharashtra; incident date/time 2024-09-08 21:24; danger=No; threat=True; injury=False; property=True; police_contacted=True; legal_help_requested=True; event_ids=EVT000293_001;EVT000293_002; key remaining gaps: missing: relationship_to_offender, injury_or_medical_need | partially_provided: current_shelter_safety | optional: children_or_dependents, evidence_available, support_person_contact",Carry identity proof if needed; written timeline; location details; screenshots/photos/messages; receipts or documents where applicable; medical records if injury exists; property or account details if relevant; names/contact details of witnesses if safely available; copies of any prior complaint or authority response.,I have photos and messages related to the incident,"missing: relationship_to_offender, injury_or_medical_need | partially_provided: current_shelter_safety | optional: children_or_dependents, evidence_available, support_person_contact",No contradiction linked in slot annotations or clarification answers.,"No immediate danger is recorded, but reassess safety before taking action. Prioritise safety planning, trusted support, medical documentation if needed, and legal-aid/protection options. Police already contacted: True. Legal help requested: True.",LP_DOMESTIC_VIOLENCE_001;LP_EMERGENCY_HELP_001;LP_LEGAL_AID_001,0,False,5,4,True,team-reviewed,REV988,Train
GOUT000294_EN,SCN000294,NAR000294_EN,en,ANS002800;ANS002801;ANS002802;ANS002803;ANS002804;ANS002805;ANS002806;ANS002807;ANS002808;ANS002809;ANS002810;ANS002811;ANS002812;ANS002813;ANS002814,EVT000294_001;EVT000294_002,"1. The confrontation quickly turned into a verbal intimidation, with one individual visibly projecting physical intimidation towards the other party before crowds gathered to separate them.. 2. The bystander reported observing a heated argument developing near the shop around 19:11.","You reported a assault & threats matter about verbal intimidation at Shop on 2024-09-10 around 19:11. The record notes danger status as No, threat mentioned as True, injury mentioned as False, and police contact as False.","incident_family=Assault & Threats | issue=Verbal intimidation | place=Shop, Maharashtra, India | date_time=2024-09-10 19:11 | events=EVT000294_001;EVT000294_002 | property_involved=False | threat_involved=True | injury_involved=False | open_questions=missing: threat_or_attack_description, injury_details | optional: alleged_offender_identity, safe_place_available, medical_help_status","To the concerned authority, I wish to report that on 2024-09-10 around 19:11, at Shop, I experienced/reported an incident described as Verbal intimidation. My account is: The bystander reported observing a heated argument developing near the shop around 19:11. The confrontation quickly turned into a verbal intimidation, with one individual visibly projecting physical intimidation towards the other party before crowds gathered to separate them.. I request that the information be recorded, that appropriate lawful guidance or action be considered, and that I be told if any further documents or details are needed. This draft does not assert guilt, authenticate evidence, or state that an FIR has already been filed.","Case intake: Assault & Threats / Verbal intimidation; location Shop, Maharashtra; incident date/time 2024-09-10 19:11; danger=No; threat=True; injury=False; property=False; police_contacted=False; legal_help_requested=False; event_ids=EVT000294_001;EVT000294_002; key remaining gaps: missing: threat_or_attack_description, injury_details | optional: alleged_offender_identity, safe_place_available, medical_help_status",Carry identity proof if needed; written timeline; location details; screenshots/photos/messages; receipts or documents where applicable; medical records if injury exists; property or account details if relevant; names/contact details of witnesses if safely available; copies of any prior complaint or authority response.,"No specific evidence item is confirmed; ask user to preserve screenshots, documents, photos, receipts, and messages where available.","missing: threat_or_attack_description, injury_details | optional: alleged_offender_identity, safe_place_available, medical_help_status",No contradiction linked in slot annotations or clarification answers.,"No immediate danger is recorded, but reassess safety before taking action. If threat or injury exists, seek safety and medical support; preserve messages, witness details, and complaint facts. Police already contacted: False. Legal help requested: False.",LP_CRIME_REPORTING_001;LP_EMERGENCY_HELP_001;LP_FIR_PROCESS_001,0,False,5,4,True,team-reviewed,REV904,Train
GOUT000295_EN,SCN000295,NAR000295_EN,en,ANS002815;ANS002816;ANS002817;ANS002818;ANS002819;ANS002820;ANS002821;ANS002822;ANS002823;ANS002824;ANS002825;ANS002826;ANS002827;ANS002828;ANS002829,EVT000295_001;EVT000295_002,"1. The system administrator observed anomalous traffic originating from unauthorized servers around 07:29, confirming a systemwide cyberstalking. 2. The system administrator observed anomalous traffic originating from unauthorized servers around 07:29, confirming a systemwide cyberstalking.","You reported a cybercrime matter about cyberstalking at Online platform on 2024-09-11 around 07:29. The record notes danger status as No, threat mentioned as True, injury mentioned as False, and police contact as False.","incident_family=Cybercrime | issue=Cyberstalking | place=Online platform, Delhi, India | date_time=2024-09-11 07:29 | events=EVT000295_001;EVT000295_002 | property_involved=False | threat_involved=True | injury_involved=False | open_questions=optional: financial_loss, digital_evidence, suspect_or_sender_identity, security_steps_taken | partially_provided: ongoing_access_risk","To the concerned authority, I wish to report that on 2024-09-11 around 07:29, at Online platform, I experienced/reported an incident described as Cyberstalking. My account is: The system administrator observed anomalous traffic originating from unauthorized servers around 07:29, confirming a systemwide cyberstalking. The victim was actively manipulated into bypassing authentication protocols on the Online platform platform.. I request that the information be recorded, that appropriate lawful guidance or action be considered, and that I be told if any further documents or details are needed. This draft does not assert guilt, authenticate evidence, or state that an FIR has already been filed.","Case intake: Cybercrime / Cyberstalking; location Online platform, Delhi; incident date/time 2024-09-11 07:29; danger=No; threat=True; injury=False; property=False; police_contacted=False; legal_help_requested=False; event_ids=EVT000295_001;EVT000295_002; key remaining gaps: optional: financial_loss, digital_evidence, suspect_or_sender_identity, security_steps_taken | partially_provided: ongoing_access_risk",Carry identity proof if needed; written timeline; location details; screenshots/photos/messages; receipts or documents where applicable; medical records if injury exists; property or account details if relevant; names/contact details of witnesses if safely available; copies of any prior complaint or authority response.,"Screenshots, suspicious link, login alert, and transaction message are available","optional: financial_loss, digital_evidence, suspect_or_sender_identity, security_steps_taken | partially_provided: ongoing_access_risk",No contradiction linked in slot annotations or clarification answers.,"No immediate danger is recorded, but reassess safety before taking action. Preserve digital evidence, secure accounts, notify bank/platform if relevant, and use cyber reporting channels. Police already contacted: False. Legal help requested: False.",LP_CYBER_REPORTING_001;LP_ACCOUNT_SECURITY_001;LP_DIGITAL_EVIDENCE_001;LP_FINANCIAL_CYBER_FRAUD_001,0,False,5,4,True,team-reviewed,REV489,Train
GOUT000296_EN,SCN000296,NAR000296_EN,en,ANS002830;ANS002831;ANS002832;ANS002833;ANS002834;ANS002835;ANS002836;ANS002837;ANS002838;ANS002839;ANS002840;ANS002841;ANS002842;ANS002843;ANS002844;ANS002845;ANS002846;ANS002847,EVT000296_001;EVT000296_002,"1. Upon investigating, it appeared to be a severe case of economic deprivation transpiring within the household, prompting the neighbor to intervene and call for assistance.. 2. The neighbor reported hearing intense shouting and objects breaking from the adjacent apartment around 01:32.","You reported a domestic violence matter about economic deprivation at Apartment on 2024-09-14 around 01:32. The record notes danger status as No, threat mentioned as True, injury mentioned as False, and police contact as False.","incident_family=Domestic Violence | issue=Economic deprivation | place=Apartment, Gujarat, India | date_time=2024-09-14 01:32 | events=EVT000296_001;EVT000296_002 | property_involved=True | threat_involved=True | injury_involved=False | open_questions=missing: relationship_to_offender, injury_or_medical_need | partially_provided: current_shelter_safety | optional: children_or_dependents, prior_incident_pattern, evidence_available","To the concerned authority, I wish to report that on 2024-09-14 around 01:32, at Apartment, I experienced/reported an incident described as Economic deprivation. My account is: The neighbor reported hearing intense shouting and objects breaking from the adjacent apartment around 01:32. Upon investigating, it appeared to be a severe case of economic deprivation transpiring within the household, prompting the neighbor to intervene and call for assistance.. I request that the information be recorded, that appropriate lawful guidance or action be considered, and that I be told if any further documents or details are needed. This draft does not assert guilt, authenticate evidence, or state that an FIR has already been filed.","Case intake: Domestic Violence / Economic deprivation; location Apartment, Gujarat; incident date/time 2024-09-14 01:32; danger=No; threat=True; injury=False; property=True; police_contacted=False; legal_help_requested=True; event_ids=EVT000296_001;EVT000296_002; key remaining gaps: missing: relationship_to_offender, injury_or_medical_need | partially_provided: current_shelter_safety | optional: children_or_dependents, prior_incident_pattern, evidence_available",Carry identity proof if needed; written timeline; location details; screenshots/photos/messages; receipts or documents where applicable; medical records if injury exists; property or account details if relevant; names/contact details of witnesses if safely available; copies of any prior complaint or authority response.,I have photos and messages related to the incident,"missing: relationship_to_offender, injury_or_medical_need | partially_provided: current_shelter_safety | optional: children_or_dependents, prior_incident_pattern, evidence_available",No contradiction linked in slot annotations or clarification answers.,"No immediate danger is recorded, but reassess safety before taking action. Prioritise safety planning, trusted support, medical documentation if needed, and legal-aid/protection options. Police already contacted: False. Legal help requested: True.",LP_DOMESTIC_VIOLENCE_001;LP_EMERGENCY_HELP_001;LP_LEGAL_AID_001,0,False,5,4,True,team-reviewed,REV445,validation
GOUT000297_EN,SCN000297,NAR000297_EN,en,ANS002848;ANS002849;ANS002850,EVT000297_001;EVT000297_002,"1. On 2026-07-16 at approximately 16:11 hours, a vehicular incident classified as hit and run collision occurred on the designated road. 2. Case logged under regional motor vehicle acts..","You reported a traffic & road incidents matter about hit and run collision at Road on 2024-09-21 around 16:11. The record notes danger status as No, threat mentioned as False, injury mentioned as True, and police contact as True.","incident_family=Traffic & Road Incidents | issue=Hit and run collision | place=Road, Delhi, India | date_time=2024-09-21 16:11 | events=EVT000297_001;EVT000297_002 | property_involved=True | threat_involved=False | injury_involved=True | open_questions=partially_provided: vehicle_details","To the concerned authority, I wish to report that on 2024-09-21 around 16:11, at Road, I experienced/reported an incident described as Hit and run collision. My account is: On 2026-07-16 at approximately 16:11 hours, a vehicular incident classified as hit and run collision occurred on the designated road. The offending vehicle failed to yield, causing impact and substantial structural damage. Case logged under regional motor vehicle acts.. I request that the information be recorded, that appropriate lawful guidance or action be considered, and that I be told if any further documents or details are needed. This draft does not assert guilt, authenticate evidence, or state that an FIR has already been filed.","Case intake: Traffic & Road Incidents / Hit and run collision; location Road, Delhi; incident date/time 2024-09-21 16:11; danger=No; threat=False; injury=True; property=True; police_contacted=True; legal_help_requested=True; event_ids=EVT000297_001;EVT000297_002; key remaining gaps: partially_provided: vehicle_details",Carry identity proof if needed; written timeline; location details; screenshots/photos/messages; receipts or documents where applicable; medical records if injury exists; property or account details if relevant; names/contact details of witnesses if safely available; copies of any prior complaint or authority response.,"No specific evidence item is confirmed; ask user to preserve screenshots, documents, photos, receipts, and messages where available.",partially_provided: vehicle_details,No contradiction linked in slot annotations or clarification answers.,"No immediate danger is recorded, but reassess safety before taking action. Record vehicle details, photos, injury and damage information, witnesses, and insurance/police documents. Police already contacted: True. Legal help requested: True.",LP_TRAFFIC_ACCIDENT_001;LP_HIT_AND_RUN_001;LP_MOTOR_CLAIM_001,0,False,5,4,True,team-reviewed,REV763,test
GOUT000298_EN,SCN000298,NAR000298_EN,en,ANS002851;ANS002852;ANS002853;ANS002854;ANS002855;ANS002856;ANS002857;ANS002858;ANS002859;ANS002860;ANS002861;ANS002862,EVT000298_001;EVT000298_002,"1. On the date of 2026-07-01, an advanced threat actor initiated an exploit categorized under cyberstalking targeting remote infrastructures at approximately 02:11. 2. On the date of 2026-07-01, an advanced threat actor initiated an exploit categorized under cyberstalking targeting remote infrastructures at approximately 02:11.","You reported a cybercrime matter about cyberstalking at House on 2024-09-23 around 02:11. The record notes danger status as No, threat mentioned as True, injury mentioned as False, and police contact as False.","incident_family=Cybercrime | issue=Cyberstalking | place=House, Delhi, India | date_time=2024-09-23 02:11 | events=EVT000298_001;EVT000298_002 | property_involved=False | threat_involved=True | injury_involved=False | open_questions=optional: financial_loss, digital_evidence, security_steps_taken | partially_provided: ongoing_access_risk","To the concerned authority, I wish to report that on 2024-09-23 around 02:11, at House, I experienced/reported an incident described as Cyberstalking. My account is: On the date of 2026-07-01, an advanced threat actor initiated an exploit categorized under cyberstalking targeting remote infrastructures at approximately 02:11. The intrusion vectors reveal highly organized techniques using social engineering methods or brute-force automation to penetrate authorization systems on the House. Immediate isolation of the network endpoints was executed to limit exposure within the regional jurisdiction.. I request that the information be recorded, that appropriate lawful guidance or action be considered, and that I be told if any further documents or details are needed. This draft does not assert guilt, authenticate evidence, or state that an FIR has already been filed.","Case intake: Cybercrime / Cyberstalking; location House, Delhi; incident date/time 2024-09-23 02:11; danger=No; threat=True; injury=False; property=False; police_contacted=False; legal_help_requested=True; event_ids=EVT000298_001;EVT000298_002; key remaining gaps: optional: financial_loss, digital_evidence, security_steps_taken | partially_provided: ongoing_access_risk",Carry identity proof if needed; written timeline; location details; screenshots/photos/messages; receipts or documents where applicable; medical records if injury exists; property or account details if relevant; names/contact details of witnesses if safely available; copies of any prior complaint or authority response.,"Screenshots, suspicious link, login alert, and transaction message are available","optional: financial_loss, digital_evidence, security_steps_taken | partially_provided: ongoing_access_risk",No contradiction linked in slot annotations or clarification answers.,"No immediate danger is recorded, but reassess safety before taking action. Preserve digital evidence, secure accounts, notify bank/platform if relevant, and use cyber reporting channels. Police already contacted: False. Legal help requested: True.",LP_CYBER_REPORTING_001;LP_ACCOUNT_SECURITY_001;LP_DIGITAL_EVIDENCE_001;LP_FINANCIAL_CYBER_FRAUD_001,0,False,5,4,True,team-reviewed,REV967,test
GOUT000299_EN,SCN000299,NAR000299_EN,en,ANS002863;ANS002864;ANS002865;ANS002866;ANS002867;ANS002868;ANS002869;ANS002870;ANS002871;ANS002872;ANS002873;ANS002874,EVT000299_001;EVT000299_002,"1. On the date of 2026-06-29, a major incidence of pickpocketing was executed at the designated railway station under complex environmental circumstances. 2. Emergency services were notified subsequently, initiating a localized investigation into the security vulnerabilities of this particular jurisdiction..","You reported a theft and robbery matter about pickpocketing at Railway station on 2024-09-24 around 13:21. The record notes danger status as No, threat mentioned as False, injury mentioned as False, and police contact as True.","incident_family=Theft and robbery | issue=Pickpocketing | place=Railway station, Maharashtra, India | date_time=2024-09-24 13:21 | events=EVT000299_001;EVT000299_002 | property_involved=True | threat_involved=False | injury_involved=False | open_questions=partially_provided: property_type, property_description | missing: ownership_information, force_or_threat_used","To the concerned authority, I wish to report that on 2024-09-24 around 13:21, at Railway station, I experienced/reported an incident described as Pickpocketing. My account is: On the date of 2026-06-29, a major incidence of pickpocketing was executed at the designated railway station under complex environmental circumstances. The perpetrator leveraged the crowded nature of the location to approach undetected, exploiting a momentary lapse in security vigilance. Following the commission of the act, the individual navigated through the exit corridors effectively evading immediate pursuit. Emergency services were notified subsequently, initiating a localized investigation into the security vulnerabilities of this particular jurisdiction.. I request that the information be recorded, that appropriate lawful guidance or action be considered, and that I be told if any further documents or details are needed. This draft does not assert guilt, authenticate evidence, or state that an FIR has already been filed.","Case intake: Theft and robbery / Pickpocketing; location Railway station, Maharashtra; incident date/time 2024-09-24 13:21; danger=No; threat=False; injury=False; property=True; police_contacted=True; legal_help_requested=True; event_ids=EVT000299_001;EVT000299_002; key remaining gaps: partially_provided: property_type, property_description | missing: ownership_information, force_or_threat_used",Carry identity proof if needed; written timeline; location details; screenshots/photos/messages; receipts or documents where applicable; medical records if injury exists; property or account details if relevant; names/contact details of witnesses if safely available; copies of any prior complaint or authority response.,"I can show possession through receipts, photos, or property documents","partially_provided: property_type, property_description | missing: ownership_information, force_or_threat_used",No contradiction linked in slot annotations or clarification answers.,"No immediate danger is recorded, but reassess safety before taking action. Prepare property details, location, timing, suspect description if known, and police complaint materials. Police already contacted: True. Legal help requested: True.",LP_CRIME_REPORTING_001;LP_FIR_PROCESS_001;LP_DIGITAL_EVIDENCE_001,0,False,5,4,True,team-reviewed,REV256,test
GOUT000300_EN,SCN000300,NAR000300_EN,en,ANS002875;ANS002876;ANS002877;ANS002878;ANS002879;ANS002880;ANS002881;ANS002882;ANS002883,EVT000300_001;EVT000300_002,"1. just discovered a major loan approval scam happened around 15:26 today. 2. unauthorized charges are showing up on multiple profiles, notify your branch manager asap.","You reported a financial fraud matter about loan approval scam at Mobile app on 2024-09-26 around 15:26. The record notes danger status as No, threat mentioned as True, injury mentioned as False, and police contact as True.","incident_family=Financial Fraud | issue=Loan approval scam | place=Mobile app, Delhi, India | date_time=2024-09-26 15:26 | events=EVT000300_001;EVT000300_002 | property_involved=True | threat_involved=True | injury_involved=False | open_questions=optional: bank_or_wallet, transaction_identifier, documents_or_audit_trail","To the concerned authority, I wish to report that on 2024-09-26 around 15:26, at Mobile app, I experienced/reported an incident described as Loan approval scam. My account is: guys freeze your accounts if you used that Mobile app recently!! just discovered a major loan approval scam happened around 15:26 today. unauthorized charges are showing up on multiple profiles, notify your branch manager asap. I request that the information be recorded, that appropriate lawful guidance or action be considered, and that I be told if any further documents or details are needed. This draft does not assert guilt, authenticate evidence, or state that an FIR has already been filed.","Case intake: Financial Fraud / Loan approval scam; location Mobile app, Delhi; incident date/time 2024-09-26 15:26; danger=No; threat=True; injury=False; property=True; police_contacted=True; legal_help_requested=True; event_ids=EVT000300_001;EVT000300_002; key remaining gaps: optional: bank_or_wallet, transaction_identifier, documents_or_audit_trail",Carry identity proof if needed; written timeline; location details; screenshots/photos/messages; receipts or documents where applicable; medical records if injury exists; property or account details if relevant; names/contact details of witnesses if safely available; copies of any prior complaint or authority response.,"I can provide more details, but I need to check the exact information","optional: bank_or_wallet, transaction_identifier, documents_or_audit_trail",No contradiction linked in slot annotations or clarification answers.,"No immediate danger is recorded, but reassess safety before taking action. Notify the financial institution quickly, preserve transaction records, and consider police/cyber reporting depending on facts. Police already contacted: True. Legal help requested: True.",LP_FINANCIAL_CYBER_FRAUD_001;LP_CYBER_REPORTING_001;LP_DIGITAL_EVIDENCE_001,0,False,5,4,True,team-reviewed,REV653,test
