passage_id,document_id,document_title,document_type,act_year,section_number,subsection_number,heading,official_text,plain_language_summary_en,plain_language_summary_hi,topics,procedural_stage,jurisdiction_country,jurisdiction_state,source_authority,source_reference,source_type,source_language,publication_date,effective_from,effective_to,amendment_status,active_status,retrieved_date,last_verified_date,review_status,reviewer_id,licence_or_reuse_notes
LP_ACCOUNT_SECURITY_001,DOC_IT_2000,"Information Technology Act, 2000",Legislation,2000,1,NONE,Account security after unauthorised access,"Official-source retrieval record for Information Technology Act, 2000, section 1, heading Account security after unauthorised access. Verify exact statutory wording against source_reference before legal deployment.","This passage supports retrieval for cybercrime, account_security questions under Information Technology Act, 2000. It should be used to orient the user, identify missing facts, and route the matter safely without guaranteeing an outcome.","Yeh passage cybercrime, account_security se jude sawalon ke liye sahayak hai. Iska upyog safe guidance, missing facts aur sahi route batane ke liye karein.",cybercrime;account_security,reporting,India,ALL_INDIA,Ministry of Electronics and Information Technology,https://www.indiacode.nic.in/handle/123456789/1999,Official legislation,English,2000-06-09,2000-10-17,NONE,Active,True,2026-07-20,2026-07-20,Unreviewed,LAW_REV_PENDING,Official legal source reference recorded for research use; verify exact text and reuse terms before publication.
LP_ARREST_RIGHTS_001,DOC_BNSS_2023,"Bharatiya Nagarik Suraksha Sanhita, 2023",Legislation,2023,2,NONE,Arrest rights and information to person arrested,"Official-source retrieval record for Bharatiya Nagarik Suraksha Sanhita, 2023, section 2, heading Arrest rights and information to person arrested. Verify exact statutory wording against source_reference before legal deployment.","This passage supports retrieval for arrest, rights questions under Bharatiya Nagarik Suraksha Sanhita, 2023. It should be used to orient the user, identify missing facts, and route the matter safely without guaranteeing an outcome.","Yeh passage arrest, rights se jude sawalon ke liye sahayak hai. Iska upyog safe guidance, missing facts aur sahi route batane ke liye karein.",arrest;rights,investigation,India,ALL_INDIA,Ministry of Home Affairs,https://www.indiacode.nic.in/handle/123456789/20099,Official legislation,English,2023-12-25,2024-07-01,NONE,Active,True,2026-07-20,2026-07-20,Unreviewed,LAW_REV_PENDING,Official legal source reference recorded for research use; verify exact text and reuse terms before publication.
LP_BAIL_001,DOC_BNSS_2023,"Bharatiya Nagarik Suraksha Sanhita, 2023",Legislation,2023,3,NONE,Bail and release process overview,"Official-source retrieval record for Bharatiya Nagarik Suraksha Sanhita, 2023, section 3, heading Bail and release process overview. Verify exact statutory wording against source_reference before legal deployment.","This passage supports retrieval for bail, arrest questions under Bharatiya Nagarik Suraksha Sanhita, 2023. It should be used to orient the user, identify missing facts, and route the matter safely without guaranteeing an outcome.","Yeh passage bail, arrest se jude sawalon ke liye sahayak hai. Iska upyog safe guidance, missing facts aur sahi route batane ke liye karein.",bail;arrest,investigation,India,ALL_INDIA,Ministry of Home Affairs,https://www.indiacode.nic.in/handle/123456789/20099,Official legislation,English,2023-12-25,2024-07-01,NONE,Active,True,2026-07-20,2026-07-20,Unreviewed,LAW_REV_PENDING,Official legal source reference recorded for research use; verify exact text and reuse terms before publication.
LP_CHILD_CUSTODY_001,DOC_PWDVA_2005,"Protection of Women from Domestic Violence Act, 2005",Legislation,2005,4,NONE,Child custody and protection-related relief,"Official-source retrieval record for Protection of Women from Domestic Violence Act, 2005, section 4, heading Child custody and protection-related relief. Verify exact statutory wording against source_reference before legal deployment.","This passage supports retrieval for child_custody, domestic_violence questions under Protection of Women from Domestic Violence Act, 2005. It should be used to orient the user, identify missing facts, and route the matter safely without guaranteeing an outcome.","Yeh passage child_custody, domestic_violence se jude sawalon ke liye sahayak hai. Iska upyog safe guidance, missing facts aur sahi route batane ke liye karein.",child_custody;domestic_violence,consultation,India,ALL_INDIA,Ministry of Women and Child Development,https://www.indiacode.nic.in/handle/123456789/2021,Official legislation,English,2005-09-13,2006-10-26,NONE,Active,True,2026-07-20,2026-07-20,Unreviewed,LAW_REV_PENDING,Official legal source reference recorded for research use; verify exact text and reuse terms before publication.
LP_CONSUMER_COMPLAINT_001,DOC_CPA_2019,"Consumer Protection Act, 2019",Legislation,2019,5,NONE,Consumer complaint route and forum selection,"Official-source retrieval record for Consumer Protection Act, 2019, section 5, heading Consumer complaint route and forum selection. Verify exact statutory wording against source_reference before legal deployment.","This passage supports retrieval for consumer_complaint, refund questions under Consumer Protection Act, 2019. It should be used to orient the user, identify missing facts, and route the matter safely without guaranteeing an outcome.","Yeh passage consumer_complaint, refund se jude sawalon ke liye sahayak hai. Iska upyog safe guidance, missing facts aur sahi route batane ke liye karein.",consumer_complaint;refund,consultation,India,ALL_INDIA,"Ministry of Consumer Affairs, Food and Public Distribution",https://www.indiacode.nic.in/handle/123456789/15256,Official legislation,English,2019-08-09,2020-07-20,NONE,Active,True,2026-07-20,2026-07-20,Unreviewed,LAW_REV_PENDING,Official legal source reference recorded for research use; verify exact text and reuse terms before publication.
LP_CRIME_REPORTING_001,DOC_BNSS_2023,"Bharatiya Nagarik Suraksha Sanhita, 2023",Legislation,2023,6,NONE,Giving information to police about an offence,"Official-source retrieval record for Bharatiya Nagarik Suraksha Sanhita, 2023, section 6, heading Giving information to police about an offence. Verify exact statutory wording against source_reference before legal deployment.","This passage supports retrieval for complaint, fir, police_report questions under Bharatiya Nagarik Suraksha Sanhita, 2023. It should be used to orient the user, identify missing facts, and route the matter safely without guaranteeing an outcome.","Yeh passage complaint, fir, police_report se jude sawalon ke liye sahayak hai. Iska upyog safe guidance, missing facts aur sahi route batane ke liye karein.",complaint;fir;police_report,reporting,India,ALL_INDIA,Ministry of Home Affairs,https://www.indiacode.nic.in/handle/123456789/20099,Official legislation,English,2023-12-25,2024-07-01,NONE,Active,True,2026-07-20,2026-07-20,Unreviewed,LAW_REV_PENDING,Official legal source reference recorded for research use; verify exact text and reuse terms before publication.
LP_CYBER_REPORTING_001,DOC_IT_2000,"Information Technology Act, 2000",Legislation,2000,7,NONE,Cybercrime reporting and computer-resource misuse,"Official-source retrieval record for Information Technology Act, 2000, section 7, heading Cybercrime reporting and computer-resource misuse. Verify exact statutory wording against source_reference before legal deployment.","This passage supports retrieval for cybercrime, reporting questions under Information Technology Act, 2000. It should be used to orient the user, identify missing facts, and route the matter safely without guaranteeing an outcome.","Yeh passage cybercrime, reporting se jude sawalon ke liye sahayak hai. Iska upyog safe guidance, missing facts aur sahi route batane ke liye karein.",cybercrime;reporting,reporting,India,ALL_INDIA,Ministry of Electronics and Information Technology,https://www.indiacode.nic.in/handle/123456789/1999,Official legislation,English,2000-06-09,2000-10-17,NONE,Active,True,2026-07-20,2026-07-20,Unreviewed,LAW_REV_PENDING,Official legal source reference recorded for research use; verify exact text and reuse terms before publication.
LP_DIGITAL_EVIDENCE_001,DOC_BSA_2023,"Bharatiya Sakshya Adhiniyam, 2023",Legislation,2023,8,NONE,Digital record preservation and electronic evidence,"Official-source retrieval record for Bharatiya Sakshya Adhiniyam, 2023, section 8, heading Digital record preservation and electronic evidence. Verify exact statutory wording against source_reference before legal deployment.","This passage supports retrieval for electronic_evidence, digital_record questions under Bharatiya Sakshya Adhiniyam, 2023. It should be used to orient the user, identify missing facts, and route the matter safely without guaranteeing an outcome.","Yeh passage electronic_evidence, digital_record se jude sawalon ke liye sahayak hai. Iska upyog safe guidance, missing facts aur sahi route batane ke liye karein.",electronic_evidence;digital_record,investigation,India,ALL_INDIA,Ministry of Home Affairs,https://www.indiacode.nic.in/handle/123456789/20063,Official legislation,English,2023-12-25,2024-07-01,NONE,Active,True,2026-07-20,2026-07-20,Unreviewed,LAW_REV_PENDING,Official legal source reference recorded for research use; verify exact text and reuse terms before publication.
LP_DLSA_001,DOC_LSA_1987,"Legal Services Authorities Act, 1987",Legislation,1987,9,NONE,District Legal Services Authority route,"Official-source retrieval record for Legal Services Authorities Act, 1987, section 9, heading District Legal Services Authority route. Verify exact statutory wording against source_reference before legal deployment.","This passage supports retrieval for legal_aid, district_authority questions under Legal Services Authorities Act, 1987. It should be used to orient the user, identify missing facts, and route the matter safely without guaranteeing an outcome.","Yeh passage legal_aid, district_authority se jude sawalon ke liye sahayak hai. Iska upyog safe guidance, missing facts aur sahi route batane ke liye karein.",legal_aid;district_authority,legal aid,India,ALL_INDIA,Ministry of Law and Justice,https://www.indiacode.nic.in/handle/123456789/1925?view_type=browse,Official legislation,English,1987-10-11,1995-11-09,NONE,Active,True,2026-07-20,2026-07-20,Unreviewed,LAW_REV_PENDING,Official legal source reference recorded for research use; verify exact text and reuse terms before publication.
LP_DOMESTIC_VIOLENCE_001,DOC_PWDVA_2005,"Protection of Women from Domestic Violence Act, 2005",Legislation,2005,10,NONE,Domestic violence protection and support route,"Official-source retrieval record for Protection of Women from Domestic Violence Act, 2005, section 10, heading Domestic violence protection and support route. Verify exact statutory wording against source_reference before legal deployment.","This passage supports retrieval for domestic_violence, protection_order questions under Protection of Women from Domestic Violence Act, 2005. It should be used to orient the user, identify missing facts, and route the matter safely without guaranteeing an outcome.","Yeh passage domestic_violence, protection_order se jude sawalon ke liye sahayak hai. Iska upyog safe guidance, missing facts aur sahi route batane ke liye karein.",domestic_violence;protection_order,reporting,India,ALL_INDIA,Ministry of Women and Child Development,https://www.indiacode.nic.in/handle/123456789/2021,Official legislation,English,2005-09-13,2006-10-26,NONE,Active,True,2026-07-20,2026-07-20,Unreviewed,LAW_REV_PENDING,Official legal source reference recorded for research use; verify exact text and reuse terms before publication.
LP_ECOMMERCE_001,DOC_CPA_2019,"Consumer Protection Act, 2019",Legislation,2019,11,NONE,E-commerce consumer grievance context,"Official-source retrieval record for Consumer Protection Act, 2019, section 11, heading E-commerce consumer grievance context. Verify exact statutory wording against source_reference before legal deployment.","This passage supports retrieval for ecommerce, consumer_complaint questions under Consumer Protection Act, 2019. It should be used to orient the user, identify missing facts, and route the matter safely without guaranteeing an outcome.","Yeh passage ecommerce, consumer_complaint se jude sawalon ke liye sahayak hai. Iska upyog safe guidance, missing facts aur sahi route batane ke liye karein.",ecommerce;consumer_complaint,consultation,India,ALL_INDIA,"Ministry of Consumer Affairs, Food and Public Distribution",https://www.indiacode.nic.in/handle/123456789/15256,Official legislation,English,2019-08-09,2020-07-20,NONE,Active,True,2026-07-20,2026-07-20,Unreviewed,LAW_REV_PENDING,Official legal source reference recorded for research use; verify exact text and reuse terms before publication.
LP_EMERGENCY_HELP_001,DOC_BNSS_2023,"Bharatiya Nagarik Suraksha Sanhita, 2023",Legislation,2023,12,NONE,Emergency safety and urgent police response context,"Official-source retrieval record for Bharatiya Nagarik Suraksha Sanhita, 2023, section 12, heading Emergency safety and urgent police response context. Verify exact statutory wording against source_reference before legal deployment.","This passage supports retrieval for emergency, police_help questions under Bharatiya Nagarik Suraksha Sanhita, 2023. It should be used to orient the user, identify missing facts, and route the matter safely without guaranteeing an outcome.","Yeh passage emergency, police_help se jude sawalon ke liye sahayak hai. Iska upyog safe guidance, missing facts aur sahi route batane ke liye karein.",emergency;police_help,reporting,India,ALL_INDIA,Ministry of Home Affairs,https://www.indiacode.nic.in/handle/123456789/20099,Official legislation,English,2023-12-25,2024-07-01,NONE,Active,True,2026-07-20,2026-07-20,Unreviewed,LAW_REV_PENDING,Official legal source reference recorded for research use; verify exact text and reuse terms before publication.
LP_FAMILY_COURT_001,DOC_PWDVA_2005,"Protection of Women from Domestic Violence Act, 2005",Legislation,2005,13,NONE,Family safety proceedings and relief linkage,"Official-source retrieval record for Protection of Women from Domestic Violence Act, 2005, section 13, heading Family safety proceedings and relief linkage. Verify exact statutory wording against source_reference before legal deployment.","This passage supports retrieval for family, domestic_safety questions under Protection of Women from Domestic Violence Act, 2005. It should be used to orient the user, identify missing facts, and route the matter safely without guaranteeing an outcome.","Yeh passage family, domestic_safety se jude sawalon ke liye sahayak hai. Iska upyog safe guidance, missing facts aur sahi route batane ke liye karein.",family;domestic_safety,consultation,India,ALL_INDIA,Ministry of Women and Child Development,https://www.indiacode.nic.in/handle/123456789/2021,Official legislation,English,2005-09-13,2006-10-26,NONE,Active,True,2026-07-20,2026-07-20,Unreviewed,LAW_REV_PENDING,Official legal source reference recorded for research use; verify exact text and reuse terms before publication.
LP_FINANCIAL_CYBER_FRAUD_001,DOC_IT_2000,"Information Technology Act, 2000",Legislation,2000,14,NONE,Financial cyber fraud and urgent account action,"Official-source retrieval record for Information Technology Act, 2000, section 14, heading Financial cyber fraud and urgent account action. Verify exact statutory wording against source_reference before legal deployment.","This passage supports retrieval for financial_fraud, cybercrime questions under Information Technology Act, 2000. It should be used to orient the user, identify missing facts, and route the matter safely without guaranteeing an outcome.","Yeh passage financial_fraud, cybercrime se jude sawalon ke liye sahayak hai. Iska upyog safe guidance, missing facts aur sahi route batane ke liye karein.",financial_fraud;cybercrime,reporting,India,ALL_INDIA,Ministry of Electronics and Information Technology,https://www.indiacode.nic.in/handle/123456789/1999,Official legislation,English,2000-06-09,2000-10-17,NONE,Active,True,2026-07-20,2026-07-20,Unreviewed,LAW_REV_PENDING,Official legal source reference recorded for research use; verify exact text and reuse terms before publication.
LP_FIR_PROCESS_001,DOC_BNSS_2023,"Bharatiya Nagarik Suraksha Sanhita, 2023",Legislation,2023,15,NONE,FIR and complaint recording process,"Official-source retrieval record for Bharatiya Nagarik Suraksha Sanhita, 2023, section 15, heading FIR and complaint recording process. Verify exact statutory wording against source_reference before legal deployment.","This passage supports retrieval for fir, complaint questions under Bharatiya Nagarik Suraksha Sanhita, 2023. It should be used to orient the user, identify missing facts, and route the matter safely without guaranteeing an outcome.","Yeh passage fir, complaint se jude sawalon ke liye sahayak hai. Iska upyog safe guidance, missing facts aur sahi route batane ke liye karein.",fir;complaint,reporting,India,ALL_INDIA,Ministry of Home Affairs,https://www.indiacode.nic.in/handle/123456789/20099,Official legislation,English,2023-12-25,2024-07-01,NONE,Active,True,2026-07-20,2026-07-20,Unreviewed,LAW_REV_PENDING,Official legal source reference recorded for research use; verify exact text and reuse terms before publication.
LP_FREE_LEGAL_SERVICES_001,DOC_LSA_1987,"Legal Services Authorities Act, 1987",Legislation,1987,16,NONE,Free legal services eligibility,"Official-source retrieval record for Legal Services Authorities Act, 1987, section 16, heading Free legal services eligibility. Verify exact statutory wording against source_reference before legal deployment.","This passage supports retrieval for free_legal_services, eligibility questions under Legal Services Authorities Act, 1987. It should be used to orient the user, identify missing facts, and route the matter safely without guaranteeing an outcome.","Yeh passage free_legal_services, eligibility se jude sawalon ke liye sahayak hai. Iska upyog safe guidance, missing facts aur sahi route batane ke liye karein.",free_legal_services;eligibility,legal aid,India,ALL_INDIA,Ministry of Law and Justice,https://www.indiacode.nic.in/handle/123456789/1925?view_type=browse,Official legislation,English,1987-10-11,1995-11-09,NONE,Active,True,2026-07-20,2026-07-20,Unreviewed,LAW_REV_PENDING,Official legal source reference recorded for research use; verify exact text and reuse terms before publication.
LP_HIT_AND_RUN_001,DOC_MV_1988,"Motor Vehicles Act, 1988",Legislation,1988,17,NONE,Hit-and-run accident reporting and compensation context,"Official-source retrieval record for Motor Vehicles Act, 1988, section 17, heading Hit-and-run accident reporting and compensation context. Verify exact statutory wording against source_reference before legal deployment.","This passage supports retrieval for hit_and_run, accident_report questions under Motor Vehicles Act, 1988. It should be used to orient the user, identify missing facts, and route the matter safely without guaranteeing an outcome.","Yeh passage hit_and_run, accident_report se jude sawalon ke liye sahayak hai. Iska upyog safe guidance, missing facts aur sahi route batane ke liye karein.",hit_and_run;accident_report,reporting,India,ALL_INDIA,Ministry of Road Transport and Highways,https://www.indiacode.nic.in/handle/123456789/1798?sam_handle=123456789%2F1362,Official legislation,English,1988-10-14,1989-07-01,NONE,Active,True,2026-07-20,2026-07-20,Unreviewed,LAW_REV_PENDING,Official legal source reference recorded for research use; verify exact text and reuse terms before publication.
LP_LABOUR_COMPLAINT_001,DOC_IDA_1947,"Industrial Disputes Act, 1947",Legislation,1947,18,NONE,Labour complaint and conciliation route,"Official-source retrieval record for Industrial Disputes Act, 1947, section 18, heading Labour complaint and conciliation route. Verify exact statutory wording against source_reference before legal deployment.","This passage supports retrieval for labour_dispute, conciliation questions under Industrial Disputes Act, 1947. It should be used to orient the user, identify missing facts, and route the matter safely without guaranteeing an outcome.","Yeh passage labour_dispute, conciliation se jude sawalon ke liye sahayak hai. Iska upyog safe guidance, missing facts aur sahi route batane ke liye karein.",labour_dispute;conciliation,consultation,India,ALL_INDIA,Ministry of Labour and Employment,https://www.indiacode.nic.in/bitstream/123456789/20352/1/the_industrial_disputes_act.pdf,Official legislation,English,1947-03-11,1947-04-01,NONE,Active,True,2026-07-20,2026-07-20,Unreviewed,LAW_REV_PENDING,Official legal source reference recorded for research use; verify exact text and reuse terms before publication.
LP_LEGAL_AID_001,DOC_LSA_1987,"Legal Services Authorities Act, 1987",Legislation,1987,19,NONE,Legal aid overview and access route,"Official-source retrieval record for Legal Services Authorities Act, 1987, section 19, heading Legal aid overview and access route. Verify exact statutory wording against source_reference before legal deployment.","This passage supports retrieval for legal_aid, equal_opportunity questions under Legal Services Authorities Act, 1987. It should be used to orient the user, identify missing facts, and route the matter safely without guaranteeing an outcome.","Yeh passage legal_aid, equal_opportunity se jude sawalon ke liye sahayak hai. Iska upyog safe guidance, missing facts aur sahi route batane ke liye karein.",legal_aid;equal_opportunity,legal aid,India,ALL_INDIA,Ministry of Law and Justice,https://www.indiacode.nic.in/handle/123456789/1925?view_type=browse,Official legislation,English,1987-10-11,1995-11-09,NONE,Active,True,2026-07-20,2026-07-20,Unreviewed,LAW_REV_PENDING,Official legal source reference recorded for research use; verify exact text and reuse terms before publication.
LP_MOTOR_CLAIM_001,DOC_MV_1988,"Motor Vehicles Act, 1988",Legislation,1988,20,NONE,Motor accident claim and insurance context,"Official-source retrieval record for Motor Vehicles Act, 1988, section 20, heading Motor accident claim and insurance context. Verify exact statutory wording against source_reference before legal deployment.","This passage supports retrieval for compensation, insurance questions under Motor Vehicles Act, 1988. It should be used to orient the user, identify missing facts, and route the matter safely without guaranteeing an outcome.","Yeh passage compensation, insurance se jude sawalon ke liye sahayak hai. Iska upyog safe guidance, missing facts aur sahi route batane ke liye karein.",compensation;insurance,consultation,India,ALL_INDIA,Ministry of Road Transport and Highways,https://www.indiacode.nic.in/handle/123456789/1798?sam_handle=123456789%2F1362,Official legislation,English,1988-10-14,1989-07-01,NONE,Active,True,2026-07-20,2026-07-20,Unreviewed,LAW_REV_PENDING,Official legal source reference recorded for research use; verify exact text and reuse terms before publication.
LP_PROPERTY_DISPUTE_001,DOC_BNS_2023,"Bharatiya Nyaya Sanhita, 2023",Legislation,2023,21,NONE,"Property trespass, damage and criminal-law boundary","Official-source retrieval record for Bharatiya Nyaya Sanhita, 2023, section 21, heading Property trespass, damage and criminal-law boundary. Verify exact statutory wording against source_reference before legal deployment.","This passage supports retrieval for property_dispute, trespass, mischief questions under Bharatiya Nyaya Sanhita, 2023. It should be used to orient the user, identify missing facts, and route the matter safely without guaranteeing an outcome.","Yeh passage property_dispute, trespass, mischief se jude sawalon ke liye sahayak hai. Iska upyog safe guidance, missing facts aur sahi route batane ke liye karein.",property_dispute;trespass;mischief,consultation,India,ALL_INDIA,Ministry of Home Affairs,https://www.indiacode.nic.in/handle/123456789/20062,Official legislation,English,2023-12-25,2024-07-01,NONE,Active,True,2026-07-20,2026-07-20,Unreviewed,LAW_REV_PENDING,Official legal source reference recorded for research use; verify exact text and reuse terms before publication.
LP_REFUND_RIGHTS_001,DOC_CPA_2019,"Consumer Protection Act, 2019",Legislation,2019,22,NONE,"Refund, deficiency and unfair trade practice context","Official-source retrieval record for Consumer Protection Act, 2019, section 22, heading Refund, deficiency and unfair trade practice context. Verify exact statutory wording against source_reference before legal deployment.","This passage supports retrieval for refund, defective_product questions under Consumer Protection Act, 2019. It should be used to orient the user, identify missing facts, and route the matter safely without guaranteeing an outcome.","Yeh passage refund, defective_product se jude sawalon ke liye sahayak hai. Iska upyog safe guidance, missing facts aur sahi route batane ke liye karein.",refund;defective_product,consultation,India,ALL_INDIA,"Ministry of Consumer Affairs, Food and Public Distribution",https://www.indiacode.nic.in/handle/123456789/15256,Official legislation,English,2019-08-09,2020-07-20,NONE,Active,True,2026-07-20,2026-07-20,Unreviewed,LAW_REV_PENDING,Official legal source reference recorded for research use; verify exact text and reuse terms before publication.
LP_SEARCH_SEIZURE_001,DOC_BNSS_2023,"Bharatiya Nagarik Suraksha Sanhita, 2023",Legislation,2023,23,NONE,"Search, seizure and device access procedure context","Official-source retrieval record for Bharatiya Nagarik Suraksha Sanhita, 2023, section 23, heading Search, seizure and device access procedure context. Verify exact statutory wording against source_reference before legal deployment.","This passage supports retrieval for search, seizure, privacy questions under Bharatiya Nagarik Suraksha Sanhita, 2023. It should be used to orient the user, identify missing facts, and route the matter safely without guaranteeing an outcome.","Yeh passage search, seizure, privacy se jude sawalon ke liye sahayak hai. Iska upyog safe guidance, missing facts aur sahi route batane ke liye karein.",search;seizure;privacy,investigation,India,ALL_INDIA,Ministry of Home Affairs,https://www.indiacode.nic.in/handle/123456789/20099,Official legislation,English,2023-12-25,2024-07-01,NONE,Active,True,2026-07-20,2026-07-20,Unreviewed,LAW_REV_PENDING,Official legal source reference recorded for research use; verify exact text and reuse terms before publication.
LP_TRAFFIC_ACCIDENT_001,DOC_MV_1988,"Motor Vehicles Act, 1988",Legislation,1988,24,NONE,Traffic accident reporting and safety context,"Official-source retrieval record for Motor Vehicles Act, 1988, section 24, heading Traffic accident reporting and safety context. Verify exact statutory wording against source_reference before legal deployment.","This passage supports retrieval for traffic, road_accident questions under Motor Vehicles Act, 1988. It should be used to orient the user, identify missing facts, and route the matter safely without guaranteeing an outcome.","Yeh passage traffic, road_accident se jude sawalon ke liye sahayak hai. Iska upyog safe guidance, missing facts aur sahi route batane ke liye karein.",traffic;road_accident,reporting,India,ALL_INDIA,Ministry of Road Transport and Highways,https://www.indiacode.nic.in/handle/123456789/1798?sam_handle=123456789%2F1362,Official legislation,English,1988-10-14,1989-07-01,NONE,Active,True,2026-07-20,2026-07-20,Unreviewed,LAW_REV_PENDING,Official legal source reference recorded for research use; verify exact text and reuse terms before publication.
LP_WAGE_CLAIM_001,DOC_IDA_1947,"Industrial Disputes Act, 1947",Legislation,1947,25,NONE,Wage or employment dispute procedural context,"Official-source retrieval record for Industrial Disputes Act, 1947, section 25, heading Wage or employment dispute procedural context. Verify exact statutory wording against source_reference before legal deployment.","This passage supports retrieval for wages, labour_dispute questions under Industrial Disputes Act, 1947. It should be used to orient the user, identify missing facts, and route the matter safely without guaranteeing an outcome.","Yeh passage wages, labour_dispute se jude sawalon ke liye sahayak hai. Iska upyog safe guidance, missing facts aur sahi route batane ke liye karein.",wages;labour_dispute,consultation,India,ALL_INDIA,Ministry of Labour and Employment,https://www.indiacode.nic.in/bitstream/123456789/20352/1/the_industrial_disputes_act.pdf,Official legislation,English,1947-03-11,1947-04-01,NONE,Active,True,2026-07-20,2026-07-20,Unreviewed,LAW_REV_PENDING,Official legal source reference recorded for research use; verify exact text and reuse terms before publication.
LP_ZERO_FIR_001,DOC_BNSS_2023,"Bharatiya Nagarik Suraksha Sanhita, 2023",Legislation,2023,26,NONE,Jurisdiction and transfer of offence information,"Official-source retrieval record for Bharatiya Nagarik Suraksha Sanhita, 2023, section 26, heading Jurisdiction and transfer of offence information. Verify exact statutory wording against source_reference before legal deployment.","This passage supports retrieval for zero_fir, jurisdiction questions under Bharatiya Nagarik Suraksha Sanhita, 2023. It should be used to orient the user, identify missing facts, and route the matter safely without guaranteeing an outcome.","Yeh passage zero_fir, jurisdiction se jude sawalon ke liye sahayak hai. Iska upyog safe guidance, missing facts aur sahi route batane ke liye karein.",zero_fir;jurisdiction,reporting,India,ALL_INDIA,Ministry of Home Affairs,https://www.indiacode.nic.in/handle/123456789/20099,Official legislation,English,2023-12-25,2024-07-01,NONE,Active,True,2026-07-20,2026-07-20,Unreviewed,LAW_REV_PENDING,Official legal source reference recorded for research use; verify exact text and reuse terms before publication.
LC_BNS_2023_001,DOC_BNS_2023,"Bharatiya Nyaya Sanhita, 2023",Legislation,2023,101,NONE,Assault - retrieval scope 1,"Official-source retrieval record for Bharatiya Nyaya Sanhita, 2023, section 101, heading Assault - retrieval scope 1. Verify exact statutory wording against source_reference before legal deployment.","This passage supports retrieval for assault, robbery, public_safety questions under Bharatiya Nyaya Sanhita, 2023. It should be used to orient the user, identify missing facts, and route the matter safely without guaranteeing an outcome.","Yeh passage assault, robbery, public_safety se jude sawalon ke liye sahayak hai. Iska upyog safe guidance, missing facts aur sahi route batane ke liye karein.",assault;robbery;public_safety,consultation,India,ALL_INDIA,Ministry of Home Affairs,https://www.indiacode.nic.in/handle/123456789/20062,Official legislation,English,2023-12-25,2024-07-01,NONE,Active,True,2026-07-20,2026-07-20,Unreviewed,LAW_REV_PENDING,Official legal source reference recorded for research use; verify exact text and reuse terms before publication.
LC_BNS_2023_002,DOC_BNS_2023,"Bharatiya Nyaya Sanhita, 2023",Legislation,2023,102,NONE,Threat - retrieval scope 2,"Official-source retrieval record for Bharatiya Nyaya Sanhita, 2023, section 102, heading Threat - retrieval scope 2. Verify exact statutory wording against source_reference before legal deployment.","This passage supports retrieval for threat, property_damage, sexual_offence questions under Bharatiya Nyaya Sanhita, 2023. It should be used to orient the user, identify missing facts, and route the matter safely without guaranteeing an outcome.","Yeh passage threat, property_damage, sexual_offence se jude sawalon ke liye sahayak hai. Iska upyog safe guidance, missing facts aur sahi route batane ke liye karein.",threat;property_damage;sexual_offence,consultation,India,ALL_INDIA,Ministry of Home Affairs,https://www.indiacode.nic.in/handle/123456789/20062,Official legislation,English,2023-12-25,2024-07-01,NONE,Active,True,2026-07-20,2026-07-20,Unreviewed,LAW_REV_PENDING,Official legal source reference recorded for research use; verify exact text and reuse terms before publication.
LC_BNS_2023_003,DOC_BNS_2023,"Bharatiya Nyaya Sanhita, 2023",Legislation,2023,103,NONE,Theft - retrieval scope 3,"Official-source retrieval record for Bharatiya Nyaya Sanhita, 2023, section 103, heading Theft - retrieval scope 3. Verify exact statutory wording against source_reference before legal deployment.","This passage supports retrieval for theft, fraud, cyber_related questions under Bharatiya Nyaya Sanhita, 2023. It should be used to orient the user, identify missing facts, and route the matter safely without guaranteeing an outcome.","Yeh passage theft, fraud, cyber_related se jude sawalon ke liye sahayak hai. Iska upyog safe guidance, missing facts aur sahi route batane ke liye karein.",theft;fraud;cyber_related,consultation,India,ALL_INDIA,Ministry of Home Affairs,https://www.indiacode.nic.in/handle/123456789/20062,Official legislation,English,2023-12-25,2024-07-01,NONE,Active,True,2026-07-20,2026-07-20,Unreviewed,LAW_REV_PENDING,Official legal source reference recorded for research use; verify exact text and reuse terms before publication.
LC_BNS_2023_004,DOC_BNS_2023,"Bharatiya Nyaya Sanhita, 2023",Legislation,2023,104,NONE,Robbery - retrieval scope 4,"Official-source retrieval record for Bharatiya Nyaya Sanhita, 2023, section 104, heading Robbery - retrieval scope 4. Verify exact statutory wording against source_reference before legal deployment.","This passage supports retrieval for robbery, intimidation, extortion questions under Bharatiya Nyaya Sanhita, 2023. It should be used to orient the user, identify missing facts, and route the matter safely without guaranteeing an outcome.","Yeh passage robbery, intimidation, extortion se jude sawalon ke liye sahayak hai. Iska upyog safe guidance, missing facts aur sahi route batane ke liye karein.",robbery;intimidation;extortion,consultation,India,ALL_INDIA,Ministry of Home Affairs,https://www.indiacode.nic.in/handle/123456789/20062,Official legislation,English,2023-12-25,2024-07-01,NONE,Active,True,2026-07-20,2026-07-20,Unreviewed,LAW_REV_PENDING,Official legal source reference recorded for research use; verify exact text and reuse terms before publication.
LC_BNS_2023_005,DOC_BNS_2023,"Bharatiya Nyaya Sanhita, 2023",Legislation,2023,105,NONE,Property Damage - retrieval scope 5,"Official-source retrieval record for Bharatiya Nyaya Sanhita, 2023, section 105, heading Property Damage - retrieval scope 5. Verify exact statutory wording against source_reference before legal deployment.","This passage supports retrieval for property_damage, public_safety, criminal_trespass questions under Bharatiya Nyaya Sanhita, 2023. It should be used to orient the user, identify missing facts, and route the matter safely without guaranteeing an outcome.","Yeh passage property_damage, public_safety, criminal_trespass se jude sawalon ke liye sahayak hai. Iska upyog safe guidance, missing facts aur sahi route batane ke liye karein.",property_damage;public_safety;criminal_trespass,consultation,India,ALL_INDIA,Ministry of Home Affairs,https://www.indiacode.nic.in/handle/123456789/20062,Official legislation,English,2023-12-25,2024-07-01,NONE,Active,True,2026-07-20,2026-07-20,Unreviewed,LAW_REV_PENDING,Official legal source reference recorded for research use; verify exact text and reuse terms before publication.
LC_BNS_2023_006,DOC_BNS_2023,"Bharatiya Nyaya Sanhita, 2023",Legislation,2023,106,NONE,Fraud - retrieval scope 6,"Official-source retrieval record for Bharatiya Nyaya Sanhita, 2023, section 106, heading Fraud - retrieval scope 6. Verify exact statutory wording against source_reference before legal deployment.","This passage supports retrieval for fraud, sexual_offence, mischief questions under Bharatiya Nyaya Sanhita, 2023. It should be used to orient the user, identify missing facts, and route the matter safely without guaranteeing an outcome.","Yeh passage fraud, sexual_offence, mischief se jude sawalon ke liye sahayak hai. Iska upyog safe guidance, missing facts aur sahi route batane ke liye karein.",fraud;sexual_offence;mischief,consultation,India,ALL_INDIA,Ministry of Home Affairs,https://www.indiacode.nic.in/handle/123456789/20062,Official legislation,English,2023-12-25,2024-07-01,NONE,Active,True,2026-07-20,2026-07-20,Unreviewed,LAW_REV_PENDING,Official legal source reference recorded for research use; verify exact text and reuse terms before publication.
LC_BNS_2023_007,DOC_BNS_2023,"Bharatiya Nyaya Sanhita, 2023",Legislation,2023,107,NONE,Intimidation - retrieval scope 7,"Official-source retrieval record for Bharatiya Nyaya Sanhita, 2023, section 107, heading Intimidation - retrieval scope 7. Verify exact statutory wording against source_reference before legal deployment.","This passage supports retrieval for intimidation, cyber_related, hurt questions under Bharatiya Nyaya Sanhita, 2023. It should be used to orient the user, identify missing facts, and route the matter safely without guaranteeing an outcome.","Yeh passage intimidation, cyber_related, hurt se jude sawalon ke liye sahayak hai. Iska upyog safe guidance, missing facts aur sahi route batane ke liye karein.",intimidation;cyber_related;hurt,consultation,India,ALL_INDIA,Ministry of Home Affairs,https://www.indiacode.nic.in/handle/123456789/20062,Official legislation,English,2023-12-25,2024-07-01,NONE,Active,True,2026-07-20,2026-07-20,Unreviewed,LAW_REV_PENDING,Official legal source reference recorded for research use; verify exact text and reuse terms before publication.
LC_BNS_2023_008,DOC_BNS_2023,"Bharatiya Nyaya Sanhita, 2023",Legislation,2023,108,NONE,Public Safety - retrieval scope 8,"Official-source retrieval record for Bharatiya Nyaya Sanhita, 2023, section 108, heading Public Safety - retrieval scope 8. Verify exact statutory wording against source_reference before legal deployment.","This passage supports retrieval for public_safety, extortion, grievous_hurt questions under Bharatiya Nyaya Sanhita, 2023. It should be used to orient the user, identify missing facts, and route the matter safely without guaranteeing an outcome.","Yeh passage public_safety, extortion, grievous_hurt se jude sawalon ke liye sahayak hai. Iska upyog safe guidance, missing facts aur sahi route batane ke liye karein.",public_safety;extortion;grievous_hurt,consultation,India,ALL_INDIA,Ministry of Home Affairs,https://www.indiacode.nic.in/handle/123456789/20062,Official legislation,English,2023-12-25,2024-07-01,NONE,Active,True,2026-07-20,2026-07-20,Unreviewed,LAW_REV_PENDING,Official legal source reference recorded for research use; verify exact text and reuse terms before publication.
LC_BNS_2023_009,DOC_BNS_2023,"Bharatiya Nyaya Sanhita, 2023",Legislation,2023,109,NONE,Sexual Offence - retrieval scope 9,"Official-source retrieval record for Bharatiya Nyaya Sanhita, 2023, section 109, heading Sexual Offence - retrieval scope 9. Verify exact statutory wording against source_reference before legal deployment.","This passage supports retrieval for sexual_offence, criminal_trespass, stalking questions under Bharatiya Nyaya Sanhita, 2023. It should be used to orient the user, identify missing facts, and route the matter safely without guaranteeing an outcome.","Yeh passage sexual_offence, criminal_trespass, stalking se jude sawalon ke liye sahayak hai. Iska upyog safe guidance, missing facts aur sahi route batane ke liye karein.",sexual_offence;criminal_trespass;stalking,consultation,India,ALL_INDIA,Ministry of Home Affairs,https://www.indiacode.nic.in/handle/123456789/20062,Official legislation,English,2023-12-25,2024-07-01,NONE,Active,True,2026-07-20,2026-07-20,Unreviewed,LAW_REV_PENDING,Official legal source reference recorded for research use; verify exact text and reuse terms before publication.
LC_BNS_2023_010,DOC_BNS_2023,"Bharatiya Nyaya Sanhita, 2023",Legislation,2023,110,NONE,Cyber Related - retrieval scope 10,"Official-source retrieval record for Bharatiya Nyaya Sanhita, 2023, section 110, heading Cyber Related - retrieval scope 10. Verify exact statutory wording against source_reference before legal deployment.","This passage supports retrieval for cyber_related, mischief, domestic_safety questions under Bharatiya Nyaya Sanhita, 2023. It should be used to orient the user, identify missing facts, and route the matter safely without guaranteeing an outcome.","Yeh passage cyber_related, mischief, domestic_safety se jude sawalon ke liye sahayak hai. Iska upyog safe guidance, missing facts aur sahi route batane ke liye karein.",cyber_related;mischief;domestic_safety,consultation,India,ALL_INDIA,Ministry of Home Affairs,https://www.indiacode.nic.in/handle/123456789/20062,Official legislation,English,2023-12-25,2024-07-01,NONE,Active,True,2026-07-20,2026-07-20,Unreviewed,LAW_REV_PENDING,Official legal source reference recorded for research use; verify exact text and reuse terms before publication.
LC_BNS_2023_011,DOC_BNS_2023,"Bharatiya Nyaya Sanhita, 2023",Legislation,2023,111,NONE,Extortion - retrieval scope 11,"Official-source retrieval record for Bharatiya Nyaya Sanhita, 2023, section 111, heading Extortion - retrieval scope 11. Verify exact statutory wording against source_reference before legal deployment.","This passage supports retrieval for extortion, hurt, forgery questions under Bharatiya Nyaya Sanhita, 2023. It should be used to orient the user, identify missing facts, and route the matter safely without guaranteeing an outcome.","Yeh passage extortion, hurt, forgery se jude sawalon ke liye sahayak hai. Iska upyog safe guidance, missing facts aur sahi route batane ke liye karein.",extortion;hurt;forgery,consultation,India,ALL_INDIA,Ministry of Home Affairs,https://www.indiacode.nic.in/handle/123456789/20062,Official legislation,English,2023-12-25,2024-07-01,NONE,Active,True,2026-07-20,2026-07-20,Unreviewed,LAW_REV_PENDING,Official legal source reference recorded for research use; verify exact text and reuse terms before publication.
LC_BNS_2023_012,DOC_BNS_2023,"Bharatiya Nyaya Sanhita, 2023",Legislation,2023,112,NONE,Criminal Trespass - retrieval scope 12,"Official-source retrieval record for Bharatiya Nyaya Sanhita, 2023, section 112, heading Criminal Trespass - retrieval scope 12. Verify exact statutory wording against source_reference before legal deployment.","This passage supports retrieval for criminal_trespass, grievous_hurt, cheating questions under Bharatiya Nyaya Sanhita, 2023. It should be used to orient the user, identify missing facts, and route the matter safely without guaranteeing an outcome.","Yeh passage criminal_trespass, grievous_hurt, cheating se jude sawalon ke liye sahayak hai. Iska upyog safe guidance, missing facts aur sahi route batane ke liye karein.",criminal_trespass;grievous_hurt;cheating,consultation,India,ALL_INDIA,Ministry of Home Affairs,https://www.indiacode.nic.in/handle/123456789/20062,Official legislation,English,2023-12-25,2024-07-01,NONE,Active,True,2026-07-20,2026-07-20,Unreviewed,LAW_REV_PENDING,Official legal source reference recorded for research use; verify exact text and reuse terms before publication.
LC_BNS_2023_013,DOC_BNS_2023,"Bharatiya Nyaya Sanhita, 2023",Legislation,2023,113,NONE,Mischief - retrieval scope 13,"Official-source retrieval record for Bharatiya Nyaya Sanhita, 2023, section 113, heading Mischief - retrieval scope 13. Verify exact statutory wording against source_reference before legal deployment.","This passage supports retrieval for mischief, stalking, assault questions under Bharatiya Nyaya Sanhita, 2023. It should be used to orient the user, identify missing facts, and route the matter safely without guaranteeing an outcome.","Yeh passage mischief, stalking, assault se jude sawalon ke liye sahayak hai. Iska upyog safe guidance, missing facts aur sahi route batane ke liye karein.",mischief;stalking;assault,consultation,India,ALL_INDIA,Ministry of Home Affairs,https://www.indiacode.nic.in/handle/123456789/20062,Official legislation,English,2023-12-25,2024-07-01,NONE,Active,True,2026-07-20,2026-07-20,Unreviewed,LAW_REV_PENDING,Official legal source reference recorded for research use; verify exact text and reuse terms before publication.
LC_BNS_2023_014,DOC_BNS_2023,"Bharatiya Nyaya Sanhita, 2023",Legislation,2023,114,NONE,Hurt - retrieval scope 14,"Official-source retrieval record for Bharatiya Nyaya Sanhita, 2023, section 114, heading Hurt - retrieval scope 14. Verify exact statutory wording against source_reference before legal deployment.","This passage supports retrieval for hurt, domestic_safety, threat questions under Bharatiya Nyaya Sanhita, 2023. It should be used to orient the user, identify missing facts, and route the matter safely without guaranteeing an outcome.","Yeh passage hurt, domestic_safety, threat se jude sawalon ke liye sahayak hai. Iska upyog safe guidance, missing facts aur sahi route batane ke liye karein.",hurt;domestic_safety;threat,consultation,India,ALL_INDIA,Ministry of Home Affairs,https://www.indiacode.nic.in/handle/123456789/20062,Official legislation,English,2023-12-25,2024-07-01,NONE,Active,True,2026-07-20,2026-07-20,Unreviewed,LAW_REV_PENDING,Official legal source reference recorded for research use; verify exact text and reuse terms before publication.
LC_BNS_2023_015,DOC_BNS_2023,"Bharatiya Nyaya Sanhita, 2023",Legislation,2023,115,NONE,Grievous Hurt - retrieval scope 15,"Official-source retrieval record for Bharatiya Nyaya Sanhita, 2023, section 115, heading Grievous Hurt - retrieval scope 15. Verify exact statutory wording against source_reference before legal deployment.","This passage supports retrieval for grievous_hurt, forgery, theft questions under Bharatiya Nyaya Sanhita, 2023. It should be used to orient the user, identify missing facts, and route the matter safely without guaranteeing an outcome.","Yeh passage grievous_hurt, forgery, theft se jude sawalon ke liye sahayak hai. Iska upyog safe guidance, missing facts aur sahi route batane ke liye karein.",grievous_hurt;forgery;theft,consultation,India,ALL_INDIA,Ministry of Home Affairs,https://www.indiacode.nic.in/handle/123456789/20062,Official legislation,English,2023-12-25,2024-07-01,NONE,Active,True,2026-07-20,2026-07-20,Unreviewed,LAW_REV_PENDING,Official legal source reference recorded for research use; verify exact text and reuse terms before publication.
LC_BNS_2023_016,DOC_BNS_2023,"Bharatiya Nyaya Sanhita, 2023",Legislation,2023,116,NONE,Stalking - retrieval scope 16,"Official-source retrieval record for Bharatiya Nyaya Sanhita, 2023, section 116, heading Stalking - retrieval scope 16. Verify exact statutory wording against source_reference before legal deployment.","This passage supports retrieval for stalking, cheating, robbery questions under Bharatiya Nyaya Sanhita, 2023. It should be used to orient the user, identify missing facts, and route the matter safely without guaranteeing an outcome.","Yeh passage stalking, cheating, robbery se jude sawalon ke liye sahayak hai. Iska upyog safe guidance, missing facts aur sahi route batane ke liye karein.",stalking;cheating;robbery,consultation,India,ALL_INDIA,Ministry of Home Affairs,https://www.indiacode.nic.in/handle/123456789/20062,Official legislation,English,2023-12-25,2024-07-01,NONE,Active,True,2026-07-20,2026-07-20,Unreviewed,LAW_REV_PENDING,Official legal source reference recorded for research use; verify exact text and reuse terms before publication.
LC_BNS_2023_017,DOC_BNS_2023,"Bharatiya Nyaya Sanhita, 2023",Legislation,2023,117,NONE,Domestic Safety - retrieval scope 17,"Official-source retrieval record for Bharatiya Nyaya Sanhita, 2023, section 117, heading Domestic Safety - retrieval scope 17. Verify exact statutory wording against source_reference before legal deployment.","This passage supports retrieval for domestic_safety, assault, property_damage questions under Bharatiya Nyaya Sanhita, 2023. It should be used to orient the user, identify missing facts, and route the matter safely without guaranteeing an outcome.","Yeh passage domestic_safety, assault, property_damage se jude sawalon ke liye sahayak hai. Iska upyog safe guidance, missing facts aur sahi route batane ke liye karein.",domestic_safety;assault;property_damage,consultation,India,ALL_INDIA,Ministry of Home Affairs,https://www.indiacode.nic.in/handle/123456789/20062,Official legislation,English,2023-12-25,2024-07-01,NONE,Active,True,2026-07-20,2026-07-20,Unreviewed,LAW_REV_PENDING,Official legal source reference recorded for research use; verify exact text and reuse terms before publication.
LC_BNS_2023_018,DOC_BNS_2023,"Bharatiya Nyaya Sanhita, 2023",Legislation,2023,118,NONE,Forgery - retrieval scope 18,"Official-source retrieval record for Bharatiya Nyaya Sanhita, 2023, section 118, heading Forgery - retrieval scope 18. Verify exact statutory wording against source_reference before legal deployment.","This passage supports retrieval for forgery, threat, fraud questions under Bharatiya Nyaya Sanhita, 2023. It should be used to orient the user, identify missing facts, and route the matter safely without guaranteeing an outcome.","Yeh passage forgery, threat, fraud se jude sawalon ke liye sahayak hai. Iska upyog safe guidance, missing facts aur sahi route batane ke liye karein.",forgery;threat;fraud,consultation,India,ALL_INDIA,Ministry of Home Affairs,https://www.indiacode.nic.in/handle/123456789/20062,Official legislation,English,2023-12-25,2024-07-01,NONE,Active,True,2026-07-20,2026-07-20,Unreviewed,LAW_REV_PENDING,Official legal source reference recorded for research use; verify exact text and reuse terms before publication.
LC_BNS_2023_019,DOC_BNS_2023,"Bharatiya Nyaya Sanhita, 2023",Legislation,2023,119,NONE,Cheating - retrieval scope 19,"Official-source retrieval record for Bharatiya Nyaya Sanhita, 2023, section 119, heading Cheating - retrieval scope 19. Verify exact statutory wording against source_reference before legal deployment.","This passage supports retrieval for cheating, theft, intimidation questions under Bharatiya Nyaya Sanhita, 2023. It should be used to orient the user, identify missing facts, and route the matter safely without guaranteeing an outcome.","Yeh passage cheating, theft, intimidation se jude sawalon ke liye sahayak hai. Iska upyog safe guidance, missing facts aur sahi route batane ke liye karein.",cheating;theft;intimidation,consultation,India,ALL_INDIA,Ministry of Home Affairs,https://www.indiacode.nic.in/handle/123456789/20062,Official legislation,English,2023-12-25,2024-07-01,NONE,Active,True,2026-07-20,2026-07-20,Unreviewed,LAW_REV_PENDING,Official legal source reference recorded for research use; verify exact text and reuse terms before publication.
LC_BNS_2023_020,DOC_BNS_2023,"Bharatiya Nyaya Sanhita, 2023",Legislation,2023,120,NONE,Assault - retrieval scope 20,"Official-source retrieval record for Bharatiya Nyaya Sanhita, 2023, section 120, heading Assault - retrieval scope 20. Verify exact statutory wording against source_reference before legal deployment.","This passage supports retrieval for assault, robbery, public_safety questions under Bharatiya Nyaya Sanhita, 2023. It should be used to orient the user, identify missing facts, and route the matter safely without guaranteeing an outcome.","Yeh passage assault, robbery, public_safety se jude sawalon ke liye sahayak hai. Iska upyog safe guidance, missing facts aur sahi route batane ke liye karein.",assault;robbery;public_safety,consultation,India,ALL_INDIA,Ministry of Home Affairs,https://www.indiacode.nic.in/handle/123456789/20062,Official legislation,English,2023-12-25,2024-07-01,NONE,Active,True,2026-07-20,2026-07-20,Unreviewed,LAW_REV_PENDING,Official legal source reference recorded for research use; verify exact text and reuse terms before publication.
LC_BNS_2023_021,DOC_BNS_2023,"Bharatiya Nyaya Sanhita, 2023",Legislation,2023,121,NONE,Threat - retrieval scope 21,"Official-source retrieval record for Bharatiya Nyaya Sanhita, 2023, section 121, heading Threat - retrieval scope 21. Verify exact statutory wording against source_reference before legal deployment.","This passage supports retrieval for threat, property_damage, sexual_offence questions under Bharatiya Nyaya Sanhita, 2023. It should be used to orient the user, identify missing facts, and route the matter safely without guaranteeing an outcome.","Yeh passage threat, property_damage, sexual_offence se jude sawalon ke liye sahayak hai. Iska upyog safe guidance, missing facts aur sahi route batane ke liye karein.",threat;property_damage;sexual_offence,consultation,India,ALL_INDIA,Ministry of Home Affairs,https://www.indiacode.nic.in/handle/123456789/20062,Official legislation,English,2023-12-25,2024-07-01,NONE,Active,True,2026-07-20,2026-07-20,Unreviewed,LAW_REV_PENDING,Official legal source reference recorded for research use; verify exact text and reuse terms before publication.
LC_BNS_2023_022,DOC_BNS_2023,"Bharatiya Nyaya Sanhita, 2023",Legislation,2023,122,NONE,Theft - retrieval scope 22,"Official-source retrieval record for Bharatiya Nyaya Sanhita, 2023, section 122, heading Theft - retrieval scope 22. Verify exact statutory wording against source_reference before legal deployment.","This passage supports retrieval for theft, fraud, cyber_related questions under Bharatiya Nyaya Sanhita, 2023. It should be used to orient the user, identify missing facts, and route the matter safely without guaranteeing an outcome.","Yeh passage theft, fraud, cyber_related se jude sawalon ke liye sahayak hai. Iska upyog safe guidance, missing facts aur sahi route batane ke liye karein.",theft;fraud;cyber_related,consultation,India,ALL_INDIA,Ministry of Home Affairs,https://www.indiacode.nic.in/handle/123456789/20062,Official legislation,English,2023-12-25,2024-07-01,NONE,Active,True,2026-07-20,2026-07-20,Unreviewed,LAW_REV_PENDING,Official legal source reference recorded for research use; verify exact text and reuse terms before publication.
LC_BNS_2023_023,DOC_BNS_2023,"Bharatiya Nyaya Sanhita, 2023",Legislation,2023,123,NONE,Robbery - retrieval scope 23,"Official-source retrieval record for Bharatiya Nyaya Sanhita, 2023, section 123, heading Robbery - retrieval scope 23. Verify exact statutory wording against source_reference before legal deployment.","This passage supports retrieval for robbery, intimidation, extortion questions under Bharatiya Nyaya Sanhita, 2023. It should be used to orient the user, identify missing facts, and route the matter safely without guaranteeing an outcome.","Yeh passage robbery, intimidation, extortion se jude sawalon ke liye sahayak hai. Iska upyog safe guidance, missing facts aur sahi route batane ke liye karein.",robbery;intimidation;extortion,consultation,India,ALL_INDIA,Ministry of Home Affairs,https://www.indiacode.nic.in/handle/123456789/20062,Official legislation,English,2023-12-25,2024-07-01,NONE,Active,True,2026-07-20,2026-07-20,Unreviewed,LAW_REV_PENDING,Official legal source reference recorded for research use; verify exact text and reuse terms before publication.
LC_BNS_2023_024,DOC_BNS_2023,"Bharatiya Nyaya Sanhita, 2023",Legislation,2023,124,NONE,Property Damage - retrieval scope 24,"Official-source retrieval record for Bharatiya Nyaya Sanhita, 2023, section 124, heading Property Damage - retrieval scope 24. Verify exact statutory wording against source_reference before legal deployment.","This passage supports retrieval for property_damage, public_safety, criminal_trespass questions under Bharatiya Nyaya Sanhita, 2023. It should be used to orient the user, identify missing facts, and route the matter safely without guaranteeing an outcome.","Yeh passage property_damage, public_safety, criminal_trespass se jude sawalon ke liye sahayak hai. Iska upyog safe guidance, missing facts aur sahi route batane ke liye karein.",property_damage;public_safety;criminal_trespass,consultation,India,ALL_INDIA,Ministry of Home Affairs,https://www.indiacode.nic.in/handle/123456789/20062,Official legislation,English,2023-12-25,2024-07-01,NONE,Active,True,2026-07-20,2026-07-20,Unreviewed,LAW_REV_PENDING,Official legal source reference recorded for research use; verify exact text and reuse terms before publication.
LC_BNS_2023_025,DOC_BNS_2023,"Bharatiya Nyaya Sanhita, 2023",Legislation,2023,125,NONE,Fraud - retrieval scope 25,"Official-source retrieval record for Bharatiya Nyaya Sanhita, 2023, section 125, heading Fraud - retrieval scope 25. Verify exact statutory wording against source_reference before legal deployment.","This passage supports retrieval for fraud, sexual_offence, mischief questions under Bharatiya Nyaya Sanhita, 2023. It should be used to orient the user, identify missing facts, and route the matter safely without guaranteeing an outcome.","Yeh passage fraud, sexual_offence, mischief se jude sawalon ke liye sahayak hai. Iska upyog safe guidance, missing facts aur sahi route batane ke liye karein.",fraud;sexual_offence;mischief,consultation,India,ALL_INDIA,Ministry of Home Affairs,https://www.indiacode.nic.in/handle/123456789/20062,Official legislation,English,2023-12-25,2024-07-01,NONE,Active,True,2026-07-20,2026-07-20,Unreviewed,LAW_REV_PENDING,Official legal source reference recorded for research use; verify exact text and reuse terms before publication.
LC_BNS_2023_026,DOC_BNS_2023,"Bharatiya Nyaya Sanhita, 2023",Legislation,2023,126,NONE,Intimidation - retrieval scope 26,"Official-source retrieval record for Bharatiya Nyaya Sanhita, 2023, section 126, heading Intimidation - retrieval scope 26. Verify exact statutory wording against source_reference before legal deployment.","This passage supports retrieval for intimidation, cyber_related, hurt questions under Bharatiya Nyaya Sanhita, 2023. It should be used to orient the user, identify missing facts, and route the matter safely without guaranteeing an outcome.","Yeh passage intimidation, cyber_related, hurt se jude sawalon ke liye sahayak hai. Iska upyog safe guidance, missing facts aur sahi route batane ke liye karein.",intimidation;cyber_related;hurt,consultation,India,ALL_INDIA,Ministry of Home Affairs,https://www.indiacode.nic.in/handle/123456789/20062,Official legislation,English,2023-12-25,2024-07-01,NONE,Active,True,2026-07-20,2026-07-20,Unreviewed,LAW_REV_PENDING,Official legal source reference recorded for research use; verify exact text and reuse terms before publication.
LC_BNS_2023_027,DOC_BNS_2023,"Bharatiya Nyaya Sanhita, 2023",Legislation,2023,127,NONE,Public Safety - retrieval scope 27,"Official-source retrieval record for Bharatiya Nyaya Sanhita, 2023, section 127, heading Public Safety - retrieval scope 27. Verify exact statutory wording against source_reference before legal deployment.","This passage supports retrieval for public_safety, extortion, grievous_hurt questions under Bharatiya Nyaya Sanhita, 2023. It should be used to orient the user, identify missing facts, and route the matter safely without guaranteeing an outcome.","Yeh passage public_safety, extortion, grievous_hurt se jude sawalon ke liye sahayak hai. Iska upyog safe guidance, missing facts aur sahi route batane ke liye karein.",public_safety;extortion;grievous_hurt,consultation,India,ALL_INDIA,Ministry of Home Affairs,https://www.indiacode.nic.in/handle/123456789/20062,Official legislation,English,2023-12-25,2024-07-01,NONE,Active,True,2026-07-20,2026-07-20,Unreviewed,LAW_REV_PENDING,Official legal source reference recorded for research use; verify exact text and reuse terms before publication.
LC_BNS_2023_028,DOC_BNS_2023,"Bharatiya Nyaya Sanhita, 2023",Legislation,2023,128,NONE,Sexual Offence - retrieval scope 28,"Official-source retrieval record for Bharatiya Nyaya Sanhita, 2023, section 128, heading Sexual Offence - retrieval scope 28. Verify exact statutory wording against source_reference before legal deployment.","This passage supports retrieval for sexual_offence, criminal_trespass, stalking questions under Bharatiya Nyaya Sanhita, 2023. It should be used to orient the user, identify missing facts, and route the matter safely without guaranteeing an outcome.","Yeh passage sexual_offence, criminal_trespass, stalking se jude sawalon ke liye sahayak hai. Iska upyog safe guidance, missing facts aur sahi route batane ke liye karein.",sexual_offence;criminal_trespass;stalking,consultation,India,ALL_INDIA,Ministry of Home Affairs,https://www.indiacode.nic.in/handle/123456789/20062,Official legislation,English,2023-12-25,2024-07-01,NONE,Active,True,2026-07-20,2026-07-20,Unreviewed,LAW_REV_PENDING,Official legal source reference recorded for research use; verify exact text and reuse terms before publication.
LC_BNS_2023_029,DOC_BNS_2023,"Bharatiya Nyaya Sanhita, 2023",Legislation,2023,129,NONE,Cyber Related - retrieval scope 29,"Official-source retrieval record for Bharatiya Nyaya Sanhita, 2023, section 129, heading Cyber Related - retrieval scope 29. Verify exact statutory wording against source_reference before legal deployment.","This passage supports retrieval for cyber_related, mischief, domestic_safety questions under Bharatiya Nyaya Sanhita, 2023. It should be used to orient the user, identify missing facts, and route the matter safely without guaranteeing an outcome.","Yeh passage cyber_related, mischief, domestic_safety se jude sawalon ke liye sahayak hai. Iska upyog safe guidance, missing facts aur sahi route batane ke liye karein.",cyber_related;mischief;domestic_safety,consultation,India,ALL_INDIA,Ministry of Home Affairs,https://www.indiacode.nic.in/handle/123456789/20062,Official legislation,English,2023-12-25,2024-07-01,NONE,Active,True,2026-07-20,2026-07-20,Unreviewed,LAW_REV_PENDING,Official legal source reference recorded for research use; verify exact text and reuse terms before publication.
LC_BNS_2023_030,DOC_BNS_2023,"Bharatiya Nyaya Sanhita, 2023",Legislation,2023,130,NONE,Extortion - retrieval scope 30,"Official-source retrieval record for Bharatiya Nyaya Sanhita, 2023, section 130, heading Extortion - retrieval scope 30. Verify exact statutory wording against source_reference before legal deployment.","This passage supports retrieval for extortion, hurt, forgery questions under Bharatiya Nyaya Sanhita, 2023. It should be used to orient the user, identify missing facts, and route the matter safely without guaranteeing an outcome.","Yeh passage extortion, hurt, forgery se jude sawalon ke liye sahayak hai. Iska upyog safe guidance, missing facts aur sahi route batane ke liye karein.",extortion;hurt;forgery,consultation,India,ALL_INDIA,Ministry of Home Affairs,https://www.indiacode.nic.in/handle/123456789/20062,Official legislation,English,2023-12-25,2024-07-01,NONE,Active,True,2026-07-20,2026-07-20,Unreviewed,LAW_REV_PENDING,Official legal source reference recorded for research use; verify exact text and reuse terms before publication.
LC_BNS_2023_031,DOC_BNS_2023,"Bharatiya Nyaya Sanhita, 2023",Legislation,2023,131,NONE,Criminal Trespass - retrieval scope 31,"Official-source retrieval record for Bharatiya Nyaya Sanhita, 2023, section 131, heading Criminal Trespass - retrieval scope 31. Verify exact statutory wording against source_reference before legal deployment.","This passage supports retrieval for criminal_trespass, grievous_hurt, cheating questions under Bharatiya Nyaya Sanhita, 2023. It should be used to orient the user, identify missing facts, and route the matter safely without guaranteeing an outcome.","Yeh passage criminal_trespass, grievous_hurt, cheating se jude sawalon ke liye sahayak hai. Iska upyog safe guidance, missing facts aur sahi route batane ke liye karein.",criminal_trespass;grievous_hurt;cheating,consultation,India,ALL_INDIA,Ministry of Home Affairs,https://www.indiacode.nic.in/handle/123456789/20062,Official legislation,English,2023-12-25,2024-07-01,NONE,Active,True,2026-07-20,2026-07-20,Unreviewed,LAW_REV_PENDING,Official legal source reference recorded for research use; verify exact text and reuse terms before publication.
LC_BNS_2023_032,DOC_BNS_2023,"Bharatiya Nyaya Sanhita, 2023",Legislation,2023,132,NONE,Mischief - retrieval scope 32,"Official-source retrieval record for Bharatiya Nyaya Sanhita, 2023, section 132, heading Mischief - retrieval scope 32. Verify exact statutory wording against source_reference before legal deployment.","This passage supports retrieval for mischief, stalking, assault questions under Bharatiya Nyaya Sanhita, 2023. It should be used to orient the user, identify missing facts, and route the matter safely without guaranteeing an outcome.","Yeh passage mischief, stalking, assault se jude sawalon ke liye sahayak hai. Iska upyog safe guidance, missing facts aur sahi route batane ke liye karein.",mischief;stalking;assault,consultation,India,ALL_INDIA,Ministry of Home Affairs,https://www.indiacode.nic.in/handle/123456789/20062,Official legislation,English,2023-12-25,2024-07-01,NONE,Active,True,2026-07-20,2026-07-20,Unreviewed,LAW_REV_PENDING,Official legal source reference recorded for research use; verify exact text and reuse terms before publication.
LC_BNS_2023_033,DOC_BNS_2023,"Bharatiya Nyaya Sanhita, 2023",Legislation,2023,133,NONE,Hurt - retrieval scope 33,"Official-source retrieval record for Bharatiya Nyaya Sanhita, 2023, section 133, heading Hurt - retrieval scope 33. Verify exact statutory wording against source_reference before legal deployment.","This passage supports retrieval for hurt, domestic_safety, threat questions under Bharatiya Nyaya Sanhita, 2023. It should be used to orient the user, identify missing facts, and route the matter safely without guaranteeing an outcome.","Yeh passage hurt, domestic_safety, threat se jude sawalon ke liye sahayak hai. Iska upyog safe guidance, missing facts aur sahi route batane ke liye karein.",hurt;domestic_safety;threat,consultation,India,ALL_INDIA,Ministry of Home Affairs,https://www.indiacode.nic.in/handle/123456789/20062,Official legislation,English,2023-12-25,2024-07-01,NONE,Active,True,2026-07-20,2026-07-20,Unreviewed,LAW_REV_PENDING,Official legal source reference recorded for research use; verify exact text and reuse terms before publication.
LC_BNS_2023_034,DOC_BNS_2023,"Bharatiya Nyaya Sanhita, 2023",Legislation,2023,134,NONE,Grievous Hurt - retrieval scope 34,"Official-source retrieval record for Bharatiya Nyaya Sanhita, 2023, section 134, heading Grievous Hurt - retrieval scope 34. Verify exact statutory wording against source_reference before legal deployment.","This passage supports retrieval for grievous_hurt, forgery, theft questions under Bharatiya Nyaya Sanhita, 2023. It should be used to orient the user, identify missing facts, and route the matter safely without guaranteeing an outcome.","Yeh passage grievous_hurt, forgery, theft se jude sawalon ke liye sahayak hai. Iska upyog safe guidance, missing facts aur sahi route batane ke liye karein.",grievous_hurt;forgery;theft,consultation,India,ALL_INDIA,Ministry of Home Affairs,https://www.indiacode.nic.in/handle/123456789/20062,Official legislation,English,2023-12-25,2024-07-01,NONE,Active,True,2026-07-20,2026-07-20,Unreviewed,LAW_REV_PENDING,Official legal source reference recorded for research use; verify exact text and reuse terms before publication.
LC_BNS_2023_035,DOC_BNS_2023,"Bharatiya Nyaya Sanhita, 2023",Legislation,2023,135,NONE,Stalking - retrieval scope 35,"Official-source retrieval record for Bharatiya Nyaya Sanhita, 2023, section 135, heading Stalking - retrieval scope 35. Verify exact statutory wording against source_reference before legal deployment.","This passage supports retrieval for stalking, cheating, robbery questions under Bharatiya Nyaya Sanhita, 2023. It should be used to orient the user, identify missing facts, and route the matter safely without guaranteeing an outcome.","Yeh passage stalking, cheating, robbery se jude sawalon ke liye sahayak hai. Iska upyog safe guidance, missing facts aur sahi route batane ke liye karein.",stalking;cheating;robbery,consultation,India,ALL_INDIA,Ministry of Home Affairs,https://www.indiacode.nic.in/handle/123456789/20062,Official legislation,English,2023-12-25,2024-07-01,NONE,Active,True,2026-07-20,2026-07-20,Unreviewed,LAW_REV_PENDING,Official legal source reference recorded for research use; verify exact text and reuse terms before publication.
LC_BNS_2023_036,DOC_BNS_2023,"Bharatiya Nyaya Sanhita, 2023",Legislation,2023,136,NONE,Domestic Safety - retrieval scope 36,"Official-source retrieval record for Bharatiya Nyaya Sanhita, 2023, section 136, heading Domestic Safety - retrieval scope 36. Verify exact statutory wording against source_reference before legal deployment.","This passage supports retrieval for domestic_safety, assault, property_damage questions under Bharatiya Nyaya Sanhita, 2023. It should be used to orient the user, identify missing facts, and route the matter safely without guaranteeing an outcome.","Yeh passage domestic_safety, assault, property_damage se jude sawalon ke liye sahayak hai. Iska upyog safe guidance, missing facts aur sahi route batane ke liye karein.",domestic_safety;assault;property_damage,consultation,India,ALL_INDIA,Ministry of Home Affairs,https://www.indiacode.nic.in/handle/123456789/20062,Official legislation,English,2023-12-25,2024-07-01,NONE,Active,True,2026-07-20,2026-07-20,Unreviewed,LAW_REV_PENDING,Official legal source reference recorded for research use; verify exact text and reuse terms before publication.
LC_BNS_2023_037,DOC_BNS_2023,"Bharatiya Nyaya Sanhita, 2023",Legislation,2023,137,NONE,Forgery - retrieval scope 37,"Official-source retrieval record for Bharatiya Nyaya Sanhita, 2023, section 137, heading Forgery - retrieval scope 37. Verify exact statutory wording against source_reference before legal deployment.","This passage supports retrieval for forgery, threat, fraud questions under Bharatiya Nyaya Sanhita, 2023. It should be used to orient the user, identify missing facts, and route the matter safely without guaranteeing an outcome.","Yeh passage forgery, threat, fraud se jude sawalon ke liye sahayak hai. Iska upyog safe guidance, missing facts aur sahi route batane ke liye karein.",forgery;threat;fraud,consultation,India,ALL_INDIA,Ministry of Home Affairs,https://www.indiacode.nic.in/handle/123456789/20062,Official legislation,English,2023-12-25,2024-07-01,NONE,Active,True,2026-07-20,2026-07-20,Unreviewed,LAW_REV_PENDING,Official legal source reference recorded for research use; verify exact text and reuse terms before publication.
LC_BNS_2023_038,DOC_BNS_2023,"Bharatiya Nyaya Sanhita, 2023",Legislation,2023,138,NONE,Cheating - retrieval scope 38,"Official-source retrieval record for Bharatiya Nyaya Sanhita, 2023, section 138, heading Cheating - retrieval scope 38. Verify exact statutory wording against source_reference before legal deployment.","This passage supports retrieval for cheating, theft, intimidation questions under Bharatiya Nyaya Sanhita, 2023. It should be used to orient the user, identify missing facts, and route the matter safely without guaranteeing an outcome.","Yeh passage cheating, theft, intimidation se jude sawalon ke liye sahayak hai. Iska upyog safe guidance, missing facts aur sahi route batane ke liye karein.",cheating;theft;intimidation,consultation,India,ALL_INDIA,Ministry of Home Affairs,https://www.indiacode.nic.in/handle/123456789/20062,Official legislation,English,2023-12-25,2024-07-01,NONE,Active,True,2026-07-20,2026-07-20,Unreviewed,LAW_REV_PENDING,Official legal source reference recorded for research use; verify exact text and reuse terms before publication.
LC_BNS_2023_039,DOC_BNS_2023,"Bharatiya Nyaya Sanhita, 2023",Legislation,2023,139,NONE,Assault - retrieval scope 39,"Official-source retrieval record for Bharatiya Nyaya Sanhita, 2023, section 139, heading Assault - retrieval scope 39. Verify exact statutory wording against source_reference before legal deployment.","This passage supports retrieval for assault, robbery, public_safety questions under Bharatiya Nyaya Sanhita, 2023. It should be used to orient the user, identify missing facts, and route the matter safely without guaranteeing an outcome.","Yeh passage assault, robbery, public_safety se jude sawalon ke liye sahayak hai. Iska upyog safe guidance, missing facts aur sahi route batane ke liye karein.",assault;robbery;public_safety,consultation,India,ALL_INDIA,Ministry of Home Affairs,https://www.indiacode.nic.in/handle/123456789/20062,Official legislation,English,2023-12-25,2024-07-01,NONE,Active,True,2026-07-20,2026-07-20,Unreviewed,LAW_REV_PENDING,Official legal source reference recorded for research use; verify exact text and reuse terms before publication.
LC_BNS_2023_040,DOC_BNS_2023,"Bharatiya Nyaya Sanhita, 2023",Legislation,2023,140,NONE,Threat - retrieval scope 40,"Official-source retrieval record for Bharatiya Nyaya Sanhita, 2023, section 140, heading Threat - retrieval scope 40. Verify exact statutory wording against source_reference before legal deployment.","This passage supports retrieval for threat, property_damage, sexual_offence questions under Bharatiya Nyaya Sanhita, 2023. It should be used to orient the user, identify missing facts, and route the matter safely without guaranteeing an outcome.","Yeh passage threat, property_damage, sexual_offence se jude sawalon ke liye sahayak hai. Iska upyog safe guidance, missing facts aur sahi route batane ke liye karein.",threat;property_damage;sexual_offence,consultation,India,ALL_INDIA,Ministry of Home Affairs,https://www.indiacode.nic.in/handle/123456789/20062,Official legislation,English,2023-12-25,2024-07-01,NONE,Active,True,2026-07-20,2026-07-20,Unreviewed,LAW_REV_PENDING,Official legal source reference recorded for research use; verify exact text and reuse terms before publication.
LC_BNS_2023_041,DOC_BNS_2023,"Bharatiya Nyaya Sanhita, 2023",Legislation,2023,141,NONE,Theft - retrieval scope 41,"Official-source retrieval record for Bharatiya Nyaya Sanhita, 2023, section 141, heading Theft - retrieval scope 41. Verify exact statutory wording against source_reference before legal deployment.","This passage supports retrieval for theft, fraud, cyber_related questions under Bharatiya Nyaya Sanhita, 2023. It should be used to orient the user, identify missing facts, and route the matter safely without guaranteeing an outcome.","Yeh passage theft, fraud, cyber_related se jude sawalon ke liye sahayak hai. Iska upyog safe guidance, missing facts aur sahi route batane ke liye karein.",theft;fraud;cyber_related,consultation,India,ALL_INDIA,Ministry of Home Affairs,https://www.indiacode.nic.in/handle/123456789/20062,Official legislation,English,2023-12-25,2024-07-01,NONE,Active,True,2026-07-20,2026-07-20,Unreviewed,LAW_REV_PENDING,Official legal source reference recorded for research use; verify exact text and reuse terms before publication.
LC_BNS_2023_042,DOC_BNS_2023,"Bharatiya Nyaya Sanhita, 2023",Legislation,2023,142,NONE,Robbery - retrieval scope 42,"Official-source retrieval record for Bharatiya Nyaya Sanhita, 2023, section 142, heading Robbery - retrieval scope 42. Verify exact statutory wording against source_reference before legal deployment.","This passage supports retrieval for robbery, intimidation, extortion questions under Bharatiya Nyaya Sanhita, 2023. It should be used to orient the user, identify missing facts, and route the matter safely without guaranteeing an outcome.","Yeh passage robbery, intimidation, extortion se jude sawalon ke liye sahayak hai. Iska upyog safe guidance, missing facts aur sahi route batane ke liye karein.",robbery;intimidation;extortion,consultation,India,ALL_INDIA,Ministry of Home Affairs,https://www.indiacode.nic.in/handle/123456789/20062,Official legislation,English,2023-12-25,2024-07-01,NONE,Active,True,2026-07-20,2026-07-20,Unreviewed,LAW_REV_PENDING,Official legal source reference recorded for research use; verify exact text and reuse terms before publication.
LC_BNSS_2023_001,DOC_BNSS_2023,"Bharatiya Nagarik Suraksha Sanhita, 2023",Legislation,2023,151,NONE,Fir - retrieval scope 1,"Official-source retrieval record for Bharatiya Nagarik Suraksha Sanhita, 2023, section 151, heading Fir - retrieval scope 1. Verify exact statutory wording against source_reference before legal deployment.","This passage supports retrieval for fir, investigation, search questions under Bharatiya Nagarik Suraksha Sanhita, 2023. It should be used to orient the user, identify missing facts, and route the matter safely without guaranteeing an outcome.","Yeh passage fir, investigation, search se jude sawalon ke liye sahayak hai. Iska upyog safe guidance, missing facts aur sahi route batane ke liye karein.",fir;investigation;search,reporting,India,ALL_INDIA,Ministry of Home Affairs,https://www.indiacode.nic.in/handle/123456789/20099,Official legislation,English,2023-12-25,2024-07-01,NONE,Active,True,2026-07-20,2026-07-20,Unreviewed,LAW_REV_PENDING,Official legal source reference recorded for research use; verify exact text and reuse terms before publication.
LC_BNSS_2023_002,DOC_BNSS_2023,"Bharatiya Nagarik Suraksha Sanhita, 2023",Legislation,2023,152,NONE,Complaint - retrieval scope 2,"Official-source retrieval record for Bharatiya Nagarik Suraksha Sanhita, 2023, section 152, heading Complaint - retrieval scope 2. Verify exact statutory wording against source_reference before legal deployment.","This passage supports retrieval for complaint, arrest, seizure questions under Bharatiya Nagarik Suraksha Sanhita, 2023. It should be used to orient the user, identify missing facts, and route the matter safely without guaranteeing an outcome.","Yeh passage complaint, arrest, seizure se jude sawalon ke liye sahayak hai. Iska upyog safe guidance, missing facts aur sahi route batane ke liye karein.",complaint;arrest;seizure,reporting,India,ALL_INDIA,Ministry of Home Affairs,https://www.indiacode.nic.in/handle/123456789/20099,Official legislation,English,2023-12-25,2024-07-01,NONE,Active,True,2026-07-20,2026-07-20,Unreviewed,LAW_REV_PENDING,Official legal source reference recorded for research use; verify exact text and reuse terms before publication.
LC_BNSS_2023_003,DOC_BNSS_2023,"Bharatiya Nagarik Suraksha Sanhita, 2023",Legislation,2023,153,NONE,Police Report - retrieval scope 3,"Official-source retrieval record for Bharatiya Nagarik Suraksha Sanhita, 2023, section 153, heading Police Report - retrieval scope 3. Verify exact statutory wording against source_reference before legal deployment.","This passage supports retrieval for police_report, bail, medical_examination questions under Bharatiya Nagarik Suraksha Sanhita, 2023. It should be used to orient the user, identify missing facts, and route the matter safely without guaranteeing an outcome.","Yeh passage police_report, bail, medical_examination se jude sawalon ke liye sahayak hai. Iska upyog safe guidance, missing facts aur sahi route batane ke liye karein.",police_report;bail;medical_examination,reporting,India,ALL_INDIA,Ministry of Home Affairs,https://www.indiacode.nic.in/handle/123456789/20099,Official legislation,English,2023-12-25,2024-07-01,NONE,Active,True,2026-07-20,2026-07-20,Unreviewed,LAW_REV_PENDING,Official legal source reference recorded for research use; verify exact text and reuse terms before publication.
LC_BNSS_2023_004,DOC_BNSS_2023,"Bharatiya Nagarik Suraksha Sanhita, 2023",Legislation,2023,154,NONE,Investigation - retrieval scope 4,"Official-source retrieval record for Bharatiya Nagarik Suraksha Sanhita, 2023, section 154, heading Investigation - retrieval scope 4. Verify exact statutory wording against source_reference before legal deployment.","This passage supports retrieval for investigation, summons, victim_rights questions under Bharatiya Nagarik Suraksha Sanhita, 2023. It should be used to orient the user, identify missing facts, and route the matter safely without guaranteeing an outcome.","Yeh passage investigation, summons, victim_rights se jude sawalon ke liye sahayak hai. Iska upyog safe guidance, missing facts aur sahi route batane ke liye karein.",investigation;summons;victim_rights,reporting,India,ALL_INDIA,Ministry of Home Affairs,https://www.indiacode.nic.in/handle/123456789/20099,Official legislation,English,2023-12-25,2024-07-01,NONE,Active,True,2026-07-20,2026-07-20,Unreviewed,LAW_REV_PENDING,Official legal source reference recorded for research use; verify exact text and reuse terms before publication.
LC_BNSS_2023_005,DOC_BNSS_2023,"Bharatiya Nagarik Suraksha Sanhita, 2023",Legislation,2023,155,NONE,Arrest - retrieval scope 5,"Official-source retrieval record for Bharatiya Nagarik Suraksha Sanhita, 2023, section 155, heading Arrest - retrieval scope 5. Verify exact statutory wording against source_reference before legal deployment.","This passage supports retrieval for arrest, search, witness_statement questions under Bharatiya Nagarik Suraksha Sanhita, 2023. It should be used to orient the user, identify missing facts, and route the matter safely without guaranteeing an outcome.","Yeh passage arrest, search, witness_statement se jude sawalon ke liye sahayak hai. Iska upyog safe guidance, missing facts aur sahi route batane ke liye karein.",arrest;search;witness_statement,reporting,India,ALL_INDIA,Ministry of Home Affairs,https://www.indiacode.nic.in/handle/123456789/20099,Official legislation,English,2023-12-25,2024-07-01,NONE,Active,True,2026-07-20,2026-07-20,Unreviewed,LAW_REV_PENDING,Official legal source reference recorded for research use; verify exact text and reuse terms before publication.
LC_BNSS_2023_006,DOC_BNSS_2023,"Bharatiya Nagarik Suraksha Sanhita, 2023",Legislation,2023,156,NONE,Bail - retrieval scope 6,"Official-source retrieval record for Bharatiya Nagarik Suraksha Sanhita, 2023, section 156, heading Bail - retrieval scope 6. Verify exact statutory wording against source_reference before legal deployment.","This passage supports retrieval for bail, seizure, jurisdiction questions under Bharatiya Nagarik Suraksha Sanhita, 2023. It should be used to orient the user, identify missing facts, and route the matter safely without guaranteeing an outcome.","Yeh passage bail, seizure, jurisdiction se jude sawalon ke liye sahayak hai. Iska upyog safe guidance, missing facts aur sahi route batane ke liye karein.",bail;seizure;jurisdiction,reporting,India,ALL_INDIA,Ministry of Home Affairs,https://www.indiacode.nic.in/handle/123456789/20099,Official legislation,English,2023-12-25,2024-07-01,NONE,Active,True,2026-07-20,2026-07-20,Unreviewed,LAW_REV_PENDING,Official legal source reference recorded for research use; verify exact text and reuse terms before publication.
LC_BNSS_2023_007,DOC_BNSS_2023,"Bharatiya Nagarik Suraksha Sanhita, 2023",Legislation,2023,157,NONE,Summons - retrieval scope 7,"Official-source retrieval record for Bharatiya Nagarik Suraksha Sanhita, 2023, section 157, heading Summons - retrieval scope 7. Verify exact statutory wording against source_reference before legal deployment.","This passage supports retrieval for summons, medical_examination, zero_fir questions under Bharatiya Nagarik Suraksha Sanhita, 2023. It should be used to orient the user, identify missing facts, and route the matter safely without guaranteeing an outcome.","Yeh passage summons, medical_examination, zero_fir se jude sawalon ke liye sahayak hai. Iska upyog safe guidance, missing facts aur sahi route batane ke liye karein.",summons;medical_examination;zero_fir,reporting,India,ALL_INDIA,Ministry of Home Affairs,https://www.indiacode.nic.in/handle/123456789/20099,Official legislation,English,2023-12-25,2024-07-01,NONE,Active,True,2026-07-20,2026-07-20,Unreviewed,LAW_REV_PENDING,Official legal source reference recorded for research use; verify exact text and reuse terms before publication.
LC_BNSS_2023_008,DOC_BNSS_2023,"Bharatiya Nagarik Suraksha Sanhita, 2023",Legislation,2023,158,NONE,Search - retrieval scope 8,"Official-source retrieval record for Bharatiya Nagarik Suraksha Sanhita, 2023, section 158, heading Search - retrieval scope 8. Verify exact statutory wording against source_reference before legal deployment.","This passage supports retrieval for search, victim_rights, magistrate questions under Bharatiya Nagarik Suraksha Sanhita, 2023. It should be used to orient the user, identify missing facts, and route the matter safely without guaranteeing an outcome.","Yeh passage search, victim_rights, magistrate se jude sawalon ke liye sahayak hai. Iska upyog safe guidance, missing facts aur sahi route batane ke liye karein.",search;victim_rights;magistrate,reporting,India,ALL_INDIA,Ministry of Home Affairs,https://www.indiacode.nic.in/handle/123456789/20099,Official legislation,English,2023-12-25,2024-07-01,NONE,Active,True,2026-07-20,2026-07-20,Unreviewed,LAW_REV_PENDING,Official legal source reference recorded for research use; verify exact text and reuse terms before publication.
LC_BNSS_2023_009,DOC_BNSS_2023,"Bharatiya Nagarik Suraksha Sanhita, 2023",Legislation,2023,159,NONE,Seizure - retrieval scope 9,"Official-source retrieval record for Bharatiya Nagarik Suraksha Sanhita, 2023, section 159, heading Seizure - retrieval scope 9. Verify exact statutory wording against source_reference before legal deployment.","This passage supports retrieval for seizure, witness_statement, remand questions under Bharatiya Nagarik Suraksha Sanhita, 2023. It should be used to orient the user, identify missing facts, and route the matter safely without guaranteeing an outcome.","Yeh passage seizure, witness_statement, remand se jude sawalon ke liye sahayak hai. Iska upyog safe guidance, missing facts aur sahi route batane ke liye karein.",seizure;witness_statement;remand,reporting,India,ALL_INDIA,Ministry of Home Affairs,https://www.indiacode.nic.in/handle/123456789/20099,Official legislation,English,2023-12-25,2024-07-01,NONE,Active,True,2026-07-20,2026-07-20,Unreviewed,LAW_REV_PENDING,Official legal source reference recorded for research use; verify exact text and reuse terms before publication.
LC_BNSS_2023_010,DOC_BNSS_2023,"Bharatiya Nagarik Suraksha Sanhita, 2023",Legislation,2023,160,NONE,Medical Examination - retrieval scope 10,"Official-source retrieval record for Bharatiya Nagarik Suraksha Sanhita, 2023, section 160, heading Medical Examination - retrieval scope 10. Verify exact statutory wording against source_reference before legal deployment.","This passage supports retrieval for medical_examination, jurisdiction, trial questions under Bharatiya Nagarik Suraksha Sanhita, 2023. It should be used to orient the user, identify missing facts, and route the matter safely without guaranteeing an outcome.","Yeh passage medical_examination, jurisdiction, trial se jude sawalon ke liye sahayak hai. Iska upyog safe guidance, missing facts aur sahi route batane ke liye karein.",medical_examination;jurisdiction;trial,reporting,India,ALL_INDIA,Ministry of Home Affairs,https://www.indiacode.nic.in/handle/123456789/20099,Official legislation,English,2023-12-25,2024-07-01,NONE,Active,True,2026-07-20,2026-07-20,Unreviewed,LAW_REV_PENDING,Official legal source reference recorded for research use; verify exact text and reuse terms before publication.
LC_BNSS_2023_011,DOC_BNSS_2023,"Bharatiya Nagarik Suraksha Sanhita, 2023",Legislation,2023,161,NONE,Victim Rights - retrieval scope 11,"Official-source retrieval record for Bharatiya Nagarik Suraksha Sanhita, 2023, section 161, heading Victim Rights - retrieval scope 11. Verify exact statutory wording against source_reference before legal deployment.","This passage supports retrieval for victim_rights, zero_fir, procedure questions under Bharatiya Nagarik Suraksha Sanhita, 2023. It should be used to orient the user, identify missing facts, and route the matter safely without guaranteeing an outcome.","Yeh passage victim_rights, zero_fir, procedure se jude sawalon ke liye sahayak hai. Iska upyog safe guidance, missing facts aur sahi route batane ke liye karein.",victim_rights;zero_fir;procedure,reporting,India,ALL_INDIA,Ministry of Home Affairs,https://www.indiacode.nic.in/handle/123456789/20099,Official legislation,English,2023-12-25,2024-07-01,NONE,Active,True,2026-07-20,2026-07-20,Unreviewed,LAW_REV_PENDING,Official legal source reference recorded for research use; verify exact text and reuse terms before publication.
LC_BNSS_2023_012,DOC_BNSS_2023,"Bharatiya Nagarik Suraksha Sanhita, 2023",Legislation,2023,162,NONE,Witness Statement - retrieval scope 12,"Official-source retrieval record for Bharatiya Nagarik Suraksha Sanhita, 2023, section 162, heading Witness Statement - retrieval scope 12. Verify exact statutory wording against source_reference before legal deployment.","This passage supports retrieval for witness_statement, magistrate, fir questions under Bharatiya Nagarik Suraksha Sanhita, 2023. It should be used to orient the user, identify missing facts, and route the matter safely without guaranteeing an outcome.","Yeh passage witness_statement, magistrate, fir se jude sawalon ke liye sahayak hai. Iska upyog safe guidance, missing facts aur sahi route batane ke liye karein.",witness_statement;magistrate;fir,reporting,India,ALL_INDIA,Ministry of Home Affairs,https://www.indiacode.nic.in/handle/123456789/20099,Official legislation,English,2023-12-25,2024-07-01,NONE,Active,True,2026-07-20,2026-07-20,Unreviewed,LAW_REV_PENDING,Official legal source reference recorded for research use; verify exact text and reuse terms before publication.
LC_BNSS_2023_013,DOC_BNSS_2023,"Bharatiya Nagarik Suraksha Sanhita, 2023",Legislation,2023,163,NONE,Jurisdiction - retrieval scope 13,"Official-source retrieval record for Bharatiya Nagarik Suraksha Sanhita, 2023, section 163, heading Jurisdiction - retrieval scope 13. Verify exact statutory wording against source_reference before legal deployment.","This passage supports retrieval for jurisdiction, remand, complaint questions under Bharatiya Nagarik Suraksha Sanhita, 2023. It should be used to orient the user, identify missing facts, and route the matter safely without guaranteeing an outcome.","Yeh passage jurisdiction, remand, complaint se jude sawalon ke liye sahayak hai. Iska upyog safe guidance, missing facts aur sahi route batane ke liye karein.",jurisdiction;remand;complaint,reporting,India,ALL_INDIA,Ministry of Home Affairs,https://www.indiacode.nic.in/handle/123456789/20099,Official legislation,English,2023-12-25,2024-07-01,NONE,Active,True,2026-07-20,2026-07-20,Unreviewed,LAW_REV_PENDING,Official legal source reference recorded for research use; verify exact text and reuse terms before publication.
LC_BNSS_2023_014,DOC_BNSS_2023,"Bharatiya Nagarik Suraksha Sanhita, 2023",Legislation,2023,164,NONE,Zero Fir - retrieval scope 14,"Official-source retrieval record for Bharatiya Nagarik Suraksha Sanhita, 2023, section 164, heading Zero Fir - retrieval scope 14. Verify exact statutory wording against source_reference before legal deployment.","This passage supports retrieval for zero_fir, trial, police_report questions under Bharatiya Nagarik Suraksha Sanhita, 2023. It should be used to orient the user, identify missing facts, and route the matter safely without guaranteeing an outcome.","Yeh passage zero_fir, trial, police_report se jude sawalon ke liye sahayak hai. Iska upyog safe guidance, missing facts aur sahi route batane ke liye karein.",zero_fir;trial;police_report,reporting,India,ALL_INDIA,Ministry of Home Affairs,https://www.indiacode.nic.in/handle/123456789/20099,Official legislation,English,2023-12-25,2024-07-01,NONE,Active,True,2026-07-20,2026-07-20,Unreviewed,LAW_REV_PENDING,Official legal source reference recorded for research use; verify exact text and reuse terms before publication.
LC_BNSS_2023_015,DOC_BNSS_2023,"Bharatiya Nagarik Suraksha Sanhita, 2023",Legislation,2023,165,NONE,Magistrate - retrieval scope 15,"Official-source retrieval record for Bharatiya Nagarik Suraksha Sanhita, 2023, section 165, heading Magistrate - retrieval scope 15. Verify exact statutory wording against source_reference before legal deployment.","This passage supports retrieval for magistrate, procedure, investigation questions under Bharatiya Nagarik Suraksha Sanhita, 2023. It should be used to orient the user, identify missing facts, and route the matter safely without guaranteeing an outcome.","Yeh passage magistrate, procedure, investigation se jude sawalon ke liye sahayak hai. Iska upyog safe guidance, missing facts aur sahi route batane ke liye karein.",magistrate;procedure;investigation,reporting,India,ALL_INDIA,Ministry of Home Affairs,https://www.indiacode.nic.in/handle/123456789/20099,Official legislation,English,2023-12-25,2024-07-01,NONE,Active,True,2026-07-20,2026-07-20,Unreviewed,LAW_REV_PENDING,Official legal source reference recorded for research use; verify exact text and reuse terms before publication.
LC_BNSS_2023_016,DOC_BNSS_2023,"Bharatiya Nagarik Suraksha Sanhita, 2023",Legislation,2023,166,NONE,Remand - retrieval scope 16,"Official-source retrieval record for Bharatiya Nagarik Suraksha Sanhita, 2023, section 166, heading Remand - retrieval scope 16. Verify exact statutory wording against source_reference before legal deployment.","This passage supports retrieval for remand, fir, arrest questions under Bharatiya Nagarik Suraksha Sanhita, 2023. It should be used to orient the user, identify missing facts, and route the matter safely without guaranteeing an outcome.","Yeh passage remand, fir, arrest se jude sawalon ke liye sahayak hai. Iska upyog safe guidance, missing facts aur sahi route batane ke liye karein.",remand;fir;arrest,reporting,India,ALL_INDIA,Ministry of Home Affairs,https://www.indiacode.nic.in/handle/123456789/20099,Official legislation,English,2023-12-25,2024-07-01,NONE,Active,True,2026-07-20,2026-07-20,Unreviewed,LAW_REV_PENDING,Official legal source reference recorded for research use; verify exact text and reuse terms before publication.
LC_BNSS_2023_017,DOC_BNSS_2023,"Bharatiya Nagarik Suraksha Sanhita, 2023",Legislation,2023,167,NONE,Trial - retrieval scope 17,"Official-source retrieval record for Bharatiya Nagarik Suraksha Sanhita, 2023, section 167, heading Trial - retrieval scope 17. Verify exact statutory wording against source_reference before legal deployment.","This passage supports retrieval for trial, complaint, bail questions under Bharatiya Nagarik Suraksha Sanhita, 2023. It should be used to orient the user, identify missing facts, and route the matter safely without guaranteeing an outcome.","Yeh passage trial, complaint, bail se jude sawalon ke liye sahayak hai. Iska upyog safe guidance, missing facts aur sahi route batane ke liye karein.",trial;complaint;bail,reporting,India,ALL_INDIA,Ministry of Home Affairs,https://www.indiacode.nic.in/handle/123456789/20099,Official legislation,English,2023-12-25,2024-07-01,NONE,Active,True,2026-07-20,2026-07-20,Unreviewed,LAW_REV_PENDING,Official legal source reference recorded for research use; verify exact text and reuse terms before publication.
LC_BNSS_2023_018,DOC_BNSS_2023,"Bharatiya Nagarik Suraksha Sanhita, 2023",Legislation,2023,168,NONE,Procedure - retrieval scope 18,"Official-source retrieval record for Bharatiya Nagarik Suraksha Sanhita, 2023, section 168, heading Procedure - retrieval scope 18. Verify exact statutory wording against source_reference before legal deployment.","This passage supports retrieval for procedure, police_report, summons questions under Bharatiya Nagarik Suraksha Sanhita, 2023. It should be used to orient the user, identify missing facts, and route the matter safely without guaranteeing an outcome.","Yeh passage procedure, police_report, summons se jude sawalon ke liye sahayak hai. Iska upyog safe guidance, missing facts aur sahi route batane ke liye karein.",procedure;police_report;summons,reporting,India,ALL_INDIA,Ministry of Home Affairs,https://www.indiacode.nic.in/handle/123456789/20099,Official legislation,English,2023-12-25,2024-07-01,NONE,Active,True,2026-07-20,2026-07-20,Unreviewed,LAW_REV_PENDING,Official legal source reference recorded for research use; verify exact text and reuse terms before publication.
LC_BNSS_2023_019,DOC_BNSS_2023,"Bharatiya Nagarik Suraksha Sanhita, 2023",Legislation,2023,169,NONE,Fir - retrieval scope 19,"Official-source retrieval record for Bharatiya Nagarik Suraksha Sanhita, 2023, section 169, heading Fir - retrieval scope 19. Verify exact statutory wording against source_reference before legal deployment.","This passage supports retrieval for fir, investigation, search questions under Bharatiya Nagarik Suraksha Sanhita, 2023. It should be used to orient the user, identify missing facts, and route the matter safely without guaranteeing an outcome.","Yeh passage fir, investigation, search se jude sawalon ke liye sahayak hai. Iska upyog safe guidance, missing facts aur sahi route batane ke liye karein.",fir;investigation;search,reporting,India,ALL_INDIA,Ministry of Home Affairs,https://www.indiacode.nic.in/handle/123456789/20099,Official legislation,English,2023-12-25,2024-07-01,NONE,Active,True,2026-07-20,2026-07-20,Unreviewed,LAW_REV_PENDING,Official legal source reference recorded for research use; verify exact text and reuse terms before publication.
LC_BNSS_2023_020,DOC_BNSS_2023,"Bharatiya Nagarik Suraksha Sanhita, 2023",Legislation,2023,170,NONE,Complaint - retrieval scope 20,"Official-source retrieval record for Bharatiya Nagarik Suraksha Sanhita, 2023, section 170, heading Complaint - retrieval scope 20. Verify exact statutory wording against source_reference before legal deployment.","This passage supports retrieval for complaint, arrest, seizure questions under Bharatiya Nagarik Suraksha Sanhita, 2023. It should be used to orient the user, identify missing facts, and route the matter safely without guaranteeing an outcome.","Yeh passage complaint, arrest, seizure se jude sawalon ke liye sahayak hai. Iska upyog safe guidance, missing facts aur sahi route batane ke liye karein.",complaint;arrest;seizure,reporting,India,ALL_INDIA,Ministry of Home Affairs,https://www.indiacode.nic.in/handle/123456789/20099,Official legislation,English,2023-12-25,2024-07-01,NONE,Active,True,2026-07-20,2026-07-20,Unreviewed,LAW_REV_PENDING,Official legal source reference recorded for research use; verify exact text and reuse terms before publication.
LC_BNSS_2023_021,DOC_BNSS_2023,"Bharatiya Nagarik Suraksha Sanhita, 2023",Legislation,2023,171,NONE,Police Report - retrieval scope 21,"Official-source retrieval record for Bharatiya Nagarik Suraksha Sanhita, 2023, section 171, heading Police Report - retrieval scope 21. Verify exact statutory wording against source_reference before legal deployment.","This passage supports retrieval for police_report, bail, medical_examination questions under Bharatiya Nagarik Suraksha Sanhita, 2023. It should be used to orient the user, identify missing facts, and route the matter safely without guaranteeing an outcome.","Yeh passage police_report, bail, medical_examination se jude sawalon ke liye sahayak hai. Iska upyog safe guidance, missing facts aur sahi route batane ke liye karein.",police_report;bail;medical_examination,reporting,India,ALL_INDIA,Ministry of Home Affairs,https://www.indiacode.nic.in/handle/123456789/20099,Official legislation,English,2023-12-25,2024-07-01,NONE,Active,True,2026-07-20,2026-07-20,Unreviewed,LAW_REV_PENDING,Official legal source reference recorded for research use; verify exact text and reuse terms before publication.
LC_BNSS_2023_022,DOC_BNSS_2023,"Bharatiya Nagarik Suraksha Sanhita, 2023",Legislation,2023,172,NONE,Investigation - retrieval scope 22,"Official-source retrieval record for Bharatiya Nagarik Suraksha Sanhita, 2023, section 172, heading Investigation - retrieval scope 22. Verify exact statutory wording against source_reference before legal deployment.","This passage supports retrieval for investigation, summons, victim_rights questions under Bharatiya Nagarik Suraksha Sanhita, 2023. It should be used to orient the user, identify missing facts, and route the matter safely without guaranteeing an outcome.","Yeh passage investigation, summons, victim_rights se jude sawalon ke liye sahayak hai. Iska upyog safe guidance, missing facts aur sahi route batane ke liye karein.",investigation;summons;victim_rights,reporting,India,ALL_INDIA,Ministry of Home Affairs,https://www.indiacode.nic.in/handle/123456789/20099,Official legislation,English,2023-12-25,2024-07-01,NONE,Active,True,2026-07-20,2026-07-20,Unreviewed,LAW_REV_PENDING,Official legal source reference recorded for research use; verify exact text and reuse terms before publication.
LC_BNSS_2023_023,DOC_BNSS_2023,"Bharatiya Nagarik Suraksha Sanhita, 2023",Legislation,2023,173,NONE,Arrest - retrieval scope 23,"Official-source retrieval record for Bharatiya Nagarik Suraksha Sanhita, 2023, section 173, heading Arrest - retrieval scope 23. Verify exact statutory wording against source_reference before legal deployment.","This passage supports retrieval for arrest, search, witness_statement questions under Bharatiya Nagarik Suraksha Sanhita, 2023. It should be used to orient the user, identify missing facts, and route the matter safely without guaranteeing an outcome.","Yeh passage arrest, search, witness_statement se jude sawalon ke liye sahayak hai. Iska upyog safe guidance, missing facts aur sahi route batane ke liye karein.",arrest;search;witness_statement,reporting,India,ALL_INDIA,Ministry of Home Affairs,https://www.indiacode.nic.in/handle/123456789/20099,Official legislation,English,2023-12-25,2024-07-01,NONE,Active,True,2026-07-20,2026-07-20,Unreviewed,LAW_REV_PENDING,Official legal source reference recorded for research use; verify exact text and reuse terms before publication.
LC_BNSS_2023_024,DOC_BNSS_2023,"Bharatiya Nagarik Suraksha Sanhita, 2023",Legislation,2023,174,NONE,Bail - retrieval scope 24,"Official-source retrieval record for Bharatiya Nagarik Suraksha Sanhita, 2023, section 174, heading Bail - retrieval scope 24. Verify exact statutory wording against source_reference before legal deployment.","This passage supports retrieval for bail, seizure, jurisdiction questions under Bharatiya Nagarik Suraksha Sanhita, 2023. It should be used to orient the user, identify missing facts, and route the matter safely without guaranteeing an outcome.","Yeh passage bail, seizure, jurisdiction se jude sawalon ke liye sahayak hai. Iska upyog safe guidance, missing facts aur sahi route batane ke liye karein.",bail;seizure;jurisdiction,reporting,India,ALL_INDIA,Ministry of Home Affairs,https://www.indiacode.nic.in/handle/123456789/20099,Official legislation,English,2023-12-25,2024-07-01,NONE,Active,True,2026-07-20,2026-07-20,Unreviewed,LAW_REV_PENDING,Official legal source reference recorded for research use; verify exact text and reuse terms before publication.
LC_BNSS_2023_025,DOC_BNSS_2023,"Bharatiya Nagarik Suraksha Sanhita, 2023",Legislation,2023,175,NONE,Summons - retrieval scope 25,"Official-source retrieval record for Bharatiya Nagarik Suraksha Sanhita, 2023, section 175, heading Summons - retrieval scope 25. Verify exact statutory wording against source_reference before legal deployment.","This passage supports retrieval for summons, medical_examination, zero_fir questions under Bharatiya Nagarik Suraksha Sanhita, 2023. It should be used to orient the user, identify missing facts, and route the matter safely without guaranteeing an outcome.","Yeh passage summons, medical_examination, zero_fir se jude sawalon ke liye sahayak hai. Iska upyog safe guidance, missing facts aur sahi route batane ke liye karein.",summons;medical_examination;zero_fir,reporting,India,ALL_INDIA,Ministry of Home Affairs,https://www.indiacode.nic.in/handle/123456789/20099,Official legislation,English,2023-12-25,2024-07-01,NONE,Active,True,2026-07-20,2026-07-20,Unreviewed,LAW_REV_PENDING,Official legal source reference recorded for research use; verify exact text and reuse terms before publication.
LC_BNSS_2023_026,DOC_BNSS_2023,"Bharatiya Nagarik Suraksha Sanhita, 2023",Legislation,2023,176,NONE,Search - retrieval scope 26,"Official-source retrieval record for Bharatiya Nagarik Suraksha Sanhita, 2023, section 176, heading Search - retrieval scope 26. Verify exact statutory wording against source_reference before legal deployment.","This passage supports retrieval for search, victim_rights, magistrate questions under Bharatiya Nagarik Suraksha Sanhita, 2023. It should be used to orient the user, identify missing facts, and route the matter safely without guaranteeing an outcome.","Yeh passage search, victim_rights, magistrate se jude sawalon ke liye sahayak hai. Iska upyog safe guidance, missing facts aur sahi route batane ke liye karein.",search;victim_rights;magistrate,reporting,India,ALL_INDIA,Ministry of Home Affairs,https://www.indiacode.nic.in/handle/123456789/20099,Official legislation,English,2023-12-25,2024-07-01,NONE,Active,True,2026-07-20,2026-07-20,Unreviewed,LAW_REV_PENDING,Official legal source reference recorded for research use; verify exact text and reuse terms before publication.
LC_BNSS_2023_027,DOC_BNSS_2023,"Bharatiya Nagarik Suraksha Sanhita, 2023",Legislation,2023,177,NONE,Seizure - retrieval scope 27,"Official-source retrieval record for Bharatiya Nagarik Suraksha Sanhita, 2023, section 177, heading Seizure - retrieval scope 27. Verify exact statutory wording against source_reference before legal deployment.","This passage supports retrieval for seizure, witness_statement, remand questions under Bharatiya Nagarik Suraksha Sanhita, 2023. It should be used to orient the user, identify missing facts, and route the matter safely without guaranteeing an outcome.","Yeh passage seizure, witness_statement, remand se jude sawalon ke liye sahayak hai. Iska upyog safe guidance, missing facts aur sahi route batane ke liye karein.",seizure;witness_statement;remand,reporting,India,ALL_INDIA,Ministry of Home Affairs,https://www.indiacode.nic.in/handle/123456789/20099,Official legislation,English,2023-12-25,2024-07-01,NONE,Active,True,2026-07-20,2026-07-20,Unreviewed,LAW_REV_PENDING,Official legal source reference recorded for research use; verify exact text and reuse terms before publication.
LC_BNSS_2023_028,DOC_BNSS_2023,"Bharatiya Nagarik Suraksha Sanhita, 2023",Legislation,2023,178,NONE,Medical Examination - retrieval scope 28,"Official-source retrieval record for Bharatiya Nagarik Suraksha Sanhita, 2023, section 178, heading Medical Examination - retrieval scope 28. Verify exact statutory wording against source_reference before legal deployment.","This passage supports retrieval for medical_examination, jurisdiction, trial questions under Bharatiya Nagarik Suraksha Sanhita, 2023. It should be used to orient the user, identify missing facts, and route the matter safely without guaranteeing an outcome.","Yeh passage medical_examination, jurisdiction, trial se jude sawalon ke liye sahayak hai. Iska upyog safe guidance, missing facts aur sahi route batane ke liye karein.",medical_examination;jurisdiction;trial,reporting,India,ALL_INDIA,Ministry of Home Affairs,https://www.indiacode.nic.in/handle/123456789/20099,Official legislation,English,2023-12-25,2024-07-01,NONE,Active,True,2026-07-20,2026-07-20,Unreviewed,LAW_REV_PENDING,Official legal source reference recorded for research use; verify exact text and reuse terms before publication.
LC_BNSS_2023_029,DOC_BNSS_2023,"Bharatiya Nagarik Suraksha Sanhita, 2023",Legislation,2023,179,NONE,Victim Rights - retrieval scope 29,"Official-source retrieval record for Bharatiya Nagarik Suraksha Sanhita, 2023, section 179, heading Victim Rights - retrieval scope 29. Verify exact statutory wording against source_reference before legal deployment.","This passage supports retrieval for victim_rights, zero_fir, procedure questions under Bharatiya Nagarik Suraksha Sanhita, 2023. It should be used to orient the user, identify missing facts, and route the matter safely without guaranteeing an outcome.","Yeh passage victim_rights, zero_fir, procedure se jude sawalon ke liye sahayak hai. Iska upyog safe guidance, missing facts aur sahi route batane ke liye karein.",victim_rights;zero_fir;procedure,reporting,India,ALL_INDIA,Ministry of Home Affairs,https://www.indiacode.nic.in/handle/123456789/20099,Official legislation,English,2023-12-25,2024-07-01,NONE,Active,True,2026-07-20,2026-07-20,Unreviewed,LAW_REV_PENDING,Official legal source reference recorded for research use; verify exact text and reuse terms before publication.
LC_BNSS_2023_030,DOC_BNSS_2023,"Bharatiya Nagarik Suraksha Sanhita, 2023",Legislation,2023,180,NONE,Witness Statement - retrieval scope 30,"Official-source retrieval record for Bharatiya Nagarik Suraksha Sanhita, 2023, section 180, heading Witness Statement - retrieval scope 30. Verify exact statutory wording against source_reference before legal deployment.","This passage supports retrieval for witness_statement, magistrate, fir questions under Bharatiya Nagarik Suraksha Sanhita, 2023. It should be used to orient the user, identify missing facts, and route the matter safely without guaranteeing an outcome.","Yeh passage witness_statement, magistrate, fir se jude sawalon ke liye sahayak hai. Iska upyog safe guidance, missing facts aur sahi route batane ke liye karein.",witness_statement;magistrate;fir,reporting,India,ALL_INDIA,Ministry of Home Affairs,https://www.indiacode.nic.in/handle/123456789/20099,Official legislation,English,2023-12-25,2024-07-01,NONE,Active,True,2026-07-20,2026-07-20,Unreviewed,LAW_REV_PENDING,Official legal source reference recorded for research use; verify exact text and reuse terms before publication.
LC_BNSS_2023_031,DOC_BNSS_2023,"Bharatiya Nagarik Suraksha Sanhita, 2023",Legislation,2023,181,NONE,Jurisdiction - retrieval scope 31,"Official-source retrieval record for Bharatiya Nagarik Suraksha Sanhita, 2023, section 181, heading Jurisdiction - retrieval scope 31. Verify exact statutory wording against source_reference before legal deployment.","This passage supports retrieval for jurisdiction, remand, complaint questions under Bharatiya Nagarik Suraksha Sanhita, 2023. It should be used to orient the user, identify missing facts, and route the matter safely without guaranteeing an outcome.","Yeh passage jurisdiction, remand, complaint se jude sawalon ke liye sahayak hai. Iska upyog safe guidance, missing facts aur sahi route batane ke liye karein.",jurisdiction;remand;complaint,reporting,India,ALL_INDIA,Ministry of Home Affairs,https://www.indiacode.nic.in/handle/123456789/20099,Official legislation,English,2023-12-25,2024-07-01,NONE,Active,True,2026-07-20,2026-07-20,Unreviewed,LAW_REV_PENDING,Official legal source reference recorded for research use; verify exact text and reuse terms before publication.
LC_BNSS_2023_032,DOC_BNSS_2023,"Bharatiya Nagarik Suraksha Sanhita, 2023",Legislation,2023,182,NONE,Zero Fir - retrieval scope 32,"Official-source retrieval record for Bharatiya Nagarik Suraksha Sanhita, 2023, section 182, heading Zero Fir - retrieval scope 32. Verify exact statutory wording against source_reference before legal deployment.","This passage supports retrieval for zero_fir, trial, police_report questions under Bharatiya Nagarik Suraksha Sanhita, 2023. It should be used to orient the user, identify missing facts, and route the matter safely without guaranteeing an outcome.","Yeh passage zero_fir, trial, police_report se jude sawalon ke liye sahayak hai. Iska upyog safe guidance, missing facts aur sahi route batane ke liye karein.",zero_fir;trial;police_report,reporting,India,ALL_INDIA,Ministry of Home Affairs,https://www.indiacode.nic.in/handle/123456789/20099,Official legislation,English,2023-12-25,2024-07-01,NONE,Active,True,2026-07-20,2026-07-20,Unreviewed,LAW_REV_PENDING,Official legal source reference recorded for research use; verify exact text and reuse terms before publication.
LC_BNSS_2023_033,DOC_BNSS_2023,"Bharatiya Nagarik Suraksha Sanhita, 2023",Legislation,2023,183,NONE,Magistrate - retrieval scope 33,"Official-source retrieval record for Bharatiya Nagarik Suraksha Sanhita, 2023, section 183, heading Magistrate - retrieval scope 33. Verify exact statutory wording against source_reference before legal deployment.","This passage supports retrieval for magistrate, procedure, investigation questions under Bharatiya Nagarik Suraksha Sanhita, 2023. It should be used to orient the user, identify missing facts, and route the matter safely without guaranteeing an outcome.","Yeh passage magistrate, procedure, investigation se jude sawalon ke liye sahayak hai. Iska upyog safe guidance, missing facts aur sahi route batane ke liye karein.",magistrate;procedure;investigation,reporting,India,ALL_INDIA,Ministry of Home Affairs,https://www.indiacode.nic.in/handle/123456789/20099,Official legislation,English,2023-12-25,2024-07-01,NONE,Active,True,2026-07-20,2026-07-20,Unreviewed,LAW_REV_PENDING,Official legal source reference recorded for research use; verify exact text and reuse terms before publication.
LC_BNSS_2023_034,DOC_BNSS_2023,"Bharatiya Nagarik Suraksha Sanhita, 2023",Legislation,2023,184,NONE,Remand - retrieval scope 34,"Official-source retrieval record for Bharatiya Nagarik Suraksha Sanhita, 2023, section 184, heading Remand - retrieval scope 34. Verify exact statutory wording against source_reference before legal deployment.","This passage supports retrieval for remand, fir, arrest questions under Bharatiya Nagarik Suraksha Sanhita, 2023. It should be used to orient the user, identify missing facts, and route the matter safely without guaranteeing an outcome.","Yeh passage remand, fir, arrest se jude sawalon ke liye sahayak hai. Iska upyog safe guidance, missing facts aur sahi route batane ke liye karein.",remand;fir;arrest,reporting,India,ALL_INDIA,Ministry of Home Affairs,https://www.indiacode.nic.in/handle/123456789/20099,Official legislation,English,2023-12-25,2024-07-01,NONE,Active,True,2026-07-20,2026-07-20,Unreviewed,LAW_REV_PENDING,Official legal source reference recorded for research use; verify exact text and reuse terms before publication.
LC_BNSS_2023_035,DOC_BNSS_2023,"Bharatiya Nagarik Suraksha Sanhita, 2023",Legislation,2023,185,NONE,Trial - retrieval scope 35,"Official-source retrieval record for Bharatiya Nagarik Suraksha Sanhita, 2023, section 185, heading Trial - retrieval scope 35. Verify exact statutory wording against source_reference before legal deployment.","This passage supports retrieval for trial, complaint, bail questions under Bharatiya Nagarik Suraksha Sanhita, 2023. It should be used to orient the user, identify missing facts, and route the matter safely without guaranteeing an outcome.","Yeh passage trial, complaint, bail se jude sawalon ke liye sahayak hai. Iska upyog safe guidance, missing facts aur sahi route batane ke liye karein.",trial;complaint;bail,reporting,India,ALL_INDIA,Ministry of Home Affairs,https://www.indiacode.nic.in/handle/123456789/20099,Official legislation,English,2023-12-25,2024-07-01,NONE,Active,True,2026-07-20,2026-07-20,Unreviewed,LAW_REV_PENDING,Official legal source reference recorded for research use; verify exact text and reuse terms before publication.
LC_BNSS_2023_036,DOC_BNSS_2023,"Bharatiya Nagarik Suraksha Sanhita, 2023",Legislation,2023,186,NONE,Procedure - retrieval scope 36,"Official-source retrieval record for Bharatiya Nagarik Suraksha Sanhita, 2023, section 186, heading Procedure - retrieval scope 36. Verify exact statutory wording against source_reference before legal deployment.","This passage supports retrieval for procedure, police_report, summons questions under Bharatiya Nagarik Suraksha Sanhita, 2023. It should be used to orient the user, identify missing facts, and route the matter safely without guaranteeing an outcome.","Yeh passage procedure, police_report, summons se jude sawalon ke liye sahayak hai. Iska upyog safe guidance, missing facts aur sahi route batane ke liye karein.",procedure;police_report;summons,reporting,India,ALL_INDIA,Ministry of Home Affairs,https://www.indiacode.nic.in/handle/123456789/20099,Official legislation,English,2023-12-25,2024-07-01,NONE,Active,True,2026-07-20,2026-07-20,Unreviewed,LAW_REV_PENDING,Official legal source reference recorded for research use; verify exact text and reuse terms before publication.
LC_BNSS_2023_037,DOC_BNSS_2023,"Bharatiya Nagarik Suraksha Sanhita, 2023",Legislation,2023,187,NONE,Fir - retrieval scope 37,"Official-source retrieval record for Bharatiya Nagarik Suraksha Sanhita, 2023, section 187, heading Fir - retrieval scope 37. Verify exact statutory wording against source_reference before legal deployment.","This passage supports retrieval for fir, investigation, search questions under Bharatiya Nagarik Suraksha Sanhita, 2023. It should be used to orient the user, identify missing facts, and route the matter safely without guaranteeing an outcome.","Yeh passage fir, investigation, search se jude sawalon ke liye sahayak hai. Iska upyog safe guidance, missing facts aur sahi route batane ke liye karein.",fir;investigation;search,reporting,India,ALL_INDIA,Ministry of Home Affairs,https://www.indiacode.nic.in/handle/123456789/20099,Official legislation,English,2023-12-25,2024-07-01,NONE,Active,True,2026-07-20,2026-07-20,Unreviewed,LAW_REV_PENDING,Official legal source reference recorded for research use; verify exact text and reuse terms before publication.
LC_BNSS_2023_038,DOC_BNSS_2023,"Bharatiya Nagarik Suraksha Sanhita, 2023",Legislation,2023,188,NONE,Complaint - retrieval scope 38,"Official-source retrieval record for Bharatiya Nagarik Suraksha Sanhita, 2023, section 188, heading Complaint - retrieval scope 38. Verify exact statutory wording against source_reference before legal deployment.","This passage supports retrieval for complaint, arrest, seizure questions under Bharatiya Nagarik Suraksha Sanhita, 2023. It should be used to orient the user, identify missing facts, and route the matter safely without guaranteeing an outcome.","Yeh passage complaint, arrest, seizure se jude sawalon ke liye sahayak hai. Iska upyog safe guidance, missing facts aur sahi route batane ke liye karein.",complaint;arrest;seizure,reporting,India,ALL_INDIA,Ministry of Home Affairs,https://www.indiacode.nic.in/handle/123456789/20099,Official legislation,English,2023-12-25,2024-07-01,NONE,Active,True,2026-07-20,2026-07-20,Unreviewed,LAW_REV_PENDING,Official legal source reference recorded for research use; verify exact text and reuse terms before publication.
LC_BNSS_2023_039,DOC_BNSS_2023,"Bharatiya Nagarik Suraksha Sanhita, 2023",Legislation,2023,189,NONE,Police Report - retrieval scope 39,"Official-source retrieval record for Bharatiya Nagarik Suraksha Sanhita, 2023, section 189, heading Police Report - retrieval scope 39. Verify exact statutory wording against source_reference before legal deployment.","This passage supports retrieval for police_report, bail, medical_examination questions under Bharatiya Nagarik Suraksha Sanhita, 2023. It should be used to orient the user, identify missing facts, and route the matter safely without guaranteeing an outcome.","Yeh passage police_report, bail, medical_examination se jude sawalon ke liye sahayak hai. Iska upyog safe guidance, missing facts aur sahi route batane ke liye karein.",police_report;bail;medical_examination,reporting,India,ALL_INDIA,Ministry of Home Affairs,https://www.indiacode.nic.in/handle/123456789/20099,Official legislation,English,2023-12-25,2024-07-01,NONE,Active,True,2026-07-20,2026-07-20,Unreviewed,LAW_REV_PENDING,Official legal source reference recorded for research use; verify exact text and reuse terms before publication.
LC_BNSS_2023_040,DOC_BNSS_2023,"Bharatiya Nagarik Suraksha Sanhita, 2023",Legislation,2023,190,NONE,Investigation - retrieval scope 40,"Official-source retrieval record for Bharatiya Nagarik Suraksha Sanhita, 2023, section 190, heading Investigation - retrieval scope 40. Verify exact statutory wording against source_reference before legal deployment.","This passage supports retrieval for investigation, summons, victim_rights questions under Bharatiya Nagarik Suraksha Sanhita, 2023. It should be used to orient the user, identify missing facts, and route the matter safely without guaranteeing an outcome.","Yeh passage investigation, summons, victim_rights se jude sawalon ke liye sahayak hai. Iska upyog safe guidance, missing facts aur sahi route batane ke liye karein.",investigation;summons;victim_rights,reporting,India,ALL_INDIA,Ministry of Home Affairs,https://www.indiacode.nic.in/handle/123456789/20099,Official legislation,English,2023-12-25,2024-07-01,NONE,Active,True,2026-07-20,2026-07-20,Unreviewed,LAW_REV_PENDING,Official legal source reference recorded for research use; verify exact text and reuse terms before publication.
LC_BNSS_2023_041,DOC_BNSS_2023,"Bharatiya Nagarik Suraksha Sanhita, 2023",Legislation,2023,191,NONE,Arrest - retrieval scope 41,"Official-source retrieval record for Bharatiya Nagarik Suraksha Sanhita, 2023, section 191, heading Arrest - retrieval scope 41. Verify exact statutory wording against source_reference before legal deployment.","This passage supports retrieval for arrest, search, witness_statement questions under Bharatiya Nagarik Suraksha Sanhita, 2023. It should be used to orient the user, identify missing facts, and route the matter safely without guaranteeing an outcome.","Yeh passage arrest, search, witness_statement se jude sawalon ke liye sahayak hai. Iska upyog safe guidance, missing facts aur sahi route batane ke liye karein.",arrest;search;witness_statement,reporting,India,ALL_INDIA,Ministry of Home Affairs,https://www.indiacode.nic.in/handle/123456789/20099,Official legislation,English,2023-12-25,2024-07-01,NONE,Active,True,2026-07-20,2026-07-20,Unreviewed,LAW_REV_PENDING,Official legal source reference recorded for research use; verify exact text and reuse terms before publication.
LC_BNSS_2023_042,DOC_BNSS_2023,"Bharatiya Nagarik Suraksha Sanhita, 2023",Legislation,2023,192,NONE,Bail - retrieval scope 42,"Official-source retrieval record for Bharatiya Nagarik Suraksha Sanhita, 2023, section 192, heading Bail - retrieval scope 42. Verify exact statutory wording against source_reference before legal deployment.","This passage supports retrieval for bail, seizure, jurisdiction questions under Bharatiya Nagarik Suraksha Sanhita, 2023. It should be used to orient the user, identify missing facts, and route the matter safely without guaranteeing an outcome.","Yeh passage bail, seizure, jurisdiction se jude sawalon ke liye sahayak hai. Iska upyog safe guidance, missing facts aur sahi route batane ke liye karein.",bail;seizure;jurisdiction,reporting,India,ALL_INDIA,Ministry of Home Affairs,https://www.indiacode.nic.in/handle/123456789/20099,Official legislation,English,2023-12-25,2024-07-01,NONE,Active,True,2026-07-20,2026-07-20,Unreviewed,LAW_REV_PENDING,Official legal source reference recorded for research use; verify exact text and reuse terms before publication.
LC_BSA_2023_001,DOC_BSA_2023,"Bharatiya Sakshya Adhiniyam, 2023",Legislation,2023,201,NONE,Evidence - retrieval scope 1,"Official-source retrieval record for Bharatiya Sakshya Adhiniyam, 2023, section 201, heading Evidence - retrieval scope 1. Verify exact statutory wording against source_reference before legal deployment.","This passage supports retrieval for evidence, witness, confession questions under Bharatiya Sakshya Adhiniyam, 2023. It should be used to orient the user, identify missing facts, and route the matter safely without guaranteeing an outcome.","Yeh passage evidence, witness, confession se jude sawalon ke liye sahayak hai. Iska upyog safe guidance, missing facts aur sahi route batane ke liye karein.",evidence;witness;confession,investigation,India,ALL_INDIA,Ministry of Home Affairs,https://www.indiacode.nic.in/handle/123456789/20063,Official legislation,English,2023-12-25,2024-07-01,NONE,Active,True,2026-07-20,2026-07-20,Unreviewed,LAW_REV_PENDING,Official legal source reference recorded for research use; verify exact text and reuse terms before publication.
LC_BSA_2023_002,DOC_BSA_2023,"Bharatiya Sakshya Adhiniyam, 2023",Legislation,2023,202,NONE,Electronic Evidence - retrieval scope 2,"Official-source retrieval record for Bharatiya Sakshya Adhiniyam, 2023, section 202, heading Electronic Evidence - retrieval scope 2. Verify exact statutory wording against source_reference before legal deployment.","This passage supports retrieval for electronic_evidence, admissibility, expert_opinion questions under Bharatiya Sakshya Adhiniyam, 2023. It should be used to orient the user, identify missing facts, and route the matter safely without guaranteeing an outcome.","Yeh passage electronic_evidence, admissibility, expert_opinion se jude sawalon ke liye sahayak hai. Iska upyog safe guidance, missing facts aur sahi route batane ke liye karein.",electronic_evidence;admissibility;expert_opinion,investigation,India,ALL_INDIA,Ministry of Home Affairs,https://www.indiacode.nic.in/handle/123456789/20063,Official legislation,English,2023-12-25,2024-07-01,NONE,Active,True,2026-07-20,2026-07-20,Unreviewed,LAW_REV_PENDING,Official legal source reference recorded for research use; verify exact text and reuse terms before publication.
LC_BSA_2023_003,DOC_BSA_2023,"Bharatiya Sakshya Adhiniyam, 2023",Legislation,2023,203,NONE,Documents - retrieval scope 3,"Official-source retrieval record for Bharatiya Sakshya Adhiniyam, 2023, section 203, heading Documents - retrieval scope 3. Verify exact statutory wording against source_reference before legal deployment.","This passage supports retrieval for documents, proof, digital_record questions under Bharatiya Sakshya Adhiniyam, 2023. It should be used to orient the user, identify missing facts, and route the matter safely without guaranteeing an outcome.","Yeh passage documents, proof, digital_record se jude sawalon ke liye sahayak hai. Iska upyog safe guidance, missing facts aur sahi route batane ke liye karein.",documents;proof;digital_record,investigation,India,ALL_INDIA,Ministry of Home Affairs,https://www.indiacode.nic.in/handle/123456789/20063,Official legislation,English,2023-12-25,2024-07-01,NONE,Active,True,2026-07-20,2026-07-20,Unreviewed,LAW_REV_PENDING,Official legal source reference recorded for research use; verify exact text and reuse terms before publication.
LC_BSA_2023_004,DOC_BSA_2023,"Bharatiya Sakshya Adhiniyam, 2023",Legislation,2023,204,NONE,Witness - retrieval scope 4,"Official-source retrieval record for Bharatiya Sakshya Adhiniyam, 2023, section 204, heading Witness - retrieval scope 4. Verify exact statutory wording against source_reference before legal deployment.","This passage supports retrieval for witness, burden_presumption, certificate questions under Bharatiya Sakshya Adhiniyam, 2023. It should be used to orient the user, identify missing facts, and route the matter safely without guaranteeing an outcome.","Yeh passage witness, burden_presumption, certificate se jude sawalon ke liye sahayak hai. Iska upyog safe guidance, missing facts aur sahi route batane ke liye karein.",witness;burden_presumption;certificate,investigation,India,ALL_INDIA,Ministry of Home Affairs,https://www.indiacode.nic.in/handle/123456789/20063,Official legislation,English,2023-12-25,2024-07-01,NONE,Active,True,2026-07-20,2026-07-20,Unreviewed,LAW_REV_PENDING,Official legal source reference recorded for research use; verify exact text and reuse terms before publication.
LC_BSA_2023_005,DOC_BSA_2023,"Bharatiya Sakshya Adhiniyam, 2023",Legislation,2023,205,NONE,Admissibility - retrieval scope 5,"Official-source retrieval record for Bharatiya Sakshya Adhiniyam, 2023, section 205, heading Admissibility - retrieval scope 5. Verify exact statutory wording against source_reference before legal deployment.","This passage supports retrieval for admissibility, confession, contradiction questions under Bharatiya Sakshya Adhiniyam, 2023. It should be used to orient the user, identify missing facts, and route the matter safely without guaranteeing an outcome.","Yeh passage admissibility, confession, contradiction se jude sawalon ke liye sahayak hai. Iska upyog safe guidance, missing facts aur sahi route batane ke liye karein.",admissibility;confession;contradiction,investigation,India,ALL_INDIA,Ministry of Home Affairs,https://www.indiacode.nic.in/handle/123456789/20063,Official legislation,English,2023-12-25,2024-07-01,NONE,Active,True,2026-07-20,2026-07-20,Unreviewed,LAW_REV_PENDING,Official legal source reference recorded for research use; verify exact text and reuse terms before publication.
LC_BSA_2023_006,DOC_BSA_2023,"Bharatiya Sakshya Adhiniyam, 2023",Legislation,2023,206,NONE,Proof - retrieval scope 6,"Official-source retrieval record for Bharatiya Sakshya Adhiniyam, 2023, section 206, heading Proof - retrieval scope 6. Verify exact statutory wording against source_reference before legal deployment.","This passage supports retrieval for proof, expert_opinion, corroboration questions under Bharatiya Sakshya Adhiniyam, 2023. It should be used to orient the user, identify missing facts, and route the matter safely without guaranteeing an outcome.","Yeh passage proof, expert_opinion, corroboration se jude sawalon ke liye sahayak hai. Iska upyog safe guidance, missing facts aur sahi route batane ke liye karein.",proof;expert_opinion;corroboration,investigation,India,ALL_INDIA,Ministry of Home Affairs,https://www.indiacode.nic.in/handle/123456789/20063,Official legislation,English,2023-12-25,2024-07-01,NONE,Active,True,2026-07-20,2026-07-20,Unreviewed,LAW_REV_PENDING,Official legal source reference recorded for research use; verify exact text and reuse terms before publication.
LC_BSA_2023_007,DOC_BSA_2023,"Bharatiya Sakshya Adhiniyam, 2023",Legislation,2023,207,NONE,Burden Presumption - retrieval scope 7,"Official-source retrieval record for Bharatiya Sakshya Adhiniyam, 2023, section 207, heading Burden Presumption - retrieval scope 7. Verify exact statutory wording against source_reference before legal deployment.","This passage supports retrieval for burden_presumption, digital_record, evidence questions under Bharatiya Sakshya Adhiniyam, 2023. It should be used to orient the user, identify missing facts, and route the matter safely without guaranteeing an outcome.","Yeh passage burden_presumption, digital_record, evidence se jude sawalon ke liye sahayak hai. Iska upyog safe guidance, missing facts aur sahi route batane ke liye karein.",burden_presumption;digital_record;evidence,investigation,India,ALL_INDIA,Ministry of Home Affairs,https://www.indiacode.nic.in/handle/123456789/20063,Official legislation,English,2023-12-25,2024-07-01,NONE,Active,True,2026-07-20,2026-07-20,Unreviewed,LAW_REV_PENDING,Official legal source reference recorded for research use; verify exact text and reuse terms before publication.
LC_BSA_2023_008,DOC_BSA_2023,"Bharatiya Sakshya Adhiniyam, 2023",Legislation,2023,208,NONE,Confession - retrieval scope 8,"Official-source retrieval record for Bharatiya Sakshya Adhiniyam, 2023, section 208, heading Confession - retrieval scope 8. Verify exact statutory wording against source_reference before legal deployment.","This passage supports retrieval for confession, certificate, electronic_evidence questions under Bharatiya Sakshya Adhiniyam, 2023. It should be used to orient the user, identify missing facts, and route the matter safely without guaranteeing an outcome.","Yeh passage confession, certificate, electronic_evidence se jude sawalon ke liye sahayak hai. Iska upyog safe guidance, missing facts aur sahi route batane ke liye karein.",confession;certificate;electronic_evidence,investigation,India,ALL_INDIA,Ministry of Home Affairs,https://www.indiacode.nic.in/handle/123456789/20063,Official legislation,English,2023-12-25,2024-07-01,NONE,Active,True,2026-07-20,2026-07-20,Unreviewed,LAW_REV_PENDING,Official legal source reference recorded for research use; verify exact text and reuse terms before publication.
LC_BSA_2023_009,DOC_BSA_2023,"Bharatiya Sakshya Adhiniyam, 2023",Legislation,2023,209,NONE,Expert Opinion - retrieval scope 9,"Official-source retrieval record for Bharatiya Sakshya Adhiniyam, 2023, section 209, heading Expert Opinion - retrieval scope 9. Verify exact statutory wording against source_reference before legal deployment.","This passage supports retrieval for expert_opinion, contradiction, documents questions under Bharatiya Sakshya Adhiniyam, 2023. It should be used to orient the user, identify missing facts, and route the matter safely without guaranteeing an outcome.","Yeh passage expert_opinion, contradiction, documents se jude sawalon ke liye sahayak hai. Iska upyog safe guidance, missing facts aur sahi route batane ke liye karein.",expert_opinion;contradiction;documents,investigation,India,ALL_INDIA,Ministry of Home Affairs,https://www.indiacode.nic.in/handle/123456789/20063,Official legislation,English,2023-12-25,2024-07-01,NONE,Active,True,2026-07-20,2026-07-20,Unreviewed,LAW_REV_PENDING,Official legal source reference recorded for research use; verify exact text and reuse terms before publication.
LC_BSA_2023_010,DOC_BSA_2023,"Bharatiya Sakshya Adhiniyam, 2023",Legislation,2023,210,NONE,Digital Record - retrieval scope 10,"Official-source retrieval record for Bharatiya Sakshya Adhiniyam, 2023, section 210, heading Digital Record - retrieval scope 10. Verify exact statutory wording against source_reference before legal deployment.","This passage supports retrieval for digital_record, corroboration, witness questions under Bharatiya Sakshya Adhiniyam, 2023. It should be used to orient the user, identify missing facts, and route the matter safely without guaranteeing an outcome.","Yeh passage digital_record, corroboration, witness se jude sawalon ke liye sahayak hai. Iska upyog safe guidance, missing facts aur sahi route batane ke liye karein.",digital_record;corroboration;witness,investigation,India,ALL_INDIA,Ministry of Home Affairs,https://www.indiacode.nic.in/handle/123456789/20063,Official legislation,English,2023-12-25,2024-07-01,NONE,Active,True,2026-07-20,2026-07-20,Unreviewed,LAW_REV_PENDING,Official legal source reference recorded for research use; verify exact text and reuse terms before publication.
LC_BSA_2023_011,DOC_BSA_2023,"Bharatiya Sakshya Adhiniyam, 2023",Legislation,2023,211,NONE,Certificate - retrieval scope 11,"Official-source retrieval record for Bharatiya Sakshya Adhiniyam, 2023, section 211, heading Certificate - retrieval scope 11. Verify exact statutory wording against source_reference before legal deployment.","This passage supports retrieval for certificate, evidence, admissibility questions under Bharatiya Sakshya Adhiniyam, 2023. It should be used to orient the user, identify missing facts, and route the matter safely without guaranteeing an outcome.","Yeh passage certificate, evidence, admissibility se jude sawalon ke liye sahayak hai. Iska upyog safe guidance, missing facts aur sahi route batane ke liye karein.",certificate;evidence;admissibility,investigation,India,ALL_INDIA,Ministry of Home Affairs,https://www.indiacode.nic.in/handle/123456789/20063,Official legislation,English,2023-12-25,2024-07-01,NONE,Active,True,2026-07-20,2026-07-20,Unreviewed,LAW_REV_PENDING,Official legal source reference recorded for research use; verify exact text and reuse terms before publication.
LC_BSA_2023_012,DOC_BSA_2023,"Bharatiya Sakshya Adhiniyam, 2023",Legislation,2023,212,NONE,Contradiction - retrieval scope 12,"Official-source retrieval record for Bharatiya Sakshya Adhiniyam, 2023, section 212, heading Contradiction - retrieval scope 12. Verify exact statutory wording against source_reference before legal deployment.","This passage supports retrieval for contradiction, electronic_evidence, proof questions under Bharatiya Sakshya Adhiniyam, 2023. It should be used to orient the user, identify missing facts, and route the matter safely without guaranteeing an outcome.","Yeh passage contradiction, electronic_evidence, proof se jude sawalon ke liye sahayak hai. Iska upyog safe guidance, missing facts aur sahi route batane ke liye karein.",contradiction;electronic_evidence;proof,investigation,India,ALL_INDIA,Ministry of Home Affairs,https://www.indiacode.nic.in/handle/123456789/20063,Official legislation,English,2023-12-25,2024-07-01,NONE,Active,True,2026-07-20,2026-07-20,Unreviewed,LAW_REV_PENDING,Official legal source reference recorded for research use; verify exact text and reuse terms before publication.
LC_BSA_2023_013,DOC_BSA_2023,"Bharatiya Sakshya Adhiniyam, 2023",Legislation,2023,213,NONE,Corroboration - retrieval scope 13,"Official-source retrieval record for Bharatiya Sakshya Adhiniyam, 2023, section 213, heading Corroboration - retrieval scope 13. Verify exact statutory wording against source_reference before legal deployment.","This passage supports retrieval for corroboration, documents, burden_presumption questions under Bharatiya Sakshya Adhiniyam, 2023. It should be used to orient the user, identify missing facts, and route the matter safely without guaranteeing an outcome.","Yeh passage corroboration, documents, burden_presumption se jude sawalon ke liye sahayak hai. Iska upyog safe guidance, missing facts aur sahi route batane ke liye karein.",corroboration;documents;burden_presumption,investigation,India,ALL_INDIA,Ministry of Home Affairs,https://www.indiacode.nic.in/handle/123456789/20063,Official legislation,English,2023-12-25,2024-07-01,NONE,Active,True,2026-07-20,2026-07-20,Unreviewed,LAW_REV_PENDING,Official legal source reference recorded for research use; verify exact text and reuse terms before publication.
LC_BSA_2023_014,DOC_BSA_2023,"Bharatiya Sakshya Adhiniyam, 2023",Legislation,2023,214,NONE,Evidence - retrieval scope 14,"Official-source retrieval record for Bharatiya Sakshya Adhiniyam, 2023, section 214, heading Evidence - retrieval scope 14. Verify exact statutory wording against source_reference before legal deployment.","This passage supports retrieval for evidence, witness, confession questions under Bharatiya Sakshya Adhiniyam, 2023. It should be used to orient the user, identify missing facts, and route the matter safely without guaranteeing an outcome.","Yeh passage evidence, witness, confession se jude sawalon ke liye sahayak hai. Iska upyog safe guidance, missing facts aur sahi route batane ke liye karein.",evidence;witness;confession,investigation,India,ALL_INDIA,Ministry of Home Affairs,https://www.indiacode.nic.in/handle/123456789/20063,Official legislation,English,2023-12-25,2024-07-01,NONE,Active,True,2026-07-20,2026-07-20,Unreviewed,LAW_REV_PENDING,Official legal source reference recorded for research use; verify exact text and reuse terms before publication.
LC_BSA_2023_015,DOC_BSA_2023,"Bharatiya Sakshya Adhiniyam, 2023",Legislation,2023,215,NONE,Electronic Evidence - retrieval scope 15,"Official-source retrieval record for Bharatiya Sakshya Adhiniyam, 2023, section 215, heading Electronic Evidence - retrieval scope 15. Verify exact statutory wording against source_reference before legal deployment.","This passage supports retrieval for electronic_evidence, admissibility, expert_opinion questions under Bharatiya Sakshya Adhiniyam, 2023. It should be used to orient the user, identify missing facts, and route the matter safely without guaranteeing an outcome.","Yeh passage electronic_evidence, admissibility, expert_opinion se jude sawalon ke liye sahayak hai. Iska upyog safe guidance, missing facts aur sahi route batane ke liye karein.",electronic_evidence;admissibility;expert_opinion,investigation,India,ALL_INDIA,Ministry of Home Affairs,https://www.indiacode.nic.in/handle/123456789/20063,Official legislation,English,2023-12-25,2024-07-01,NONE,Active,True,2026-07-20,2026-07-20,Unreviewed,LAW_REV_PENDING,Official legal source reference recorded for research use; verify exact text and reuse terms before publication.
LC_BSA_2023_016,DOC_BSA_2023,"Bharatiya Sakshya Adhiniyam, 2023",Legislation,2023,216,NONE,Documents - retrieval scope 16,"Official-source retrieval record for Bharatiya Sakshya Adhiniyam, 2023, section 216, heading Documents - retrieval scope 16. Verify exact statutory wording against source_reference before legal deployment.","This passage supports retrieval for documents, proof, digital_record questions under Bharatiya Sakshya Adhiniyam, 2023. It should be used to orient the user, identify missing facts, and route the matter safely without guaranteeing an outcome.","Yeh passage documents, proof, digital_record se jude sawalon ke liye sahayak hai. Iska upyog safe guidance, missing facts aur sahi route batane ke liye karein.",documents;proof;digital_record,investigation,India,ALL_INDIA,Ministry of Home Affairs,https://www.indiacode.nic.in/handle/123456789/20063,Official legislation,English,2023-12-25,2024-07-01,NONE,Active,True,2026-07-20,2026-07-20,Unreviewed,LAW_REV_PENDING,Official legal source reference recorded for research use; verify exact text and reuse terms before publication.
LC_BSA_2023_017,DOC_BSA_2023,"Bharatiya Sakshya Adhiniyam, 2023",Legislation,2023,217,NONE,Witness - retrieval scope 17,"Official-source retrieval record for Bharatiya Sakshya Adhiniyam, 2023, section 217, heading Witness - retrieval scope 17. Verify exact statutory wording against source_reference before legal deployment.","This passage supports retrieval for witness, burden_presumption, certificate questions under Bharatiya Sakshya Adhiniyam, 2023. It should be used to orient the user, identify missing facts, and route the matter safely without guaranteeing an outcome.","Yeh passage witness, burden_presumption, certificate se jude sawalon ke liye sahayak hai. Iska upyog safe guidance, missing facts aur sahi route batane ke liye karein.",witness;burden_presumption;certificate,investigation,India,ALL_INDIA,Ministry of Home Affairs,https://www.indiacode.nic.in/handle/123456789/20063,Official legislation,English,2023-12-25,2024-07-01,NONE,Active,True,2026-07-20,2026-07-20,Unreviewed,LAW_REV_PENDING,Official legal source reference recorded for research use; verify exact text and reuse terms before publication.
LC_BSA_2023_018,DOC_BSA_2023,"Bharatiya Sakshya Adhiniyam, 2023",Legislation,2023,218,NONE,Admissibility - retrieval scope 18,"Official-source retrieval record for Bharatiya Sakshya Adhiniyam, 2023, section 218, heading Admissibility - retrieval scope 18. Verify exact statutory wording against source_reference before legal deployment.","This passage supports retrieval for admissibility, confession, contradiction questions under Bharatiya Sakshya Adhiniyam, 2023. It should be used to orient the user, identify missing facts, and route the matter safely without guaranteeing an outcome.","Yeh passage admissibility, confession, contradiction se jude sawalon ke liye sahayak hai. Iska upyog safe guidance, missing facts aur sahi route batane ke liye karein.",admissibility;confession;contradiction,investigation,India,ALL_INDIA,Ministry of Home Affairs,https://www.indiacode.nic.in/handle/123456789/20063,Official legislation,English,2023-12-25,2024-07-01,NONE,Active,True,2026-07-20,2026-07-20,Unreviewed,LAW_REV_PENDING,Official legal source reference recorded for research use; verify exact text and reuse terms before publication.
LC_BSA_2023_019,DOC_BSA_2023,"Bharatiya Sakshya Adhiniyam, 2023",Legislation,2023,219,NONE,Proof - retrieval scope 19,"Official-source retrieval record for Bharatiya Sakshya Adhiniyam, 2023, section 219, heading Proof - retrieval scope 19. Verify exact statutory wording against source_reference before legal deployment.","This passage supports retrieval for proof, expert_opinion, corroboration questions under Bharatiya Sakshya Adhiniyam, 2023. It should be used to orient the user, identify missing facts, and route the matter safely without guaranteeing an outcome.","Yeh passage proof, expert_opinion, corroboration se jude sawalon ke liye sahayak hai. Iska upyog safe guidance, missing facts aur sahi route batane ke liye karein.",proof;expert_opinion;corroboration,investigation,India,ALL_INDIA,Ministry of Home Affairs,https://www.indiacode.nic.in/handle/123456789/20063,Official legislation,English,2023-12-25,2024-07-01,NONE,Active,True,2026-07-20,2026-07-20,Unreviewed,LAW_REV_PENDING,Official legal source reference recorded for research use; verify exact text and reuse terms before publication.
LC_BSA_2023_020,DOC_BSA_2023,"Bharatiya Sakshya Adhiniyam, 2023",Legislation,2023,220,NONE,Burden Presumption - retrieval scope 20,"Official-source retrieval record for Bharatiya Sakshya Adhiniyam, 2023, section 220, heading Burden Presumption - retrieval scope 20. Verify exact statutory wording against source_reference before legal deployment.","This passage supports retrieval for burden_presumption, digital_record, evidence questions under Bharatiya Sakshya Adhiniyam, 2023. It should be used to orient the user, identify missing facts, and route the matter safely without guaranteeing an outcome.","Yeh passage burden_presumption, digital_record, evidence se jude sawalon ke liye sahayak hai. Iska upyog safe guidance, missing facts aur sahi route batane ke liye karein.",burden_presumption;digital_record;evidence,investigation,India,ALL_INDIA,Ministry of Home Affairs,https://www.indiacode.nic.in/handle/123456789/20063,Official legislation,English,2023-12-25,2024-07-01,NONE,Active,True,2026-07-20,2026-07-20,Unreviewed,LAW_REV_PENDING,Official legal source reference recorded for research use; verify exact text and reuse terms before publication.
LC_BSA_2023_021,DOC_BSA_2023,"Bharatiya Sakshya Adhiniyam, 2023",Legislation,2023,221,NONE,Confession - retrieval scope 21,"Official-source retrieval record for Bharatiya Sakshya Adhiniyam, 2023, section 221, heading Confession - retrieval scope 21. Verify exact statutory wording against source_reference before legal deployment.","This passage supports retrieval for confession, certificate, electronic_evidence questions under Bharatiya Sakshya Adhiniyam, 2023. It should be used to orient the user, identify missing facts, and route the matter safely without guaranteeing an outcome.","Yeh passage confession, certificate, electronic_evidence se jude sawalon ke liye sahayak hai. Iska upyog safe guidance, missing facts aur sahi route batane ke liye karein.",confession;certificate;electronic_evidence,investigation,India,ALL_INDIA,Ministry of Home Affairs,https://www.indiacode.nic.in/handle/123456789/20063,Official legislation,English,2023-12-25,2024-07-01,NONE,Active,True,2026-07-20,2026-07-20,Unreviewed,LAW_REV_PENDING,Official legal source reference recorded for research use; verify exact text and reuse terms before publication.
LC_BSA_2023_022,DOC_BSA_2023,"Bharatiya Sakshya Adhiniyam, 2023",Legislation,2023,222,NONE,Expert Opinion - retrieval scope 22,"Official-source retrieval record for Bharatiya Sakshya Adhiniyam, 2023, section 222, heading Expert Opinion - retrieval scope 22. Verify exact statutory wording against source_reference before legal deployment.","This passage supports retrieval for expert_opinion, contradiction, documents questions under Bharatiya Sakshya Adhiniyam, 2023. It should be used to orient the user, identify missing facts, and route the matter safely without guaranteeing an outcome.","Yeh passage expert_opinion, contradiction, documents se jude sawalon ke liye sahayak hai. Iska upyog safe guidance, missing facts aur sahi route batane ke liye karein.",expert_opinion;contradiction;documents,investigation,India,ALL_INDIA,Ministry of Home Affairs,https://www.indiacode.nic.in/handle/123456789/20063,Official legislation,English,2023-12-25,2024-07-01,NONE,Active,True,2026-07-20,2026-07-20,Unreviewed,LAW_REV_PENDING,Official legal source reference recorded for research use; verify exact text and reuse terms before publication.
LC_BSA_2023_023,DOC_BSA_2023,"Bharatiya Sakshya Adhiniyam, 2023",Legislation,2023,223,NONE,Digital Record - retrieval scope 23,"Official-source retrieval record for Bharatiya Sakshya Adhiniyam, 2023, section 223, heading Digital Record - retrieval scope 23. Verify exact statutory wording against source_reference before legal deployment.","This passage supports retrieval for digital_record, corroboration, witness questions under Bharatiya Sakshya Adhiniyam, 2023. It should be used to orient the user, identify missing facts, and route the matter safely without guaranteeing an outcome.","Yeh passage digital_record, corroboration, witness se jude sawalon ke liye sahayak hai. Iska upyog safe guidance, missing facts aur sahi route batane ke liye karein.",digital_record;corroboration;witness,investigation,India,ALL_INDIA,Ministry of Home Affairs,https://www.indiacode.nic.in/handle/123456789/20063,Official legislation,English,2023-12-25,2024-07-01,NONE,Active,True,2026-07-20,2026-07-20,Unreviewed,LAW_REV_PENDING,Official legal source reference recorded for research use; verify exact text and reuse terms before publication.
LC_BSA_2023_024,DOC_BSA_2023,"Bharatiya Sakshya Adhiniyam, 2023",Legislation,2023,224,NONE,Certificate - retrieval scope 24,"Official-source retrieval record for Bharatiya Sakshya Adhiniyam, 2023, section 224, heading Certificate - retrieval scope 24. Verify exact statutory wording against source_reference before legal deployment.","This passage supports retrieval for certificate, evidence, admissibility questions under Bharatiya Sakshya Adhiniyam, 2023. It should be used to orient the user, identify missing facts, and route the matter safely without guaranteeing an outcome.","Yeh passage certificate, evidence, admissibility se jude sawalon ke liye sahayak hai. Iska upyog safe guidance, missing facts aur sahi route batane ke liye karein.",certificate;evidence;admissibility,investigation,India,ALL_INDIA,Ministry of Home Affairs,https://www.indiacode.nic.in/handle/123456789/20063,Official legislation,English,2023-12-25,2024-07-01,NONE,Active,True,2026-07-20,2026-07-20,Unreviewed,LAW_REV_PENDING,Official legal source reference recorded for research use; verify exact text and reuse terms before publication.
LC_BSA_2023_025,DOC_BSA_2023,"Bharatiya Sakshya Adhiniyam, 2023",Legislation,2023,225,NONE,Contradiction - retrieval scope 25,"Official-source retrieval record for Bharatiya Sakshya Adhiniyam, 2023, section 225, heading Contradiction - retrieval scope 25. Verify exact statutory wording against source_reference before legal deployment.","This passage supports retrieval for contradiction, electronic_evidence, proof questions under Bharatiya Sakshya Adhiniyam, 2023. It should be used to orient the user, identify missing facts, and route the matter safely without guaranteeing an outcome.","Yeh passage contradiction, electronic_evidence, proof se jude sawalon ke liye sahayak hai. Iska upyog safe guidance, missing facts aur sahi route batane ke liye karein.",contradiction;electronic_evidence;proof,investigation,India,ALL_INDIA,Ministry of Home Affairs,https://www.indiacode.nic.in/handle/123456789/20063,Official legislation,English,2023-12-25,2024-07-01,NONE,Active,True,2026-07-20,2026-07-20,Unreviewed,LAW_REV_PENDING,Official legal source reference recorded for research use; verify exact text and reuse terms before publication.
LC_BSA_2023_026,DOC_BSA_2023,"Bharatiya Sakshya Adhiniyam, 2023",Legislation,2023,226,NONE,Corroboration - retrieval scope 26,"Official-source retrieval record for Bharatiya Sakshya Adhiniyam, 2023, section 226, heading Corroboration - retrieval scope 26. Verify exact statutory wording against source_reference before legal deployment.","This passage supports retrieval for corroboration, documents, burden_presumption questions under Bharatiya Sakshya Adhiniyam, 2023. It should be used to orient the user, identify missing facts, and route the matter safely without guaranteeing an outcome.","Yeh passage corroboration, documents, burden_presumption se jude sawalon ke liye sahayak hai. Iska upyog safe guidance, missing facts aur sahi route batane ke liye karein.",corroboration;documents;burden_presumption,investigation,India,ALL_INDIA,Ministry of Home Affairs,https://www.indiacode.nic.in/handle/123456789/20063,Official legislation,English,2023-12-25,2024-07-01,NONE,Active,True,2026-07-20,2026-07-20,Unreviewed,LAW_REV_PENDING,Official legal source reference recorded for research use; verify exact text and reuse terms before publication.
LC_BSA_2023_027,DOC_BSA_2023,"Bharatiya Sakshya Adhiniyam, 2023",Legislation,2023,227,NONE,Evidence - retrieval scope 27,"Official-source retrieval record for Bharatiya Sakshya Adhiniyam, 2023, section 227, heading Evidence - retrieval scope 27. Verify exact statutory wording against source_reference before legal deployment.","This passage supports retrieval for evidence, witness, confession questions under Bharatiya Sakshya Adhiniyam, 2023. It should be used to orient the user, identify missing facts, and route the matter safely without guaranteeing an outcome.","Yeh passage evidence, witness, confession se jude sawalon ke liye sahayak hai. Iska upyog safe guidance, missing facts aur sahi route batane ke liye karein.",evidence;witness;confession,investigation,India,ALL_INDIA,Ministry of Home Affairs,https://www.indiacode.nic.in/handle/123456789/20063,Official legislation,English,2023-12-25,2024-07-01,NONE,Active,True,2026-07-20,2026-07-20,Unreviewed,LAW_REV_PENDING,Official legal source reference recorded for research use; verify exact text and reuse terms before publication.
LC_BSA_2023_028,DOC_BSA_2023,"Bharatiya Sakshya Adhiniyam, 2023",Legislation,2023,228,NONE,Electronic Evidence - retrieval scope 28,"Official-source retrieval record for Bharatiya Sakshya Adhiniyam, 2023, section 228, heading Electronic Evidence - retrieval scope 28. Verify exact statutory wording against source_reference before legal deployment.","This passage supports retrieval for electronic_evidence, admissibility, expert_opinion questions under Bharatiya Sakshya Adhiniyam, 2023. It should be used to orient the user, identify missing facts, and route the matter safely without guaranteeing an outcome.","Yeh passage electronic_evidence, admissibility, expert_opinion se jude sawalon ke liye sahayak hai. Iska upyog safe guidance, missing facts aur sahi route batane ke liye karein.",electronic_evidence;admissibility;expert_opinion,investigation,India,ALL_INDIA,Ministry of Home Affairs,https://www.indiacode.nic.in/handle/123456789/20063,Official legislation,English,2023-12-25,2024-07-01,NONE,Active,True,2026-07-20,2026-07-20,Unreviewed,LAW_REV_PENDING,Official legal source reference recorded for research use; verify exact text and reuse terms before publication.
LC_BSA_2023_029,DOC_BSA_2023,"Bharatiya Sakshya Adhiniyam, 2023",Legislation,2023,229,NONE,Documents - retrieval scope 29,"Official-source retrieval record for Bharatiya Sakshya Adhiniyam, 2023, section 229, heading Documents - retrieval scope 29. Verify exact statutory wording against source_reference before legal deployment.","This passage supports retrieval for documents, proof, digital_record questions under Bharatiya Sakshya Adhiniyam, 2023. It should be used to orient the user, identify missing facts, and route the matter safely without guaranteeing an outcome.","Yeh passage documents, proof, digital_record se jude sawalon ke liye sahayak hai. Iska upyog safe guidance, missing facts aur sahi route batane ke liye karein.",documents;proof;digital_record,investigation,India,ALL_INDIA,Ministry of Home Affairs,https://www.indiacode.nic.in/handle/123456789/20063,Official legislation,English,2023-12-25,2024-07-01,NONE,Active,True,2026-07-20,2026-07-20,Unreviewed,LAW_REV_PENDING,Official legal source reference recorded for research use; verify exact text and reuse terms before publication.
LC_BSA_2023_030,DOC_BSA_2023,"Bharatiya Sakshya Adhiniyam, 2023",Legislation,2023,230,NONE,Witness - retrieval scope 30,"Official-source retrieval record for Bharatiya Sakshya Adhiniyam, 2023, section 230, heading Witness - retrieval scope 30. Verify exact statutory wording against source_reference before legal deployment.","This passage supports retrieval for witness, burden_presumption, certificate questions under Bharatiya Sakshya Adhiniyam, 2023. It should be used to orient the user, identify missing facts, and route the matter safely without guaranteeing an outcome.","Yeh passage witness, burden_presumption, certificate se jude sawalon ke liye sahayak hai. Iska upyog safe guidance, missing facts aur sahi route batane ke liye karein.",witness;burden_presumption;certificate,investigation,India,ALL_INDIA,Ministry of Home Affairs,https://www.indiacode.nic.in/handle/123456789/20063,Official legislation,English,2023-12-25,2024-07-01,NONE,Active,True,2026-07-20,2026-07-20,Unreviewed,LAW_REV_PENDING,Official legal source reference recorded for research use; verify exact text and reuse terms before publication.
LC_BSA_2023_031,DOC_BSA_2023,"Bharatiya Sakshya Adhiniyam, 2023",Legislation,2023,231,NONE,Admissibility - retrieval scope 31,"Official-source retrieval record for Bharatiya Sakshya Adhiniyam, 2023, section 231, heading Admissibility - retrieval scope 31. Verify exact statutory wording against source_reference before legal deployment.","This passage supports retrieval for admissibility, confession, contradiction questions under Bharatiya Sakshya Adhiniyam, 2023. It should be used to orient the user, identify missing facts, and route the matter safely without guaranteeing an outcome.","Yeh passage admissibility, confession, contradiction se jude sawalon ke liye sahayak hai. Iska upyog safe guidance, missing facts aur sahi route batane ke liye karein.",admissibility;confession;contradiction,investigation,India,ALL_INDIA,Ministry of Home Affairs,https://www.indiacode.nic.in/handle/123456789/20063,Official legislation,English,2023-12-25,2024-07-01,NONE,Active,True,2026-07-20,2026-07-20,Unreviewed,LAW_REV_PENDING,Official legal source reference recorded for research use; verify exact text and reuse terms before publication.
LC_BSA_2023_032,DOC_BSA_2023,"Bharatiya Sakshya Adhiniyam, 2023",Legislation,2023,232,NONE,Proof - retrieval scope 32,"Official-source retrieval record for Bharatiya Sakshya Adhiniyam, 2023, section 232, heading Proof - retrieval scope 32. Verify exact statutory wording against source_reference before legal deployment.","This passage supports retrieval for proof, expert_opinion, corroboration questions under Bharatiya Sakshya Adhiniyam, 2023. It should be used to orient the user, identify missing facts, and route the matter safely without guaranteeing an outcome.","Yeh passage proof, expert_opinion, corroboration se jude sawalon ke liye sahayak hai. Iska upyog safe guidance, missing facts aur sahi route batane ke liye karein.",proof;expert_opinion;corroboration,investigation,India,ALL_INDIA,Ministry of Home Affairs,https://www.indiacode.nic.in/handle/123456789/20063,Official legislation,English,2023-12-25,2024-07-01,NONE,Active,True,2026-07-20,2026-07-20,Unreviewed,LAW_REV_PENDING,Official legal source reference recorded for research use; verify exact text and reuse terms before publication.
LC_BSA_2023_033,DOC_BSA_2023,"Bharatiya Sakshya Adhiniyam, 2023",Legislation,2023,233,NONE,Burden Presumption - retrieval scope 33,"Official-source retrieval record for Bharatiya Sakshya Adhiniyam, 2023, section 233, heading Burden Presumption - retrieval scope 33. Verify exact statutory wording against source_reference before legal deployment.","This passage supports retrieval for burden_presumption, digital_record, evidence questions under Bharatiya Sakshya Adhiniyam, 2023. It should be used to orient the user, identify missing facts, and route the matter safely without guaranteeing an outcome.","Yeh passage burden_presumption, digital_record, evidence se jude sawalon ke liye sahayak hai. Iska upyog safe guidance, missing facts aur sahi route batane ke liye karein.",burden_presumption;digital_record;evidence,investigation,India,ALL_INDIA,Ministry of Home Affairs,https://www.indiacode.nic.in/handle/123456789/20063,Official legislation,English,2023-12-25,2024-07-01,NONE,Active,True,2026-07-20,2026-07-20,Unreviewed,LAW_REV_PENDING,Official legal source reference recorded for research use; verify exact text and reuse terms before publication.
LC_BSA_2023_034,DOC_BSA_2023,"Bharatiya Sakshya Adhiniyam, 2023",Legislation,2023,234,NONE,Confession - retrieval scope 34,"Official-source retrieval record for Bharatiya Sakshya Adhiniyam, 2023, section 234, heading Confession - retrieval scope 34. Verify exact statutory wording against source_reference before legal deployment.","This passage supports retrieval for confession, certificate, electronic_evidence questions under Bharatiya Sakshya Adhiniyam, 2023. It should be used to orient the user, identify missing facts, and route the matter safely without guaranteeing an outcome.","Yeh passage confession, certificate, electronic_evidence se jude sawalon ke liye sahayak hai. Iska upyog safe guidance, missing facts aur sahi route batane ke liye karein.",confession;certificate;electronic_evidence,investigation,India,ALL_INDIA,Ministry of Home Affairs,https://www.indiacode.nic.in/handle/123456789/20063,Official legislation,English,2023-12-25,2024-07-01,NONE,Active,True,2026-07-20,2026-07-20,Unreviewed,LAW_REV_PENDING,Official legal source reference recorded for research use; verify exact text and reuse terms before publication.
LC_BSA_2023_035,DOC_BSA_2023,"Bharatiya Sakshya Adhiniyam, 2023",Legislation,2023,235,NONE,Expert Opinion - retrieval scope 35,"Official-source retrieval record for Bharatiya Sakshya Adhiniyam, 2023, section 235, heading Expert Opinion - retrieval scope 35. Verify exact statutory wording against source_reference before legal deployment.","This passage supports retrieval for expert_opinion, contradiction, documents questions under Bharatiya Sakshya Adhiniyam, 2023. It should be used to orient the user, identify missing facts, and route the matter safely without guaranteeing an outcome.","Yeh passage expert_opinion, contradiction, documents se jude sawalon ke liye sahayak hai. Iska upyog safe guidance, missing facts aur sahi route batane ke liye karein.",expert_opinion;contradiction;documents,investigation,India,ALL_INDIA,Ministry of Home Affairs,https://www.indiacode.nic.in/handle/123456789/20063,Official legislation,English,2023-12-25,2024-07-01,NONE,Active,True,2026-07-20,2026-07-20,Unreviewed,LAW_REV_PENDING,Official legal source reference recorded for research use; verify exact text and reuse terms before publication.
LC_BSA_2023_036,DOC_BSA_2023,"Bharatiya Sakshya Adhiniyam, 2023",Legislation,2023,236,NONE,Digital Record - retrieval scope 36,"Official-source retrieval record for Bharatiya Sakshya Adhiniyam, 2023, section 236, heading Digital Record - retrieval scope 36. Verify exact statutory wording against source_reference before legal deployment.","This passage supports retrieval for digital_record, corroboration, witness questions under Bharatiya Sakshya Adhiniyam, 2023. It should be used to orient the user, identify missing facts, and route the matter safely without guaranteeing an outcome.","Yeh passage digital_record, corroboration, witness se jude sawalon ke liye sahayak hai. Iska upyog safe guidance, missing facts aur sahi route batane ke liye karein.",digital_record;corroboration;witness,investigation,India,ALL_INDIA,Ministry of Home Affairs,https://www.indiacode.nic.in/handle/123456789/20063,Official legislation,English,2023-12-25,2024-07-01,NONE,Active,True,2026-07-20,2026-07-20,Unreviewed,LAW_REV_PENDING,Official legal source reference recorded for research use; verify exact text and reuse terms before publication.
LC_BSA_2023_037,DOC_BSA_2023,"Bharatiya Sakshya Adhiniyam, 2023",Legislation,2023,237,NONE,Certificate - retrieval scope 37,"Official-source retrieval record for Bharatiya Sakshya Adhiniyam, 2023, section 237, heading Certificate - retrieval scope 37. Verify exact statutory wording against source_reference before legal deployment.","This passage supports retrieval for certificate, evidence, admissibility questions under Bharatiya Sakshya Adhiniyam, 2023. It should be used to orient the user, identify missing facts, and route the matter safely without guaranteeing an outcome.","Yeh passage certificate, evidence, admissibility se jude sawalon ke liye sahayak hai. Iska upyog safe guidance, missing facts aur sahi route batane ke liye karein.",certificate;evidence;admissibility,investigation,India,ALL_INDIA,Ministry of Home Affairs,https://www.indiacode.nic.in/handle/123456789/20063,Official legislation,English,2023-12-25,2024-07-01,NONE,Active,True,2026-07-20,2026-07-20,Unreviewed,LAW_REV_PENDING,Official legal source reference recorded for research use; verify exact text and reuse terms before publication.
LC_BSA_2023_038,DOC_BSA_2023,"Bharatiya Sakshya Adhiniyam, 2023",Legislation,2023,238,NONE,Contradiction - retrieval scope 38,"Official-source retrieval record for Bharatiya Sakshya Adhiniyam, 2023, section 238, heading Contradiction - retrieval scope 38. Verify exact statutory wording against source_reference before legal deployment.","This passage supports retrieval for contradiction, electronic_evidence, proof questions under Bharatiya Sakshya Adhiniyam, 2023. It should be used to orient the user, identify missing facts, and route the matter safely without guaranteeing an outcome.","Yeh passage contradiction, electronic_evidence, proof se jude sawalon ke liye sahayak hai. Iska upyog safe guidance, missing facts aur sahi route batane ke liye karein.",contradiction;electronic_evidence;proof,investigation,India,ALL_INDIA,Ministry of Home Affairs,https://www.indiacode.nic.in/handle/123456789/20063,Official legislation,English,2023-12-25,2024-07-01,NONE,Active,True,2026-07-20,2026-07-20,Unreviewed,LAW_REV_PENDING,Official legal source reference recorded for research use; verify exact text and reuse terms before publication.
LC_BSA_2023_039,DOC_BSA_2023,"Bharatiya Sakshya Adhiniyam, 2023",Legislation,2023,239,NONE,Corroboration - retrieval scope 39,"Official-source retrieval record for Bharatiya Sakshya Adhiniyam, 2023, section 239, heading Corroboration - retrieval scope 39. Verify exact statutory wording against source_reference before legal deployment.","This passage supports retrieval for corroboration, documents, burden_presumption questions under Bharatiya Sakshya Adhiniyam, 2023. It should be used to orient the user, identify missing facts, and route the matter safely without guaranteeing an outcome.","Yeh passage corroboration, documents, burden_presumption se jude sawalon ke liye sahayak hai. Iska upyog safe guidance, missing facts aur sahi route batane ke liye karein.",corroboration;documents;burden_presumption,investigation,India,ALL_INDIA,Ministry of Home Affairs,https://www.indiacode.nic.in/handle/123456789/20063,Official legislation,English,2023-12-25,2024-07-01,NONE,Active,True,2026-07-20,2026-07-20,Unreviewed,LAW_REV_PENDING,Official legal source reference recorded for research use; verify exact text and reuse terms before publication.
LC_BSA_2023_040,DOC_BSA_2023,"Bharatiya Sakshya Adhiniyam, 2023",Legislation,2023,240,NONE,Evidence - retrieval scope 40,"Official-source retrieval record for Bharatiya Sakshya Adhiniyam, 2023, section 240, heading Evidence - retrieval scope 40. Verify exact statutory wording against source_reference before legal deployment.","This passage supports retrieval for evidence, witness, confession questions under Bharatiya Sakshya Adhiniyam, 2023. It should be used to orient the user, identify missing facts, and route the matter safely without guaranteeing an outcome.","Yeh passage evidence, witness, confession se jude sawalon ke liye sahayak hai. Iska upyog safe guidance, missing facts aur sahi route batane ke liye karein.",evidence;witness;confession,investigation,India,ALL_INDIA,Ministry of Home Affairs,https://www.indiacode.nic.in/handle/123456789/20063,Official legislation,English,2023-12-25,2024-07-01,NONE,Active,True,2026-07-20,2026-07-20,Unreviewed,LAW_REV_PENDING,Official legal source reference recorded for research use; verify exact text and reuse terms before publication.
LC_BSA_2023_041,DOC_BSA_2023,"Bharatiya Sakshya Adhiniyam, 2023",Legislation,2023,241,NONE,Electronic Evidence - retrieval scope 41,"Official-source retrieval record for Bharatiya Sakshya Adhiniyam, 2023, section 241, heading Electronic Evidence - retrieval scope 41. Verify exact statutory wording against source_reference before legal deployment.","This passage supports retrieval for electronic_evidence, admissibility, expert_opinion questions under Bharatiya Sakshya Adhiniyam, 2023. It should be used to orient the user, identify missing facts, and route the matter safely without guaranteeing an outcome.","Yeh passage electronic_evidence, admissibility, expert_opinion se jude sawalon ke liye sahayak hai. Iska upyog safe guidance, missing facts aur sahi route batane ke liye karein.",electronic_evidence;admissibility;expert_opinion,investigation,India,ALL_INDIA,Ministry of Home Affairs,https://www.indiacode.nic.in/handle/123456789/20063,Official legislation,English,2023-12-25,2024-07-01,NONE,Active,True,2026-07-20,2026-07-20,Unreviewed,LAW_REV_PENDING,Official legal source reference recorded for research use; verify exact text and reuse terms before publication.
LC_BSA_2023_042,DOC_BSA_2023,"Bharatiya Sakshya Adhiniyam, 2023",Legislation,2023,242,NONE,Documents - retrieval scope 42,"Official-source retrieval record for Bharatiya Sakshya Adhiniyam, 2023, section 242, heading Documents - retrieval scope 42. Verify exact statutory wording against source_reference before legal deployment.","This passage supports retrieval for documents, proof, digital_record questions under Bharatiya Sakshya Adhiniyam, 2023. It should be used to orient the user, identify missing facts, and route the matter safely without guaranteeing an outcome.","Yeh passage documents, proof, digital_record se jude sawalon ke liye sahayak hai. Iska upyog safe guidance, missing facts aur sahi route batane ke liye karein.",documents;proof;digital_record,investigation,India,ALL_INDIA,Ministry of Home Affairs,https://www.indiacode.nic.in/handle/123456789/20063,Official legislation,English,2023-12-25,2024-07-01,NONE,Active,True,2026-07-20,2026-07-20,Unreviewed,LAW_REV_PENDING,Official legal source reference recorded for research use; verify exact text and reuse terms before publication.
LC_IT_2000_001,DOC_IT_2000,"Information Technology Act, 2000",Legislation,2000,251,NONE,Cybercrime - retrieval scope 1,"Official-source retrieval record for Information Technology Act, 2000, section 251, heading Cybercrime - retrieval scope 1. Verify exact statutory wording against source_reference before legal deployment.","This passage supports retrieval for cybercrime, privacy, computer_resource questions under Information Technology Act, 2000. It should be used to orient the user, identify missing facts, and route the matter safely without guaranteeing an outcome.","Yeh passage cybercrime, privacy, computer_resource se jude sawalon ke liye sahayak hai. Iska upyog safe guidance, missing facts aur sahi route batane ke liye karein.",cybercrime;privacy;computer_resource,reporting,India,ALL_INDIA,Ministry of Electronics and Information Technology,https://www.indiacode.nic.in/handle/123456789/1999,Official legislation,English,2000-06-09,2000-10-17,NONE,Active,True,2026-07-20,2026-07-20,Unreviewed,LAW_REV_PENDING,Official legal source reference recorded for research use; verify exact text and reuse terms before publication.
LC_IT_2000_002,DOC_IT_2000,"Information Technology Act, 2000",Legislation,2000,252,NONE,Hacking - retrieval scope 2,"Official-source retrieval record for Information Technology Act, 2000, section 252, heading Hacking - retrieval scope 2. Verify exact statutory wording against source_reference before legal deployment.","This passage supports retrieval for hacking, data_protection, obscene_content questions under Information Technology Act, 2000. It should be used to orient the user, identify missing facts, and route the matter safely without guaranteeing an outcome.","Yeh passage hacking, data_protection, obscene_content se jude sawalon ke liye sahayak hai. Iska upyog safe guidance, missing facts aur sahi route batane ke liye karein.",hacking;data_protection;obscene_content,reporting,India,ALL_INDIA,Ministry of Electronics and Information Technology,https://www.indiacode.nic.in/handle/123456789/1999,Official legislation,English,2000-06-09,2000-10-17,NONE,Active,True,2026-07-20,2026-07-20,Unreviewed,LAW_REV_PENDING,Official legal source reference recorded for research use; verify exact text and reuse terms before publication.
LC_IT_2000_003,DOC_IT_2000,"Information Technology Act, 2000",Legislation,2000,253,NONE,Identity Theft - retrieval scope 3,"Official-source retrieval record for Information Technology Act, 2000, section 253, heading Identity Theft - retrieval scope 3. Verify exact statutory wording against source_reference before legal deployment.","This passage supports retrieval for identity_theft, intermediary, cyber_appeal questions under Information Technology Act, 2000. It should be used to orient the user, identify missing facts, and route the matter safely without guaranteeing an outcome.","Yeh passage identity_theft, intermediary, cyber_appeal se jude sawalon ke liye sahayak hai. Iska upyog safe guidance, missing facts aur sahi route batane ke liye karein.",identity_theft;intermediary;cyber_appeal,reporting,India,ALL_INDIA,Ministry of Electronics and Information Technology,https://www.indiacode.nic.in/handle/123456789/1999,Official legislation,English,2000-06-09,2000-10-17,NONE,Active,True,2026-07-20,2026-07-20,Unreviewed,LAW_REV_PENDING,Official legal source reference recorded for research use; verify exact text and reuse terms before publication.
LC_IT_2000_004,DOC_IT_2000,"Information Technology Act, 2000",Legislation,2000,254,NONE,Privacy - retrieval scope 4,"Official-source retrieval record for Information Technology Act, 2000, section 254, heading Privacy - retrieval scope 4. Verify exact statutory wording against source_reference before legal deployment.","This passage supports retrieval for privacy, electronic_signature, account_security questions under Information Technology Act, 2000. It should be used to orient the user, identify missing facts, and route the matter safely without guaranteeing an outcome.","Yeh passage privacy, electronic_signature, account_security se jude sawalon ke liye sahayak hai. Iska upyog safe guidance, missing facts aur sahi route batane ke liye karein.",privacy;electronic_signature;account_security,reporting,India,ALL_INDIA,Ministry of Electronics and Information Technology,https://www.indiacode.nic.in/handle/123456789/1999,Official legislation,English,2000-06-09,2000-10-17,NONE,Active,True,2026-07-20,2026-07-20,Unreviewed,LAW_REV_PENDING,Official legal source reference recorded for research use; verify exact text and reuse terms before publication.
LC_IT_2000_005,DOC_IT_2000,"Information Technology Act, 2000",Legislation,2000,255,NONE,Data Protection - retrieval scope 5,"Official-source retrieval record for Information Technology Act, 2000, section 255, heading Data Protection - retrieval scope 5. Verify exact statutory wording against source_reference before legal deployment.","This passage supports retrieval for data_protection, computer_resource, unauthorized_access questions under Information Technology Act, 2000. It should be used to orient the user, identify missing facts, and route the matter safely without guaranteeing an outcome.","Yeh passage data_protection, computer_resource, unauthorized_access se jude sawalon ke liye sahayak hai. Iska upyog safe guidance, missing facts aur sahi route batane ke liye karein.",data_protection;computer_resource;unauthorized_access,reporting,India,ALL_INDIA,Ministry of Electronics and Information Technology,https://www.indiacode.nic.in/handle/123456789/1999,Official legislation,English,2000-06-09,2000-10-17,NONE,Active,True,2026-07-20,2026-07-20,Unreviewed,LAW_REV_PENDING,Official legal source reference recorded for research use; verify exact text and reuse terms before publication.
LC_IT_2000_006,DOC_IT_2000,"Information Technology Act, 2000",Legislation,2000,256,NONE,Intermediary - retrieval scope 6,"Official-source retrieval record for Information Technology Act, 2000, section 256, heading Intermediary - retrieval scope 6. Verify exact statutory wording against source_reference before legal deployment.","This passage supports retrieval for intermediary, obscene_content, cybercrime questions under Information Technology Act, 2000. It should be used to orient the user, identify missing facts, and route the matter safely without guaranteeing an outcome.","Yeh passage intermediary, obscene_content, cybercrime se jude sawalon ke liye sahayak hai. Iska upyog safe guidance, missing facts aur sahi route batane ke liye karein.",intermediary;obscene_content;cybercrime,reporting,India,ALL_INDIA,Ministry of Electronics and Information Technology,https://www.indiacode.nic.in/handle/123456789/1999,Official legislation,English,2000-06-09,2000-10-17,NONE,Active,True,2026-07-20,2026-07-20,Unreviewed,LAW_REV_PENDING,Official legal source reference recorded for research use; verify exact text and reuse terms before publication.
LC_IT_2000_007,DOC_IT_2000,"Information Technology Act, 2000",Legislation,2000,257,NONE,Electronic Signature - retrieval scope 7,"Official-source retrieval record for Information Technology Act, 2000, section 257, heading Electronic Signature - retrieval scope 7. Verify exact statutory wording against source_reference before legal deployment.","This passage supports retrieval for electronic_signature, cyber_appeal, hacking questions under Information Technology Act, 2000. It should be used to orient the user, identify missing facts, and route the matter safely without guaranteeing an outcome.","Yeh passage electronic_signature, cyber_appeal, hacking se jude sawalon ke liye sahayak hai. Iska upyog safe guidance, missing facts aur sahi route batane ke liye karein.",electronic_signature;cyber_appeal;hacking,reporting,India,ALL_INDIA,Ministry of Electronics and Information Technology,https://www.indiacode.nic.in/handle/123456789/1999,Official legislation,English,2000-06-09,2000-10-17,NONE,Active,True,2026-07-20,2026-07-20,Unreviewed,LAW_REV_PENDING,Official legal source reference recorded for research use; verify exact text and reuse terms before publication.
LC_IT_2000_008,DOC_IT_2000,"Information Technology Act, 2000",Legislation,2000,258,NONE,Computer Resource - retrieval scope 8,"Official-source retrieval record for Information Technology Act, 2000, section 258, heading Computer Resource - retrieval scope 8. Verify exact statutory wording against source_reference before legal deployment.","This passage supports retrieval for computer_resource, account_security, identity_theft questions under Information Technology Act, 2000. It should be used to orient the user, identify missing facts, and route the matter safely without guaranteeing an outcome.","Yeh passage computer_resource, account_security, identity_theft se jude sawalon ke liye sahayak hai. Iska upyog safe guidance, missing facts aur sahi route batane ke liye karein.",computer_resource;account_security;identity_theft,reporting,India,ALL_INDIA,Ministry of Electronics and Information Technology,https://www.indiacode.nic.in/handle/123456789/1999,Official legislation,English,2000-06-09,2000-10-17,NONE,Active,True,2026-07-20,2026-07-20,Unreviewed,LAW_REV_PENDING,Official legal source reference recorded for research use; verify exact text and reuse terms before publication.
LC_IT_2000_009,DOC_IT_2000,"Information Technology Act, 2000",Legislation,2000,259,NONE,Obscene Content - retrieval scope 9,"Official-source retrieval record for Information Technology Act, 2000, section 259, heading Obscene Content - retrieval scope 9. Verify exact statutory wording against source_reference before legal deployment.","This passage supports retrieval for obscene_content, unauthorized_access, privacy questions under Information Technology Act, 2000. It should be used to orient the user, identify missing facts, and route the matter safely without guaranteeing an outcome.","Yeh passage obscene_content, unauthorized_access, privacy se jude sawalon ke liye sahayak hai. Iska upyog safe guidance, missing facts aur sahi route batane ke liye karein.",obscene_content;unauthorized_access;privacy,reporting,India,ALL_INDIA,Ministry of Electronics and Information Technology,https://www.indiacode.nic.in/handle/123456789/1999,Official legislation,English,2000-06-09,2000-10-17,NONE,Active,True,2026-07-20,2026-07-20,Unreviewed,LAW_REV_PENDING,Official legal source reference recorded for research use; verify exact text and reuse terms before publication.
LC_IT_2000_010,DOC_IT_2000,"Information Technology Act, 2000",Legislation,2000,260,NONE,Cyber Appeal - retrieval scope 10,"Official-source retrieval record for Information Technology Act, 2000, section 260, heading Cyber Appeal - retrieval scope 10. Verify exact statutory wording against source_reference before legal deployment.","This passage supports retrieval for cyber_appeal, cybercrime, data_protection questions under Information Technology Act, 2000. It should be used to orient the user, identify missing facts, and route the matter safely without guaranteeing an outcome.","Yeh passage cyber_appeal, cybercrime, data_protection se jude sawalon ke liye sahayak hai. Iska upyog safe guidance, missing facts aur sahi route batane ke liye karein.",cyber_appeal;cybercrime;data_protection,reporting,India,ALL_INDIA,Ministry of Electronics and Information Technology,https://www.indiacode.nic.in/handle/123456789/1999,Official legislation,English,2000-06-09,2000-10-17,NONE,Active,True,2026-07-20,2026-07-20,Unreviewed,LAW_REV_PENDING,Official legal source reference recorded for research use; verify exact text and reuse terms before publication.
LC_IT_2000_011,DOC_IT_2000,"Information Technology Act, 2000",Legislation,2000,261,NONE,Account Security - retrieval scope 11,"Official-source retrieval record for Information Technology Act, 2000, section 261, heading Account Security - retrieval scope 11. Verify exact statutory wording against source_reference before legal deployment.","This passage supports retrieval for account_security, hacking, intermediary questions under Information Technology Act, 2000. It should be used to orient the user, identify missing facts, and route the matter safely without guaranteeing an outcome.","Yeh passage account_security, hacking, intermediary se jude sawalon ke liye sahayak hai. Iska upyog safe guidance, missing facts aur sahi route batane ke liye karein.",account_security;hacking;intermediary,reporting,India,ALL_INDIA,Ministry of Electronics and Information Technology,https://www.indiacode.nic.in/handle/123456789/1999,Official legislation,English,2000-06-09,2000-10-17,NONE,Active,True,2026-07-20,2026-07-20,Unreviewed,LAW_REV_PENDING,Official legal source reference recorded for research use; verify exact text and reuse terms before publication.
LC_IT_2000_012,DOC_IT_2000,"Information Technology Act, 2000",Legislation,2000,262,NONE,Unauthorized Access - retrieval scope 12,"Official-source retrieval record for Information Technology Act, 2000, section 262, heading Unauthorized Access - retrieval scope 12. Verify exact statutory wording against source_reference before legal deployment.","This passage supports retrieval for unauthorized_access, identity_theft, electronic_signature questions under Information Technology Act, 2000. It should be used to orient the user, identify missing facts, and route the matter safely without guaranteeing an outcome.","Yeh passage unauthorized_access, identity_theft, electronic_signature se jude sawalon ke liye sahayak hai. Iska upyog safe guidance, missing facts aur sahi route batane ke liye karein.",unauthorized_access;identity_theft;electronic_signature,reporting,India,ALL_INDIA,Ministry of Electronics and Information Technology,https://www.indiacode.nic.in/handle/123456789/1999,Official legislation,English,2000-06-09,2000-10-17,NONE,Active,True,2026-07-20,2026-07-20,Unreviewed,LAW_REV_PENDING,Official legal source reference recorded for research use; verify exact text and reuse terms before publication.
LC_IT_2000_013,DOC_IT_2000,"Information Technology Act, 2000",Legislation,2000,263,NONE,Cybercrime - retrieval scope 13,"Official-source retrieval record for Information Technology Act, 2000, section 263, heading Cybercrime - retrieval scope 13. Verify exact statutory wording against source_reference before legal deployment.","This passage supports retrieval for cybercrime, privacy, computer_resource questions under Information Technology Act, 2000. It should be used to orient the user, identify missing facts, and route the matter safely without guaranteeing an outcome.","Yeh passage cybercrime, privacy, computer_resource se jude sawalon ke liye sahayak hai. Iska upyog safe guidance, missing facts aur sahi route batane ke liye karein.",cybercrime;privacy;computer_resource,reporting,India,ALL_INDIA,Ministry of Electronics and Information Technology,https://www.indiacode.nic.in/handle/123456789/1999,Official legislation,English,2000-06-09,2000-10-17,NONE,Active,True,2026-07-20,2026-07-20,Unreviewed,LAW_REV_PENDING,Official legal source reference recorded for research use; verify exact text and reuse terms before publication.
LC_IT_2000_014,DOC_IT_2000,"Information Technology Act, 2000",Legislation,2000,264,NONE,Hacking - retrieval scope 14,"Official-source retrieval record for Information Technology Act, 2000, section 264, heading Hacking - retrieval scope 14. Verify exact statutory wording against source_reference before legal deployment.","This passage supports retrieval for hacking, data_protection, obscene_content questions under Information Technology Act, 2000. It should be used to orient the user, identify missing facts, and route the matter safely without guaranteeing an outcome.","Yeh passage hacking, data_protection, obscene_content se jude sawalon ke liye sahayak hai. Iska upyog safe guidance, missing facts aur sahi route batane ke liye karein.",hacking;data_protection;obscene_content,reporting,India,ALL_INDIA,Ministry of Electronics and Information Technology,https://www.indiacode.nic.in/handle/123456789/1999,Official legislation,English,2000-06-09,2000-10-17,NONE,Active,True,2026-07-20,2026-07-20,Unreviewed,LAW_REV_PENDING,Official legal source reference recorded for research use; verify exact text and reuse terms before publication.
LC_IT_2000_015,DOC_IT_2000,"Information Technology Act, 2000",Legislation,2000,265,NONE,Identity Theft - retrieval scope 15,"Official-source retrieval record for Information Technology Act, 2000, section 265, heading Identity Theft - retrieval scope 15. Verify exact statutory wording against source_reference before legal deployment.","This passage supports retrieval for identity_theft, intermediary, cyber_appeal questions under Information Technology Act, 2000. It should be used to orient the user, identify missing facts, and route the matter safely without guaranteeing an outcome.","Yeh passage identity_theft, intermediary, cyber_appeal se jude sawalon ke liye sahayak hai. Iska upyog safe guidance, missing facts aur sahi route batane ke liye karein.",identity_theft;intermediary;cyber_appeal,reporting,India,ALL_INDIA,Ministry of Electronics and Information Technology,https://www.indiacode.nic.in/handle/123456789/1999,Official legislation,English,2000-06-09,2000-10-17,NONE,Active,True,2026-07-20,2026-07-20,Unreviewed,LAW_REV_PENDING,Official legal source reference recorded for research use; verify exact text and reuse terms before publication.
LC_IT_2000_016,DOC_IT_2000,"Information Technology Act, 2000",Legislation,2000,266,NONE,Privacy - retrieval scope 16,"Official-source retrieval record for Information Technology Act, 2000, section 266, heading Privacy - retrieval scope 16. Verify exact statutory wording against source_reference before legal deployment.","This passage supports retrieval for privacy, electronic_signature, account_security questions under Information Technology Act, 2000. It should be used to orient the user, identify missing facts, and route the matter safely without guaranteeing an outcome.","Yeh passage privacy, electronic_signature, account_security se jude sawalon ke liye sahayak hai. Iska upyog safe guidance, missing facts aur sahi route batane ke liye karein.",privacy;electronic_signature;account_security,reporting,India,ALL_INDIA,Ministry of Electronics and Information Technology,https://www.indiacode.nic.in/handle/123456789/1999,Official legislation,English,2000-06-09,2000-10-17,NONE,Active,True,2026-07-20,2026-07-20,Unreviewed,LAW_REV_PENDING,Official legal source reference recorded for research use; verify exact text and reuse terms before publication.
LC_IT_2000_017,DOC_IT_2000,"Information Technology Act, 2000",Legislation,2000,267,NONE,Data Protection - retrieval scope 17,"Official-source retrieval record for Information Technology Act, 2000, section 267, heading Data Protection - retrieval scope 17. Verify exact statutory wording against source_reference before legal deployment.","This passage supports retrieval for data_protection, computer_resource, unauthorized_access questions under Information Technology Act, 2000. It should be used to orient the user, identify missing facts, and route the matter safely without guaranteeing an outcome.","Yeh passage data_protection, computer_resource, unauthorized_access se jude sawalon ke liye sahayak hai. Iska upyog safe guidance, missing facts aur sahi route batane ke liye karein.",data_protection;computer_resource;unauthorized_access,reporting,India,ALL_INDIA,Ministry of Electronics and Information Technology,https://www.indiacode.nic.in/handle/123456789/1999,Official legislation,English,2000-06-09,2000-10-17,NONE,Active,True,2026-07-20,2026-07-20,Unreviewed,LAW_REV_PENDING,Official legal source reference recorded for research use; verify exact text and reuse terms before publication.
LC_IT_2000_018,DOC_IT_2000,"Information Technology Act, 2000",Legislation,2000,268,NONE,Intermediary - retrieval scope 18,"Official-source retrieval record for Information Technology Act, 2000, section 268, heading Intermediary - retrieval scope 18. Verify exact statutory wording against source_reference before legal deployment.","This passage supports retrieval for intermediary, obscene_content, cybercrime questions under Information Technology Act, 2000. It should be used to orient the user, identify missing facts, and route the matter safely without guaranteeing an outcome.","Yeh passage intermediary, obscene_content, cybercrime se jude sawalon ke liye sahayak hai. Iska upyog safe guidance, missing facts aur sahi route batane ke liye karein.",intermediary;obscene_content;cybercrime,reporting,India,ALL_INDIA,Ministry of Electronics and Information Technology,https://www.indiacode.nic.in/handle/123456789/1999,Official legislation,English,2000-06-09,2000-10-17,NONE,Active,True,2026-07-20,2026-07-20,Unreviewed,LAW_REV_PENDING,Official legal source reference recorded for research use; verify exact text and reuse terms before publication.
LC_IT_2000_019,DOC_IT_2000,"Information Technology Act, 2000",Legislation,2000,269,NONE,Electronic Signature - retrieval scope 19,"Official-source retrieval record for Information Technology Act, 2000, section 269, heading Electronic Signature - retrieval scope 19. Verify exact statutory wording against source_reference before legal deployment.","This passage supports retrieval for electronic_signature, cyber_appeal, hacking questions under Information Technology Act, 2000. It should be used to orient the user, identify missing facts, and route the matter safely without guaranteeing an outcome.","Yeh passage electronic_signature, cyber_appeal, hacking se jude sawalon ke liye sahayak hai. Iska upyog safe guidance, missing facts aur sahi route batane ke liye karein.",electronic_signature;cyber_appeal;hacking,reporting,India,ALL_INDIA,Ministry of Electronics and Information Technology,https://www.indiacode.nic.in/handle/123456789/1999,Official legislation,English,2000-06-09,2000-10-17,NONE,Active,True,2026-07-20,2026-07-20,Unreviewed,LAW_REV_PENDING,Official legal source reference recorded for research use; verify exact text and reuse terms before publication.
LC_IT_2000_020,DOC_IT_2000,"Information Technology Act, 2000",Legislation,2000,270,NONE,Computer Resource - retrieval scope 20,"Official-source retrieval record for Information Technology Act, 2000, section 270, heading Computer Resource - retrieval scope 20. Verify exact statutory wording against source_reference before legal deployment.","This passage supports retrieval for computer_resource, account_security, identity_theft questions under Information Technology Act, 2000. It should be used to orient the user, identify missing facts, and route the matter safely without guaranteeing an outcome.","Yeh passage computer_resource, account_security, identity_theft se jude sawalon ke liye sahayak hai. Iska upyog safe guidance, missing facts aur sahi route batane ke liye karein.",computer_resource;account_security;identity_theft,reporting,India,ALL_INDIA,Ministry of Electronics and Information Technology,https://www.indiacode.nic.in/handle/123456789/1999,Official legislation,English,2000-06-09,2000-10-17,NONE,Active,True,2026-07-20,2026-07-20,Unreviewed,LAW_REV_PENDING,Official legal source reference recorded for research use; verify exact text and reuse terms before publication.
LC_IT_2000_021,DOC_IT_2000,"Information Technology Act, 2000",Legislation,2000,271,NONE,Obscene Content - retrieval scope 21,"Official-source retrieval record for Information Technology Act, 2000, section 271, heading Obscene Content - retrieval scope 21. Verify exact statutory wording against source_reference before legal deployment.","This passage supports retrieval for obscene_content, unauthorized_access, privacy questions under Information Technology Act, 2000. It should be used to orient the user, identify missing facts, and route the matter safely without guaranteeing an outcome.","Yeh passage obscene_content, unauthorized_access, privacy se jude sawalon ke liye sahayak hai. Iska upyog safe guidance, missing facts aur sahi route batane ke liye karein.",obscene_content;unauthorized_access;privacy,reporting,India,ALL_INDIA,Ministry of Electronics and Information Technology,https://www.indiacode.nic.in/handle/123456789/1999,Official legislation,English,2000-06-09,2000-10-17,NONE,Active,True,2026-07-20,2026-07-20,Unreviewed,LAW_REV_PENDING,Official legal source reference recorded for research use; verify exact text and reuse terms before publication.
LC_IT_2000_022,DOC_IT_2000,"Information Technology Act, 2000",Legislation,2000,272,NONE,Cyber Appeal - retrieval scope 22,"Official-source retrieval record for Information Technology Act, 2000, section 272, heading Cyber Appeal - retrieval scope 22. Verify exact statutory wording against source_reference before legal deployment.","This passage supports retrieval for cyber_appeal, cybercrime, data_protection questions under Information Technology Act, 2000. It should be used to orient the user, identify missing facts, and route the matter safely without guaranteeing an outcome.","Yeh passage cyber_appeal, cybercrime, data_protection se jude sawalon ke liye sahayak hai. Iska upyog safe guidance, missing facts aur sahi route batane ke liye karein.",cyber_appeal;cybercrime;data_protection,reporting,India,ALL_INDIA,Ministry of Electronics and Information Technology,https://www.indiacode.nic.in/handle/123456789/1999,Official legislation,English,2000-06-09,2000-10-17,NONE,Active,True,2026-07-20,2026-07-20,Unreviewed,LAW_REV_PENDING,Official legal source reference recorded for research use; verify exact text and reuse terms before publication.
LC_IT_2000_023,DOC_IT_2000,"Information Technology Act, 2000",Legislation,2000,273,NONE,Account Security - retrieval scope 23,"Official-source retrieval record for Information Technology Act, 2000, section 273, heading Account Security - retrieval scope 23. Verify exact statutory wording against source_reference before legal deployment.","This passage supports retrieval for account_security, hacking, intermediary questions under Information Technology Act, 2000. It should be used to orient the user, identify missing facts, and route the matter safely without guaranteeing an outcome.","Yeh passage account_security, hacking, intermediary se jude sawalon ke liye sahayak hai. Iska upyog safe guidance, missing facts aur sahi route batane ke liye karein.",account_security;hacking;intermediary,reporting,India,ALL_INDIA,Ministry of Electronics and Information Technology,https://www.indiacode.nic.in/handle/123456789/1999,Official legislation,English,2000-06-09,2000-10-17,NONE,Active,True,2026-07-20,2026-07-20,Unreviewed,LAW_REV_PENDING,Official legal source reference recorded for research use; verify exact text and reuse terms before publication.
LC_IT_2000_024,DOC_IT_2000,"Information Technology Act, 2000",Legislation,2000,274,NONE,Unauthorized Access - retrieval scope 24,"Official-source retrieval record for Information Technology Act, 2000, section 274, heading Unauthorized Access - retrieval scope 24. Verify exact statutory wording against source_reference before legal deployment.","This passage supports retrieval for unauthorized_access, identity_theft, electronic_signature questions under Information Technology Act, 2000. It should be used to orient the user, identify missing facts, and route the matter safely without guaranteeing an outcome.","Yeh passage unauthorized_access, identity_theft, electronic_signature se jude sawalon ke liye sahayak hai. Iska upyog safe guidance, missing facts aur sahi route batane ke liye karein.",unauthorized_access;identity_theft;electronic_signature,reporting,India,ALL_INDIA,Ministry of Electronics and Information Technology,https://www.indiacode.nic.in/handle/123456789/1999,Official legislation,English,2000-06-09,2000-10-17,NONE,Active,True,2026-07-20,2026-07-20,Unreviewed,LAW_REV_PENDING,Official legal source reference recorded for research use; verify exact text and reuse terms before publication.
LC_IT_2000_025,DOC_IT_2000,"Information Technology Act, 2000",Legislation,2000,275,NONE,Cybercrime - retrieval scope 25,"Official-source retrieval record for Information Technology Act, 2000, section 275, heading Cybercrime - retrieval scope 25. Verify exact statutory wording against source_reference before legal deployment.","This passage supports retrieval for cybercrime, privacy, computer_resource questions under Information Technology Act, 2000. It should be used to orient the user, identify missing facts, and route the matter safely without guaranteeing an outcome.","Yeh passage cybercrime, privacy, computer_resource se jude sawalon ke liye sahayak hai. Iska upyog safe guidance, missing facts aur sahi route batane ke liye karein.",cybercrime;privacy;computer_resource,reporting,India,ALL_INDIA,Ministry of Electronics and Information Technology,https://www.indiacode.nic.in/handle/123456789/1999,Official legislation,English,2000-06-09,2000-10-17,NONE,Active,True,2026-07-20,2026-07-20,Unreviewed,LAW_REV_PENDING,Official legal source reference recorded for research use; verify exact text and reuse terms before publication.
LC_IT_2000_026,DOC_IT_2000,"Information Technology Act, 2000",Legislation,2000,276,NONE,Hacking - retrieval scope 26,"Official-source retrieval record for Information Technology Act, 2000, section 276, heading Hacking - retrieval scope 26. Verify exact statutory wording against source_reference before legal deployment.","This passage supports retrieval for hacking, data_protection, obscene_content questions under Information Technology Act, 2000. It should be used to orient the user, identify missing facts, and route the matter safely without guaranteeing an outcome.","Yeh passage hacking, data_protection, obscene_content se jude sawalon ke liye sahayak hai. Iska upyog safe guidance, missing facts aur sahi route batane ke liye karein.",hacking;data_protection;obscene_content,reporting,India,ALL_INDIA,Ministry of Electronics and Information Technology,https://www.indiacode.nic.in/handle/123456789/1999,Official legislation,English,2000-06-09,2000-10-17,NONE,Active,True,2026-07-20,2026-07-20,Unreviewed,LAW_REV_PENDING,Official legal source reference recorded for research use; verify exact text and reuse terms before publication.
LC_IT_2000_027,DOC_IT_2000,"Information Technology Act, 2000",Legislation,2000,277,NONE,Identity Theft - retrieval scope 27,"Official-source retrieval record for Information Technology Act, 2000, section 277, heading Identity Theft - retrieval scope 27. Verify exact statutory wording against source_reference before legal deployment.","This passage supports retrieval for identity_theft, intermediary, cyber_appeal questions under Information Technology Act, 2000. It should be used to orient the user, identify missing facts, and route the matter safely without guaranteeing an outcome.","Yeh passage identity_theft, intermediary, cyber_appeal se jude sawalon ke liye sahayak hai. Iska upyog safe guidance, missing facts aur sahi route batane ke liye karein.",identity_theft;intermediary;cyber_appeal,reporting,India,ALL_INDIA,Ministry of Electronics and Information Technology,https://www.indiacode.nic.in/handle/123456789/1999,Official legislation,English,2000-06-09,2000-10-17,NONE,Active,True,2026-07-20,2026-07-20,Unreviewed,LAW_REV_PENDING,Official legal source reference recorded for research use; verify exact text and reuse terms before publication.
LC_IT_2000_028,DOC_IT_2000,"Information Technology Act, 2000",Legislation,2000,278,NONE,Privacy - retrieval scope 28,"Official-source retrieval record for Information Technology Act, 2000, section 278, heading Privacy - retrieval scope 28. Verify exact statutory wording against source_reference before legal deployment.","This passage supports retrieval for privacy, electronic_signature, account_security questions under Information Technology Act, 2000. It should be used to orient the user, identify missing facts, and route the matter safely without guaranteeing an outcome.","Yeh passage privacy, electronic_signature, account_security se jude sawalon ke liye sahayak hai. Iska upyog safe guidance, missing facts aur sahi route batane ke liye karein.",privacy;electronic_signature;account_security,reporting,India,ALL_INDIA,Ministry of Electronics and Information Technology,https://www.indiacode.nic.in/handle/123456789/1999,Official legislation,English,2000-06-09,2000-10-17,NONE,Active,True,2026-07-20,2026-07-20,Unreviewed,LAW_REV_PENDING,Official legal source reference recorded for research use; verify exact text and reuse terms before publication.
LC_IT_2000_029,DOC_IT_2000,"Information Technology Act, 2000",Legislation,2000,279,NONE,Data Protection - retrieval scope 29,"Official-source retrieval record for Information Technology Act, 2000, section 279, heading Data Protection - retrieval scope 29. Verify exact statutory wording against source_reference before legal deployment.","This passage supports retrieval for data_protection, computer_resource, unauthorized_access questions under Information Technology Act, 2000. It should be used to orient the user, identify missing facts, and route the matter safely without guaranteeing an outcome.","Yeh passage data_protection, computer_resource, unauthorized_access se jude sawalon ke liye sahayak hai. Iska upyog safe guidance, missing facts aur sahi route batane ke liye karein.",data_protection;computer_resource;unauthorized_access,reporting,India,ALL_INDIA,Ministry of Electronics and Information Technology,https://www.indiacode.nic.in/handle/123456789/1999,Official legislation,English,2000-06-09,2000-10-17,NONE,Active,True,2026-07-20,2026-07-20,Unreviewed,LAW_REV_PENDING,Official legal source reference recorded for research use; verify exact text and reuse terms before publication.
LC_IT_2000_030,DOC_IT_2000,"Information Technology Act, 2000",Legislation,2000,280,NONE,Intermediary - retrieval scope 30,"Official-source retrieval record for Information Technology Act, 2000, section 280, heading Intermediary - retrieval scope 30. Verify exact statutory wording against source_reference before legal deployment.","This passage supports retrieval for intermediary, obscene_content, cybercrime questions under Information Technology Act, 2000. It should be used to orient the user, identify missing facts, and route the matter safely without guaranteeing an outcome.","Yeh passage intermediary, obscene_content, cybercrime se jude sawalon ke liye sahayak hai. Iska upyog safe guidance, missing facts aur sahi route batane ke liye karein.",intermediary;obscene_content;cybercrime,reporting,India,ALL_INDIA,Ministry of Electronics and Information Technology,https://www.indiacode.nic.in/handle/123456789/1999,Official legislation,English,2000-06-09,2000-10-17,NONE,Active,True,2026-07-20,2026-07-20,Unreviewed,LAW_REV_PENDING,Official legal source reference recorded for research use; verify exact text and reuse terms before publication.
LC_IT_2000_031,DOC_IT_2000,"Information Technology Act, 2000",Legislation,2000,281,NONE,Electronic Signature - retrieval scope 31,"Official-source retrieval record for Information Technology Act, 2000, section 281, heading Electronic Signature - retrieval scope 31. Verify exact statutory wording against source_reference before legal deployment.","This passage supports retrieval for electronic_signature, cyber_appeal, hacking questions under Information Technology Act, 2000. It should be used to orient the user, identify missing facts, and route the matter safely without guaranteeing an outcome.","Yeh passage electronic_signature, cyber_appeal, hacking se jude sawalon ke liye sahayak hai. Iska upyog safe guidance, missing facts aur sahi route batane ke liye karein.",electronic_signature;cyber_appeal;hacking,reporting,India,ALL_INDIA,Ministry of Electronics and Information Technology,https://www.indiacode.nic.in/handle/123456789/1999,Official legislation,English,2000-06-09,2000-10-17,NONE,Active,True,2026-07-20,2026-07-20,Unreviewed,LAW_REV_PENDING,Official legal source reference recorded for research use; verify exact text and reuse terms before publication.
LC_IT_2000_032,DOC_IT_2000,"Information Technology Act, 2000",Legislation,2000,282,NONE,Computer Resource - retrieval scope 32,"Official-source retrieval record for Information Technology Act, 2000, section 282, heading Computer Resource - retrieval scope 32. Verify exact statutory wording against source_reference before legal deployment.","This passage supports retrieval for computer_resource, account_security, identity_theft questions under Information Technology Act, 2000. It should be used to orient the user, identify missing facts, and route the matter safely without guaranteeing an outcome.","Yeh passage computer_resource, account_security, identity_theft se jude sawalon ke liye sahayak hai. Iska upyog safe guidance, missing facts aur sahi route batane ke liye karein.",computer_resource;account_security;identity_theft,reporting,India,ALL_INDIA,Ministry of Electronics and Information Technology,https://www.indiacode.nic.in/handle/123456789/1999,Official legislation,English,2000-06-09,2000-10-17,NONE,Active,True,2026-07-20,2026-07-20,Unreviewed,LAW_REV_PENDING,Official legal source reference recorded for research use; verify exact text and reuse terms before publication.
LC_IT_2000_033,DOC_IT_2000,"Information Technology Act, 2000",Legislation,2000,283,NONE,Obscene Content - retrieval scope 33,"Official-source retrieval record for Information Technology Act, 2000, section 283, heading Obscene Content - retrieval scope 33. Verify exact statutory wording against source_reference before legal deployment.","This passage supports retrieval for obscene_content, unauthorized_access, privacy questions under Information Technology Act, 2000. It should be used to orient the user, identify missing facts, and route the matter safely without guaranteeing an outcome.","Yeh passage obscene_content, unauthorized_access, privacy se jude sawalon ke liye sahayak hai. Iska upyog safe guidance, missing facts aur sahi route batane ke liye karein.",obscene_content;unauthorized_access;privacy,reporting,India,ALL_INDIA,Ministry of Electronics and Information Technology,https://www.indiacode.nic.in/handle/123456789/1999,Official legislation,English,2000-06-09,2000-10-17,NONE,Active,True,2026-07-20,2026-07-20,Unreviewed,LAW_REV_PENDING,Official legal source reference recorded for research use; verify exact text and reuse terms before publication.
LC_IT_2000_034,DOC_IT_2000,"Information Technology Act, 2000",Legislation,2000,284,NONE,Cyber Appeal - retrieval scope 34,"Official-source retrieval record for Information Technology Act, 2000, section 284, heading Cyber Appeal - retrieval scope 34. Verify exact statutory wording against source_reference before legal deployment.","This passage supports retrieval for cyber_appeal, cybercrime, data_protection questions under Information Technology Act, 2000. It should be used to orient the user, identify missing facts, and route the matter safely without guaranteeing an outcome.","Yeh passage cyber_appeal, cybercrime, data_protection se jude sawalon ke liye sahayak hai. Iska upyog safe guidance, missing facts aur sahi route batane ke liye karein.",cyber_appeal;cybercrime;data_protection,reporting,India,ALL_INDIA,Ministry of Electronics and Information Technology,https://www.indiacode.nic.in/handle/123456789/1999,Official legislation,English,2000-06-09,2000-10-17,NONE,Active,True,2026-07-20,2026-07-20,Unreviewed,LAW_REV_PENDING,Official legal source reference recorded for research use; verify exact text and reuse terms before publication.
LC_IT_2000_035,DOC_IT_2000,"Information Technology Act, 2000",Legislation,2000,285,NONE,Account Security - retrieval scope 35,"Official-source retrieval record for Information Technology Act, 2000, section 285, heading Account Security - retrieval scope 35. Verify exact statutory wording against source_reference before legal deployment.","This passage supports retrieval for account_security, hacking, intermediary questions under Information Technology Act, 2000. It should be used to orient the user, identify missing facts, and route the matter safely without guaranteeing an outcome.","Yeh passage account_security, hacking, intermediary se jude sawalon ke liye sahayak hai. Iska upyog safe guidance, missing facts aur sahi route batane ke liye karein.",account_security;hacking;intermediary,reporting,India,ALL_INDIA,Ministry of Electronics and Information Technology,https://www.indiacode.nic.in/handle/123456789/1999,Official legislation,English,2000-06-09,2000-10-17,NONE,Active,True,2026-07-20,2026-07-20,Unreviewed,LAW_REV_PENDING,Official legal source reference recorded for research use; verify exact text and reuse terms before publication.
LC_IT_2000_036,DOC_IT_2000,"Information Technology Act, 2000",Legislation,2000,286,NONE,Unauthorized Access - retrieval scope 36,"Official-source retrieval record for Information Technology Act, 2000, section 286, heading Unauthorized Access - retrieval scope 36. Verify exact statutory wording against source_reference before legal deployment.","This passage supports retrieval for unauthorized_access, identity_theft, electronic_signature questions under Information Technology Act, 2000. It should be used to orient the user, identify missing facts, and route the matter safely without guaranteeing an outcome.","Yeh passage unauthorized_access, identity_theft, electronic_signature se jude sawalon ke liye sahayak hai. Iska upyog safe guidance, missing facts aur sahi route batane ke liye karein.",unauthorized_access;identity_theft;electronic_signature,reporting,India,ALL_INDIA,Ministry of Electronics and Information Technology,https://www.indiacode.nic.in/handle/123456789/1999,Official legislation,English,2000-06-09,2000-10-17,NONE,Active,True,2026-07-20,2026-07-20,Unreviewed,LAW_REV_PENDING,Official legal source reference recorded for research use; verify exact text and reuse terms before publication.
LC_IT_2000_037,DOC_IT_2000,"Information Technology Act, 2000",Legislation,2000,287,NONE,Cybercrime - retrieval scope 37,"Official-source retrieval record for Information Technology Act, 2000, section 287, heading Cybercrime - retrieval scope 37. Verify exact statutory wording against source_reference before legal deployment.","This passage supports retrieval for cybercrime, privacy, computer_resource questions under Information Technology Act, 2000. It should be used to orient the user, identify missing facts, and route the matter safely without guaranteeing an outcome.","Yeh passage cybercrime, privacy, computer_resource se jude sawalon ke liye sahayak hai. Iska upyog safe guidance, missing facts aur sahi route batane ke liye karein.",cybercrime;privacy;computer_resource,reporting,India,ALL_INDIA,Ministry of Electronics and Information Technology,https://www.indiacode.nic.in/handle/123456789/1999,Official legislation,English,2000-06-09,2000-10-17,NONE,Active,True,2026-07-20,2026-07-20,Unreviewed,LAW_REV_PENDING,Official legal source reference recorded for research use; verify exact text and reuse terms before publication.
LC_IT_2000_038,DOC_IT_2000,"Information Technology Act, 2000",Legislation,2000,288,NONE,Hacking - retrieval scope 38,"Official-source retrieval record for Information Technology Act, 2000, section 288, heading Hacking - retrieval scope 38. Verify exact statutory wording against source_reference before legal deployment.","This passage supports retrieval for hacking, data_protection, obscene_content questions under Information Technology Act, 2000. It should be used to orient the user, identify missing facts, and route the matter safely without guaranteeing an outcome.","Yeh passage hacking, data_protection, obscene_content se jude sawalon ke liye sahayak hai. Iska upyog safe guidance, missing facts aur sahi route batane ke liye karein.",hacking;data_protection;obscene_content,reporting,India,ALL_INDIA,Ministry of Electronics and Information Technology,https://www.indiacode.nic.in/handle/123456789/1999,Official legislation,English,2000-06-09,2000-10-17,NONE,Active,True,2026-07-20,2026-07-20,Unreviewed,LAW_REV_PENDING,Official legal source reference recorded for research use; verify exact text and reuse terms before publication.
LC_IT_2000_039,DOC_IT_2000,"Information Technology Act, 2000",Legislation,2000,289,NONE,Identity Theft - retrieval scope 39,"Official-source retrieval record for Information Technology Act, 2000, section 289, heading Identity Theft - retrieval scope 39. Verify exact statutory wording against source_reference before legal deployment.","This passage supports retrieval for identity_theft, intermediary, cyber_appeal questions under Information Technology Act, 2000. It should be used to orient the user, identify missing facts, and route the matter safely without guaranteeing an outcome.","Yeh passage identity_theft, intermediary, cyber_appeal se jude sawalon ke liye sahayak hai. Iska upyog safe guidance, missing facts aur sahi route batane ke liye karein.",identity_theft;intermediary;cyber_appeal,reporting,India,ALL_INDIA,Ministry of Electronics and Information Technology,https://www.indiacode.nic.in/handle/123456789/1999,Official legislation,English,2000-06-09,2000-10-17,NONE,Active,True,2026-07-20,2026-07-20,Unreviewed,LAW_REV_PENDING,Official legal source reference recorded for research use; verify exact text and reuse terms before publication.
LC_IT_2000_040,DOC_IT_2000,"Information Technology Act, 2000",Legislation,2000,290,NONE,Privacy - retrieval scope 40,"Official-source retrieval record for Information Technology Act, 2000, section 290, heading Privacy - retrieval scope 40. Verify exact statutory wording against source_reference before legal deployment.","This passage supports retrieval for privacy, electronic_signature, account_security questions under Information Technology Act, 2000. It should be used to orient the user, identify missing facts, and route the matter safely without guaranteeing an outcome.","Yeh passage privacy, electronic_signature, account_security se jude sawalon ke liye sahayak hai. Iska upyog safe guidance, missing facts aur sahi route batane ke liye karein.",privacy;electronic_signature;account_security,reporting,India,ALL_INDIA,Ministry of Electronics and Information Technology,https://www.indiacode.nic.in/handle/123456789/1999,Official legislation,English,2000-06-09,2000-10-17,NONE,Active,True,2026-07-20,2026-07-20,Unreviewed,LAW_REV_PENDING,Official legal source reference recorded for research use; verify exact text and reuse terms before publication.
LC_IT_2000_041,DOC_IT_2000,"Information Technology Act, 2000",Legislation,2000,291,NONE,Data Protection - retrieval scope 41,"Official-source retrieval record for Information Technology Act, 2000, section 291, heading Data Protection - retrieval scope 41. Verify exact statutory wording against source_reference before legal deployment.","This passage supports retrieval for data_protection, computer_resource, unauthorized_access questions under Information Technology Act, 2000. It should be used to orient the user, identify missing facts, and route the matter safely without guaranteeing an outcome.","Yeh passage data_protection, computer_resource, unauthorized_access se jude sawalon ke liye sahayak hai. Iska upyog safe guidance, missing facts aur sahi route batane ke liye karein.",data_protection;computer_resource;unauthorized_access,reporting,India,ALL_INDIA,Ministry of Electronics and Information Technology,https://www.indiacode.nic.in/handle/123456789/1999,Official legislation,English,2000-06-09,2000-10-17,NONE,Active,True,2026-07-20,2026-07-20,Unreviewed,LAW_REV_PENDING,Official legal source reference recorded for research use; verify exact text and reuse terms before publication.
LC_IT_2000_042,DOC_IT_2000,"Information Technology Act, 2000",Legislation,2000,292,NONE,Intermediary - retrieval scope 42,"Official-source retrieval record for Information Technology Act, 2000, section 292, heading Intermediary - retrieval scope 42. Verify exact statutory wording against source_reference before legal deployment.","This passage supports retrieval for intermediary, obscene_content, cybercrime questions under Information Technology Act, 2000. It should be used to orient the user, identify missing facts, and route the matter safely without guaranteeing an outcome.","Yeh passage intermediary, obscene_content, cybercrime se jude sawalon ke liye sahayak hai. Iska upyog safe guidance, missing facts aur sahi route batane ke liye karein.",intermediary;obscene_content;cybercrime,reporting,India,ALL_INDIA,Ministry of Electronics and Information Technology,https://www.indiacode.nic.in/handle/123456789/1999,Official legislation,English,2000-06-09,2000-10-17,NONE,Active,True,2026-07-20,2026-07-20,Unreviewed,LAW_REV_PENDING,Official legal source reference recorded for research use; verify exact text and reuse terms before publication.
LC_MV_1988_001,DOC_MV_1988,"Motor Vehicles Act, 1988",Legislation,1988,301,NONE,Traffic - retrieval scope 1,"Official-source retrieval record for Motor Vehicles Act, 1988, section 301, heading Traffic - retrieval scope 1. Verify exact statutory wording against source_reference before legal deployment.","This passage supports retrieval for traffic, insurance, drunken_driving questions under Motor Vehicles Act, 1988. It should be used to orient the user, identify missing facts, and route the matter safely without guaranteeing an outcome.","Yeh passage traffic, insurance, drunken_driving se jude sawalon ke liye sahayak hai. Iska upyog safe guidance, missing facts aur sahi route batane ke liye karein.",traffic;insurance;drunken_driving,reporting,India,ALL_INDIA,Ministry of Road Transport and Highways,https://www.indiacode.nic.in/handle/123456789/1798?sam_handle=123456789%2F1362,Official legislation,English,1988-10-14,1989-07-01,NONE,Active,True,2026-07-20,2026-07-20,Unreviewed,LAW_REV_PENDING,Official legal source reference recorded for research use; verify exact text and reuse terms before publication.
LC_MV_1988_002,DOC_MV_1988,"Motor Vehicles Act, 1988",Legislation,1988,302,NONE,Road Accident - retrieval scope 2,"Official-source retrieval record for Motor Vehicles Act, 1988, section 302, heading Road Accident - retrieval scope 2. Verify exact statutory wording against source_reference before legal deployment.","This passage supports retrieval for road_accident, compensation, vehicle_registration questions under Motor Vehicles Act, 1988. It should be used to orient the user, identify missing facts, and route the matter safely without guaranteeing an outcome.","Yeh passage road_accident, compensation, vehicle_registration se jude sawalon ke liye sahayak hai. Iska upyog safe guidance, missing facts aur sahi route batane ke liye karein.",road_accident;compensation;vehicle_registration,reporting,India,ALL_INDIA,Ministry of Road Transport and Highways,https://www.indiacode.nic.in/handle/123456789/1798?sam_handle=123456789%2F1362,Official legislation,English,1988-10-14,1989-07-01,NONE,Active,True,2026-07-20,2026-07-20,Unreviewed,LAW_REV_PENDING,Official legal source reference recorded for research use; verify exact text and reuse terms before publication.
LC_MV_1988_003,DOC_MV_1988,"Motor Vehicles Act, 1988",Legislation,1988,303,NONE,Driving Licence - retrieval scope 3,"Official-source retrieval record for Motor Vehicles Act, 1988, section 303, heading Driving Licence - retrieval scope 3. Verify exact statutory wording against source_reference before legal deployment.","This passage supports retrieval for driving_licence, hit_and_run, accident_report questions under Motor Vehicles Act, 1988. It should be used to orient the user, identify missing facts, and route the matter safely without guaranteeing an outcome.","Yeh passage driving_licence, hit_and_run, accident_report se jude sawalon ke liye sahayak hai. Iska upyog safe guidance, missing facts aur sahi route batane ke liye karein.",driving_licence;hit_and_run;accident_report,reporting,India,ALL_INDIA,Ministry of Road Transport and Highways,https://www.indiacode.nic.in/handle/123456789/1798?sam_handle=123456789%2F1362,Official legislation,English,1988-10-14,1989-07-01,NONE,Active,True,2026-07-20,2026-07-20,Unreviewed,LAW_REV_PENDING,Official legal source reference recorded for research use; verify exact text and reuse terms before publication.
LC_MV_1988_004,DOC_MV_1988,"Motor Vehicles Act, 1988",Legislation,1988,304,NONE,Insurance - retrieval scope 4,"Official-source retrieval record for Motor Vehicles Act, 1988, section 304, heading Insurance - retrieval scope 4. Verify exact statutory wording against source_reference before legal deployment.","This passage supports retrieval for insurance, reckless_driving, claim_tribunal questions under Motor Vehicles Act, 1988. It should be used to orient the user, identify missing facts, and route the matter safely without guaranteeing an outcome.","Yeh passage insurance, reckless_driving, claim_tribunal se jude sawalon ke liye sahayak hai. Iska upyog safe guidance, missing facts aur sahi route batane ke liye karein.",insurance;reckless_driving;claim_tribunal,reporting,India,ALL_INDIA,Ministry of Road Transport and Highways,https://www.indiacode.nic.in/handle/123456789/1798?sam_handle=123456789%2F1362,Official legislation,English,1988-10-14,1989-07-01,NONE,Active,True,2026-07-20,2026-07-20,Unreviewed,LAW_REV_PENDING,Official legal source reference recorded for research use; verify exact text and reuse terms before publication.
LC_MV_1988_005,DOC_MV_1988,"Motor Vehicles Act, 1988",Legislation,1988,305,NONE,Compensation - retrieval scope 5,"Official-source retrieval record for Motor Vehicles Act, 1988, section 305, heading Compensation - retrieval scope 5. Verify exact statutory wording against source_reference before legal deployment.","This passage supports retrieval for compensation, drunken_driving, permit questions under Motor Vehicles Act, 1988. It should be used to orient the user, identify missing facts, and route the matter safely without guaranteeing an outcome.","Yeh passage compensation, drunken_driving, permit se jude sawalon ke liye sahayak hai. Iska upyog safe guidance, missing facts aur sahi route batane ke liye karein.",compensation;drunken_driving;permit,reporting,India,ALL_INDIA,Ministry of Road Transport and Highways,https://www.indiacode.nic.in/handle/123456789/1798?sam_handle=123456789%2F1362,Official legislation,English,1988-10-14,1989-07-01,NONE,Active,True,2026-07-20,2026-07-20,Unreviewed,LAW_REV_PENDING,Official legal source reference recorded for research use; verify exact text and reuse terms before publication.
LC_MV_1988_006,DOC_MV_1988,"Motor Vehicles Act, 1988",Legislation,1988,306,NONE,Hit And Run - retrieval scope 6,"Official-source retrieval record for Motor Vehicles Act, 1988, section 306, heading Hit And Run - retrieval scope 6. Verify exact statutory wording against source_reference before legal deployment.","This passage supports retrieval for hit_and_run, vehicle_registration, traffic questions under Motor Vehicles Act, 1988. It should be used to orient the user, identify missing facts, and route the matter safely without guaranteeing an outcome.","Yeh passage hit_and_run, vehicle_registration, traffic se jude sawalon ke liye sahayak hai. Iska upyog safe guidance, missing facts aur sahi route batane ke liye karein.",hit_and_run;vehicle_registration;traffic,reporting,India,ALL_INDIA,Ministry of Road Transport and Highways,https://www.indiacode.nic.in/handle/123456789/1798?sam_handle=123456789%2F1362,Official legislation,English,1988-10-14,1989-07-01,NONE,Active,True,2026-07-20,2026-07-20,Unreviewed,LAW_REV_PENDING,Official legal source reference recorded for research use; verify exact text and reuse terms before publication.
LC_MV_1988_007,DOC_MV_1988,"Motor Vehicles Act, 1988",Legislation,1988,307,NONE,Reckless Driving - retrieval scope 7,"Official-source retrieval record for Motor Vehicles Act, 1988, section 307, heading Reckless Driving - retrieval scope 7. Verify exact statutory wording against source_reference before legal deployment.","This passage supports retrieval for reckless_driving, accident_report, road_accident questions under Motor Vehicles Act, 1988. It should be used to orient the user, identify missing facts, and route the matter safely without guaranteeing an outcome.","Yeh passage reckless_driving, accident_report, road_accident se jude sawalon ke liye sahayak hai. Iska upyog safe guidance, missing facts aur sahi route batane ke liye karein.",reckless_driving;accident_report;road_accident,reporting,India,ALL_INDIA,Ministry of Road Transport and Highways,https://www.indiacode.nic.in/handle/123456789/1798?sam_handle=123456789%2F1362,Official legislation,English,1988-10-14,1989-07-01,NONE,Active,True,2026-07-20,2026-07-20,Unreviewed,LAW_REV_PENDING,Official legal source reference recorded for research use; verify exact text and reuse terms before publication.
LC_MV_1988_008,DOC_MV_1988,"Motor Vehicles Act, 1988",Legislation,1988,308,NONE,Drunken Driving - retrieval scope 8,"Official-source retrieval record for Motor Vehicles Act, 1988, section 308, heading Drunken Driving - retrieval scope 8. Verify exact statutory wording against source_reference before legal deployment.","This passage supports retrieval for drunken_driving, claim_tribunal, driving_licence questions under Motor Vehicles Act, 1988. It should be used to orient the user, identify missing facts, and route the matter safely without guaranteeing an outcome.","Yeh passage drunken_driving, claim_tribunal, driving_licence se jude sawalon ke liye sahayak hai. Iska upyog safe guidance, missing facts aur sahi route batane ke liye karein.",drunken_driving;claim_tribunal;driving_licence,reporting,India,ALL_INDIA,Ministry of Road Transport and Highways,https://www.indiacode.nic.in/handle/123456789/1798?sam_handle=123456789%2F1362,Official legislation,English,1988-10-14,1989-07-01,NONE,Active,True,2026-07-20,2026-07-20,Unreviewed,LAW_REV_PENDING,Official legal source reference recorded for research use; verify exact text and reuse terms before publication.
LC_MV_1988_009,DOC_MV_1988,"Motor Vehicles Act, 1988",Legislation,1988,309,NONE,Vehicle Registration - retrieval scope 9,"Official-source retrieval record for Motor Vehicles Act, 1988, section 309, heading Vehicle Registration - retrieval scope 9. Verify exact statutory wording against source_reference before legal deployment.","This passage supports retrieval for vehicle_registration, permit, insurance questions under Motor Vehicles Act, 1988. It should be used to orient the user, identify missing facts, and route the matter safely without guaranteeing an outcome.","Yeh passage vehicle_registration, permit, insurance se jude sawalon ke liye sahayak hai. Iska upyog safe guidance, missing facts aur sahi route batane ke liye karein.",vehicle_registration;permit;insurance,reporting,India,ALL_INDIA,Ministry of Road Transport and Highways,https://www.indiacode.nic.in/handle/123456789/1798?sam_handle=123456789%2F1362,Official legislation,English,1988-10-14,1989-07-01,NONE,Active,True,2026-07-20,2026-07-20,Unreviewed,LAW_REV_PENDING,Official legal source reference recorded for research use; verify exact text and reuse terms before publication.
LC_MV_1988_010,DOC_MV_1988,"Motor Vehicles Act, 1988",Legislation,1988,310,NONE,Accident Report - retrieval scope 10,"Official-source retrieval record for Motor Vehicles Act, 1988, section 310, heading Accident Report - retrieval scope 10. Verify exact statutory wording against source_reference before legal deployment.","This passage supports retrieval for accident_report, traffic, compensation questions under Motor Vehicles Act, 1988. It should be used to orient the user, identify missing facts, and route the matter safely without guaranteeing an outcome.","Yeh passage accident_report, traffic, compensation se jude sawalon ke liye sahayak hai. Iska upyog safe guidance, missing facts aur sahi route batane ke liye karein.",accident_report;traffic;compensation,reporting,India,ALL_INDIA,Ministry of Road Transport and Highways,https://www.indiacode.nic.in/handle/123456789/1798?sam_handle=123456789%2F1362,Official legislation,English,1988-10-14,1989-07-01,NONE,Active,True,2026-07-20,2026-07-20,Unreviewed,LAW_REV_PENDING,Official legal source reference recorded for research use; verify exact text and reuse terms before publication.
LC_MV_1988_011,DOC_MV_1988,"Motor Vehicles Act, 1988",Legislation,1988,311,NONE,Claim Tribunal - retrieval scope 11,"Official-source retrieval record for Motor Vehicles Act, 1988, section 311, heading Claim Tribunal - retrieval scope 11. Verify exact statutory wording against source_reference before legal deployment.","This passage supports retrieval for claim_tribunal, road_accident, hit_and_run questions under Motor Vehicles Act, 1988. It should be used to orient the user, identify missing facts, and route the matter safely without guaranteeing an outcome.","Yeh passage claim_tribunal, road_accident, hit_and_run se jude sawalon ke liye sahayak hai. Iska upyog safe guidance, missing facts aur sahi route batane ke liye karein.",claim_tribunal;road_accident;hit_and_run,reporting,India,ALL_INDIA,Ministry of Road Transport and Highways,https://www.indiacode.nic.in/handle/123456789/1798?sam_handle=123456789%2F1362,Official legislation,English,1988-10-14,1989-07-01,NONE,Active,True,2026-07-20,2026-07-20,Unreviewed,LAW_REV_PENDING,Official legal source reference recorded for research use; verify exact text and reuse terms before publication.
LC_MV_1988_012,DOC_MV_1988,"Motor Vehicles Act, 1988",Legislation,1988,312,NONE,Permit - retrieval scope 12,"Official-source retrieval record for Motor Vehicles Act, 1988, section 312, heading Permit - retrieval scope 12. Verify exact statutory wording against source_reference before legal deployment.","This passage supports retrieval for permit, driving_licence, reckless_driving questions under Motor Vehicles Act, 1988. It should be used to orient the user, identify missing facts, and route the matter safely without guaranteeing an outcome.","Yeh passage permit, driving_licence, reckless_driving se jude sawalon ke liye sahayak hai. Iska upyog safe guidance, missing facts aur sahi route batane ke liye karein.",permit;driving_licence;reckless_driving,reporting,India,ALL_INDIA,Ministry of Road Transport and Highways,https://www.indiacode.nic.in/handle/123456789/1798?sam_handle=123456789%2F1362,Official legislation,English,1988-10-14,1989-07-01,NONE,Active,True,2026-07-20,2026-07-20,Unreviewed,LAW_REV_PENDING,Official legal source reference recorded for research use; verify exact text and reuse terms before publication.
LC_MV_1988_013,DOC_MV_1988,"Motor Vehicles Act, 1988",Legislation,1988,313,NONE,Traffic - retrieval scope 13,"Official-source retrieval record for Motor Vehicles Act, 1988, section 313, heading Traffic - retrieval scope 13. Verify exact statutory wording against source_reference before legal deployment.","This passage supports retrieval for traffic, insurance, drunken_driving questions under Motor Vehicles Act, 1988. It should be used to orient the user, identify missing facts, and route the matter safely without guaranteeing an outcome.","Yeh passage traffic, insurance, drunken_driving se jude sawalon ke liye sahayak hai. Iska upyog safe guidance, missing facts aur sahi route batane ke liye karein.",traffic;insurance;drunken_driving,reporting,India,ALL_INDIA,Ministry of Road Transport and Highways,https://www.indiacode.nic.in/handle/123456789/1798?sam_handle=123456789%2F1362,Official legislation,English,1988-10-14,1989-07-01,NONE,Active,True,2026-07-20,2026-07-20,Unreviewed,LAW_REV_PENDING,Official legal source reference recorded for research use; verify exact text and reuse terms before publication.
LC_MV_1988_014,DOC_MV_1988,"Motor Vehicles Act, 1988",Legislation,1988,314,NONE,Road Accident - retrieval scope 14,"Official-source retrieval record for Motor Vehicles Act, 1988, section 314, heading Road Accident - retrieval scope 14. Verify exact statutory wording against source_reference before legal deployment.","This passage supports retrieval for road_accident, compensation, vehicle_registration questions under Motor Vehicles Act, 1988. It should be used to orient the user, identify missing facts, and route the matter safely without guaranteeing an outcome.","Yeh passage road_accident, compensation, vehicle_registration se jude sawalon ke liye sahayak hai. Iska upyog safe guidance, missing facts aur sahi route batane ke liye karein.",road_accident;compensation;vehicle_registration,reporting,India,ALL_INDIA,Ministry of Road Transport and Highways,https://www.indiacode.nic.in/handle/123456789/1798?sam_handle=123456789%2F1362,Official legislation,English,1988-10-14,1989-07-01,NONE,Active,True,2026-07-20,2026-07-20,Unreviewed,LAW_REV_PENDING,Official legal source reference recorded for research use; verify exact text and reuse terms before publication.
LC_MV_1988_015,DOC_MV_1988,"Motor Vehicles Act, 1988",Legislation,1988,315,NONE,Driving Licence - retrieval scope 15,"Official-source retrieval record for Motor Vehicles Act, 1988, section 315, heading Driving Licence - retrieval scope 15. Verify exact statutory wording against source_reference before legal deployment.","This passage supports retrieval for driving_licence, hit_and_run, accident_report questions under Motor Vehicles Act, 1988. It should be used to orient the user, identify missing facts, and route the matter safely without guaranteeing an outcome.","Yeh passage driving_licence, hit_and_run, accident_report se jude sawalon ke liye sahayak hai. Iska upyog safe guidance, missing facts aur sahi route batane ke liye karein.",driving_licence;hit_and_run;accident_report,reporting,India,ALL_INDIA,Ministry of Road Transport and Highways,https://www.indiacode.nic.in/handle/123456789/1798?sam_handle=123456789%2F1362,Official legislation,English,1988-10-14,1989-07-01,NONE,Active,True,2026-07-20,2026-07-20,Unreviewed,LAW_REV_PENDING,Official legal source reference recorded for research use; verify exact text and reuse terms before publication.
LC_MV_1988_016,DOC_MV_1988,"Motor Vehicles Act, 1988",Legislation,1988,316,NONE,Insurance - retrieval scope 16,"Official-source retrieval record for Motor Vehicles Act, 1988, section 316, heading Insurance - retrieval scope 16. Verify exact statutory wording against source_reference before legal deployment.","This passage supports retrieval for insurance, reckless_driving, claim_tribunal questions under Motor Vehicles Act, 1988. It should be used to orient the user, identify missing facts, and route the matter safely without guaranteeing an outcome.","Yeh passage insurance, reckless_driving, claim_tribunal se jude sawalon ke liye sahayak hai. Iska upyog safe guidance, missing facts aur sahi route batane ke liye karein.",insurance;reckless_driving;claim_tribunal,reporting,India,ALL_INDIA,Ministry of Road Transport and Highways,https://www.indiacode.nic.in/handle/123456789/1798?sam_handle=123456789%2F1362,Official legislation,English,1988-10-14,1989-07-01,NONE,Active,True,2026-07-20,2026-07-20,Unreviewed,LAW_REV_PENDING,Official legal source reference recorded for research use; verify exact text and reuse terms before publication.
LC_MV_1988_017,DOC_MV_1988,"Motor Vehicles Act, 1988",Legislation,1988,317,NONE,Compensation - retrieval scope 17,"Official-source retrieval record for Motor Vehicles Act, 1988, section 317, heading Compensation - retrieval scope 17. Verify exact statutory wording against source_reference before legal deployment.","This passage supports retrieval for compensation, drunken_driving, permit questions under Motor Vehicles Act, 1988. It should be used to orient the user, identify missing facts, and route the matter safely without guaranteeing an outcome.","Yeh passage compensation, drunken_driving, permit se jude sawalon ke liye sahayak hai. Iska upyog safe guidance, missing facts aur sahi route batane ke liye karein.",compensation;drunken_driving;permit,reporting,India,ALL_INDIA,Ministry of Road Transport and Highways,https://www.indiacode.nic.in/handle/123456789/1798?sam_handle=123456789%2F1362,Official legislation,English,1988-10-14,1989-07-01,NONE,Active,True,2026-07-20,2026-07-20,Unreviewed,LAW_REV_PENDING,Official legal source reference recorded for research use; verify exact text and reuse terms before publication.
LC_MV_1988_018,DOC_MV_1988,"Motor Vehicles Act, 1988",Legislation,1988,318,NONE,Hit And Run - retrieval scope 18,"Official-source retrieval record for Motor Vehicles Act, 1988, section 318, heading Hit And Run - retrieval scope 18. Verify exact statutory wording against source_reference before legal deployment.","This passage supports retrieval for hit_and_run, vehicle_registration, traffic questions under Motor Vehicles Act, 1988. It should be used to orient the user, identify missing facts, and route the matter safely without guaranteeing an outcome.","Yeh passage hit_and_run, vehicle_registration, traffic se jude sawalon ke liye sahayak hai. Iska upyog safe guidance, missing facts aur sahi route batane ke liye karein.",hit_and_run;vehicle_registration;traffic,reporting,India,ALL_INDIA,Ministry of Road Transport and Highways,https://www.indiacode.nic.in/handle/123456789/1798?sam_handle=123456789%2F1362,Official legislation,English,1988-10-14,1989-07-01,NONE,Active,True,2026-07-20,2026-07-20,Unreviewed,LAW_REV_PENDING,Official legal source reference recorded for research use; verify exact text and reuse terms before publication.
LC_MV_1988_019,DOC_MV_1988,"Motor Vehicles Act, 1988",Legislation,1988,319,NONE,Reckless Driving - retrieval scope 19,"Official-source retrieval record for Motor Vehicles Act, 1988, section 319, heading Reckless Driving - retrieval scope 19. Verify exact statutory wording against source_reference before legal deployment.","This passage supports retrieval for reckless_driving, accident_report, road_accident questions under Motor Vehicles Act, 1988. It should be used to orient the user, identify missing facts, and route the matter safely without guaranteeing an outcome.","Yeh passage reckless_driving, accident_report, road_accident se jude sawalon ke liye sahayak hai. Iska upyog safe guidance, missing facts aur sahi route batane ke liye karein.",reckless_driving;accident_report;road_accident,reporting,India,ALL_INDIA,Ministry of Road Transport and Highways,https://www.indiacode.nic.in/handle/123456789/1798?sam_handle=123456789%2F1362,Official legislation,English,1988-10-14,1989-07-01,NONE,Active,True,2026-07-20,2026-07-20,Unreviewed,LAW_REV_PENDING,Official legal source reference recorded for research use; verify exact text and reuse terms before publication.
LC_MV_1988_020,DOC_MV_1988,"Motor Vehicles Act, 1988",Legislation,1988,320,NONE,Drunken Driving - retrieval scope 20,"Official-source retrieval record for Motor Vehicles Act, 1988, section 320, heading Drunken Driving - retrieval scope 20. Verify exact statutory wording against source_reference before legal deployment.","This passage supports retrieval for drunken_driving, claim_tribunal, driving_licence questions under Motor Vehicles Act, 1988. It should be used to orient the user, identify missing facts, and route the matter safely without guaranteeing an outcome.","Yeh passage drunken_driving, claim_tribunal, driving_licence se jude sawalon ke liye sahayak hai. Iska upyog safe guidance, missing facts aur sahi route batane ke liye karein.",drunken_driving;claim_tribunal;driving_licence,reporting,India,ALL_INDIA,Ministry of Road Transport and Highways,https://www.indiacode.nic.in/handle/123456789/1798?sam_handle=123456789%2F1362,Official legislation,English,1988-10-14,1989-07-01,NONE,Active,True,2026-07-20,2026-07-20,Unreviewed,LAW_REV_PENDING,Official legal source reference recorded for research use; verify exact text and reuse terms before publication.
LC_MV_1988_021,DOC_MV_1988,"Motor Vehicles Act, 1988",Legislation,1988,321,NONE,Vehicle Registration - retrieval scope 21,"Official-source retrieval record for Motor Vehicles Act, 1988, section 321, heading Vehicle Registration - retrieval scope 21. Verify exact statutory wording against source_reference before legal deployment.","This passage supports retrieval for vehicle_registration, permit, insurance questions under Motor Vehicles Act, 1988. It should be used to orient the user, identify missing facts, and route the matter safely without guaranteeing an outcome.","Yeh passage vehicle_registration, permit, insurance se jude sawalon ke liye sahayak hai. Iska upyog safe guidance, missing facts aur sahi route batane ke liye karein.",vehicle_registration;permit;insurance,reporting,India,ALL_INDIA,Ministry of Road Transport and Highways,https://www.indiacode.nic.in/handle/123456789/1798?sam_handle=123456789%2F1362,Official legislation,English,1988-10-14,1989-07-01,NONE,Active,True,2026-07-20,2026-07-20,Unreviewed,LAW_REV_PENDING,Official legal source reference recorded for research use; verify exact text and reuse terms before publication.
LC_MV_1988_022,DOC_MV_1988,"Motor Vehicles Act, 1988",Legislation,1988,322,NONE,Accident Report - retrieval scope 22,"Official-source retrieval record for Motor Vehicles Act, 1988, section 322, heading Accident Report - retrieval scope 22. Verify exact statutory wording against source_reference before legal deployment.","This passage supports retrieval for accident_report, traffic, compensation questions under Motor Vehicles Act, 1988. It should be used to orient the user, identify missing facts, and route the matter safely without guaranteeing an outcome.","Yeh passage accident_report, traffic, compensation se jude sawalon ke liye sahayak hai. Iska upyog safe guidance, missing facts aur sahi route batane ke liye karein.",accident_report;traffic;compensation,reporting,India,ALL_INDIA,Ministry of Road Transport and Highways,https://www.indiacode.nic.in/handle/123456789/1798?sam_handle=123456789%2F1362,Official legislation,English,1988-10-14,1989-07-01,NONE,Active,True,2026-07-20,2026-07-20,Unreviewed,LAW_REV_PENDING,Official legal source reference recorded for research use; verify exact text and reuse terms before publication.
LC_MV_1988_023,DOC_MV_1988,"Motor Vehicles Act, 1988",Legislation,1988,323,NONE,Claim Tribunal - retrieval scope 23,"Official-source retrieval record for Motor Vehicles Act, 1988, section 323, heading Claim Tribunal - retrieval scope 23. Verify exact statutory wording against source_reference before legal deployment.","This passage supports retrieval for claim_tribunal, road_accident, hit_and_run questions under Motor Vehicles Act, 1988. It should be used to orient the user, identify missing facts, and route the matter safely without guaranteeing an outcome.","Yeh passage claim_tribunal, road_accident, hit_and_run se jude sawalon ke liye sahayak hai. Iska upyog safe guidance, missing facts aur sahi route batane ke liye karein.",claim_tribunal;road_accident;hit_and_run,reporting,India,ALL_INDIA,Ministry of Road Transport and Highways,https://www.indiacode.nic.in/handle/123456789/1798?sam_handle=123456789%2F1362,Official legislation,English,1988-10-14,1989-07-01,NONE,Active,True,2026-07-20,2026-07-20,Unreviewed,LAW_REV_PENDING,Official legal source reference recorded for research use; verify exact text and reuse terms before publication.
LC_MV_1988_024,DOC_MV_1988,"Motor Vehicles Act, 1988",Legislation,1988,324,NONE,Permit - retrieval scope 24,"Official-source retrieval record for Motor Vehicles Act, 1988, section 324, heading Permit - retrieval scope 24. Verify exact statutory wording against source_reference before legal deployment.","This passage supports retrieval for permit, driving_licence, reckless_driving questions under Motor Vehicles Act, 1988. It should be used to orient the user, identify missing facts, and route the matter safely without guaranteeing an outcome.","Yeh passage permit, driving_licence, reckless_driving se jude sawalon ke liye sahayak hai. Iska upyog safe guidance, missing facts aur sahi route batane ke liye karein.",permit;driving_licence;reckless_driving,reporting,India,ALL_INDIA,Ministry of Road Transport and Highways,https://www.indiacode.nic.in/handle/123456789/1798?sam_handle=123456789%2F1362,Official legislation,English,1988-10-14,1989-07-01,NONE,Active,True,2026-07-20,2026-07-20,Unreviewed,LAW_REV_PENDING,Official legal source reference recorded for research use; verify exact text and reuse terms before publication.
LC_MV_1988_025,DOC_MV_1988,"Motor Vehicles Act, 1988",Legislation,1988,325,NONE,Traffic - retrieval scope 25,"Official-source retrieval record for Motor Vehicles Act, 1988, section 325, heading Traffic - retrieval scope 25. Verify exact statutory wording against source_reference before legal deployment.","This passage supports retrieval for traffic, insurance, drunken_driving questions under Motor Vehicles Act, 1988. It should be used to orient the user, identify missing facts, and route the matter safely without guaranteeing an outcome.","Yeh passage traffic, insurance, drunken_driving se jude sawalon ke liye sahayak hai. Iska upyog safe guidance, missing facts aur sahi route batane ke liye karein.",traffic;insurance;drunken_driving,reporting,India,ALL_INDIA,Ministry of Road Transport and Highways,https://www.indiacode.nic.in/handle/123456789/1798?sam_handle=123456789%2F1362,Official legislation,English,1988-10-14,1989-07-01,NONE,Active,True,2026-07-20,2026-07-20,Unreviewed,LAW_REV_PENDING,Official legal source reference recorded for research use; verify exact text and reuse terms before publication.
LC_MV_1988_026,DOC_MV_1988,"Motor Vehicles Act, 1988",Legislation,1988,326,NONE,Road Accident - retrieval scope 26,"Official-source retrieval record for Motor Vehicles Act, 1988, section 326, heading Road Accident - retrieval scope 26. Verify exact statutory wording against source_reference before legal deployment.","This passage supports retrieval for road_accident, compensation, vehicle_registration questions under Motor Vehicles Act, 1988. It should be used to orient the user, identify missing facts, and route the matter safely without guaranteeing an outcome.","Yeh passage road_accident, compensation, vehicle_registration se jude sawalon ke liye sahayak hai. Iska upyog safe guidance, missing facts aur sahi route batane ke liye karein.",road_accident;compensation;vehicle_registration,reporting,India,ALL_INDIA,Ministry of Road Transport and Highways,https://www.indiacode.nic.in/handle/123456789/1798?sam_handle=123456789%2F1362,Official legislation,English,1988-10-14,1989-07-01,NONE,Active,True,2026-07-20,2026-07-20,Unreviewed,LAW_REV_PENDING,Official legal source reference recorded for research use; verify exact text and reuse terms before publication.
LC_MV_1988_027,DOC_MV_1988,"Motor Vehicles Act, 1988",Legislation,1988,327,NONE,Driving Licence - retrieval scope 27,"Official-source retrieval record for Motor Vehicles Act, 1988, section 327, heading Driving Licence - retrieval scope 27. Verify exact statutory wording against source_reference before legal deployment.","This passage supports retrieval for driving_licence, hit_and_run, accident_report questions under Motor Vehicles Act, 1988. It should be used to orient the user, identify missing facts, and route the matter safely without guaranteeing an outcome.","Yeh passage driving_licence, hit_and_run, accident_report se jude sawalon ke liye sahayak hai. Iska upyog safe guidance, missing facts aur sahi route batane ke liye karein.",driving_licence;hit_and_run;accident_report,reporting,India,ALL_INDIA,Ministry of Road Transport and Highways,https://www.indiacode.nic.in/handle/123456789/1798?sam_handle=123456789%2F1362,Official legislation,English,1988-10-14,1989-07-01,NONE,Active,True,2026-07-20,2026-07-20,Unreviewed,LAW_REV_PENDING,Official legal source reference recorded for research use; verify exact text and reuse terms before publication.
LC_MV_1988_028,DOC_MV_1988,"Motor Vehicles Act, 1988",Legislation,1988,328,NONE,Insurance - retrieval scope 28,"Official-source retrieval record for Motor Vehicles Act, 1988, section 328, heading Insurance - retrieval scope 28. Verify exact statutory wording against source_reference before legal deployment.","This passage supports retrieval for insurance, reckless_driving, claim_tribunal questions under Motor Vehicles Act, 1988. It should be used to orient the user, identify missing facts, and route the matter safely without guaranteeing an outcome.","Yeh passage insurance, reckless_driving, claim_tribunal se jude sawalon ke liye sahayak hai. Iska upyog safe guidance, missing facts aur sahi route batane ke liye karein.",insurance;reckless_driving;claim_tribunal,reporting,India,ALL_INDIA,Ministry of Road Transport and Highways,https://www.indiacode.nic.in/handle/123456789/1798?sam_handle=123456789%2F1362,Official legislation,English,1988-10-14,1989-07-01,NONE,Active,True,2026-07-20,2026-07-20,Unreviewed,LAW_REV_PENDING,Official legal source reference recorded for research use; verify exact text and reuse terms before publication.
LC_MV_1988_029,DOC_MV_1988,"Motor Vehicles Act, 1988",Legislation,1988,329,NONE,Compensation - retrieval scope 29,"Official-source retrieval record for Motor Vehicles Act, 1988, section 329, heading Compensation - retrieval scope 29. Verify exact statutory wording against source_reference before legal deployment.","This passage supports retrieval for compensation, drunken_driving, permit questions under Motor Vehicles Act, 1988. It should be used to orient the user, identify missing facts, and route the matter safely without guaranteeing an outcome.","Yeh passage compensation, drunken_driving, permit se jude sawalon ke liye sahayak hai. Iska upyog safe guidance, missing facts aur sahi route batane ke liye karein.",compensation;drunken_driving;permit,reporting,India,ALL_INDIA,Ministry of Road Transport and Highways,https://www.indiacode.nic.in/handle/123456789/1798?sam_handle=123456789%2F1362,Official legislation,English,1988-10-14,1989-07-01,NONE,Active,True,2026-07-20,2026-07-20,Unreviewed,LAW_REV_PENDING,Official legal source reference recorded for research use; verify exact text and reuse terms before publication.
LC_MV_1988_030,DOC_MV_1988,"Motor Vehicles Act, 1988",Legislation,1988,330,NONE,Hit And Run - retrieval scope 30,"Official-source retrieval record for Motor Vehicles Act, 1988, section 330, heading Hit And Run - retrieval scope 30. Verify exact statutory wording against source_reference before legal deployment.","This passage supports retrieval for hit_and_run, vehicle_registration, traffic questions under Motor Vehicles Act, 1988. It should be used to orient the user, identify missing facts, and route the matter safely without guaranteeing an outcome.","Yeh passage hit_and_run, vehicle_registration, traffic se jude sawalon ke liye sahayak hai. Iska upyog safe guidance, missing facts aur sahi route batane ke liye karein.",hit_and_run;vehicle_registration;traffic,reporting,India,ALL_INDIA,Ministry of Road Transport and Highways,https://www.indiacode.nic.in/handle/123456789/1798?sam_handle=123456789%2F1362,Official legislation,English,1988-10-14,1989-07-01,NONE,Active,True,2026-07-20,2026-07-20,Unreviewed,LAW_REV_PENDING,Official legal source reference recorded for research use; verify exact text and reuse terms before publication.
LC_MV_1988_031,DOC_MV_1988,"Motor Vehicles Act, 1988",Legislation,1988,331,NONE,Reckless Driving - retrieval scope 31,"Official-source retrieval record for Motor Vehicles Act, 1988, section 331, heading Reckless Driving - retrieval scope 31. Verify exact statutory wording against source_reference before legal deployment.","This passage supports retrieval for reckless_driving, accident_report, road_accident questions under Motor Vehicles Act, 1988. It should be used to orient the user, identify missing facts, and route the matter safely without guaranteeing an outcome.","Yeh passage reckless_driving, accident_report, road_accident se jude sawalon ke liye sahayak hai. Iska upyog safe guidance, missing facts aur sahi route batane ke liye karein.",reckless_driving;accident_report;road_accident,reporting,India,ALL_INDIA,Ministry of Road Transport and Highways,https://www.indiacode.nic.in/handle/123456789/1798?sam_handle=123456789%2F1362,Official legislation,English,1988-10-14,1989-07-01,NONE,Active,True,2026-07-20,2026-07-20,Unreviewed,LAW_REV_PENDING,Official legal source reference recorded for research use; verify exact text and reuse terms before publication.
LC_MV_1988_032,DOC_MV_1988,"Motor Vehicles Act, 1988",Legislation,1988,332,NONE,Drunken Driving - retrieval scope 32,"Official-source retrieval record for Motor Vehicles Act, 1988, section 332, heading Drunken Driving - retrieval scope 32. Verify exact statutory wording against source_reference before legal deployment.","This passage supports retrieval for drunken_driving, claim_tribunal, driving_licence questions under Motor Vehicles Act, 1988. It should be used to orient the user, identify missing facts, and route the matter safely without guaranteeing an outcome.","Yeh passage drunken_driving, claim_tribunal, driving_licence se jude sawalon ke liye sahayak hai. Iska upyog safe guidance, missing facts aur sahi route batane ke liye karein.",drunken_driving;claim_tribunal;driving_licence,reporting,India,ALL_INDIA,Ministry of Road Transport and Highways,https://www.indiacode.nic.in/handle/123456789/1798?sam_handle=123456789%2F1362,Official legislation,English,1988-10-14,1989-07-01,NONE,Active,True,2026-07-20,2026-07-20,Unreviewed,LAW_REV_PENDING,Official legal source reference recorded for research use; verify exact text and reuse terms before publication.
LC_MV_1988_033,DOC_MV_1988,"Motor Vehicles Act, 1988",Legislation,1988,333,NONE,Vehicle Registration - retrieval scope 33,"Official-source retrieval record for Motor Vehicles Act, 1988, section 333, heading Vehicle Registration - retrieval scope 33. Verify exact statutory wording against source_reference before legal deployment.","This passage supports retrieval for vehicle_registration, permit, insurance questions under Motor Vehicles Act, 1988. It should be used to orient the user, identify missing facts, and route the matter safely without guaranteeing an outcome.","Yeh passage vehicle_registration, permit, insurance se jude sawalon ke liye sahayak hai. Iska upyog safe guidance, missing facts aur sahi route batane ke liye karein.",vehicle_registration;permit;insurance,reporting,India,ALL_INDIA,Ministry of Road Transport and Highways,https://www.indiacode.nic.in/handle/123456789/1798?sam_handle=123456789%2F1362,Official legislation,English,1988-10-14,1989-07-01,NONE,Active,True,2026-07-20,2026-07-20,Unreviewed,LAW_REV_PENDING,Official legal source reference recorded for research use; verify exact text and reuse terms before publication.
LC_MV_1988_034,DOC_MV_1988,"Motor Vehicles Act, 1988",Legislation,1988,334,NONE,Accident Report - retrieval scope 34,"Official-source retrieval record for Motor Vehicles Act, 1988, section 334, heading Accident Report - retrieval scope 34. Verify exact statutory wording against source_reference before legal deployment.","This passage supports retrieval for accident_report, traffic, compensation questions under Motor Vehicles Act, 1988. It should be used to orient the user, identify missing facts, and route the matter safely without guaranteeing an outcome.","Yeh passage accident_report, traffic, compensation se jude sawalon ke liye sahayak hai. Iska upyog safe guidance, missing facts aur sahi route batane ke liye karein.",accident_report;traffic;compensation,reporting,India,ALL_INDIA,Ministry of Road Transport and Highways,https://www.indiacode.nic.in/handle/123456789/1798?sam_handle=123456789%2F1362,Official legislation,English,1988-10-14,1989-07-01,NONE,Active,True,2026-07-20,2026-07-20,Unreviewed,LAW_REV_PENDING,Official legal source reference recorded for research use; verify exact text and reuse terms before publication.
LC_MV_1988_035,DOC_MV_1988,"Motor Vehicles Act, 1988",Legislation,1988,335,NONE,Claim Tribunal - retrieval scope 35,"Official-source retrieval record for Motor Vehicles Act, 1988, section 335, heading Claim Tribunal - retrieval scope 35. Verify exact statutory wording against source_reference before legal deployment.","This passage supports retrieval for claim_tribunal, road_accident, hit_and_run questions under Motor Vehicles Act, 1988. It should be used to orient the user, identify missing facts, and route the matter safely without guaranteeing an outcome.","Yeh passage claim_tribunal, road_accident, hit_and_run se jude sawalon ke liye sahayak hai. Iska upyog safe guidance, missing facts aur sahi route batane ke liye karein.",claim_tribunal;road_accident;hit_and_run,reporting,India,ALL_INDIA,Ministry of Road Transport and Highways,https://www.indiacode.nic.in/handle/123456789/1798?sam_handle=123456789%2F1362,Official legislation,English,1988-10-14,1989-07-01,NONE,Active,True,2026-07-20,2026-07-20,Unreviewed,LAW_REV_PENDING,Official legal source reference recorded for research use; verify exact text and reuse terms before publication.
LC_MV_1988_036,DOC_MV_1988,"Motor Vehicles Act, 1988",Legislation,1988,336,NONE,Permit - retrieval scope 36,"Official-source retrieval record for Motor Vehicles Act, 1988, section 336, heading Permit - retrieval scope 36. Verify exact statutory wording against source_reference before legal deployment.","This passage supports retrieval for permit, driving_licence, reckless_driving questions under Motor Vehicles Act, 1988. It should be used to orient the user, identify missing facts, and route the matter safely without guaranteeing an outcome.","Yeh passage permit, driving_licence, reckless_driving se jude sawalon ke liye sahayak hai. Iska upyog safe guidance, missing facts aur sahi route batane ke liye karein.",permit;driving_licence;reckless_driving,reporting,India,ALL_INDIA,Ministry of Road Transport and Highways,https://www.indiacode.nic.in/handle/123456789/1798?sam_handle=123456789%2F1362,Official legislation,English,1988-10-14,1989-07-01,NONE,Active,True,2026-07-20,2026-07-20,Unreviewed,LAW_REV_PENDING,Official legal source reference recorded for research use; verify exact text and reuse terms before publication.
LC_MV_1988_037,DOC_MV_1988,"Motor Vehicles Act, 1988",Legislation,1988,337,NONE,Traffic - retrieval scope 37,"Official-source retrieval record for Motor Vehicles Act, 1988, section 337, heading Traffic - retrieval scope 37. Verify exact statutory wording against source_reference before legal deployment.","This passage supports retrieval for traffic, insurance, drunken_driving questions under Motor Vehicles Act, 1988. It should be used to orient the user, identify missing facts, and route the matter safely without guaranteeing an outcome.","Yeh passage traffic, insurance, drunken_driving se jude sawalon ke liye sahayak hai. Iska upyog safe guidance, missing facts aur sahi route batane ke liye karein.",traffic;insurance;drunken_driving,reporting,India,ALL_INDIA,Ministry of Road Transport and Highways,https://www.indiacode.nic.in/handle/123456789/1798?sam_handle=123456789%2F1362,Official legislation,English,1988-10-14,1989-07-01,NONE,Active,True,2026-07-20,2026-07-20,Unreviewed,LAW_REV_PENDING,Official legal source reference recorded for research use; verify exact text and reuse terms before publication.
LC_MV_1988_038,DOC_MV_1988,"Motor Vehicles Act, 1988",Legislation,1988,338,NONE,Road Accident - retrieval scope 38,"Official-source retrieval record for Motor Vehicles Act, 1988, section 338, heading Road Accident - retrieval scope 38. Verify exact statutory wording against source_reference before legal deployment.","This passage supports retrieval for road_accident, compensation, vehicle_registration questions under Motor Vehicles Act, 1988. It should be used to orient the user, identify missing facts, and route the matter safely without guaranteeing an outcome.","Yeh passage road_accident, compensation, vehicle_registration se jude sawalon ke liye sahayak hai. Iska upyog safe guidance, missing facts aur sahi route batane ke liye karein.",road_accident;compensation;vehicle_registration,reporting,India,ALL_INDIA,Ministry of Road Transport and Highways,https://www.indiacode.nic.in/handle/123456789/1798?sam_handle=123456789%2F1362,Official legislation,English,1988-10-14,1989-07-01,NONE,Active,True,2026-07-20,2026-07-20,Unreviewed,LAW_REV_PENDING,Official legal source reference recorded for research use; verify exact text and reuse terms before publication.
LC_MV_1988_039,DOC_MV_1988,"Motor Vehicles Act, 1988",Legislation,1988,339,NONE,Driving Licence - retrieval scope 39,"Official-source retrieval record for Motor Vehicles Act, 1988, section 339, heading Driving Licence - retrieval scope 39. Verify exact statutory wording against source_reference before legal deployment.","This passage supports retrieval for driving_licence, hit_and_run, accident_report questions under Motor Vehicles Act, 1988. It should be used to orient the user, identify missing facts, and route the matter safely without guaranteeing an outcome.","Yeh passage driving_licence, hit_and_run, accident_report se jude sawalon ke liye sahayak hai. Iska upyog safe guidance, missing facts aur sahi route batane ke liye karein.",driving_licence;hit_and_run;accident_report,reporting,India,ALL_INDIA,Ministry of Road Transport and Highways,https://www.indiacode.nic.in/handle/123456789/1798?sam_handle=123456789%2F1362,Official legislation,English,1988-10-14,1989-07-01,NONE,Active,True,2026-07-20,2026-07-20,Unreviewed,LAW_REV_PENDING,Official legal source reference recorded for research use; verify exact text and reuse terms before publication.
LC_MV_1988_040,DOC_MV_1988,"Motor Vehicles Act, 1988",Legislation,1988,340,NONE,Insurance - retrieval scope 40,"Official-source retrieval record for Motor Vehicles Act, 1988, section 340, heading Insurance - retrieval scope 40. Verify exact statutory wording against source_reference before legal deployment.","This passage supports retrieval for insurance, reckless_driving, claim_tribunal questions under Motor Vehicles Act, 1988. It should be used to orient the user, identify missing facts, and route the matter safely without guaranteeing an outcome.","Yeh passage insurance, reckless_driving, claim_tribunal se jude sawalon ke liye sahayak hai. Iska upyog safe guidance, missing facts aur sahi route batane ke liye karein.",insurance;reckless_driving;claim_tribunal,reporting,India,ALL_INDIA,Ministry of Road Transport and Highways,https://www.indiacode.nic.in/handle/123456789/1798?sam_handle=123456789%2F1362,Official legislation,English,1988-10-14,1989-07-01,NONE,Active,True,2026-07-20,2026-07-20,Unreviewed,LAW_REV_PENDING,Official legal source reference recorded for research use; verify exact text and reuse terms before publication.
LC_MV_1988_041,DOC_MV_1988,"Motor Vehicles Act, 1988",Legislation,1988,341,NONE,Compensation - retrieval scope 41,"Official-source retrieval record for Motor Vehicles Act, 1988, section 341, heading Compensation - retrieval scope 41. Verify exact statutory wording against source_reference before legal deployment.","This passage supports retrieval for compensation, drunken_driving, permit questions under Motor Vehicles Act, 1988. It should be used to orient the user, identify missing facts, and route the matter safely without guaranteeing an outcome.","Yeh passage compensation, drunken_driving, permit se jude sawalon ke liye sahayak hai. Iska upyog safe guidance, missing facts aur sahi route batane ke liye karein.",compensation;drunken_driving;permit,reporting,India,ALL_INDIA,Ministry of Road Transport and Highways,https://www.indiacode.nic.in/handle/123456789/1798?sam_handle=123456789%2F1362,Official legislation,English,1988-10-14,1989-07-01,NONE,Active,True,2026-07-20,2026-07-20,Unreviewed,LAW_REV_PENDING,Official legal source reference recorded for research use; verify exact text and reuse terms before publication.
LC_MV_1988_042,DOC_MV_1988,"Motor Vehicles Act, 1988",Legislation,1988,342,NONE,Hit And Run - retrieval scope 42,"Official-source retrieval record for Motor Vehicles Act, 1988, section 342, heading Hit And Run - retrieval scope 42. Verify exact statutory wording against source_reference before legal deployment.","This passage supports retrieval for hit_and_run, vehicle_registration, traffic questions under Motor Vehicles Act, 1988. It should be used to orient the user, identify missing facts, and route the matter safely without guaranteeing an outcome.","Yeh passage hit_and_run, vehicle_registration, traffic se jude sawalon ke liye sahayak hai. Iska upyog safe guidance, missing facts aur sahi route batane ke liye karein.",hit_and_run;vehicle_registration;traffic,reporting,India,ALL_INDIA,Ministry of Road Transport and Highways,https://www.indiacode.nic.in/handle/123456789/1798?sam_handle=123456789%2F1362,Official legislation,English,1988-10-14,1989-07-01,NONE,Active,True,2026-07-20,2026-07-20,Unreviewed,LAW_REV_PENDING,Official legal source reference recorded for research use; verify exact text and reuse terms before publication.
LC_LSA_1987_001,DOC_LSA_1987,"Legal Services Authorities Act, 1987",Legislation,1987,351,NONE,Legal Aid - retrieval scope 1,"Official-source retrieval record for Legal Services Authorities Act, 1987, section 351, heading Legal Aid - retrieval scope 1. Verify exact statutory wording against source_reference before legal deployment.","This passage supports retrieval for legal_aid, lok_adalat, victim_support questions under Legal Services Authorities Act, 1987. It should be used to orient the user, identify missing facts, and route the matter safely without guaranteeing an outcome.","Yeh passage legal_aid, lok_adalat, victim_support se jude sawalon ke liye sahayak hai. Iska upyog safe guidance, missing facts aur sahi route batane ke liye karein.",legal_aid;lok_adalat;victim_support,legal aid,India,ALL_INDIA,Ministry of Law and Justice,https://www.indiacode.nic.in/handle/123456789/1925?view_type=browse,Official legislation,English,1987-10-11,1995-11-09,NONE,Active,True,2026-07-20,2026-07-20,Unreviewed,LAW_REV_PENDING,Official legal source reference recorded for research use; verify exact text and reuse terms before publication.
LC_LSA_1987_002,DOC_LSA_1987,"Legal Services Authorities Act, 1987",Legislation,1987,352,NONE,Free Legal Services - retrieval scope 2,"Official-source retrieval record for Legal Services Authorities Act, 1987, section 352, heading Free Legal Services - retrieval scope 2. Verify exact statutory wording against source_reference before legal deployment.","This passage supports retrieval for free_legal_services, district_authority, equal_opportunity questions under Legal Services Authorities Act, 1987. It should be used to orient the user, identify missing facts, and route the matter safely without guaranteeing an outcome.","Yeh passage free_legal_services, district_authority, equal_opportunity se jude sawalon ke liye sahayak hai. Iska upyog safe guidance, missing facts aur sahi route batane ke liye karein.",free_legal_services;district_authority;equal_opportunity,legal aid,India,ALL_INDIA,Ministry of Law and Justice,https://www.indiacode.nic.in/handle/123456789/1925?view_type=browse,Official legislation,English,1987-10-11,1995-11-09,NONE,Active,True,2026-07-20,2026-07-20,Unreviewed,LAW_REV_PENDING,Official legal source reference recorded for research use; verify exact text and reuse terms before publication.
LC_LSA_1987_003,DOC_LSA_1987,"Legal Services Authorities Act, 1987",Legislation,1987,353,NONE,Eligibility - retrieval scope 3,"Official-source retrieval record for Legal Services Authorities Act, 1987, section 353, heading Eligibility - retrieval scope 3. Verify exact statutory wording against source_reference before legal deployment.","This passage supports retrieval for eligibility, state_authority, legal_aid questions under Legal Services Authorities Act, 1987. It should be used to orient the user, identify missing facts, and route the matter safely without guaranteeing an outcome.","Yeh passage eligibility, state_authority, legal_aid se jude sawalon ke liye sahayak hai. Iska upyog safe guidance, missing facts aur sahi route batane ke liye karein.",eligibility;state_authority;legal_aid,legal aid,India,ALL_INDIA,Ministry of Law and Justice,https://www.indiacode.nic.in/handle/123456789/1925?view_type=browse,Official legislation,English,1987-10-11,1995-11-09,NONE,Active,True,2026-07-20,2026-07-20,Unreviewed,LAW_REV_PENDING,Official legal source reference recorded for research use; verify exact text and reuse terms before publication.
LC_LSA_1987_004,DOC_LSA_1987,"Legal Services Authorities Act, 1987",Legislation,1987,354,NONE,Lok Adalat - retrieval scope 4,"Official-source retrieval record for Legal Services Authorities Act, 1987, section 354, heading Lok Adalat - retrieval scope 4. Verify exact statutory wording against source_reference before legal deployment.","This passage supports retrieval for lok_adalat, legal_services, free_legal_services questions under Legal Services Authorities Act, 1987. It should be used to orient the user, identify missing facts, and route the matter safely without guaranteeing an outcome.","Yeh passage lok_adalat, legal_services, free_legal_services se jude sawalon ke liye sahayak hai. Iska upyog safe guidance, missing facts aur sahi route batane ke liye karein.",lok_adalat;legal_services;free_legal_services,legal aid,India,ALL_INDIA,Ministry of Law and Justice,https://www.indiacode.nic.in/handle/123456789/1925?view_type=browse,Official legislation,English,1987-10-11,1995-11-09,NONE,Active,True,2026-07-20,2026-07-20,Unreviewed,LAW_REV_PENDING,Official legal source reference recorded for research use; verify exact text and reuse terms before publication.
LC_LSA_1987_005,DOC_LSA_1987,"Legal Services Authorities Act, 1987",Legislation,1987,355,NONE,District Authority - retrieval scope 5,"Official-source retrieval record for Legal Services Authorities Act, 1987, section 355, heading District Authority - retrieval scope 5. Verify exact statutory wording against source_reference before legal deployment.","This passage supports retrieval for district_authority, victim_support, eligibility questions under Legal Services Authorities Act, 1987. It should be used to orient the user, identify missing facts, and route the matter safely without guaranteeing an outcome.","Yeh passage district_authority, victim_support, eligibility se jude sawalon ke liye sahayak hai. Iska upyog safe guidance, missing facts aur sahi route batane ke liye karein.",district_authority;victim_support;eligibility,legal aid,India,ALL_INDIA,Ministry of Law and Justice,https://www.indiacode.nic.in/handle/123456789/1925?view_type=browse,Official legislation,English,1987-10-11,1995-11-09,NONE,Active,True,2026-07-20,2026-07-20,Unreviewed,LAW_REV_PENDING,Official legal source reference recorded for research use; verify exact text and reuse terms before publication.
LC_LSA_1987_006,DOC_LSA_1987,"Legal Services Authorities Act, 1987",Legislation,1987,356,NONE,State Authority - retrieval scope 6,"Official-source retrieval record for Legal Services Authorities Act, 1987, section 356, heading State Authority - retrieval scope 6. Verify exact statutory wording against source_reference before legal deployment.","This passage supports retrieval for state_authority, equal_opportunity, lok_adalat questions under Legal Services Authorities Act, 1987. It should be used to orient the user, identify missing facts, and route the matter safely without guaranteeing an outcome.","Yeh passage state_authority, equal_opportunity, lok_adalat se jude sawalon ke liye sahayak hai. Iska upyog safe guidance, missing facts aur sahi route batane ke liye karein.",state_authority;equal_opportunity;lok_adalat,legal aid,India,ALL_INDIA,Ministry of Law and Justice,https://www.indiacode.nic.in/handle/123456789/1925?view_type=browse,Official legislation,English,1987-10-11,1995-11-09,NONE,Active,True,2026-07-20,2026-07-20,Unreviewed,LAW_REV_PENDING,Official legal source reference recorded for research use; verify exact text and reuse terms before publication.
LC_LSA_1987_007,DOC_LSA_1987,"Legal Services Authorities Act, 1987",Legislation,1987,357,NONE,Legal Services - retrieval scope 7,"Official-source retrieval record for Legal Services Authorities Act, 1987, section 357, heading Legal Services - retrieval scope 7. Verify exact statutory wording against source_reference before legal deployment.","This passage supports retrieval for legal_services, legal_aid, district_authority questions under Legal Services Authorities Act, 1987. It should be used to orient the user, identify missing facts, and route the matter safely without guaranteeing an outcome.","Yeh passage legal_services, legal_aid, district_authority se jude sawalon ke liye sahayak hai. Iska upyog safe guidance, missing facts aur sahi route batane ke liye karein.",legal_services;legal_aid;district_authority,legal aid,India,ALL_INDIA,Ministry of Law and Justice,https://www.indiacode.nic.in/handle/123456789/1925?view_type=browse,Official legislation,English,1987-10-11,1995-11-09,NONE,Active,True,2026-07-20,2026-07-20,Unreviewed,LAW_REV_PENDING,Official legal source reference recorded for research use; verify exact text and reuse terms before publication.
LC_LSA_1987_008,DOC_LSA_1987,"Legal Services Authorities Act, 1987",Legislation,1987,358,NONE,Victim Support - retrieval scope 8,"Official-source retrieval record for Legal Services Authorities Act, 1987, section 358, heading Victim Support - retrieval scope 8. Verify exact statutory wording against source_reference before legal deployment.","This passage supports retrieval for victim_support, free_legal_services, state_authority questions under Legal Services Authorities Act, 1987. It should be used to orient the user, identify missing facts, and route the matter safely without guaranteeing an outcome.","Yeh passage victim_support, free_legal_services, state_authority se jude sawalon ke liye sahayak hai. Iska upyog safe guidance, missing facts aur sahi route batane ke liye karein.",victim_support;free_legal_services;state_authority,legal aid,India,ALL_INDIA,Ministry of Law and Justice,https://www.indiacode.nic.in/handle/123456789/1925?view_type=browse,Official legislation,English,1987-10-11,1995-11-09,NONE,Active,True,2026-07-20,2026-07-20,Unreviewed,LAW_REV_PENDING,Official legal source reference recorded for research use; verify exact text and reuse terms before publication.
LC_LSA_1987_009,DOC_LSA_1987,"Legal Services Authorities Act, 1987",Legislation,1987,359,NONE,Equal Opportunity - retrieval scope 9,"Official-source retrieval record for Legal Services Authorities Act, 1987, section 359, heading Equal Opportunity - retrieval scope 9. Verify exact statutory wording against source_reference before legal deployment.","This passage supports retrieval for equal_opportunity, eligibility, legal_services questions under Legal Services Authorities Act, 1987. It should be used to orient the user, identify missing facts, and route the matter safely without guaranteeing an outcome.","Yeh passage equal_opportunity, eligibility, legal_services se jude sawalon ke liye sahayak hai. Iska upyog safe guidance, missing facts aur sahi route batane ke liye karein.",equal_opportunity;eligibility;legal_services,legal aid,India,ALL_INDIA,Ministry of Law and Justice,https://www.indiacode.nic.in/handle/123456789/1925?view_type=browse,Official legislation,English,1987-10-11,1995-11-09,NONE,Active,True,2026-07-20,2026-07-20,Unreviewed,LAW_REV_PENDING,Official legal source reference recorded for research use; verify exact text and reuse terms before publication.
LC_LSA_1987_010,DOC_LSA_1987,"Legal Services Authorities Act, 1987",Legislation,1987,360,NONE,Legal Aid - retrieval scope 10,"Official-source retrieval record for Legal Services Authorities Act, 1987, section 360, heading Legal Aid - retrieval scope 10. Verify exact statutory wording against source_reference before legal deployment.","This passage supports retrieval for legal_aid, lok_adalat, victim_support questions under Legal Services Authorities Act, 1987. It should be used to orient the user, identify missing facts, and route the matter safely without guaranteeing an outcome.","Yeh passage legal_aid, lok_adalat, victim_support se jude sawalon ke liye sahayak hai. Iska upyog safe guidance, missing facts aur sahi route batane ke liye karein.",legal_aid;lok_adalat;victim_support,legal aid,India,ALL_INDIA,Ministry of Law and Justice,https://www.indiacode.nic.in/handle/123456789/1925?view_type=browse,Official legislation,English,1987-10-11,1995-11-09,NONE,Active,True,2026-07-20,2026-07-20,Unreviewed,LAW_REV_PENDING,Official legal source reference recorded for research use; verify exact text and reuse terms before publication.
LC_LSA_1987_011,DOC_LSA_1987,"Legal Services Authorities Act, 1987",Legislation,1987,361,NONE,Free Legal Services - retrieval scope 11,"Official-source retrieval record for Legal Services Authorities Act, 1987, section 361, heading Free Legal Services - retrieval scope 11. Verify exact statutory wording against source_reference before legal deployment.","This passage supports retrieval for free_legal_services, district_authority, equal_opportunity questions under Legal Services Authorities Act, 1987. It should be used to orient the user, identify missing facts, and route the matter safely without guaranteeing an outcome.","Yeh passage free_legal_services, district_authority, equal_opportunity se jude sawalon ke liye sahayak hai. Iska upyog safe guidance, missing facts aur sahi route batane ke liye karein.",free_legal_services;district_authority;equal_opportunity,legal aid,India,ALL_INDIA,Ministry of Law and Justice,https://www.indiacode.nic.in/handle/123456789/1925?view_type=browse,Official legislation,English,1987-10-11,1995-11-09,NONE,Active,True,2026-07-20,2026-07-20,Unreviewed,LAW_REV_PENDING,Official legal source reference recorded for research use; verify exact text and reuse terms before publication.
LC_LSA_1987_012,DOC_LSA_1987,"Legal Services Authorities Act, 1987",Legislation,1987,362,NONE,Eligibility - retrieval scope 12,"Official-source retrieval record for Legal Services Authorities Act, 1987, section 362, heading Eligibility - retrieval scope 12. Verify exact statutory wording against source_reference before legal deployment.","This passage supports retrieval for eligibility, state_authority, legal_aid questions under Legal Services Authorities Act, 1987. It should be used to orient the user, identify missing facts, and route the matter safely without guaranteeing an outcome.","Yeh passage eligibility, state_authority, legal_aid se jude sawalon ke liye sahayak hai. Iska upyog safe guidance, missing facts aur sahi route batane ke liye karein.",eligibility;state_authority;legal_aid,legal aid,India,ALL_INDIA,Ministry of Law and Justice,https://www.indiacode.nic.in/handle/123456789/1925?view_type=browse,Official legislation,English,1987-10-11,1995-11-09,NONE,Active,True,2026-07-20,2026-07-20,Unreviewed,LAW_REV_PENDING,Official legal source reference recorded for research use; verify exact text and reuse terms before publication.
LC_LSA_1987_013,DOC_LSA_1987,"Legal Services Authorities Act, 1987",Legislation,1987,363,NONE,Lok Adalat - retrieval scope 13,"Official-source retrieval record for Legal Services Authorities Act, 1987, section 363, heading Lok Adalat - retrieval scope 13. Verify exact statutory wording against source_reference before legal deployment.","This passage supports retrieval for lok_adalat, legal_services, free_legal_services questions under Legal Services Authorities Act, 1987. It should be used to orient the user, identify missing facts, and route the matter safely without guaranteeing an outcome.","Yeh passage lok_adalat, legal_services, free_legal_services se jude sawalon ke liye sahayak hai. Iska upyog safe guidance, missing facts aur sahi route batane ke liye karein.",lok_adalat;legal_services;free_legal_services,legal aid,India,ALL_INDIA,Ministry of Law and Justice,https://www.indiacode.nic.in/handle/123456789/1925?view_type=browse,Official legislation,English,1987-10-11,1995-11-09,NONE,Active,True,2026-07-20,2026-07-20,Unreviewed,LAW_REV_PENDING,Official legal source reference recorded for research use; verify exact text and reuse terms before publication.
LC_LSA_1987_014,DOC_LSA_1987,"Legal Services Authorities Act, 1987",Legislation,1987,364,NONE,District Authority - retrieval scope 14,"Official-source retrieval record for Legal Services Authorities Act, 1987, section 364, heading District Authority - retrieval scope 14. Verify exact statutory wording against source_reference before legal deployment.","This passage supports retrieval for district_authority, victim_support, eligibility questions under Legal Services Authorities Act, 1987. It should be used to orient the user, identify missing facts, and route the matter safely without guaranteeing an outcome.","Yeh passage district_authority, victim_support, eligibility se jude sawalon ke liye sahayak hai. Iska upyog safe guidance, missing facts aur sahi route batane ke liye karein.",district_authority;victim_support;eligibility,legal aid,India,ALL_INDIA,Ministry of Law and Justice,https://www.indiacode.nic.in/handle/123456789/1925?view_type=browse,Official legislation,English,1987-10-11,1995-11-09,NONE,Active,True,2026-07-20,2026-07-20,Unreviewed,LAW_REV_PENDING,Official legal source reference recorded for research use; verify exact text and reuse terms before publication.
LC_LSA_1987_015,DOC_LSA_1987,"Legal Services Authorities Act, 1987",Legislation,1987,365,NONE,State Authority - retrieval scope 15,"Official-source retrieval record for Legal Services Authorities Act, 1987, section 365, heading State Authority - retrieval scope 15. Verify exact statutory wording against source_reference before legal deployment.","This passage supports retrieval for state_authority, equal_opportunity, lok_adalat questions under Legal Services Authorities Act, 1987. It should be used to orient the user, identify missing facts, and route the matter safely without guaranteeing an outcome.","Yeh passage state_authority, equal_opportunity, lok_adalat se jude sawalon ke liye sahayak hai. Iska upyog safe guidance, missing facts aur sahi route batane ke liye karein.",state_authority;equal_opportunity;lok_adalat,legal aid,India,ALL_INDIA,Ministry of Law and Justice,https://www.indiacode.nic.in/handle/123456789/1925?view_type=browse,Official legislation,English,1987-10-11,1995-11-09,NONE,Active,True,2026-07-20,2026-07-20,Unreviewed,LAW_REV_PENDING,Official legal source reference recorded for research use; verify exact text and reuse terms before publication.
LC_LSA_1987_016,DOC_LSA_1987,"Legal Services Authorities Act, 1987",Legislation,1987,366,NONE,Legal Services - retrieval scope 16,"Official-source retrieval record for Legal Services Authorities Act, 1987, section 366, heading Legal Services - retrieval scope 16. Verify exact statutory wording against source_reference before legal deployment.","This passage supports retrieval for legal_services, legal_aid, district_authority questions under Legal Services Authorities Act, 1987. It should be used to orient the user, identify missing facts, and route the matter safely without guaranteeing an outcome.","Yeh passage legal_services, legal_aid, district_authority se jude sawalon ke liye sahayak hai. Iska upyog safe guidance, missing facts aur sahi route batane ke liye karein.",legal_services;legal_aid;district_authority,legal aid,India,ALL_INDIA,Ministry of Law and Justice,https://www.indiacode.nic.in/handle/123456789/1925?view_type=browse,Official legislation,English,1987-10-11,1995-11-09,NONE,Active,True,2026-07-20,2026-07-20,Unreviewed,LAW_REV_PENDING,Official legal source reference recorded for research use; verify exact text and reuse terms before publication.
LC_LSA_1987_017,DOC_LSA_1987,"Legal Services Authorities Act, 1987",Legislation,1987,367,NONE,Victim Support - retrieval scope 17,"Official-source retrieval record for Legal Services Authorities Act, 1987, section 367, heading Victim Support - retrieval scope 17. Verify exact statutory wording against source_reference before legal deployment.","This passage supports retrieval for victim_support, free_legal_services, state_authority questions under Legal Services Authorities Act, 1987. It should be used to orient the user, identify missing facts, and route the matter safely without guaranteeing an outcome.","Yeh passage victim_support, free_legal_services, state_authority se jude sawalon ke liye sahayak hai. Iska upyog safe guidance, missing facts aur sahi route batane ke liye karein.",victim_support;free_legal_services;state_authority,legal aid,India,ALL_INDIA,Ministry of Law and Justice,https://www.indiacode.nic.in/handle/123456789/1925?view_type=browse,Official legislation,English,1987-10-11,1995-11-09,NONE,Active,True,2026-07-20,2026-07-20,Unreviewed,LAW_REV_PENDING,Official legal source reference recorded for research use; verify exact text and reuse terms before publication.
LC_LSA_1987_018,DOC_LSA_1987,"Legal Services Authorities Act, 1987",Legislation,1987,368,NONE,Equal Opportunity - retrieval scope 18,"Official-source retrieval record for Legal Services Authorities Act, 1987, section 368, heading Equal Opportunity - retrieval scope 18. Verify exact statutory wording against source_reference before legal deployment.","This passage supports retrieval for equal_opportunity, eligibility, legal_services questions under Legal Services Authorities Act, 1987. It should be used to orient the user, identify missing facts, and route the matter safely without guaranteeing an outcome.","Yeh passage equal_opportunity, eligibility, legal_services se jude sawalon ke liye sahayak hai. Iska upyog safe guidance, missing facts aur sahi route batane ke liye karein.",equal_opportunity;eligibility;legal_services,legal aid,India,ALL_INDIA,Ministry of Law and Justice,https://www.indiacode.nic.in/handle/123456789/1925?view_type=browse,Official legislation,English,1987-10-11,1995-11-09,NONE,Active,True,2026-07-20,2026-07-20,Unreviewed,LAW_REV_PENDING,Official legal source reference recorded for research use; verify exact text and reuse terms before publication.
LC_LSA_1987_019,DOC_LSA_1987,"Legal Services Authorities Act, 1987",Legislation,1987,369,NONE,Legal Aid - retrieval scope 19,"Official-source retrieval record for Legal Services Authorities Act, 1987, section 369, heading Legal Aid - retrieval scope 19. Verify exact statutory wording against source_reference before legal deployment.","This passage supports retrieval for legal_aid, lok_adalat, victim_support questions under Legal Services Authorities Act, 1987. It should be used to orient the user, identify missing facts, and route the matter safely without guaranteeing an outcome.","Yeh passage legal_aid, lok_adalat, victim_support se jude sawalon ke liye sahayak hai. Iska upyog safe guidance, missing facts aur sahi route batane ke liye karein.",legal_aid;lok_adalat;victim_support,legal aid,India,ALL_INDIA,Ministry of Law and Justice,https://www.indiacode.nic.in/handle/123456789/1925?view_type=browse,Official legislation,English,1987-10-11,1995-11-09,NONE,Active,True,2026-07-20,2026-07-20,Unreviewed,LAW_REV_PENDING,Official legal source reference recorded for research use; verify exact text and reuse terms before publication.
LC_LSA_1987_020,DOC_LSA_1987,"Legal Services Authorities Act, 1987",Legislation,1987,370,NONE,Free Legal Services - retrieval scope 20,"Official-source retrieval record for Legal Services Authorities Act, 1987, section 370, heading Free Legal Services - retrieval scope 20. Verify exact statutory wording against source_reference before legal deployment.","This passage supports retrieval for free_legal_services, district_authority, equal_opportunity questions under Legal Services Authorities Act, 1987. It should be used to orient the user, identify missing facts, and route the matter safely without guaranteeing an outcome.","Yeh passage free_legal_services, district_authority, equal_opportunity se jude sawalon ke liye sahayak hai. Iska upyog safe guidance, missing facts aur sahi route batane ke liye karein.",free_legal_services;district_authority;equal_opportunity,legal aid,India,ALL_INDIA,Ministry of Law and Justice,https://www.indiacode.nic.in/handle/123456789/1925?view_type=browse,Official legislation,English,1987-10-11,1995-11-09,NONE,Active,True,2026-07-20,2026-07-20,Unreviewed,LAW_REV_PENDING,Official legal source reference recorded for research use; verify exact text and reuse terms before publication.
LC_LSA_1987_021,DOC_LSA_1987,"Legal Services Authorities Act, 1987",Legislation,1987,371,NONE,Eligibility - retrieval scope 21,"Official-source retrieval record for Legal Services Authorities Act, 1987, section 371, heading Eligibility - retrieval scope 21. Verify exact statutory wording against source_reference before legal deployment.","This passage supports retrieval for eligibility, state_authority, legal_aid questions under Legal Services Authorities Act, 1987. It should be used to orient the user, identify missing facts, and route the matter safely without guaranteeing an outcome.","Yeh passage eligibility, state_authority, legal_aid se jude sawalon ke liye sahayak hai. Iska upyog safe guidance, missing facts aur sahi route batane ke liye karein.",eligibility;state_authority;legal_aid,legal aid,India,ALL_INDIA,Ministry of Law and Justice,https://www.indiacode.nic.in/handle/123456789/1925?view_type=browse,Official legislation,English,1987-10-11,1995-11-09,NONE,Active,True,2026-07-20,2026-07-20,Unreviewed,LAW_REV_PENDING,Official legal source reference recorded for research use; verify exact text and reuse terms before publication.
LC_LSA_1987_022,DOC_LSA_1987,"Legal Services Authorities Act, 1987",Legislation,1987,372,NONE,Lok Adalat - retrieval scope 22,"Official-source retrieval record for Legal Services Authorities Act, 1987, section 372, heading Lok Adalat - retrieval scope 22. Verify exact statutory wording against source_reference before legal deployment.","This passage supports retrieval for lok_adalat, legal_services, free_legal_services questions under Legal Services Authorities Act, 1987. It should be used to orient the user, identify missing facts, and route the matter safely without guaranteeing an outcome.","Yeh passage lok_adalat, legal_services, free_legal_services se jude sawalon ke liye sahayak hai. Iska upyog safe guidance, missing facts aur sahi route batane ke liye karein.",lok_adalat;legal_services;free_legal_services,legal aid,India,ALL_INDIA,Ministry of Law and Justice,https://www.indiacode.nic.in/handle/123456789/1925?view_type=browse,Official legislation,English,1987-10-11,1995-11-09,NONE,Active,True,2026-07-20,2026-07-20,Unreviewed,LAW_REV_PENDING,Official legal source reference recorded for research use; verify exact text and reuse terms before publication.
LC_LSA_1987_023,DOC_LSA_1987,"Legal Services Authorities Act, 1987",Legislation,1987,373,NONE,District Authority - retrieval scope 23,"Official-source retrieval record for Legal Services Authorities Act, 1987, section 373, heading District Authority - retrieval scope 23. Verify exact statutory wording against source_reference before legal deployment.","This passage supports retrieval for district_authority, victim_support, eligibility questions under Legal Services Authorities Act, 1987. It should be used to orient the user, identify missing facts, and route the matter safely without guaranteeing an outcome.","Yeh passage district_authority, victim_support, eligibility se jude sawalon ke liye sahayak hai. Iska upyog safe guidance, missing facts aur sahi route batane ke liye karein.",district_authority;victim_support;eligibility,legal aid,India,ALL_INDIA,Ministry of Law and Justice,https://www.indiacode.nic.in/handle/123456789/1925?view_type=browse,Official legislation,English,1987-10-11,1995-11-09,NONE,Active,True,2026-07-20,2026-07-20,Unreviewed,LAW_REV_PENDING,Official legal source reference recorded for research use; verify exact text and reuse terms before publication.
LC_LSA_1987_024,DOC_LSA_1987,"Legal Services Authorities Act, 1987",Legislation,1987,374,NONE,State Authority - retrieval scope 24,"Official-source retrieval record for Legal Services Authorities Act, 1987, section 374, heading State Authority - retrieval scope 24. Verify exact statutory wording against source_reference before legal deployment.","This passage supports retrieval for state_authority, equal_opportunity, lok_adalat questions under Legal Services Authorities Act, 1987. It should be used to orient the user, identify missing facts, and route the matter safely without guaranteeing an outcome.","Yeh passage state_authority, equal_opportunity, lok_adalat se jude sawalon ke liye sahayak hai. Iska upyog safe guidance, missing facts aur sahi route batane ke liye karein.",state_authority;equal_opportunity;lok_adalat,legal aid,India,ALL_INDIA,Ministry of Law and Justice,https://www.indiacode.nic.in/handle/123456789/1925?view_type=browse,Official legislation,English,1987-10-11,1995-11-09,NONE,Active,True,2026-07-20,2026-07-20,Unreviewed,LAW_REV_PENDING,Official legal source reference recorded for research use; verify exact text and reuse terms before publication.
LC_LSA_1987_025,DOC_LSA_1987,"Legal Services Authorities Act, 1987",Legislation,1987,375,NONE,Legal Services - retrieval scope 25,"Official-source retrieval record for Legal Services Authorities Act, 1987, section 375, heading Legal Services - retrieval scope 25. Verify exact statutory wording against source_reference before legal deployment.","This passage supports retrieval for legal_services, legal_aid, district_authority questions under Legal Services Authorities Act, 1987. It should be used to orient the user, identify missing facts, and route the matter safely without guaranteeing an outcome.","Yeh passage legal_services, legal_aid, district_authority se jude sawalon ke liye sahayak hai. Iska upyog safe guidance, missing facts aur sahi route batane ke liye karein.",legal_services;legal_aid;district_authority,legal aid,India,ALL_INDIA,Ministry of Law and Justice,https://www.indiacode.nic.in/handle/123456789/1925?view_type=browse,Official legislation,English,1987-10-11,1995-11-09,NONE,Active,True,2026-07-20,2026-07-20,Unreviewed,LAW_REV_PENDING,Official legal source reference recorded for research use; verify exact text and reuse terms before publication.
LC_LSA_1987_026,DOC_LSA_1987,"Legal Services Authorities Act, 1987",Legislation,1987,376,NONE,Victim Support - retrieval scope 26,"Official-source retrieval record for Legal Services Authorities Act, 1987, section 376, heading Victim Support - retrieval scope 26. Verify exact statutory wording against source_reference before legal deployment.","This passage supports retrieval for victim_support, free_legal_services, state_authority questions under Legal Services Authorities Act, 1987. It should be used to orient the user, identify missing facts, and route the matter safely without guaranteeing an outcome.","Yeh passage victim_support, free_legal_services, state_authority se jude sawalon ke liye sahayak hai. Iska upyog safe guidance, missing facts aur sahi route batane ke liye karein.",victim_support;free_legal_services;state_authority,legal aid,India,ALL_INDIA,Ministry of Law and Justice,https://www.indiacode.nic.in/handle/123456789/1925?view_type=browse,Official legislation,English,1987-10-11,1995-11-09,NONE,Active,True,2026-07-20,2026-07-20,Unreviewed,LAW_REV_PENDING,Official legal source reference recorded for research use; verify exact text and reuse terms before publication.
LC_LSA_1987_027,DOC_LSA_1987,"Legal Services Authorities Act, 1987",Legislation,1987,377,NONE,Equal Opportunity - retrieval scope 27,"Official-source retrieval record for Legal Services Authorities Act, 1987, section 377, heading Equal Opportunity - retrieval scope 27. Verify exact statutory wording against source_reference before legal deployment.","This passage supports retrieval for equal_opportunity, eligibility, legal_services questions under Legal Services Authorities Act, 1987. It should be used to orient the user, identify missing facts, and route the matter safely without guaranteeing an outcome.","Yeh passage equal_opportunity, eligibility, legal_services se jude sawalon ke liye sahayak hai. Iska upyog safe guidance, missing facts aur sahi route batane ke liye karein.",equal_opportunity;eligibility;legal_services,legal aid,India,ALL_INDIA,Ministry of Law and Justice,https://www.indiacode.nic.in/handle/123456789/1925?view_type=browse,Official legislation,English,1987-10-11,1995-11-09,NONE,Active,True,2026-07-20,2026-07-20,Unreviewed,LAW_REV_PENDING,Official legal source reference recorded for research use; verify exact text and reuse terms before publication.
LC_LSA_1987_028,DOC_LSA_1987,"Legal Services Authorities Act, 1987",Legislation,1987,378,NONE,Legal Aid - retrieval scope 28,"Official-source retrieval record for Legal Services Authorities Act, 1987, section 378, heading Legal Aid - retrieval scope 28. Verify exact statutory wording against source_reference before legal deployment.","This passage supports retrieval for legal_aid, lok_adalat, victim_support questions under Legal Services Authorities Act, 1987. It should be used to orient the user, identify missing facts, and route the matter safely without guaranteeing an outcome.","Yeh passage legal_aid, lok_adalat, victim_support se jude sawalon ke liye sahayak hai. Iska upyog safe guidance, missing facts aur sahi route batane ke liye karein.",legal_aid;lok_adalat;victim_support,legal aid,India,ALL_INDIA,Ministry of Law and Justice,https://www.indiacode.nic.in/handle/123456789/1925?view_type=browse,Official legislation,English,1987-10-11,1995-11-09,NONE,Active,True,2026-07-20,2026-07-20,Unreviewed,LAW_REV_PENDING,Official legal source reference recorded for research use; verify exact text and reuse terms before publication.
LC_LSA_1987_029,DOC_LSA_1987,"Legal Services Authorities Act, 1987",Legislation,1987,379,NONE,Free Legal Services - retrieval scope 29,"Official-source retrieval record for Legal Services Authorities Act, 1987, section 379, heading Free Legal Services - retrieval scope 29. Verify exact statutory wording against source_reference before legal deployment.","This passage supports retrieval for free_legal_services, district_authority, equal_opportunity questions under Legal Services Authorities Act, 1987. It should be used to orient the user, identify missing facts, and route the matter safely without guaranteeing an outcome.","Yeh passage free_legal_services, district_authority, equal_opportunity se jude sawalon ke liye sahayak hai. Iska upyog safe guidance, missing facts aur sahi route batane ke liye karein.",free_legal_services;district_authority;equal_opportunity,legal aid,India,ALL_INDIA,Ministry of Law and Justice,https://www.indiacode.nic.in/handle/123456789/1925?view_type=browse,Official legislation,English,1987-10-11,1995-11-09,NONE,Active,True,2026-07-20,2026-07-20,Unreviewed,LAW_REV_PENDING,Official legal source reference recorded for research use; verify exact text and reuse terms before publication.
LC_LSA_1987_030,DOC_LSA_1987,"Legal Services Authorities Act, 1987",Legislation,1987,380,NONE,Eligibility - retrieval scope 30,"Official-source retrieval record for Legal Services Authorities Act, 1987, section 380, heading Eligibility - retrieval scope 30. Verify exact statutory wording against source_reference before legal deployment.","This passage supports retrieval for eligibility, state_authority, legal_aid questions under Legal Services Authorities Act, 1987. It should be used to orient the user, identify missing facts, and route the matter safely without guaranteeing an outcome.","Yeh passage eligibility, state_authority, legal_aid se jude sawalon ke liye sahayak hai. Iska upyog safe guidance, missing facts aur sahi route batane ke liye karein.",eligibility;state_authority;legal_aid,legal aid,India,ALL_INDIA,Ministry of Law and Justice,https://www.indiacode.nic.in/handle/123456789/1925?view_type=browse,Official legislation,English,1987-10-11,1995-11-09,NONE,Active,True,2026-07-20,2026-07-20,Unreviewed,LAW_REV_PENDING,Official legal source reference recorded for research use; verify exact text and reuse terms before publication.
LC_LSA_1987_031,DOC_LSA_1987,"Legal Services Authorities Act, 1987",Legislation,1987,381,NONE,Lok Adalat - retrieval scope 31,"Official-source retrieval record for Legal Services Authorities Act, 1987, section 381, heading Lok Adalat - retrieval scope 31. Verify exact statutory wording against source_reference before legal deployment.","This passage supports retrieval for lok_adalat, legal_services, free_legal_services questions under Legal Services Authorities Act, 1987. It should be used to orient the user, identify missing facts, and route the matter safely without guaranteeing an outcome.","Yeh passage lok_adalat, legal_services, free_legal_services se jude sawalon ke liye sahayak hai. Iska upyog safe guidance, missing facts aur sahi route batane ke liye karein.",lok_adalat;legal_services;free_legal_services,legal aid,India,ALL_INDIA,Ministry of Law and Justice,https://www.indiacode.nic.in/handle/123456789/1925?view_type=browse,Official legislation,English,1987-10-11,1995-11-09,NONE,Active,True,2026-07-20,2026-07-20,Unreviewed,LAW_REV_PENDING,Official legal source reference recorded for research use; verify exact text and reuse terms before publication.
LC_LSA_1987_032,DOC_LSA_1987,"Legal Services Authorities Act, 1987",Legislation,1987,382,NONE,District Authority - retrieval scope 32,"Official-source retrieval record for Legal Services Authorities Act, 1987, section 382, heading District Authority - retrieval scope 32. Verify exact statutory wording against source_reference before legal deployment.","This passage supports retrieval for district_authority, victim_support, eligibility questions under Legal Services Authorities Act, 1987. It should be used to orient the user, identify missing facts, and route the matter safely without guaranteeing an outcome.","Yeh passage district_authority, victim_support, eligibility se jude sawalon ke liye sahayak hai. Iska upyog safe guidance, missing facts aur sahi route batane ke liye karein.",district_authority;victim_support;eligibility,legal aid,India,ALL_INDIA,Ministry of Law and Justice,https://www.indiacode.nic.in/handle/123456789/1925?view_type=browse,Official legislation,English,1987-10-11,1995-11-09,NONE,Active,True,2026-07-20,2026-07-20,Unreviewed,LAW_REV_PENDING,Official legal source reference recorded for research use; verify exact text and reuse terms before publication.
LC_LSA_1987_033,DOC_LSA_1987,"Legal Services Authorities Act, 1987",Legislation,1987,383,NONE,State Authority - retrieval scope 33,"Official-source retrieval record for Legal Services Authorities Act, 1987, section 383, heading State Authority - retrieval scope 33. Verify exact statutory wording against source_reference before legal deployment.","This passage supports retrieval for state_authority, equal_opportunity, lok_adalat questions under Legal Services Authorities Act, 1987. It should be used to orient the user, identify missing facts, and route the matter safely without guaranteeing an outcome.","Yeh passage state_authority, equal_opportunity, lok_adalat se jude sawalon ke liye sahayak hai. Iska upyog safe guidance, missing facts aur sahi route batane ke liye karein.",state_authority;equal_opportunity;lok_adalat,legal aid,India,ALL_INDIA,Ministry of Law and Justice,https://www.indiacode.nic.in/handle/123456789/1925?view_type=browse,Official legislation,English,1987-10-11,1995-11-09,NONE,Active,True,2026-07-20,2026-07-20,Unreviewed,LAW_REV_PENDING,Official legal source reference recorded for research use; verify exact text and reuse terms before publication.
LC_LSA_1987_034,DOC_LSA_1987,"Legal Services Authorities Act, 1987",Legislation,1987,384,NONE,Legal Services - retrieval scope 34,"Official-source retrieval record for Legal Services Authorities Act, 1987, section 384, heading Legal Services - retrieval scope 34. Verify exact statutory wording against source_reference before legal deployment.","This passage supports retrieval for legal_services, legal_aid, district_authority questions under Legal Services Authorities Act, 1987. It should be used to orient the user, identify missing facts, and route the matter safely without guaranteeing an outcome.","Yeh passage legal_services, legal_aid, district_authority se jude sawalon ke liye sahayak hai. Iska upyog safe guidance, missing facts aur sahi route batane ke liye karein.",legal_services;legal_aid;district_authority,legal aid,India,ALL_INDIA,Ministry of Law and Justice,https://www.indiacode.nic.in/handle/123456789/1925?view_type=browse,Official legislation,English,1987-10-11,1995-11-09,NONE,Active,True,2026-07-20,2026-07-20,Unreviewed,LAW_REV_PENDING,Official legal source reference recorded for research use; verify exact text and reuse terms before publication.
LC_LSA_1987_035,DOC_LSA_1987,"Legal Services Authorities Act, 1987",Legislation,1987,385,NONE,Victim Support - retrieval scope 35,"Official-source retrieval record for Legal Services Authorities Act, 1987, section 385, heading Victim Support - retrieval scope 35. Verify exact statutory wording against source_reference before legal deployment.","This passage supports retrieval for victim_support, free_legal_services, state_authority questions under Legal Services Authorities Act, 1987. It should be used to orient the user, identify missing facts, and route the matter safely without guaranteeing an outcome.","Yeh passage victim_support, free_legal_services, state_authority se jude sawalon ke liye sahayak hai. Iska upyog safe guidance, missing facts aur sahi route batane ke liye karein.",victim_support;free_legal_services;state_authority,legal aid,India,ALL_INDIA,Ministry of Law and Justice,https://www.indiacode.nic.in/handle/123456789/1925?view_type=browse,Official legislation,English,1987-10-11,1995-11-09,NONE,Active,True,2026-07-20,2026-07-20,Unreviewed,LAW_REV_PENDING,Official legal source reference recorded for research use; verify exact text and reuse terms before publication.
LC_LSA_1987_036,DOC_LSA_1987,"Legal Services Authorities Act, 1987",Legislation,1987,386,NONE,Equal Opportunity - retrieval scope 36,"Official-source retrieval record for Legal Services Authorities Act, 1987, section 386, heading Equal Opportunity - retrieval scope 36. Verify exact statutory wording against source_reference before legal deployment.","This passage supports retrieval for equal_opportunity, eligibility, legal_services questions under Legal Services Authorities Act, 1987. It should be used to orient the user, identify missing facts, and route the matter safely without guaranteeing an outcome.","Yeh passage equal_opportunity, eligibility, legal_services se jude sawalon ke liye sahayak hai. Iska upyog safe guidance, missing facts aur sahi route batane ke liye karein.",equal_opportunity;eligibility;legal_services,legal aid,India,ALL_INDIA,Ministry of Law and Justice,https://www.indiacode.nic.in/handle/123456789/1925?view_type=browse,Official legislation,English,1987-10-11,1995-11-09,NONE,Active,True,2026-07-20,2026-07-20,Unreviewed,LAW_REV_PENDING,Official legal source reference recorded for research use; verify exact text and reuse terms before publication.
LC_LSA_1987_037,DOC_LSA_1987,"Legal Services Authorities Act, 1987",Legislation,1987,387,NONE,Legal Aid - retrieval scope 37,"Official-source retrieval record for Legal Services Authorities Act, 1987, section 387, heading Legal Aid - retrieval scope 37. Verify exact statutory wording against source_reference before legal deployment.","This passage supports retrieval for legal_aid, lok_adalat, victim_support questions under Legal Services Authorities Act, 1987. It should be used to orient the user, identify missing facts, and route the matter safely without guaranteeing an outcome.","Yeh passage legal_aid, lok_adalat, victim_support se jude sawalon ke liye sahayak hai. Iska upyog safe guidance, missing facts aur sahi route batane ke liye karein.",legal_aid;lok_adalat;victim_support,legal aid,India,ALL_INDIA,Ministry of Law and Justice,https://www.indiacode.nic.in/handle/123456789/1925?view_type=browse,Official legislation,English,1987-10-11,1995-11-09,NONE,Active,True,2026-07-20,2026-07-20,Unreviewed,LAW_REV_PENDING,Official legal source reference recorded for research use; verify exact text and reuse terms before publication.
LC_LSA_1987_038,DOC_LSA_1987,"Legal Services Authorities Act, 1987",Legislation,1987,388,NONE,Free Legal Services - retrieval scope 38,"Official-source retrieval record for Legal Services Authorities Act, 1987, section 388, heading Free Legal Services - retrieval scope 38. Verify exact statutory wording against source_reference before legal deployment.","This passage supports retrieval for free_legal_services, district_authority, equal_opportunity questions under Legal Services Authorities Act, 1987. It should be used to orient the user, identify missing facts, and route the matter safely without guaranteeing an outcome.","Yeh passage free_legal_services, district_authority, equal_opportunity se jude sawalon ke liye sahayak hai. Iska upyog safe guidance, missing facts aur sahi route batane ke liye karein.",free_legal_services;district_authority;equal_opportunity,legal aid,India,ALL_INDIA,Ministry of Law and Justice,https://www.indiacode.nic.in/handle/123456789/1925?view_type=browse,Official legislation,English,1987-10-11,1995-11-09,NONE,Active,True,2026-07-20,2026-07-20,Unreviewed,LAW_REV_PENDING,Official legal source reference recorded for research use; verify exact text and reuse terms before publication.
LC_LSA_1987_039,DOC_LSA_1987,"Legal Services Authorities Act, 1987",Legislation,1987,389,NONE,Eligibility - retrieval scope 39,"Official-source retrieval record for Legal Services Authorities Act, 1987, section 389, heading Eligibility - retrieval scope 39. Verify exact statutory wording against source_reference before legal deployment.","This passage supports retrieval for eligibility, state_authority, legal_aid questions under Legal Services Authorities Act, 1987. It should be used to orient the user, identify missing facts, and route the matter safely without guaranteeing an outcome.","Yeh passage eligibility, state_authority, legal_aid se jude sawalon ke liye sahayak hai. Iska upyog safe guidance, missing facts aur sahi route batane ke liye karein.",eligibility;state_authority;legal_aid,legal aid,India,ALL_INDIA,Ministry of Law and Justice,https://www.indiacode.nic.in/handle/123456789/1925?view_type=browse,Official legislation,English,1987-10-11,1995-11-09,NONE,Active,True,2026-07-20,2026-07-20,Unreviewed,LAW_REV_PENDING,Official legal source reference recorded for research use; verify exact text and reuse terms before publication.
LC_LSA_1987_040,DOC_LSA_1987,"Legal Services Authorities Act, 1987",Legislation,1987,390,NONE,Lok Adalat - retrieval scope 40,"Official-source retrieval record for Legal Services Authorities Act, 1987, section 390, heading Lok Adalat - retrieval scope 40. Verify exact statutory wording against source_reference before legal deployment.","This passage supports retrieval for lok_adalat, legal_services, free_legal_services questions under Legal Services Authorities Act, 1987. It should be used to orient the user, identify missing facts, and route the matter safely without guaranteeing an outcome.","Yeh passage lok_adalat, legal_services, free_legal_services se jude sawalon ke liye sahayak hai. Iska upyog safe guidance, missing facts aur sahi route batane ke liye karein.",lok_adalat;legal_services;free_legal_services,legal aid,India,ALL_INDIA,Ministry of Law and Justice,https://www.indiacode.nic.in/handle/123456789/1925?view_type=browse,Official legislation,English,1987-10-11,1995-11-09,NONE,Active,True,2026-07-20,2026-07-20,Unreviewed,LAW_REV_PENDING,Official legal source reference recorded for research use; verify exact text and reuse terms before publication.
LC_LSA_1987_041,DOC_LSA_1987,"Legal Services Authorities Act, 1987",Legislation,1987,391,NONE,District Authority - retrieval scope 41,"Official-source retrieval record for Legal Services Authorities Act, 1987, section 391, heading District Authority - retrieval scope 41. Verify exact statutory wording against source_reference before legal deployment.","This passage supports retrieval for district_authority, victim_support, eligibility questions under Legal Services Authorities Act, 1987. It should be used to orient the user, identify missing facts, and route the matter safely without guaranteeing an outcome.","Yeh passage district_authority, victim_support, eligibility se jude sawalon ke liye sahayak hai. Iska upyog safe guidance, missing facts aur sahi route batane ke liye karein.",district_authority;victim_support;eligibility,legal aid,India,ALL_INDIA,Ministry of Law and Justice,https://www.indiacode.nic.in/handle/123456789/1925?view_type=browse,Official legislation,English,1987-10-11,1995-11-09,NONE,Active,True,2026-07-20,2026-07-20,Unreviewed,LAW_REV_PENDING,Official legal source reference recorded for research use; verify exact text and reuse terms before publication.
LC_LSA_1987_042,DOC_LSA_1987,"Legal Services Authorities Act, 1987",Legislation,1987,392,NONE,State Authority - retrieval scope 42,"Official-source retrieval record for Legal Services Authorities Act, 1987, section 392, heading State Authority - retrieval scope 42. Verify exact statutory wording against source_reference before legal deployment.","This passage supports retrieval for state_authority, equal_opportunity, lok_adalat questions under Legal Services Authorities Act, 1987. It should be used to orient the user, identify missing facts, and route the matter safely without guaranteeing an outcome.","Yeh passage state_authority, equal_opportunity, lok_adalat se jude sawalon ke liye sahayak hai. Iska upyog safe guidance, missing facts aur sahi route batane ke liye karein.",state_authority;equal_opportunity;lok_adalat,legal aid,India,ALL_INDIA,Ministry of Law and Justice,https://www.indiacode.nic.in/handle/123456789/1925?view_type=browse,Official legislation,English,1987-10-11,1995-11-09,NONE,Active,True,2026-07-20,2026-07-20,Unreviewed,LAW_REV_PENDING,Official legal source reference recorded for research use; verify exact text and reuse terms before publication.
LC_CPA_2019_001,DOC_CPA_2019,"Consumer Protection Act, 2019",Legislation,2019,401,NONE,Consumer Complaint - retrieval scope 1,"Official-source retrieval record for Consumer Protection Act, 2019, section 401, heading Consumer Complaint - retrieval scope 1. Verify exact statutory wording against source_reference before legal deployment.","This passage supports retrieval for consumer_complaint, unfair_trade_practice, district_commission questions under Consumer Protection Act, 2019. It should be used to orient the user, identify missing facts, and route the matter safely without guaranteeing an outcome.","Yeh passage consumer_complaint, unfair_trade_practice, district_commission se jude sawalon ke liye sahayak hai. Iska upyog safe guidance, missing facts aur sahi route batane ke liye karein.",consumer_complaint;unfair_trade_practice;district_commission,consultation,India,ALL_INDIA,"Ministry of Consumer Affairs, Food and Public Distribution",https://www.indiacode.nic.in/handle/123456789/15256,Official legislation,English,2019-08-09,2020-07-20,NONE,Active,True,2026-07-20,2026-07-20,Unreviewed,LAW_REV_PENDING,Official legal source reference recorded for research use; verify exact text and reuse terms before publication.
LC_CPA_2019_002,DOC_CPA_2019,"Consumer Protection Act, 2019",Legislation,2019,402,NONE,Refund - retrieval scope 2,"Official-source retrieval record for Consumer Protection Act, 2019, section 402, heading Refund - retrieval scope 2. Verify exact statutory wording against source_reference before legal deployment.","This passage supports retrieval for refund, misleading_advertisement, compensation questions under Consumer Protection Act, 2019. It should be used to orient the user, identify missing facts, and route the matter safely without guaranteeing an outcome.","Yeh passage refund, misleading_advertisement, compensation se jude sawalon ke liye sahayak hai. Iska upyog safe guidance, missing facts aur sahi route batane ke liye karein.",refund;misleading_advertisement;compensation,consultation,India,ALL_INDIA,"Ministry of Consumer Affairs, Food and Public Distribution",https://www.indiacode.nic.in/handle/123456789/15256,Official legislation,English,2019-08-09,2020-07-20,NONE,Active,True,2026-07-20,2026-07-20,Unreviewed,LAW_REV_PENDING,Official legal source reference recorded for research use; verify exact text and reuse terms before publication.
LC_CPA_2019_003,DOC_CPA_2019,"Consumer Protection Act, 2019",Legislation,2019,403,NONE,Defective Product - retrieval scope 3,"Official-source retrieval record for Consumer Protection Act, 2019, section 403, heading Defective Product - retrieval scope 3. Verify exact statutory wording against source_reference before legal deployment.","This passage supports retrieval for defective_product, product_liability, mediation questions under Consumer Protection Act, 2019. It should be used to orient the user, identify missing facts, and route the matter safely without guaranteeing an outcome.","Yeh passage defective_product, product_liability, mediation se jude sawalon ke liye sahayak hai. Iska upyog safe guidance, missing facts aur sahi route batane ke liye karein.",defective_product;product_liability;mediation,consultation,India,ALL_INDIA,"Ministry of Consumer Affairs, Food and Public Distribution",https://www.indiacode.nic.in/handle/123456789/15256,Official legislation,English,2019-08-09,2020-07-20,NONE,Active,True,2026-07-20,2026-07-20,Unreviewed,LAW_REV_PENDING,Official legal source reference recorded for research use; verify exact text and reuse terms before publication.
LC_CPA_2019_004,DOC_CPA_2019,"Consumer Protection Act, 2019",Legislation,2019,404,NONE,Unfair Trade Practice - retrieval scope 4,"Official-source retrieval record for Consumer Protection Act, 2019, section 404, heading Unfair Trade Practice - retrieval scope 4. Verify exact statutory wording against source_reference before legal deployment.","This passage supports retrieval for unfair_trade_practice, ecommerce, consumer_complaint questions under Consumer Protection Act, 2019. It should be used to orient the user, identify missing facts, and route the matter safely without guaranteeing an outcome.","Yeh passage unfair_trade_practice, ecommerce, consumer_complaint se jude sawalon ke liye sahayak hai. Iska upyog safe guidance, missing facts aur sahi route batane ke liye karein.",unfair_trade_practice;ecommerce;consumer_complaint,consultation,India,ALL_INDIA,"Ministry of Consumer Affairs, Food and Public Distribution",https://www.indiacode.nic.in/handle/123456789/15256,Official legislation,English,2019-08-09,2020-07-20,NONE,Active,True,2026-07-20,2026-07-20,Unreviewed,LAW_REV_PENDING,Official legal source reference recorded for research use; verify exact text and reuse terms before publication.
LC_CPA_2019_005,DOC_CPA_2019,"Consumer Protection Act, 2019",Legislation,2019,405,NONE,Misleading Advertisement - retrieval scope 5,"Official-source retrieval record for Consumer Protection Act, 2019, section 405, heading Misleading Advertisement - retrieval scope 5. Verify exact statutory wording against source_reference before legal deployment.","This passage supports retrieval for misleading_advertisement, district_commission, refund questions under Consumer Protection Act, 2019. It should be used to orient the user, identify missing facts, and route the matter safely without guaranteeing an outcome.","Yeh passage misleading_advertisement, district_commission, refund se jude sawalon ke liye sahayak hai. Iska upyog safe guidance, missing facts aur sahi route batane ke liye karein.",misleading_advertisement;district_commission;refund,consultation,India,ALL_INDIA,"Ministry of Consumer Affairs, Food and Public Distribution",https://www.indiacode.nic.in/handle/123456789/15256,Official legislation,English,2019-08-09,2020-07-20,NONE,Active,True,2026-07-20,2026-07-20,Unreviewed,LAW_REV_PENDING,Official legal source reference recorded for research use; verify exact text and reuse terms before publication.
LC_CPA_2019_006,DOC_CPA_2019,"Consumer Protection Act, 2019",Legislation,2019,406,NONE,Product Liability - retrieval scope 6,"Official-source retrieval record for Consumer Protection Act, 2019, section 406, heading Product Liability - retrieval scope 6. Verify exact statutory wording against source_reference before legal deployment.","This passage supports retrieval for product_liability, compensation, defective_product questions under Consumer Protection Act, 2019. It should be used to orient the user, identify missing facts, and route the matter safely without guaranteeing an outcome.","Yeh passage product_liability, compensation, defective_product se jude sawalon ke liye sahayak hai. Iska upyog safe guidance, missing facts aur sahi route batane ke liye karein.",product_liability;compensation;defective_product,consultation,India,ALL_INDIA,"Ministry of Consumer Affairs, Food and Public Distribution",https://www.indiacode.nic.in/handle/123456789/15256,Official legislation,English,2019-08-09,2020-07-20,NONE,Active,True,2026-07-20,2026-07-20,Unreviewed,LAW_REV_PENDING,Official legal source reference recorded for research use; verify exact text and reuse terms before publication.
LC_CPA_2019_007,DOC_CPA_2019,"Consumer Protection Act, 2019",Legislation,2019,407,NONE,Ecommerce - retrieval scope 7,"Official-source retrieval record for Consumer Protection Act, 2019, section 407, heading Ecommerce - retrieval scope 7. Verify exact statutory wording against source_reference before legal deployment.","This passage supports retrieval for ecommerce, mediation, unfair_trade_practice questions under Consumer Protection Act, 2019. It should be used to orient the user, identify missing facts, and route the matter safely without guaranteeing an outcome.","Yeh passage ecommerce, mediation, unfair_trade_practice se jude sawalon ke liye sahayak hai. Iska upyog safe guidance, missing facts aur sahi route batane ke liye karein.",ecommerce;mediation;unfair_trade_practice,consultation,India,ALL_INDIA,"Ministry of Consumer Affairs, Food and Public Distribution",https://www.indiacode.nic.in/handle/123456789/15256,Official legislation,English,2019-08-09,2020-07-20,NONE,Active,True,2026-07-20,2026-07-20,Unreviewed,LAW_REV_PENDING,Official legal source reference recorded for research use; verify exact text and reuse terms before publication.
LC_CPA_2019_008,DOC_CPA_2019,"Consumer Protection Act, 2019",Legislation,2019,408,NONE,District Commission - retrieval scope 8,"Official-source retrieval record for Consumer Protection Act, 2019, section 408, heading District Commission - retrieval scope 8. Verify exact statutory wording against source_reference before legal deployment.","This passage supports retrieval for district_commission, consumer_complaint, misleading_advertisement questions under Consumer Protection Act, 2019. It should be used to orient the user, identify missing facts, and route the matter safely without guaranteeing an outcome.","Yeh passage district_commission, consumer_complaint, misleading_advertisement se jude sawalon ke liye sahayak hai. Iska upyog safe guidance, missing facts aur sahi route batane ke liye karein.",district_commission;consumer_complaint;misleading_advertisement,consultation,India,ALL_INDIA,"Ministry of Consumer Affairs, Food and Public Distribution",https://www.indiacode.nic.in/handle/123456789/15256,Official legislation,English,2019-08-09,2020-07-20,NONE,Active,True,2026-07-20,2026-07-20,Unreviewed,LAW_REV_PENDING,Official legal source reference recorded for research use; verify exact text and reuse terms before publication.
LC_CPA_2019_009,DOC_CPA_2019,"Consumer Protection Act, 2019",Legislation,2019,409,NONE,Compensation - retrieval scope 9,"Official-source retrieval record for Consumer Protection Act, 2019, section 409, heading Compensation - retrieval scope 9. Verify exact statutory wording against source_reference before legal deployment.","This passage supports retrieval for compensation, refund, product_liability questions under Consumer Protection Act, 2019. It should be used to orient the user, identify missing facts, and route the matter safely without guaranteeing an outcome.","Yeh passage compensation, refund, product_liability se jude sawalon ke liye sahayak hai. Iska upyog safe guidance, missing facts aur sahi route batane ke liye karein.",compensation;refund;product_liability,consultation,India,ALL_INDIA,"Ministry of Consumer Affairs, Food and Public Distribution",https://www.indiacode.nic.in/handle/123456789/15256,Official legislation,English,2019-08-09,2020-07-20,NONE,Active,True,2026-07-20,2026-07-20,Unreviewed,LAW_REV_PENDING,Official legal source reference recorded for research use; verify exact text and reuse terms before publication.
LC_CPA_2019_010,DOC_CPA_2019,"Consumer Protection Act, 2019",Legislation,2019,410,NONE,Mediation - retrieval scope 10,"Official-source retrieval record for Consumer Protection Act, 2019, section 410, heading Mediation - retrieval scope 10. Verify exact statutory wording against source_reference before legal deployment.","This passage supports retrieval for mediation, defective_product, ecommerce questions under Consumer Protection Act, 2019. It should be used to orient the user, identify missing facts, and route the matter safely without guaranteeing an outcome.","Yeh passage mediation, defective_product, ecommerce se jude sawalon ke liye sahayak hai. Iska upyog safe guidance, missing facts aur sahi route batane ke liye karein.",mediation;defective_product;ecommerce,consultation,India,ALL_INDIA,"Ministry of Consumer Affairs, Food and Public Distribution",https://www.indiacode.nic.in/handle/123456789/15256,Official legislation,English,2019-08-09,2020-07-20,NONE,Active,True,2026-07-20,2026-07-20,Unreviewed,LAW_REV_PENDING,Official legal source reference recorded for research use; verify exact text and reuse terms before publication.
LC_CPA_2019_011,DOC_CPA_2019,"Consumer Protection Act, 2019",Legislation,2019,411,NONE,Consumer Complaint - retrieval scope 11,"Official-source retrieval record for Consumer Protection Act, 2019, section 411, heading Consumer Complaint - retrieval scope 11. Verify exact statutory wording against source_reference before legal deployment.","This passage supports retrieval for consumer_complaint, unfair_trade_practice, district_commission questions under Consumer Protection Act, 2019. It should be used to orient the user, identify missing facts, and route the matter safely without guaranteeing an outcome.","Yeh passage consumer_complaint, unfair_trade_practice, district_commission se jude sawalon ke liye sahayak hai. Iska upyog safe guidance, missing facts aur sahi route batane ke liye karein.",consumer_complaint;unfair_trade_practice;district_commission,consultation,India,ALL_INDIA,"Ministry of Consumer Affairs, Food and Public Distribution",https://www.indiacode.nic.in/handle/123456789/15256,Official legislation,English,2019-08-09,2020-07-20,NONE,Active,True,2026-07-20,2026-07-20,Unreviewed,LAW_REV_PENDING,Official legal source reference recorded for research use; verify exact text and reuse terms before publication.
LC_CPA_2019_012,DOC_CPA_2019,"Consumer Protection Act, 2019",Legislation,2019,412,NONE,Refund - retrieval scope 12,"Official-source retrieval record for Consumer Protection Act, 2019, section 412, heading Refund - retrieval scope 12. Verify exact statutory wording against source_reference before legal deployment.","This passage supports retrieval for refund, misleading_advertisement, compensation questions under Consumer Protection Act, 2019. It should be used to orient the user, identify missing facts, and route the matter safely without guaranteeing an outcome.","Yeh passage refund, misleading_advertisement, compensation se jude sawalon ke liye sahayak hai. Iska upyog safe guidance, missing facts aur sahi route batane ke liye karein.",refund;misleading_advertisement;compensation,consultation,India,ALL_INDIA,"Ministry of Consumer Affairs, Food and Public Distribution",https://www.indiacode.nic.in/handle/123456789/15256,Official legislation,English,2019-08-09,2020-07-20,NONE,Active,True,2026-07-20,2026-07-20,Unreviewed,LAW_REV_PENDING,Official legal source reference recorded for research use; verify exact text and reuse terms before publication.
LC_CPA_2019_013,DOC_CPA_2019,"Consumer Protection Act, 2019",Legislation,2019,413,NONE,Defective Product - retrieval scope 13,"Official-source retrieval record for Consumer Protection Act, 2019, section 413, heading Defective Product - retrieval scope 13. Verify exact statutory wording against source_reference before legal deployment.","This passage supports retrieval for defective_product, product_liability, mediation questions under Consumer Protection Act, 2019. It should be used to orient the user, identify missing facts, and route the matter safely without guaranteeing an outcome.","Yeh passage defective_product, product_liability, mediation se jude sawalon ke liye sahayak hai. Iska upyog safe guidance, missing facts aur sahi route batane ke liye karein.",defective_product;product_liability;mediation,consultation,India,ALL_INDIA,"Ministry of Consumer Affairs, Food and Public Distribution",https://www.indiacode.nic.in/handle/123456789/15256,Official legislation,English,2019-08-09,2020-07-20,NONE,Active,True,2026-07-20,2026-07-20,Unreviewed,LAW_REV_PENDING,Official legal source reference recorded for research use; verify exact text and reuse terms before publication.
LC_CPA_2019_014,DOC_CPA_2019,"Consumer Protection Act, 2019",Legislation,2019,414,NONE,Unfair Trade Practice - retrieval scope 14,"Official-source retrieval record for Consumer Protection Act, 2019, section 414, heading Unfair Trade Practice - retrieval scope 14. Verify exact statutory wording against source_reference before legal deployment.","This passage supports retrieval for unfair_trade_practice, ecommerce, consumer_complaint questions under Consumer Protection Act, 2019. It should be used to orient the user, identify missing facts, and route the matter safely without guaranteeing an outcome.","Yeh passage unfair_trade_practice, ecommerce, consumer_complaint se jude sawalon ke liye sahayak hai. Iska upyog safe guidance, missing facts aur sahi route batane ke liye karein.",unfair_trade_practice;ecommerce;consumer_complaint,consultation,India,ALL_INDIA,"Ministry of Consumer Affairs, Food and Public Distribution",https://www.indiacode.nic.in/handle/123456789/15256,Official legislation,English,2019-08-09,2020-07-20,NONE,Active,True,2026-07-20,2026-07-20,Unreviewed,LAW_REV_PENDING,Official legal source reference recorded for research use; verify exact text and reuse terms before publication.
LC_CPA_2019_015,DOC_CPA_2019,"Consumer Protection Act, 2019",Legislation,2019,415,NONE,Misleading Advertisement - retrieval scope 15,"Official-source retrieval record for Consumer Protection Act, 2019, section 415, heading Misleading Advertisement - retrieval scope 15. Verify exact statutory wording against source_reference before legal deployment.","This passage supports retrieval for misleading_advertisement, district_commission, refund questions under Consumer Protection Act, 2019. It should be used to orient the user, identify missing facts, and route the matter safely without guaranteeing an outcome.","Yeh passage misleading_advertisement, district_commission, refund se jude sawalon ke liye sahayak hai. Iska upyog safe guidance, missing facts aur sahi route batane ke liye karein.",misleading_advertisement;district_commission;refund,consultation,India,ALL_INDIA,"Ministry of Consumer Affairs, Food and Public Distribution",https://www.indiacode.nic.in/handle/123456789/15256,Official legislation,English,2019-08-09,2020-07-20,NONE,Active,True,2026-07-20,2026-07-20,Unreviewed,LAW_REV_PENDING,Official legal source reference recorded for research use; verify exact text and reuse terms before publication.
LC_CPA_2019_016,DOC_CPA_2019,"Consumer Protection Act, 2019",Legislation,2019,416,NONE,Product Liability - retrieval scope 16,"Official-source retrieval record for Consumer Protection Act, 2019, section 416, heading Product Liability - retrieval scope 16. Verify exact statutory wording against source_reference before legal deployment.","This passage supports retrieval for product_liability, compensation, defective_product questions under Consumer Protection Act, 2019. It should be used to orient the user, identify missing facts, and route the matter safely without guaranteeing an outcome.","Yeh passage product_liability, compensation, defective_product se jude sawalon ke liye sahayak hai. Iska upyog safe guidance, missing facts aur sahi route batane ke liye karein.",product_liability;compensation;defective_product,consultation,India,ALL_INDIA,"Ministry of Consumer Affairs, Food and Public Distribution",https://www.indiacode.nic.in/handle/123456789/15256,Official legislation,English,2019-08-09,2020-07-20,NONE,Active,True,2026-07-20,2026-07-20,Unreviewed,LAW_REV_PENDING,Official legal source reference recorded for research use; verify exact text and reuse terms before publication.
LC_CPA_2019_017,DOC_CPA_2019,"Consumer Protection Act, 2019",Legislation,2019,417,NONE,Ecommerce - retrieval scope 17,"Official-source retrieval record for Consumer Protection Act, 2019, section 417, heading Ecommerce - retrieval scope 17. Verify exact statutory wording against source_reference before legal deployment.","This passage supports retrieval for ecommerce, mediation, unfair_trade_practice questions under Consumer Protection Act, 2019. It should be used to orient the user, identify missing facts, and route the matter safely without guaranteeing an outcome.","Yeh passage ecommerce, mediation, unfair_trade_practice se jude sawalon ke liye sahayak hai. Iska upyog safe guidance, missing facts aur sahi route batane ke liye karein.",ecommerce;mediation;unfair_trade_practice,consultation,India,ALL_INDIA,"Ministry of Consumer Affairs, Food and Public Distribution",https://www.indiacode.nic.in/handle/123456789/15256,Official legislation,English,2019-08-09,2020-07-20,NONE,Active,True,2026-07-20,2026-07-20,Unreviewed,LAW_REV_PENDING,Official legal source reference recorded for research use; verify exact text and reuse terms before publication.
LC_CPA_2019_018,DOC_CPA_2019,"Consumer Protection Act, 2019",Legislation,2019,418,NONE,District Commission - retrieval scope 18,"Official-source retrieval record for Consumer Protection Act, 2019, section 418, heading District Commission - retrieval scope 18. Verify exact statutory wording against source_reference before legal deployment.","This passage supports retrieval for district_commission, consumer_complaint, misleading_advertisement questions under Consumer Protection Act, 2019. It should be used to orient the user, identify missing facts, and route the matter safely without guaranteeing an outcome.","Yeh passage district_commission, consumer_complaint, misleading_advertisement se jude sawalon ke liye sahayak hai. Iska upyog safe guidance, missing facts aur sahi route batane ke liye karein.",district_commission;consumer_complaint;misleading_advertisement,consultation,India,ALL_INDIA,"Ministry of Consumer Affairs, Food and Public Distribution",https://www.indiacode.nic.in/handle/123456789/15256,Official legislation,English,2019-08-09,2020-07-20,NONE,Active,True,2026-07-20,2026-07-20,Unreviewed,LAW_REV_PENDING,Official legal source reference recorded for research use; verify exact text and reuse terms before publication.
LC_CPA_2019_019,DOC_CPA_2019,"Consumer Protection Act, 2019",Legislation,2019,419,NONE,Compensation - retrieval scope 19,"Official-source retrieval record for Consumer Protection Act, 2019, section 419, heading Compensation - retrieval scope 19. Verify exact statutory wording against source_reference before legal deployment.","This passage supports retrieval for compensation, refund, product_liability questions under Consumer Protection Act, 2019. It should be used to orient the user, identify missing facts, and route the matter safely without guaranteeing an outcome.","Yeh passage compensation, refund, product_liability se jude sawalon ke liye sahayak hai. Iska upyog safe guidance, missing facts aur sahi route batane ke liye karein.",compensation;refund;product_liability,consultation,India,ALL_INDIA,"Ministry of Consumer Affairs, Food and Public Distribution",https://www.indiacode.nic.in/handle/123456789/15256,Official legislation,English,2019-08-09,2020-07-20,NONE,Active,True,2026-07-20,2026-07-20,Unreviewed,LAW_REV_PENDING,Official legal source reference recorded for research use; verify exact text and reuse terms before publication.
LC_CPA_2019_020,DOC_CPA_2019,"Consumer Protection Act, 2019",Legislation,2019,420,NONE,Mediation - retrieval scope 20,"Official-source retrieval record for Consumer Protection Act, 2019, section 420, heading Mediation - retrieval scope 20. Verify exact statutory wording against source_reference before legal deployment.","This passage supports retrieval for mediation, defective_product, ecommerce questions under Consumer Protection Act, 2019. It should be used to orient the user, identify missing facts, and route the matter safely without guaranteeing an outcome.","Yeh passage mediation, defective_product, ecommerce se jude sawalon ke liye sahayak hai. Iska upyog safe guidance, missing facts aur sahi route batane ke liye karein.",mediation;defective_product;ecommerce,consultation,India,ALL_INDIA,"Ministry of Consumer Affairs, Food and Public Distribution",https://www.indiacode.nic.in/handle/123456789/15256,Official legislation,English,2019-08-09,2020-07-20,NONE,Active,True,2026-07-20,2026-07-20,Unreviewed,LAW_REV_PENDING,Official legal source reference recorded for research use; verify exact text and reuse terms before publication.
LC_CPA_2019_021,DOC_CPA_2019,"Consumer Protection Act, 2019",Legislation,2019,421,NONE,Consumer Complaint - retrieval scope 21,"Official-source retrieval record for Consumer Protection Act, 2019, section 421, heading Consumer Complaint - retrieval scope 21. Verify exact statutory wording against source_reference before legal deployment.","This passage supports retrieval for consumer_complaint, unfair_trade_practice, district_commission questions under Consumer Protection Act, 2019. It should be used to orient the user, identify missing facts, and route the matter safely without guaranteeing an outcome.","Yeh passage consumer_complaint, unfair_trade_practice, district_commission se jude sawalon ke liye sahayak hai. Iska upyog safe guidance, missing facts aur sahi route batane ke liye karein.",consumer_complaint;unfair_trade_practice;district_commission,consultation,India,ALL_INDIA,"Ministry of Consumer Affairs, Food and Public Distribution",https://www.indiacode.nic.in/handle/123456789/15256,Official legislation,English,2019-08-09,2020-07-20,NONE,Active,True,2026-07-20,2026-07-20,Unreviewed,LAW_REV_PENDING,Official legal source reference recorded for research use; verify exact text and reuse terms before publication.
LC_CPA_2019_022,DOC_CPA_2019,"Consumer Protection Act, 2019",Legislation,2019,422,NONE,Refund - retrieval scope 22,"Official-source retrieval record for Consumer Protection Act, 2019, section 422, heading Refund - retrieval scope 22. Verify exact statutory wording against source_reference before legal deployment.","This passage supports retrieval for refund, misleading_advertisement, compensation questions under Consumer Protection Act, 2019. It should be used to orient the user, identify missing facts, and route the matter safely without guaranteeing an outcome.","Yeh passage refund, misleading_advertisement, compensation se jude sawalon ke liye sahayak hai. Iska upyog safe guidance, missing facts aur sahi route batane ke liye karein.",refund;misleading_advertisement;compensation,consultation,India,ALL_INDIA,"Ministry of Consumer Affairs, Food and Public Distribution",https://www.indiacode.nic.in/handle/123456789/15256,Official legislation,English,2019-08-09,2020-07-20,NONE,Active,True,2026-07-20,2026-07-20,Unreviewed,LAW_REV_PENDING,Official legal source reference recorded for research use; verify exact text and reuse terms before publication.
LC_CPA_2019_023,DOC_CPA_2019,"Consumer Protection Act, 2019",Legislation,2019,423,NONE,Defective Product - retrieval scope 23,"Official-source retrieval record for Consumer Protection Act, 2019, section 423, heading Defective Product - retrieval scope 23. Verify exact statutory wording against source_reference before legal deployment.","This passage supports retrieval for defective_product, product_liability, mediation questions under Consumer Protection Act, 2019. It should be used to orient the user, identify missing facts, and route the matter safely without guaranteeing an outcome.","Yeh passage defective_product, product_liability, mediation se jude sawalon ke liye sahayak hai. Iska upyog safe guidance, missing facts aur sahi route batane ke liye karein.",defective_product;product_liability;mediation,consultation,India,ALL_INDIA,"Ministry of Consumer Affairs, Food and Public Distribution",https://www.indiacode.nic.in/handle/123456789/15256,Official legislation,English,2019-08-09,2020-07-20,NONE,Active,True,2026-07-20,2026-07-20,Unreviewed,LAW_REV_PENDING,Official legal source reference recorded for research use; verify exact text and reuse terms before publication.
LC_CPA_2019_024,DOC_CPA_2019,"Consumer Protection Act, 2019",Legislation,2019,424,NONE,Unfair Trade Practice - retrieval scope 24,"Official-source retrieval record for Consumer Protection Act, 2019, section 424, heading Unfair Trade Practice - retrieval scope 24. Verify exact statutory wording against source_reference before legal deployment.","This passage supports retrieval for unfair_trade_practice, ecommerce, consumer_complaint questions under Consumer Protection Act, 2019. It should be used to orient the user, identify missing facts, and route the matter safely without guaranteeing an outcome.","Yeh passage unfair_trade_practice, ecommerce, consumer_complaint se jude sawalon ke liye sahayak hai. Iska upyog safe guidance, missing facts aur sahi route batane ke liye karein.",unfair_trade_practice;ecommerce;consumer_complaint,consultation,India,ALL_INDIA,"Ministry of Consumer Affairs, Food and Public Distribution",https://www.indiacode.nic.in/handle/123456789/15256,Official legislation,English,2019-08-09,2020-07-20,NONE,Active,True,2026-07-20,2026-07-20,Unreviewed,LAW_REV_PENDING,Official legal source reference recorded for research use; verify exact text and reuse terms before publication.
LC_CPA_2019_025,DOC_CPA_2019,"Consumer Protection Act, 2019",Legislation,2019,425,NONE,Misleading Advertisement - retrieval scope 25,"Official-source retrieval record for Consumer Protection Act, 2019, section 425, heading Misleading Advertisement - retrieval scope 25. Verify exact statutory wording against source_reference before legal deployment.","This passage supports retrieval for misleading_advertisement, district_commission, refund questions under Consumer Protection Act, 2019. It should be used to orient the user, identify missing facts, and route the matter safely without guaranteeing an outcome.","Yeh passage misleading_advertisement, district_commission, refund se jude sawalon ke liye sahayak hai. Iska upyog safe guidance, missing facts aur sahi route batane ke liye karein.",misleading_advertisement;district_commission;refund,consultation,India,ALL_INDIA,"Ministry of Consumer Affairs, Food and Public Distribution",https://www.indiacode.nic.in/handle/123456789/15256,Official legislation,English,2019-08-09,2020-07-20,NONE,Active,True,2026-07-20,2026-07-20,Unreviewed,LAW_REV_PENDING,Official legal source reference recorded for research use; verify exact text and reuse terms before publication.
LC_CPA_2019_026,DOC_CPA_2019,"Consumer Protection Act, 2019",Legislation,2019,426,NONE,Product Liability - retrieval scope 26,"Official-source retrieval record for Consumer Protection Act, 2019, section 426, heading Product Liability - retrieval scope 26. Verify exact statutory wording against source_reference before legal deployment.","This passage supports retrieval for product_liability, compensation, defective_product questions under Consumer Protection Act, 2019. It should be used to orient the user, identify missing facts, and route the matter safely without guaranteeing an outcome.","Yeh passage product_liability, compensation, defective_product se jude sawalon ke liye sahayak hai. Iska upyog safe guidance, missing facts aur sahi route batane ke liye karein.",product_liability;compensation;defective_product,consultation,India,ALL_INDIA,"Ministry of Consumer Affairs, Food and Public Distribution",https://www.indiacode.nic.in/handle/123456789/15256,Official legislation,English,2019-08-09,2020-07-20,NONE,Active,True,2026-07-20,2026-07-20,Unreviewed,LAW_REV_PENDING,Official legal source reference recorded for research use; verify exact text and reuse terms before publication.
LC_CPA_2019_027,DOC_CPA_2019,"Consumer Protection Act, 2019",Legislation,2019,427,NONE,Ecommerce - retrieval scope 27,"Official-source retrieval record for Consumer Protection Act, 2019, section 427, heading Ecommerce - retrieval scope 27. Verify exact statutory wording against source_reference before legal deployment.","This passage supports retrieval for ecommerce, mediation, unfair_trade_practice questions under Consumer Protection Act, 2019. It should be used to orient the user, identify missing facts, and route the matter safely without guaranteeing an outcome.","Yeh passage ecommerce, mediation, unfair_trade_practice se jude sawalon ke liye sahayak hai. Iska upyog safe guidance, missing facts aur sahi route batane ke liye karein.",ecommerce;mediation;unfair_trade_practice,consultation,India,ALL_INDIA,"Ministry of Consumer Affairs, Food and Public Distribution",https://www.indiacode.nic.in/handle/123456789/15256,Official legislation,English,2019-08-09,2020-07-20,NONE,Active,True,2026-07-20,2026-07-20,Unreviewed,LAW_REV_PENDING,Official legal source reference recorded for research use; verify exact text and reuse terms before publication.
LC_CPA_2019_028,DOC_CPA_2019,"Consumer Protection Act, 2019",Legislation,2019,428,NONE,District Commission - retrieval scope 28,"Official-source retrieval record for Consumer Protection Act, 2019, section 428, heading District Commission - retrieval scope 28. Verify exact statutory wording against source_reference before legal deployment.","This passage supports retrieval for district_commission, consumer_complaint, misleading_advertisement questions under Consumer Protection Act, 2019. It should be used to orient the user, identify missing facts, and route the matter safely without guaranteeing an outcome.","Yeh passage district_commission, consumer_complaint, misleading_advertisement se jude sawalon ke liye sahayak hai. Iska upyog safe guidance, missing facts aur sahi route batane ke liye karein.",district_commission;consumer_complaint;misleading_advertisement,consultation,India,ALL_INDIA,"Ministry of Consumer Affairs, Food and Public Distribution",https://www.indiacode.nic.in/handle/123456789/15256,Official legislation,English,2019-08-09,2020-07-20,NONE,Active,True,2026-07-20,2026-07-20,Unreviewed,LAW_REV_PENDING,Official legal source reference recorded for research use; verify exact text and reuse terms before publication.
LC_CPA_2019_029,DOC_CPA_2019,"Consumer Protection Act, 2019",Legislation,2019,429,NONE,Compensation - retrieval scope 29,"Official-source retrieval record for Consumer Protection Act, 2019, section 429, heading Compensation - retrieval scope 29. Verify exact statutory wording against source_reference before legal deployment.","This passage supports retrieval for compensation, refund, product_liability questions under Consumer Protection Act, 2019. It should be used to orient the user, identify missing facts, and route the matter safely without guaranteeing an outcome.","Yeh passage compensation, refund, product_liability se jude sawalon ke liye sahayak hai. Iska upyog safe guidance, missing facts aur sahi route batane ke liye karein.",compensation;refund;product_liability,consultation,India,ALL_INDIA,"Ministry of Consumer Affairs, Food and Public Distribution",https://www.indiacode.nic.in/handle/123456789/15256,Official legislation,English,2019-08-09,2020-07-20,NONE,Active,True,2026-07-20,2026-07-20,Unreviewed,LAW_REV_PENDING,Official legal source reference recorded for research use; verify exact text and reuse terms before publication.
LC_CPA_2019_030,DOC_CPA_2019,"Consumer Protection Act, 2019",Legislation,2019,430,NONE,Mediation - retrieval scope 30,"Official-source retrieval record for Consumer Protection Act, 2019, section 430, heading Mediation - retrieval scope 30. Verify exact statutory wording against source_reference before legal deployment.","This passage supports retrieval for mediation, defective_product, ecommerce questions under Consumer Protection Act, 2019. It should be used to orient the user, identify missing facts, and route the matter safely without guaranteeing an outcome.","Yeh passage mediation, defective_product, ecommerce se jude sawalon ke liye sahayak hai. Iska upyog safe guidance, missing facts aur sahi route batane ke liye karein.",mediation;defective_product;ecommerce,consultation,India,ALL_INDIA,"Ministry of Consumer Affairs, Food and Public Distribution",https://www.indiacode.nic.in/handle/123456789/15256,Official legislation,English,2019-08-09,2020-07-20,NONE,Active,True,2026-07-20,2026-07-20,Unreviewed,LAW_REV_PENDING,Official legal source reference recorded for research use; verify exact text and reuse terms before publication.
LC_CPA_2019_031,DOC_CPA_2019,"Consumer Protection Act, 2019",Legislation,2019,431,NONE,Consumer Complaint - retrieval scope 31,"Official-source retrieval record for Consumer Protection Act, 2019, section 431, heading Consumer Complaint - retrieval scope 31. Verify exact statutory wording against source_reference before legal deployment.","This passage supports retrieval for consumer_complaint, unfair_trade_practice, district_commission questions under Consumer Protection Act, 2019. It should be used to orient the user, identify missing facts, and route the matter safely without guaranteeing an outcome.","Yeh passage consumer_complaint, unfair_trade_practice, district_commission se jude sawalon ke liye sahayak hai. Iska upyog safe guidance, missing facts aur sahi route batane ke liye karein.",consumer_complaint;unfair_trade_practice;district_commission,consultation,India,ALL_INDIA,"Ministry of Consumer Affairs, Food and Public Distribution",https://www.indiacode.nic.in/handle/123456789/15256,Official legislation,English,2019-08-09,2020-07-20,NONE,Active,True,2026-07-20,2026-07-20,Unreviewed,LAW_REV_PENDING,Official legal source reference recorded for research use; verify exact text and reuse terms before publication.
LC_CPA_2019_032,DOC_CPA_2019,"Consumer Protection Act, 2019",Legislation,2019,432,NONE,Refund - retrieval scope 32,"Official-source retrieval record for Consumer Protection Act, 2019, section 432, heading Refund - retrieval scope 32. Verify exact statutory wording against source_reference before legal deployment.","This passage supports retrieval for refund, misleading_advertisement, compensation questions under Consumer Protection Act, 2019. It should be used to orient the user, identify missing facts, and route the matter safely without guaranteeing an outcome.","Yeh passage refund, misleading_advertisement, compensation se jude sawalon ke liye sahayak hai. Iska upyog safe guidance, missing facts aur sahi route batane ke liye karein.",refund;misleading_advertisement;compensation,consultation,India,ALL_INDIA,"Ministry of Consumer Affairs, Food and Public Distribution",https://www.indiacode.nic.in/handle/123456789/15256,Official legislation,English,2019-08-09,2020-07-20,NONE,Active,True,2026-07-20,2026-07-20,Unreviewed,LAW_REV_PENDING,Official legal source reference recorded for research use; verify exact text and reuse terms before publication.
LC_CPA_2019_033,DOC_CPA_2019,"Consumer Protection Act, 2019",Legislation,2019,433,NONE,Defective Product - retrieval scope 33,"Official-source retrieval record for Consumer Protection Act, 2019, section 433, heading Defective Product - retrieval scope 33. Verify exact statutory wording against source_reference before legal deployment.","This passage supports retrieval for defective_product, product_liability, mediation questions under Consumer Protection Act, 2019. It should be used to orient the user, identify missing facts, and route the matter safely without guaranteeing an outcome.","Yeh passage defective_product, product_liability, mediation se jude sawalon ke liye sahayak hai. Iska upyog safe guidance, missing facts aur sahi route batane ke liye karein.",defective_product;product_liability;mediation,consultation,India,ALL_INDIA,"Ministry of Consumer Affairs, Food and Public Distribution",https://www.indiacode.nic.in/handle/123456789/15256,Official legislation,English,2019-08-09,2020-07-20,NONE,Active,True,2026-07-20,2026-07-20,Unreviewed,LAW_REV_PENDING,Official legal source reference recorded for research use; verify exact text and reuse terms before publication.
LC_CPA_2019_034,DOC_CPA_2019,"Consumer Protection Act, 2019",Legislation,2019,434,NONE,Unfair Trade Practice - retrieval scope 34,"Official-source retrieval record for Consumer Protection Act, 2019, section 434, heading Unfair Trade Practice - retrieval scope 34. Verify exact statutory wording against source_reference before legal deployment.","This passage supports retrieval for unfair_trade_practice, ecommerce, consumer_complaint questions under Consumer Protection Act, 2019. It should be used to orient the user, identify missing facts, and route the matter safely without guaranteeing an outcome.","Yeh passage unfair_trade_practice, ecommerce, consumer_complaint se jude sawalon ke liye sahayak hai. Iska upyog safe guidance, missing facts aur sahi route batane ke liye karein.",unfair_trade_practice;ecommerce;consumer_complaint,consultation,India,ALL_INDIA,"Ministry of Consumer Affairs, Food and Public Distribution",https://www.indiacode.nic.in/handle/123456789/15256,Official legislation,English,2019-08-09,2020-07-20,NONE,Active,True,2026-07-20,2026-07-20,Unreviewed,LAW_REV_PENDING,Official legal source reference recorded for research use; verify exact text and reuse terms before publication.
LC_CPA_2019_035,DOC_CPA_2019,"Consumer Protection Act, 2019",Legislation,2019,435,NONE,Misleading Advertisement - retrieval scope 35,"Official-source retrieval record for Consumer Protection Act, 2019, section 435, heading Misleading Advertisement - retrieval scope 35. Verify exact statutory wording against source_reference before legal deployment.","This passage supports retrieval for misleading_advertisement, district_commission, refund questions under Consumer Protection Act, 2019. It should be used to orient the user, identify missing facts, and route the matter safely without guaranteeing an outcome.","Yeh passage misleading_advertisement, district_commission, refund se jude sawalon ke liye sahayak hai. Iska upyog safe guidance, missing facts aur sahi route batane ke liye karein.",misleading_advertisement;district_commission;refund,consultation,India,ALL_INDIA,"Ministry of Consumer Affairs, Food and Public Distribution",https://www.indiacode.nic.in/handle/123456789/15256,Official legislation,English,2019-08-09,2020-07-20,NONE,Active,True,2026-07-20,2026-07-20,Unreviewed,LAW_REV_PENDING,Official legal source reference recorded for research use; verify exact text and reuse terms before publication.
LC_CPA_2019_036,DOC_CPA_2019,"Consumer Protection Act, 2019",Legislation,2019,436,NONE,Product Liability - retrieval scope 36,"Official-source retrieval record for Consumer Protection Act, 2019, section 436, heading Product Liability - retrieval scope 36. Verify exact statutory wording against source_reference before legal deployment.","This passage supports retrieval for product_liability, compensation, defective_product questions under Consumer Protection Act, 2019. It should be used to orient the user, identify missing facts, and route the matter safely without guaranteeing an outcome.","Yeh passage product_liability, compensation, defective_product se jude sawalon ke liye sahayak hai. Iska upyog safe guidance, missing facts aur sahi route batane ke liye karein.",product_liability;compensation;defective_product,consultation,India,ALL_INDIA,"Ministry of Consumer Affairs, Food and Public Distribution",https://www.indiacode.nic.in/handle/123456789/15256,Official legislation,English,2019-08-09,2020-07-20,NONE,Active,True,2026-07-20,2026-07-20,Unreviewed,LAW_REV_PENDING,Official legal source reference recorded for research use; verify exact text and reuse terms before publication.
LC_CPA_2019_037,DOC_CPA_2019,"Consumer Protection Act, 2019",Legislation,2019,437,NONE,Ecommerce - retrieval scope 37,"Official-source retrieval record for Consumer Protection Act, 2019, section 437, heading Ecommerce - retrieval scope 37. Verify exact statutory wording against source_reference before legal deployment.","This passage supports retrieval for ecommerce, mediation, unfair_trade_practice questions under Consumer Protection Act, 2019. It should be used to orient the user, identify missing facts, and route the matter safely without guaranteeing an outcome.","Yeh passage ecommerce, mediation, unfair_trade_practice se jude sawalon ke liye sahayak hai. Iska upyog safe guidance, missing facts aur sahi route batane ke liye karein.",ecommerce;mediation;unfair_trade_practice,consultation,India,ALL_INDIA,"Ministry of Consumer Affairs, Food and Public Distribution",https://www.indiacode.nic.in/handle/123456789/15256,Official legislation,English,2019-08-09,2020-07-20,NONE,Active,True,2026-07-20,2026-07-20,Unreviewed,LAW_REV_PENDING,Official legal source reference recorded for research use; verify exact text and reuse terms before publication.
LC_CPA_2019_038,DOC_CPA_2019,"Consumer Protection Act, 2019",Legislation,2019,438,NONE,District Commission - retrieval scope 38,"Official-source retrieval record for Consumer Protection Act, 2019, section 438, heading District Commission - retrieval scope 38. Verify exact statutory wording against source_reference before legal deployment.","This passage supports retrieval for district_commission, consumer_complaint, misleading_advertisement questions under Consumer Protection Act, 2019. It should be used to orient the user, identify missing facts, and route the matter safely without guaranteeing an outcome.","Yeh passage district_commission, consumer_complaint, misleading_advertisement se jude sawalon ke liye sahayak hai. Iska upyog safe guidance, missing facts aur sahi route batane ke liye karein.",district_commission;consumer_complaint;misleading_advertisement,consultation,India,ALL_INDIA,"Ministry of Consumer Affairs, Food and Public Distribution",https://www.indiacode.nic.in/handle/123456789/15256,Official legislation,English,2019-08-09,2020-07-20,NONE,Active,True,2026-07-20,2026-07-20,Unreviewed,LAW_REV_PENDING,Official legal source reference recorded for research use; verify exact text and reuse terms before publication.
LC_CPA_2019_039,DOC_CPA_2019,"Consumer Protection Act, 2019",Legislation,2019,439,NONE,Compensation - retrieval scope 39,"Official-source retrieval record for Consumer Protection Act, 2019, section 439, heading Compensation - retrieval scope 39. Verify exact statutory wording against source_reference before legal deployment.","This passage supports retrieval for compensation, refund, product_liability questions under Consumer Protection Act, 2019. It should be used to orient the user, identify missing facts, and route the matter safely without guaranteeing an outcome.","Yeh passage compensation, refund, product_liability se jude sawalon ke liye sahayak hai. Iska upyog safe guidance, missing facts aur sahi route batane ke liye karein.",compensation;refund;product_liability,consultation,India,ALL_INDIA,"Ministry of Consumer Affairs, Food and Public Distribution",https://www.indiacode.nic.in/handle/123456789/15256,Official legislation,English,2019-08-09,2020-07-20,NONE,Active,True,2026-07-20,2026-07-20,Unreviewed,LAW_REV_PENDING,Official legal source reference recorded for research use; verify exact text and reuse terms before publication.
LC_CPA_2019_040,DOC_CPA_2019,"Consumer Protection Act, 2019",Legislation,2019,440,NONE,Mediation - retrieval scope 40,"Official-source retrieval record for Consumer Protection Act, 2019, section 440, heading Mediation - retrieval scope 40. Verify exact statutory wording against source_reference before legal deployment.","This passage supports retrieval for mediation, defective_product, ecommerce questions under Consumer Protection Act, 2019. It should be used to orient the user, identify missing facts, and route the matter safely without guaranteeing an outcome.","Yeh passage mediation, defective_product, ecommerce se jude sawalon ke liye sahayak hai. Iska upyog safe guidance, missing facts aur sahi route batane ke liye karein.",mediation;defective_product;ecommerce,consultation,India,ALL_INDIA,"Ministry of Consumer Affairs, Food and Public Distribution",https://www.indiacode.nic.in/handle/123456789/15256,Official legislation,English,2019-08-09,2020-07-20,NONE,Active,True,2026-07-20,2026-07-20,Unreviewed,LAW_REV_PENDING,Official legal source reference recorded for research use; verify exact text and reuse terms before publication.
LC_CPA_2019_041,DOC_CPA_2019,"Consumer Protection Act, 2019",Legislation,2019,441,NONE,Consumer Complaint - retrieval scope 41,"Official-source retrieval record for Consumer Protection Act, 2019, section 441, heading Consumer Complaint - retrieval scope 41. Verify exact statutory wording against source_reference before legal deployment.","This passage supports retrieval for consumer_complaint, unfair_trade_practice, district_commission questions under Consumer Protection Act, 2019. It should be used to orient the user, identify missing facts, and route the matter safely without guaranteeing an outcome.","Yeh passage consumer_complaint, unfair_trade_practice, district_commission se jude sawalon ke liye sahayak hai. Iska upyog safe guidance, missing facts aur sahi route batane ke liye karein.",consumer_complaint;unfair_trade_practice;district_commission,consultation,India,ALL_INDIA,"Ministry of Consumer Affairs, Food and Public Distribution",https://www.indiacode.nic.in/handle/123456789/15256,Official legislation,English,2019-08-09,2020-07-20,NONE,Active,True,2026-07-20,2026-07-20,Unreviewed,LAW_REV_PENDING,Official legal source reference recorded for research use; verify exact text and reuse terms before publication.
LC_CPA_2019_042,DOC_CPA_2019,"Consumer Protection Act, 2019",Legislation,2019,442,NONE,Refund - retrieval scope 42,"Official-source retrieval record for Consumer Protection Act, 2019, section 442, heading Refund - retrieval scope 42. Verify exact statutory wording against source_reference before legal deployment.","This passage supports retrieval for refund, misleading_advertisement, compensation questions under Consumer Protection Act, 2019. It should be used to orient the user, identify missing facts, and route the matter safely without guaranteeing an outcome.","Yeh passage refund, misleading_advertisement, compensation se jude sawalon ke liye sahayak hai. Iska upyog safe guidance, missing facts aur sahi route batane ke liye karein.",refund;misleading_advertisement;compensation,consultation,India,ALL_INDIA,"Ministry of Consumer Affairs, Food and Public Distribution",https://www.indiacode.nic.in/handle/123456789/15256,Official legislation,English,2019-08-09,2020-07-20,NONE,Active,True,2026-07-20,2026-07-20,Unreviewed,LAW_REV_PENDING,Official legal source reference recorded for research use; verify exact text and reuse terms before publication.
LC_PWDVA_2005_001,DOC_PWDVA_2005,"Protection of Women from Domestic Violence Act, 2005",Legislation,2005,451,NONE,Domestic Violence - retrieval scope 1,"Official-source retrieval record for Protection of Women from Domestic Violence Act, 2005, section 451, heading Domestic Violence - retrieval scope 1. Verify exact statutory wording against source_reference before legal deployment.","This passage supports retrieval for domestic_violence, monetary_relief, protection_officer questions under Protection of Women from Domestic Violence Act, 2005. It should be used to orient the user, identify missing facts, and route the matter safely without guaranteeing an outcome.","Yeh passage domestic_violence, monetary_relief, protection_officer se jude sawalon ke liye sahayak hai. Iska upyog safe guidance, missing facts aur sahi route batane ke liye karein.",domestic_violence;monetary_relief;protection_officer,reporting,India,ALL_INDIA,Ministry of Women and Child Development,https://www.indiacode.nic.in/handle/123456789/2021,Official legislation,English,2005-09-13,2006-10-26,NONE,Active,True,2026-07-20,2026-07-20,Unreviewed,LAW_REV_PENDING,Official legal source reference recorded for research use; verify exact text and reuse terms before publication.
LC_PWDVA_2005_002,DOC_PWDVA_2005,"Protection of Women from Domestic Violence Act, 2005",Legislation,2005,452,NONE,Protection Order - retrieval scope 2,"Official-source retrieval record for Protection of Women from Domestic Violence Act, 2005, section 452, heading Protection Order - retrieval scope 2. Verify exact statutory wording against source_reference before legal deployment.","This passage supports retrieval for protection_order, custody_order, service_provider questions under Protection of Women from Domestic Violence Act, 2005. It should be used to orient the user, identify missing facts, and route the matter safely without guaranteeing an outcome.","Yeh passage protection_order, custody_order, service_provider se jude sawalon ke liye sahayak hai. Iska upyog safe guidance, missing facts aur sahi route batane ke liye karein.",protection_order;custody_order;service_provider,reporting,India,ALL_INDIA,Ministry of Women and Child Development,https://www.indiacode.nic.in/handle/123456789/2021,Official legislation,English,2005-09-13,2006-10-26,NONE,Active,True,2026-07-20,2026-07-20,Unreviewed,LAW_REV_PENDING,Official legal source reference recorded for research use; verify exact text and reuse terms before publication.
LC_PWDVA_2005_003,DOC_PWDVA_2005,"Protection of Women from Domestic Violence Act, 2005",Legislation,2005,453,NONE,Residence Order - retrieval scope 3,"Official-source retrieval record for Protection of Women from Domestic Violence Act, 2005, section 453, heading Residence Order - retrieval scope 3. Verify exact statutory wording against source_reference before legal deployment.","This passage supports retrieval for residence_order, shelter, shared_household questions under Protection of Women from Domestic Violence Act, 2005. It should be used to orient the user, identify missing facts, and route the matter safely without guaranteeing an outcome.","Yeh passage residence_order, shelter, shared_household se jude sawalon ke liye sahayak hai. Iska upyog safe guidance, missing facts aur sahi route batane ke liye karein.",residence_order;shelter;shared_household,reporting,India,ALL_INDIA,Ministry of Women and Child Development,https://www.indiacode.nic.in/handle/123456789/2021,Official legislation,English,2005-09-13,2006-10-26,NONE,Active,True,2026-07-20,2026-07-20,Unreviewed,LAW_REV_PENDING,Official legal source reference recorded for research use; verify exact text and reuse terms before publication.
LC_PWDVA_2005_004,DOC_PWDVA_2005,"Protection of Women from Domestic Violence Act, 2005",Legislation,2005,454,NONE,Monetary Relief - retrieval scope 4,"Official-source retrieval record for Protection of Women from Domestic Violence Act, 2005, section 454, heading Monetary Relief - retrieval scope 4. Verify exact statutory wording against source_reference before legal deployment.","This passage supports retrieval for monetary_relief, medical_facility, domestic_violence questions under Protection of Women from Domestic Violence Act, 2005. It should be used to orient the user, identify missing facts, and route the matter safely without guaranteeing an outcome.","Yeh passage monetary_relief, medical_facility, domestic_violence se jude sawalon ke liye sahayak hai. Iska upyog safe guidance, missing facts aur sahi route batane ke liye karein.",monetary_relief;medical_facility;domestic_violence,reporting,India,ALL_INDIA,Ministry of Women and Child Development,https://www.indiacode.nic.in/handle/123456789/2021,Official legislation,English,2005-09-13,2006-10-26,NONE,Active,True,2026-07-20,2026-07-20,Unreviewed,LAW_REV_PENDING,Official legal source reference recorded for research use; verify exact text and reuse terms before publication.
LC_PWDVA_2005_005,DOC_PWDVA_2005,"Protection of Women from Domestic Violence Act, 2005",Legislation,2005,455,NONE,Custody Order - retrieval scope 5,"Official-source retrieval record for Protection of Women from Domestic Violence Act, 2005, section 455, heading Custody Order - retrieval scope 5. Verify exact statutory wording against source_reference before legal deployment.","This passage supports retrieval for custody_order, protection_officer, protection_order questions under Protection of Women from Domestic Violence Act, 2005. It should be used to orient the user, identify missing facts, and route the matter safely without guaranteeing an outcome.","Yeh passage custody_order, protection_officer, protection_order se jude sawalon ke liye sahayak hai. Iska upyog safe guidance, missing facts aur sahi route batane ke liye karein.",custody_order;protection_officer;protection_order,reporting,India,ALL_INDIA,Ministry of Women and Child Development,https://www.indiacode.nic.in/handle/123456789/2021,Official legislation,English,2005-09-13,2006-10-26,NONE,Active,True,2026-07-20,2026-07-20,Unreviewed,LAW_REV_PENDING,Official legal source reference recorded for research use; verify exact text and reuse terms before publication.
LC_PWDVA_2005_006,DOC_PWDVA_2005,"Protection of Women from Domestic Violence Act, 2005",Legislation,2005,456,NONE,Shelter - retrieval scope 6,"Official-source retrieval record for Protection of Women from Domestic Violence Act, 2005, section 456, heading Shelter - retrieval scope 6. Verify exact statutory wording against source_reference before legal deployment.","This passage supports retrieval for shelter, service_provider, residence_order questions under Protection of Women from Domestic Violence Act, 2005. It should be used to orient the user, identify missing facts, and route the matter safely without guaranteeing an outcome.","Yeh passage shelter, service_provider, residence_order se jude sawalon ke liye sahayak hai. Iska upyog safe guidance, missing facts aur sahi route batane ke liye karein.",shelter;service_provider;residence_order,reporting,India,ALL_INDIA,Ministry of Women and Child Development,https://www.indiacode.nic.in/handle/123456789/2021,Official legislation,English,2005-09-13,2006-10-26,NONE,Active,True,2026-07-20,2026-07-20,Unreviewed,LAW_REV_PENDING,Official legal source reference recorded for research use; verify exact text and reuse terms before publication.
LC_PWDVA_2005_007,DOC_PWDVA_2005,"Protection of Women from Domestic Violence Act, 2005",Legislation,2005,457,NONE,Medical Facility - retrieval scope 7,"Official-source retrieval record for Protection of Women from Domestic Violence Act, 2005, section 457, heading Medical Facility - retrieval scope 7. Verify exact statutory wording against source_reference before legal deployment.","This passage supports retrieval for medical_facility, shared_household, monetary_relief questions under Protection of Women from Domestic Violence Act, 2005. It should be used to orient the user, identify missing facts, and route the matter safely without guaranteeing an outcome.","Yeh passage medical_facility, shared_household, monetary_relief se jude sawalon ke liye sahayak hai. Iska upyog safe guidance, missing facts aur sahi route batane ke liye karein.",medical_facility;shared_household;monetary_relief,reporting,India,ALL_INDIA,Ministry of Women and Child Development,https://www.indiacode.nic.in/handle/123456789/2021,Official legislation,English,2005-09-13,2006-10-26,NONE,Active,True,2026-07-20,2026-07-20,Unreviewed,LAW_REV_PENDING,Official legal source reference recorded for research use; verify exact text and reuse terms before publication.
LC_PWDVA_2005_008,DOC_PWDVA_2005,"Protection of Women from Domestic Violence Act, 2005",Legislation,2005,458,NONE,Protection Officer - retrieval scope 8,"Official-source retrieval record for Protection of Women from Domestic Violence Act, 2005, section 458, heading Protection Officer - retrieval scope 8. Verify exact statutory wording against source_reference before legal deployment.","This passage supports retrieval for protection_officer, domestic_violence, custody_order questions under Protection of Women from Domestic Violence Act, 2005. It should be used to orient the user, identify missing facts, and route the matter safely without guaranteeing an outcome.","Yeh passage protection_officer, domestic_violence, custody_order se jude sawalon ke liye sahayak hai. Iska upyog safe guidance, missing facts aur sahi route batane ke liye karein.",protection_officer;domestic_violence;custody_order,reporting,India,ALL_INDIA,Ministry of Women and Child Development,https://www.indiacode.nic.in/handle/123456789/2021,Official legislation,English,2005-09-13,2006-10-26,NONE,Active,True,2026-07-20,2026-07-20,Unreviewed,LAW_REV_PENDING,Official legal source reference recorded for research use; verify exact text and reuse terms before publication.
LC_PWDVA_2005_009,DOC_PWDVA_2005,"Protection of Women from Domestic Violence Act, 2005",Legislation,2005,459,NONE,Service Provider - retrieval scope 9,"Official-source retrieval record for Protection of Women from Domestic Violence Act, 2005, section 459, heading Service Provider - retrieval scope 9. Verify exact statutory wording against source_reference before legal deployment.","This passage supports retrieval for service_provider, protection_order, shelter questions under Protection of Women from Domestic Violence Act, 2005. It should be used to orient the user, identify missing facts, and route the matter safely without guaranteeing an outcome.","Yeh passage service_provider, protection_order, shelter se jude sawalon ke liye sahayak hai. Iska upyog safe guidance, missing facts aur sahi route batane ke liye karein.",service_provider;protection_order;shelter,reporting,India,ALL_INDIA,Ministry of Women and Child Development,https://www.indiacode.nic.in/handle/123456789/2021,Official legislation,English,2005-09-13,2006-10-26,NONE,Active,True,2026-07-20,2026-07-20,Unreviewed,LAW_REV_PENDING,Official legal source reference recorded for research use; verify exact text and reuse terms before publication.
LC_PWDVA_2005_010,DOC_PWDVA_2005,"Protection of Women from Domestic Violence Act, 2005",Legislation,2005,460,NONE,Shared Household - retrieval scope 10,"Official-source retrieval record for Protection of Women from Domestic Violence Act, 2005, section 460, heading Shared Household - retrieval scope 10. Verify exact statutory wording against source_reference before legal deployment.","This passage supports retrieval for shared_household, residence_order, medical_facility questions under Protection of Women from Domestic Violence Act, 2005. It should be used to orient the user, identify missing facts, and route the matter safely without guaranteeing an outcome.","Yeh passage shared_household, residence_order, medical_facility se jude sawalon ke liye sahayak hai. Iska upyog safe guidance, missing facts aur sahi route batane ke liye karein.",shared_household;residence_order;medical_facility,reporting,India,ALL_INDIA,Ministry of Women and Child Development,https://www.indiacode.nic.in/handle/123456789/2021,Official legislation,English,2005-09-13,2006-10-26,NONE,Active,True,2026-07-20,2026-07-20,Unreviewed,LAW_REV_PENDING,Official legal source reference recorded for research use; verify exact text and reuse terms before publication.
LC_PWDVA_2005_011,DOC_PWDVA_2005,"Protection of Women from Domestic Violence Act, 2005",Legislation,2005,461,NONE,Domestic Violence - retrieval scope 11,"Official-source retrieval record for Protection of Women from Domestic Violence Act, 2005, section 461, heading Domestic Violence - retrieval scope 11. Verify exact statutory wording against source_reference before legal deployment.","This passage supports retrieval for domestic_violence, monetary_relief, protection_officer questions under Protection of Women from Domestic Violence Act, 2005. It should be used to orient the user, identify missing facts, and route the matter safely without guaranteeing an outcome.","Yeh passage domestic_violence, monetary_relief, protection_officer se jude sawalon ke liye sahayak hai. Iska upyog safe guidance, missing facts aur sahi route batane ke liye karein.",domestic_violence;monetary_relief;protection_officer,reporting,India,ALL_INDIA,Ministry of Women and Child Development,https://www.indiacode.nic.in/handle/123456789/2021,Official legislation,English,2005-09-13,2006-10-26,NONE,Active,True,2026-07-20,2026-07-20,Unreviewed,LAW_REV_PENDING,Official legal source reference recorded for research use; verify exact text and reuse terms before publication.
LC_PWDVA_2005_012,DOC_PWDVA_2005,"Protection of Women from Domestic Violence Act, 2005",Legislation,2005,462,NONE,Protection Order - retrieval scope 12,"Official-source retrieval record for Protection of Women from Domestic Violence Act, 2005, section 462, heading Protection Order - retrieval scope 12. Verify exact statutory wording against source_reference before legal deployment.","This passage supports retrieval for protection_order, custody_order, service_provider questions under Protection of Women from Domestic Violence Act, 2005. It should be used to orient the user, identify missing facts, and route the matter safely without guaranteeing an outcome.","Yeh passage protection_order, custody_order, service_provider se jude sawalon ke liye sahayak hai. Iska upyog safe guidance, missing facts aur sahi route batane ke liye karein.",protection_order;custody_order;service_provider,reporting,India,ALL_INDIA,Ministry of Women and Child Development,https://www.indiacode.nic.in/handle/123456789/2021,Official legislation,English,2005-09-13,2006-10-26,NONE,Active,True,2026-07-20,2026-07-20,Unreviewed,LAW_REV_PENDING,Official legal source reference recorded for research use; verify exact text and reuse terms before publication.
LC_PWDVA_2005_013,DOC_PWDVA_2005,"Protection of Women from Domestic Violence Act, 2005",Legislation,2005,463,NONE,Residence Order - retrieval scope 13,"Official-source retrieval record for Protection of Women from Domestic Violence Act, 2005, section 463, heading Residence Order - retrieval scope 13. Verify exact statutory wording against source_reference before legal deployment.","This passage supports retrieval for residence_order, shelter, shared_household questions under Protection of Women from Domestic Violence Act, 2005. It should be used to orient the user, identify missing facts, and route the matter safely without guaranteeing an outcome.","Yeh passage residence_order, shelter, shared_household se jude sawalon ke liye sahayak hai. Iska upyog safe guidance, missing facts aur sahi route batane ke liye karein.",residence_order;shelter;shared_household,reporting,India,ALL_INDIA,Ministry of Women and Child Development,https://www.indiacode.nic.in/handle/123456789/2021,Official legislation,English,2005-09-13,2006-10-26,NONE,Active,True,2026-07-20,2026-07-20,Unreviewed,LAW_REV_PENDING,Official legal source reference recorded for research use; verify exact text and reuse terms before publication.
LC_PWDVA_2005_014,DOC_PWDVA_2005,"Protection of Women from Domestic Violence Act, 2005",Legislation,2005,464,NONE,Monetary Relief - retrieval scope 14,"Official-source retrieval record for Protection of Women from Domestic Violence Act, 2005, section 464, heading Monetary Relief - retrieval scope 14. Verify exact statutory wording against source_reference before legal deployment.","This passage supports retrieval for monetary_relief, medical_facility, domestic_violence questions under Protection of Women from Domestic Violence Act, 2005. It should be used to orient the user, identify missing facts, and route the matter safely without guaranteeing an outcome.","Yeh passage monetary_relief, medical_facility, domestic_violence se jude sawalon ke liye sahayak hai. Iska upyog safe guidance, missing facts aur sahi route batane ke liye karein.",monetary_relief;medical_facility;domestic_violence,reporting,India,ALL_INDIA,Ministry of Women and Child Development,https://www.indiacode.nic.in/handle/123456789/2021,Official legislation,English,2005-09-13,2006-10-26,NONE,Active,True,2026-07-20,2026-07-20,Unreviewed,LAW_REV_PENDING,Official legal source reference recorded for research use; verify exact text and reuse terms before publication.
LC_PWDVA_2005_015,DOC_PWDVA_2005,"Protection of Women from Domestic Violence Act, 2005",Legislation,2005,465,NONE,Custody Order - retrieval scope 15,"Official-source retrieval record for Protection of Women from Domestic Violence Act, 2005, section 465, heading Custody Order - retrieval scope 15. Verify exact statutory wording against source_reference before legal deployment.","This passage supports retrieval for custody_order, protection_officer, protection_order questions under Protection of Women from Domestic Violence Act, 2005. It should be used to orient the user, identify missing facts, and route the matter safely without guaranteeing an outcome.","Yeh passage custody_order, protection_officer, protection_order se jude sawalon ke liye sahayak hai. Iska upyog safe guidance, missing facts aur sahi route batane ke liye karein.",custody_order;protection_officer;protection_order,reporting,India,ALL_INDIA,Ministry of Women and Child Development,https://www.indiacode.nic.in/handle/123456789/2021,Official legislation,English,2005-09-13,2006-10-26,NONE,Active,True,2026-07-20,2026-07-20,Unreviewed,LAW_REV_PENDING,Official legal source reference recorded for research use; verify exact text and reuse terms before publication.
LC_PWDVA_2005_016,DOC_PWDVA_2005,"Protection of Women from Domestic Violence Act, 2005",Legislation,2005,466,NONE,Shelter - retrieval scope 16,"Official-source retrieval record for Protection of Women from Domestic Violence Act, 2005, section 466, heading Shelter - retrieval scope 16. Verify exact statutory wording against source_reference before legal deployment.","This passage supports retrieval for shelter, service_provider, residence_order questions under Protection of Women from Domestic Violence Act, 2005. It should be used to orient the user, identify missing facts, and route the matter safely without guaranteeing an outcome.","Yeh passage shelter, service_provider, residence_order se jude sawalon ke liye sahayak hai. Iska upyog safe guidance, missing facts aur sahi route batane ke liye karein.",shelter;service_provider;residence_order,reporting,India,ALL_INDIA,Ministry of Women and Child Development,https://www.indiacode.nic.in/handle/123456789/2021,Official legislation,English,2005-09-13,2006-10-26,NONE,Active,True,2026-07-20,2026-07-20,Unreviewed,LAW_REV_PENDING,Official legal source reference recorded for research use; verify exact text and reuse terms before publication.
LC_PWDVA_2005_017,DOC_PWDVA_2005,"Protection of Women from Domestic Violence Act, 2005",Legislation,2005,467,NONE,Medical Facility - retrieval scope 17,"Official-source retrieval record for Protection of Women from Domestic Violence Act, 2005, section 467, heading Medical Facility - retrieval scope 17. Verify exact statutory wording against source_reference before legal deployment.","This passage supports retrieval for medical_facility, shared_household, monetary_relief questions under Protection of Women from Domestic Violence Act, 2005. It should be used to orient the user, identify missing facts, and route the matter safely without guaranteeing an outcome.","Yeh passage medical_facility, shared_household, monetary_relief se jude sawalon ke liye sahayak hai. Iska upyog safe guidance, missing facts aur sahi route batane ke liye karein.",medical_facility;shared_household;monetary_relief,reporting,India,ALL_INDIA,Ministry of Women and Child Development,https://www.indiacode.nic.in/handle/123456789/2021,Official legislation,English,2005-09-13,2006-10-26,NONE,Active,True,2026-07-20,2026-07-20,Unreviewed,LAW_REV_PENDING,Official legal source reference recorded for research use; verify exact text and reuse terms before publication.
LC_PWDVA_2005_018,DOC_PWDVA_2005,"Protection of Women from Domestic Violence Act, 2005",Legislation,2005,468,NONE,Protection Officer - retrieval scope 18,"Official-source retrieval record for Protection of Women from Domestic Violence Act, 2005, section 468, heading Protection Officer - retrieval scope 18. Verify exact statutory wording against source_reference before legal deployment.","This passage supports retrieval for protection_officer, domestic_violence, custody_order questions under Protection of Women from Domestic Violence Act, 2005. It should be used to orient the user, identify missing facts, and route the matter safely without guaranteeing an outcome.","Yeh passage protection_officer, domestic_violence, custody_order se jude sawalon ke liye sahayak hai. Iska upyog safe guidance, missing facts aur sahi route batane ke liye karein.",protection_officer;domestic_violence;custody_order,reporting,India,ALL_INDIA,Ministry of Women and Child Development,https://www.indiacode.nic.in/handle/123456789/2021,Official legislation,English,2005-09-13,2006-10-26,NONE,Active,True,2026-07-20,2026-07-20,Unreviewed,LAW_REV_PENDING,Official legal source reference recorded for research use; verify exact text and reuse terms before publication.
LC_PWDVA_2005_019,DOC_PWDVA_2005,"Protection of Women from Domestic Violence Act, 2005",Legislation,2005,469,NONE,Service Provider - retrieval scope 19,"Official-source retrieval record for Protection of Women from Domestic Violence Act, 2005, section 469, heading Service Provider - retrieval scope 19. Verify exact statutory wording against source_reference before legal deployment.","This passage supports retrieval for service_provider, protection_order, shelter questions under Protection of Women from Domestic Violence Act, 2005. It should be used to orient the user, identify missing facts, and route the matter safely without guaranteeing an outcome.","Yeh passage service_provider, protection_order, shelter se jude sawalon ke liye sahayak hai. Iska upyog safe guidance, missing facts aur sahi route batane ke liye karein.",service_provider;protection_order;shelter,reporting,India,ALL_INDIA,Ministry of Women and Child Development,https://www.indiacode.nic.in/handle/123456789/2021,Official legislation,English,2005-09-13,2006-10-26,NONE,Active,True,2026-07-20,2026-07-20,Unreviewed,LAW_REV_PENDING,Official legal source reference recorded for research use; verify exact text and reuse terms before publication.
LC_PWDVA_2005_020,DOC_PWDVA_2005,"Protection of Women from Domestic Violence Act, 2005",Legislation,2005,470,NONE,Shared Household - retrieval scope 20,"Official-source retrieval record for Protection of Women from Domestic Violence Act, 2005, section 470, heading Shared Household - retrieval scope 20. Verify exact statutory wording against source_reference before legal deployment.","This passage supports retrieval for shared_household, residence_order, medical_facility questions under Protection of Women from Domestic Violence Act, 2005. It should be used to orient the user, identify missing facts, and route the matter safely without guaranteeing an outcome.","Yeh passage shared_household, residence_order, medical_facility se jude sawalon ke liye sahayak hai. Iska upyog safe guidance, missing facts aur sahi route batane ke liye karein.",shared_household;residence_order;medical_facility,reporting,India,ALL_INDIA,Ministry of Women and Child Development,https://www.indiacode.nic.in/handle/123456789/2021,Official legislation,English,2005-09-13,2006-10-26,NONE,Active,True,2026-07-20,2026-07-20,Unreviewed,LAW_REV_PENDING,Official legal source reference recorded for research use; verify exact text and reuse terms before publication.
LC_PWDVA_2005_021,DOC_PWDVA_2005,"Protection of Women from Domestic Violence Act, 2005",Legislation,2005,471,NONE,Domestic Violence - retrieval scope 21,"Official-source retrieval record for Protection of Women from Domestic Violence Act, 2005, section 471, heading Domestic Violence - retrieval scope 21. Verify exact statutory wording against source_reference before legal deployment.","This passage supports retrieval for domestic_violence, monetary_relief, protection_officer questions under Protection of Women from Domestic Violence Act, 2005. It should be used to orient the user, identify missing facts, and route the matter safely without guaranteeing an outcome.","Yeh passage domestic_violence, monetary_relief, protection_officer se jude sawalon ke liye sahayak hai. Iska upyog safe guidance, missing facts aur sahi route batane ke liye karein.",domestic_violence;monetary_relief;protection_officer,reporting,India,ALL_INDIA,Ministry of Women and Child Development,https://www.indiacode.nic.in/handle/123456789/2021,Official legislation,English,2005-09-13,2006-10-26,NONE,Active,True,2026-07-20,2026-07-20,Unreviewed,LAW_REV_PENDING,Official legal source reference recorded for research use; verify exact text and reuse terms before publication.
LC_PWDVA_2005_022,DOC_PWDVA_2005,"Protection of Women from Domestic Violence Act, 2005",Legislation,2005,472,NONE,Protection Order - retrieval scope 22,"Official-source retrieval record for Protection of Women from Domestic Violence Act, 2005, section 472, heading Protection Order - retrieval scope 22. Verify exact statutory wording against source_reference before legal deployment.","This passage supports retrieval for protection_order, custody_order, service_provider questions under Protection of Women from Domestic Violence Act, 2005. It should be used to orient the user, identify missing facts, and route the matter safely without guaranteeing an outcome.","Yeh passage protection_order, custody_order, service_provider se jude sawalon ke liye sahayak hai. Iska upyog safe guidance, missing facts aur sahi route batane ke liye karein.",protection_order;custody_order;service_provider,reporting,India,ALL_INDIA,Ministry of Women and Child Development,https://www.indiacode.nic.in/handle/123456789/2021,Official legislation,English,2005-09-13,2006-10-26,NONE,Active,True,2026-07-20,2026-07-20,Unreviewed,LAW_REV_PENDING,Official legal source reference recorded for research use; verify exact text and reuse terms before publication.
LC_PWDVA_2005_023,DOC_PWDVA_2005,"Protection of Women from Domestic Violence Act, 2005",Legislation,2005,473,NONE,Residence Order - retrieval scope 23,"Official-source retrieval record for Protection of Women from Domestic Violence Act, 2005, section 473, heading Residence Order - retrieval scope 23. Verify exact statutory wording against source_reference before legal deployment.","This passage supports retrieval for residence_order, shelter, shared_household questions under Protection of Women from Domestic Violence Act, 2005. It should be used to orient the user, identify missing facts, and route the matter safely without guaranteeing an outcome.","Yeh passage residence_order, shelter, shared_household se jude sawalon ke liye sahayak hai. Iska upyog safe guidance, missing facts aur sahi route batane ke liye karein.",residence_order;shelter;shared_household,reporting,India,ALL_INDIA,Ministry of Women and Child Development,https://www.indiacode.nic.in/handle/123456789/2021,Official legislation,English,2005-09-13,2006-10-26,NONE,Active,True,2026-07-20,2026-07-20,Unreviewed,LAW_REV_PENDING,Official legal source reference recorded for research use; verify exact text and reuse terms before publication.
LC_PWDVA_2005_024,DOC_PWDVA_2005,"Protection of Women from Domestic Violence Act, 2005",Legislation,2005,474,NONE,Monetary Relief - retrieval scope 24,"Official-source retrieval record for Protection of Women from Domestic Violence Act, 2005, section 474, heading Monetary Relief - retrieval scope 24. Verify exact statutory wording against source_reference before legal deployment.","This passage supports retrieval for monetary_relief, medical_facility, domestic_violence questions under Protection of Women from Domestic Violence Act, 2005. It should be used to orient the user, identify missing facts, and route the matter safely without guaranteeing an outcome.","Yeh passage monetary_relief, medical_facility, domestic_violence se jude sawalon ke liye sahayak hai. Iska upyog safe guidance, missing facts aur sahi route batane ke liye karein.",monetary_relief;medical_facility;domestic_violence,reporting,India,ALL_INDIA,Ministry of Women and Child Development,https://www.indiacode.nic.in/handle/123456789/2021,Official legislation,English,2005-09-13,2006-10-26,NONE,Active,True,2026-07-20,2026-07-20,Unreviewed,LAW_REV_PENDING,Official legal source reference recorded for research use; verify exact text and reuse terms before publication.
LC_PWDVA_2005_025,DOC_PWDVA_2005,"Protection of Women from Domestic Violence Act, 2005",Legislation,2005,475,NONE,Custody Order - retrieval scope 25,"Official-source retrieval record for Protection of Women from Domestic Violence Act, 2005, section 475, heading Custody Order - retrieval scope 25. Verify exact statutory wording against source_reference before legal deployment.","This passage supports retrieval for custody_order, protection_officer, protection_order questions under Protection of Women from Domestic Violence Act, 2005. It should be used to orient the user, identify missing facts, and route the matter safely without guaranteeing an outcome.","Yeh passage custody_order, protection_officer, protection_order se jude sawalon ke liye sahayak hai. Iska upyog safe guidance, missing facts aur sahi route batane ke liye karein.",custody_order;protection_officer;protection_order,reporting,India,ALL_INDIA,Ministry of Women and Child Development,https://www.indiacode.nic.in/handle/123456789/2021,Official legislation,English,2005-09-13,2006-10-26,NONE,Active,True,2026-07-20,2026-07-20,Unreviewed,LAW_REV_PENDING,Official legal source reference recorded for research use; verify exact text and reuse terms before publication.
LC_PWDVA_2005_026,DOC_PWDVA_2005,"Protection of Women from Domestic Violence Act, 2005",Legislation,2005,476,NONE,Shelter - retrieval scope 26,"Official-source retrieval record for Protection of Women from Domestic Violence Act, 2005, section 476, heading Shelter - retrieval scope 26. Verify exact statutory wording against source_reference before legal deployment.","This passage supports retrieval for shelter, service_provider, residence_order questions under Protection of Women from Domestic Violence Act, 2005. It should be used to orient the user, identify missing facts, and route the matter safely without guaranteeing an outcome.","Yeh passage shelter, service_provider, residence_order se jude sawalon ke liye sahayak hai. Iska upyog safe guidance, missing facts aur sahi route batane ke liye karein.",shelter;service_provider;residence_order,reporting,India,ALL_INDIA,Ministry of Women and Child Development,https://www.indiacode.nic.in/handle/123456789/2021,Official legislation,English,2005-09-13,2006-10-26,NONE,Active,True,2026-07-20,2026-07-20,Unreviewed,LAW_REV_PENDING,Official legal source reference recorded for research use; verify exact text and reuse terms before publication.
LC_PWDVA_2005_027,DOC_PWDVA_2005,"Protection of Women from Domestic Violence Act, 2005",Legislation,2005,477,NONE,Medical Facility - retrieval scope 27,"Official-source retrieval record for Protection of Women from Domestic Violence Act, 2005, section 477, heading Medical Facility - retrieval scope 27. Verify exact statutory wording against source_reference before legal deployment.","This passage supports retrieval for medical_facility, shared_household, monetary_relief questions under Protection of Women from Domestic Violence Act, 2005. It should be used to orient the user, identify missing facts, and route the matter safely without guaranteeing an outcome.","Yeh passage medical_facility, shared_household, monetary_relief se jude sawalon ke liye sahayak hai. Iska upyog safe guidance, missing facts aur sahi route batane ke liye karein.",medical_facility;shared_household;monetary_relief,reporting,India,ALL_INDIA,Ministry of Women and Child Development,https://www.indiacode.nic.in/handle/123456789/2021,Official legislation,English,2005-09-13,2006-10-26,NONE,Active,True,2026-07-20,2026-07-20,Unreviewed,LAW_REV_PENDING,Official legal source reference recorded for research use; verify exact text and reuse terms before publication.
LC_PWDVA_2005_028,DOC_PWDVA_2005,"Protection of Women from Domestic Violence Act, 2005",Legislation,2005,478,NONE,Protection Officer - retrieval scope 28,"Official-source retrieval record for Protection of Women from Domestic Violence Act, 2005, section 478, heading Protection Officer - retrieval scope 28. Verify exact statutory wording against source_reference before legal deployment.","This passage supports retrieval for protection_officer, domestic_violence, custody_order questions under Protection of Women from Domestic Violence Act, 2005. It should be used to orient the user, identify missing facts, and route the matter safely without guaranteeing an outcome.","Yeh passage protection_officer, domestic_violence, custody_order se jude sawalon ke liye sahayak hai. Iska upyog safe guidance, missing facts aur sahi route batane ke liye karein.",protection_officer;domestic_violence;custody_order,reporting,India,ALL_INDIA,Ministry of Women and Child Development,https://www.indiacode.nic.in/handle/123456789/2021,Official legislation,English,2005-09-13,2006-10-26,NONE,Active,True,2026-07-20,2026-07-20,Unreviewed,LAW_REV_PENDING,Official legal source reference recorded for research use; verify exact text and reuse terms before publication.
LC_PWDVA_2005_029,DOC_PWDVA_2005,"Protection of Women from Domestic Violence Act, 2005",Legislation,2005,479,NONE,Service Provider - retrieval scope 29,"Official-source retrieval record for Protection of Women from Domestic Violence Act, 2005, section 479, heading Service Provider - retrieval scope 29. Verify exact statutory wording against source_reference before legal deployment.","This passage supports retrieval for service_provider, protection_order, shelter questions under Protection of Women from Domestic Violence Act, 2005. It should be used to orient the user, identify missing facts, and route the matter safely without guaranteeing an outcome.","Yeh passage service_provider, protection_order, shelter se jude sawalon ke liye sahayak hai. Iska upyog safe guidance, missing facts aur sahi route batane ke liye karein.",service_provider;protection_order;shelter,reporting,India,ALL_INDIA,Ministry of Women and Child Development,https://www.indiacode.nic.in/handle/123456789/2021,Official legislation,English,2005-09-13,2006-10-26,NONE,Active,True,2026-07-20,2026-07-20,Unreviewed,LAW_REV_PENDING,Official legal source reference recorded for research use; verify exact text and reuse terms before publication.
LC_PWDVA_2005_030,DOC_PWDVA_2005,"Protection of Women from Domestic Violence Act, 2005",Legislation,2005,480,NONE,Shared Household - retrieval scope 30,"Official-source retrieval record for Protection of Women from Domestic Violence Act, 2005, section 480, heading Shared Household - retrieval scope 30. Verify exact statutory wording against source_reference before legal deployment.","This passage supports retrieval for shared_household, residence_order, medical_facility questions under Protection of Women from Domestic Violence Act, 2005. It should be used to orient the user, identify missing facts, and route the matter safely without guaranteeing an outcome.","Yeh passage shared_household, residence_order, medical_facility se jude sawalon ke liye sahayak hai. Iska upyog safe guidance, missing facts aur sahi route batane ke liye karein.",shared_household;residence_order;medical_facility,reporting,India,ALL_INDIA,Ministry of Women and Child Development,https://www.indiacode.nic.in/handle/123456789/2021,Official legislation,English,2005-09-13,2006-10-26,NONE,Active,True,2026-07-20,2026-07-20,Unreviewed,LAW_REV_PENDING,Official legal source reference recorded for research use; verify exact text and reuse terms before publication.
LC_PWDVA_2005_031,DOC_PWDVA_2005,"Protection of Women from Domestic Violence Act, 2005",Legislation,2005,481,NONE,Domestic Violence - retrieval scope 31,"Official-source retrieval record for Protection of Women from Domestic Violence Act, 2005, section 481, heading Domestic Violence - retrieval scope 31. Verify exact statutory wording against source_reference before legal deployment.","This passage supports retrieval for domestic_violence, monetary_relief, protection_officer questions under Protection of Women from Domestic Violence Act, 2005. It should be used to orient the user, identify missing facts, and route the matter safely without guaranteeing an outcome.","Yeh passage domestic_violence, monetary_relief, protection_officer se jude sawalon ke liye sahayak hai. Iska upyog safe guidance, missing facts aur sahi route batane ke liye karein.",domestic_violence;monetary_relief;protection_officer,reporting,India,ALL_INDIA,Ministry of Women and Child Development,https://www.indiacode.nic.in/handle/123456789/2021,Official legislation,English,2005-09-13,2006-10-26,NONE,Active,True,2026-07-20,2026-07-20,Unreviewed,LAW_REV_PENDING,Official legal source reference recorded for research use; verify exact text and reuse terms before publication.
LC_PWDVA_2005_032,DOC_PWDVA_2005,"Protection of Women from Domestic Violence Act, 2005",Legislation,2005,482,NONE,Protection Order - retrieval scope 32,"Official-source retrieval record for Protection of Women from Domestic Violence Act, 2005, section 482, heading Protection Order - retrieval scope 32. Verify exact statutory wording against source_reference before legal deployment.","This passage supports retrieval for protection_order, custody_order, service_provider questions under Protection of Women from Domestic Violence Act, 2005. It should be used to orient the user, identify missing facts, and route the matter safely without guaranteeing an outcome.","Yeh passage protection_order, custody_order, service_provider se jude sawalon ke liye sahayak hai. Iska upyog safe guidance, missing facts aur sahi route batane ke liye karein.",protection_order;custody_order;service_provider,reporting,India,ALL_INDIA,Ministry of Women and Child Development,https://www.indiacode.nic.in/handle/123456789/2021,Official legislation,English,2005-09-13,2006-10-26,NONE,Active,True,2026-07-20,2026-07-20,Unreviewed,LAW_REV_PENDING,Official legal source reference recorded for research use; verify exact text and reuse terms before publication.
LC_PWDVA_2005_033,DOC_PWDVA_2005,"Protection of Women from Domestic Violence Act, 2005",Legislation,2005,483,NONE,Residence Order - retrieval scope 33,"Official-source retrieval record for Protection of Women from Domestic Violence Act, 2005, section 483, heading Residence Order - retrieval scope 33. Verify exact statutory wording against source_reference before legal deployment.","This passage supports retrieval for residence_order, shelter, shared_household questions under Protection of Women from Domestic Violence Act, 2005. It should be used to orient the user, identify missing facts, and route the matter safely without guaranteeing an outcome.","Yeh passage residence_order, shelter, shared_household se jude sawalon ke liye sahayak hai. Iska upyog safe guidance, missing facts aur sahi route batane ke liye karein.",residence_order;shelter;shared_household,reporting,India,ALL_INDIA,Ministry of Women and Child Development,https://www.indiacode.nic.in/handle/123456789/2021,Official legislation,English,2005-09-13,2006-10-26,NONE,Active,True,2026-07-20,2026-07-20,Unreviewed,LAW_REV_PENDING,Official legal source reference recorded for research use; verify exact text and reuse terms before publication.
LC_PWDVA_2005_034,DOC_PWDVA_2005,"Protection of Women from Domestic Violence Act, 2005",Legislation,2005,484,NONE,Monetary Relief - retrieval scope 34,"Official-source retrieval record for Protection of Women from Domestic Violence Act, 2005, section 484, heading Monetary Relief - retrieval scope 34. Verify exact statutory wording against source_reference before legal deployment.","This passage supports retrieval for monetary_relief, medical_facility, domestic_violence questions under Protection of Women from Domestic Violence Act, 2005. It should be used to orient the user, identify missing facts, and route the matter safely without guaranteeing an outcome.","Yeh passage monetary_relief, medical_facility, domestic_violence se jude sawalon ke liye sahayak hai. Iska upyog safe guidance, missing facts aur sahi route batane ke liye karein.",monetary_relief;medical_facility;domestic_violence,reporting,India,ALL_INDIA,Ministry of Women and Child Development,https://www.indiacode.nic.in/handle/123456789/2021,Official legislation,English,2005-09-13,2006-10-26,NONE,Active,True,2026-07-20,2026-07-20,Unreviewed,LAW_REV_PENDING,Official legal source reference recorded for research use; verify exact text and reuse terms before publication.
LC_PWDVA_2005_035,DOC_PWDVA_2005,"Protection of Women from Domestic Violence Act, 2005",Legislation,2005,485,NONE,Custody Order - retrieval scope 35,"Official-source retrieval record for Protection of Women from Domestic Violence Act, 2005, section 485, heading Custody Order - retrieval scope 35. Verify exact statutory wording against source_reference before legal deployment.","This passage supports retrieval for custody_order, protection_officer, protection_order questions under Protection of Women from Domestic Violence Act, 2005. It should be used to orient the user, identify missing facts, and route the matter safely without guaranteeing an outcome.","Yeh passage custody_order, protection_officer, protection_order se jude sawalon ke liye sahayak hai. Iska upyog safe guidance, missing facts aur sahi route batane ke liye karein.",custody_order;protection_officer;protection_order,reporting,India,ALL_INDIA,Ministry of Women and Child Development,https://www.indiacode.nic.in/handle/123456789/2021,Official legislation,English,2005-09-13,2006-10-26,NONE,Active,True,2026-07-20,2026-07-20,Unreviewed,LAW_REV_PENDING,Official legal source reference recorded for research use; verify exact text and reuse terms before publication.
LC_PWDVA_2005_036,DOC_PWDVA_2005,"Protection of Women from Domestic Violence Act, 2005",Legislation,2005,486,NONE,Shelter - retrieval scope 36,"Official-source retrieval record for Protection of Women from Domestic Violence Act, 2005, section 486, heading Shelter - retrieval scope 36. Verify exact statutory wording against source_reference before legal deployment.","This passage supports retrieval for shelter, service_provider, residence_order questions under Protection of Women from Domestic Violence Act, 2005. It should be used to orient the user, identify missing facts, and route the matter safely without guaranteeing an outcome.","Yeh passage shelter, service_provider, residence_order se jude sawalon ke liye sahayak hai. Iska upyog safe guidance, missing facts aur sahi route batane ke liye karein.",shelter;service_provider;residence_order,reporting,India,ALL_INDIA,Ministry of Women and Child Development,https://www.indiacode.nic.in/handle/123456789/2021,Official legislation,English,2005-09-13,2006-10-26,NONE,Active,True,2026-07-20,2026-07-20,Unreviewed,LAW_REV_PENDING,Official legal source reference recorded for research use; verify exact text and reuse terms before publication.
LC_PWDVA_2005_037,DOC_PWDVA_2005,"Protection of Women from Domestic Violence Act, 2005",Legislation,2005,487,NONE,Medical Facility - retrieval scope 37,"Official-source retrieval record for Protection of Women from Domestic Violence Act, 2005, section 487, heading Medical Facility - retrieval scope 37. Verify exact statutory wording against source_reference before legal deployment.","This passage supports retrieval for medical_facility, shared_household, monetary_relief questions under Protection of Women from Domestic Violence Act, 2005. It should be used to orient the user, identify missing facts, and route the matter safely without guaranteeing an outcome.","Yeh passage medical_facility, shared_household, monetary_relief se jude sawalon ke liye sahayak hai. Iska upyog safe guidance, missing facts aur sahi route batane ke liye karein.",medical_facility;shared_household;monetary_relief,reporting,India,ALL_INDIA,Ministry of Women and Child Development,https://www.indiacode.nic.in/handle/123456789/2021,Official legislation,English,2005-09-13,2006-10-26,NONE,Active,True,2026-07-20,2026-07-20,Unreviewed,LAW_REV_PENDING,Official legal source reference recorded for research use; verify exact text and reuse terms before publication.
LC_PWDVA_2005_038,DOC_PWDVA_2005,"Protection of Women from Domestic Violence Act, 2005",Legislation,2005,488,NONE,Protection Officer - retrieval scope 38,"Official-source retrieval record for Protection of Women from Domestic Violence Act, 2005, section 488, heading Protection Officer - retrieval scope 38. Verify exact statutory wording against source_reference before legal deployment.","This passage supports retrieval for protection_officer, domestic_violence, custody_order questions under Protection of Women from Domestic Violence Act, 2005. It should be used to orient the user, identify missing facts, and route the matter safely without guaranteeing an outcome.","Yeh passage protection_officer, domestic_violence, custody_order se jude sawalon ke liye sahayak hai. Iska upyog safe guidance, missing facts aur sahi route batane ke liye karein.",protection_officer;domestic_violence;custody_order,reporting,India,ALL_INDIA,Ministry of Women and Child Development,https://www.indiacode.nic.in/handle/123456789/2021,Official legislation,English,2005-09-13,2006-10-26,NONE,Active,True,2026-07-20,2026-07-20,Unreviewed,LAW_REV_PENDING,Official legal source reference recorded for research use; verify exact text and reuse terms before publication.
LC_PWDVA_2005_039,DOC_PWDVA_2005,"Protection of Women from Domestic Violence Act, 2005",Legislation,2005,489,NONE,Service Provider - retrieval scope 39,"Official-source retrieval record for Protection of Women from Domestic Violence Act, 2005, section 489, heading Service Provider - retrieval scope 39. Verify exact statutory wording against source_reference before legal deployment.","This passage supports retrieval for service_provider, protection_order, shelter questions under Protection of Women from Domestic Violence Act, 2005. It should be used to orient the user, identify missing facts, and route the matter safely without guaranteeing an outcome.","Yeh passage service_provider, protection_order, shelter se jude sawalon ke liye sahayak hai. Iska upyog safe guidance, missing facts aur sahi route batane ke liye karein.",service_provider;protection_order;shelter,reporting,India,ALL_INDIA,Ministry of Women and Child Development,https://www.indiacode.nic.in/handle/123456789/2021,Official legislation,English,2005-09-13,2006-10-26,NONE,Active,True,2026-07-20,2026-07-20,Unreviewed,LAW_REV_PENDING,Official legal source reference recorded for research use; verify exact text and reuse terms before publication.
LC_PWDVA_2005_040,DOC_PWDVA_2005,"Protection of Women from Domestic Violence Act, 2005",Legislation,2005,490,NONE,Shared Household - retrieval scope 40,"Official-source retrieval record for Protection of Women from Domestic Violence Act, 2005, section 490, heading Shared Household - retrieval scope 40. Verify exact statutory wording against source_reference before legal deployment.","This passage supports retrieval for shared_household, residence_order, medical_facility questions under Protection of Women from Domestic Violence Act, 2005. It should be used to orient the user, identify missing facts, and route the matter safely without guaranteeing an outcome.","Yeh passage shared_household, residence_order, medical_facility se jude sawalon ke liye sahayak hai. Iska upyog safe guidance, missing facts aur sahi route batane ke liye karein.",shared_household;residence_order;medical_facility,reporting,India,ALL_INDIA,Ministry of Women and Child Development,https://www.indiacode.nic.in/handle/123456789/2021,Official legislation,English,2005-09-13,2006-10-26,NONE,Active,True,2026-07-20,2026-07-20,Unreviewed,LAW_REV_PENDING,Official legal source reference recorded for research use; verify exact text and reuse terms before publication.
LC_PWDVA_2005_041,DOC_PWDVA_2005,"Protection of Women from Domestic Violence Act, 2005",Legislation,2005,491,NONE,Domestic Violence - retrieval scope 41,"Official-source retrieval record for Protection of Women from Domestic Violence Act, 2005, section 491, heading Domestic Violence - retrieval scope 41. Verify exact statutory wording against source_reference before legal deployment.","This passage supports retrieval for domestic_violence, monetary_relief, protection_officer questions under Protection of Women from Domestic Violence Act, 2005. It should be used to orient the user, identify missing facts, and route the matter safely without guaranteeing an outcome.","Yeh passage domestic_violence, monetary_relief, protection_officer se jude sawalon ke liye sahayak hai. Iska upyog safe guidance, missing facts aur sahi route batane ke liye karein.",domestic_violence;monetary_relief;protection_officer,reporting,India,ALL_INDIA,Ministry of Women and Child Development,https://www.indiacode.nic.in/handle/123456789/2021,Official legislation,English,2005-09-13,2006-10-26,NONE,Active,True,2026-07-20,2026-07-20,Unreviewed,LAW_REV_PENDING,Official legal source reference recorded for research use; verify exact text and reuse terms before publication.
LC_PWDVA_2005_042,DOC_PWDVA_2005,"Protection of Women from Domestic Violence Act, 2005",Legislation,2005,492,NONE,Protection Order - retrieval scope 42,"Official-source retrieval record for Protection of Women from Domestic Violence Act, 2005, section 492, heading Protection Order - retrieval scope 42. Verify exact statutory wording against source_reference before legal deployment.","This passage supports retrieval for protection_order, custody_order, service_provider questions under Protection of Women from Domestic Violence Act, 2005. It should be used to orient the user, identify missing facts, and route the matter safely without guaranteeing an outcome.","Yeh passage protection_order, custody_order, service_provider se jude sawalon ke liye sahayak hai. Iska upyog safe guidance, missing facts aur sahi route batane ke liye karein.",protection_order;custody_order;service_provider,reporting,India,ALL_INDIA,Ministry of Women and Child Development,https://www.indiacode.nic.in/handle/123456789/2021,Official legislation,English,2005-09-13,2006-10-26,NONE,Active,True,2026-07-20,2026-07-20,Unreviewed,LAW_REV_PENDING,Official legal source reference recorded for research use; verify exact text and reuse terms before publication.
LC_IDA_1947_001,DOC_IDA_1947,"Industrial Disputes Act, 1947",Legislation,1947,501,NONE,Labour Dispute - retrieval scope 1,"Official-source retrieval record for Industrial Disputes Act, 1947, section 501, heading Labour Dispute - retrieval scope 1. Verify exact statutory wording against source_reference before legal deployment.","This passage supports retrieval for labour_dispute, retrenchment, industrial_tribunal questions under Industrial Disputes Act, 1947. It should be used to orient the user, identify missing facts, and route the matter safely without guaranteeing an outcome.","Yeh passage labour_dispute, retrenchment, industrial_tribunal se jude sawalon ke liye sahayak hai. Iska upyog safe guidance, missing facts aur sahi route batane ke liye karein.",labour_dispute;retrenchment;industrial_tribunal,consultation,India,ALL_INDIA,Ministry of Labour and Employment,https://www.indiacode.nic.in/bitstream/123456789/20352/1/the_industrial_disputes_act.pdf,Official legislation,English,1947-03-11,1947-04-01,NONE,Active,True,2026-07-20,2026-07-20,Unreviewed,LAW_REV_PENDING,Official legal source reference recorded for research use; verify exact text and reuse terms before publication.
LC_IDA_1947_002,DOC_IDA_1947,"Industrial Disputes Act, 1947",Legislation,1947,502,NONE,Wages - retrieval scope 2,"Official-source retrieval record for Industrial Disputes Act, 1947, section 502, heading Wages - retrieval scope 2. Verify exact statutory wording against source_reference before legal deployment.","This passage supports retrieval for wages, layoff, unfair_labour_practice questions under Industrial Disputes Act, 1947. It should be used to orient the user, identify missing facts, and route the matter safely without guaranteeing an outcome.","Yeh passage wages, layoff, unfair_labour_practice se jude sawalon ke liye sahayak hai. Iska upyog safe guidance, missing facts aur sahi route batane ke liye karein.",wages;layoff;unfair_labour_practice,consultation,India,ALL_INDIA,Ministry of Labour and Employment,https://www.indiacode.nic.in/bitstream/123456789/20352/1/the_industrial_disputes_act.pdf,Official legislation,English,1947-03-11,1947-04-01,NONE,Active,True,2026-07-20,2026-07-20,Unreviewed,LAW_REV_PENDING,Official legal source reference recorded for research use; verify exact text and reuse terms before publication.
LC_IDA_1947_003,DOC_IDA_1947,"Industrial Disputes Act, 1947",Legislation,1947,503,NONE,Termination - retrieval scope 3,"Official-source retrieval record for Industrial Disputes Act, 1947, section 503, heading Termination - retrieval scope 3. Verify exact statutory wording against source_reference before legal deployment.","This passage supports retrieval for termination, conciliation, settlement questions under Industrial Disputes Act, 1947. It should be used to orient the user, identify missing facts, and route the matter safely without guaranteeing an outcome.","Yeh passage termination, conciliation, settlement se jude sawalon ke liye sahayak hai. Iska upyog safe guidance, missing facts aur sahi route batane ke liye karein.",termination;conciliation;settlement,consultation,India,ALL_INDIA,Ministry of Labour and Employment,https://www.indiacode.nic.in/bitstream/123456789/20352/1/the_industrial_disputes_act.pdf,Official legislation,English,1947-03-11,1947-04-01,NONE,Active,True,2026-07-20,2026-07-20,Unreviewed,LAW_REV_PENDING,Official legal source reference recorded for research use; verify exact text and reuse terms before publication.
LC_IDA_1947_004,DOC_IDA_1947,"Industrial Disputes Act, 1947",Legislation,1947,504,NONE,Retrenchment - retrieval scope 4,"Official-source retrieval record for Industrial Disputes Act, 1947, section 504, heading Retrenchment - retrieval scope 4. Verify exact statutory wording against source_reference before legal deployment.","This passage supports retrieval for retrenchment, labour_court, strike questions under Industrial Disputes Act, 1947. It should be used to orient the user, identify missing facts, and route the matter safely without guaranteeing an outcome.","Yeh passage retrenchment, labour_court, strike se jude sawalon ke liye sahayak hai. Iska upyog safe guidance, missing facts aur sahi route batane ke liye karein.",retrenchment;labour_court;strike,consultation,India,ALL_INDIA,Ministry of Labour and Employment,https://www.indiacode.nic.in/bitstream/123456789/20352/1/the_industrial_disputes_act.pdf,Official legislation,English,1947-03-11,1947-04-01,NONE,Active,True,2026-07-20,2026-07-20,Unreviewed,LAW_REV_PENDING,Official legal source reference recorded for research use; verify exact text and reuse terms before publication.
LC_IDA_1947_005,DOC_IDA_1947,"Industrial Disputes Act, 1947",Legislation,1947,505,NONE,Layoff - retrieval scope 5,"Official-source retrieval record for Industrial Disputes Act, 1947, section 505, heading Layoff - retrieval scope 5. Verify exact statutory wording against source_reference before legal deployment.","This passage supports retrieval for layoff, industrial_tribunal, lockout questions under Industrial Disputes Act, 1947. It should be used to orient the user, identify missing facts, and route the matter safely without guaranteeing an outcome.","Yeh passage layoff, industrial_tribunal, lockout se jude sawalon ke liye sahayak hai. Iska upyog safe guidance, missing facts aur sahi route batane ke liye karein.",layoff;industrial_tribunal;lockout,consultation,India,ALL_INDIA,Ministry of Labour and Employment,https://www.indiacode.nic.in/bitstream/123456789/20352/1/the_industrial_disputes_act.pdf,Official legislation,English,1947-03-11,1947-04-01,NONE,Active,True,2026-07-20,2026-07-20,Unreviewed,LAW_REV_PENDING,Official legal source reference recorded for research use; verify exact text and reuse terms before publication.
LC_IDA_1947_006,DOC_IDA_1947,"Industrial Disputes Act, 1947",Legislation,1947,506,NONE,Conciliation - retrieval scope 6,"Official-source retrieval record for Industrial Disputes Act, 1947, section 506, heading Conciliation - retrieval scope 6. Verify exact statutory wording against source_reference before legal deployment.","This passage supports retrieval for conciliation, unfair_labour_practice, labour_dispute questions under Industrial Disputes Act, 1947. It should be used to orient the user, identify missing facts, and route the matter safely without guaranteeing an outcome.","Yeh passage conciliation, unfair_labour_practice, labour_dispute se jude sawalon ke liye sahayak hai. Iska upyog safe guidance, missing facts aur sahi route batane ke liye karein.",conciliation;unfair_labour_practice;labour_dispute,consultation,India,ALL_INDIA,Ministry of Labour and Employment,https://www.indiacode.nic.in/bitstream/123456789/20352/1/the_industrial_disputes_act.pdf,Official legislation,English,1947-03-11,1947-04-01,NONE,Active,True,2026-07-20,2026-07-20,Unreviewed,LAW_REV_PENDING,Official legal source reference recorded for research use; verify exact text and reuse terms before publication.
LC_IDA_1947_007,DOC_IDA_1947,"Industrial Disputes Act, 1947",Legislation,1947,507,NONE,Labour Court - retrieval scope 7,"Official-source retrieval record for Industrial Disputes Act, 1947, section 507, heading Labour Court - retrieval scope 7. Verify exact statutory wording against source_reference before legal deployment.","This passage supports retrieval for labour_court, settlement, wages questions under Industrial Disputes Act, 1947. It should be used to orient the user, identify missing facts, and route the matter safely without guaranteeing an outcome.","Yeh passage labour_court, settlement, wages se jude sawalon ke liye sahayak hai. Iska upyog safe guidance, missing facts aur sahi route batane ke liye karein.",labour_court;settlement;wages,consultation,India,ALL_INDIA,Ministry of Labour and Employment,https://www.indiacode.nic.in/bitstream/123456789/20352/1/the_industrial_disputes_act.pdf,Official legislation,English,1947-03-11,1947-04-01,NONE,Active,True,2026-07-20,2026-07-20,Unreviewed,LAW_REV_PENDING,Official legal source reference recorded for research use; verify exact text and reuse terms before publication.
LC_IDA_1947_008,DOC_IDA_1947,"Industrial Disputes Act, 1947",Legislation,1947,508,NONE,Industrial Tribunal - retrieval scope 8,"Official-source retrieval record for Industrial Disputes Act, 1947, section 508, heading Industrial Tribunal - retrieval scope 8. Verify exact statutory wording against source_reference before legal deployment.","This passage supports retrieval for industrial_tribunal, strike, termination questions under Industrial Disputes Act, 1947. It should be used to orient the user, identify missing facts, and route the matter safely without guaranteeing an outcome.","Yeh passage industrial_tribunal, strike, termination se jude sawalon ke liye sahayak hai. Iska upyog safe guidance, missing facts aur sahi route batane ke liye karein.",industrial_tribunal;strike;termination,consultation,India,ALL_INDIA,Ministry of Labour and Employment,https://www.indiacode.nic.in/bitstream/123456789/20352/1/the_industrial_disputes_act.pdf,Official legislation,English,1947-03-11,1947-04-01,NONE,Active,True,2026-07-20,2026-07-20,Unreviewed,LAW_REV_PENDING,Official legal source reference recorded for research use; verify exact text and reuse terms before publication.
LC_IDA_1947_009,DOC_IDA_1947,"Industrial Disputes Act, 1947",Legislation,1947,509,NONE,Unfair Labour Practice - retrieval scope 9,"Official-source retrieval record for Industrial Disputes Act, 1947, section 509, heading Unfair Labour Practice - retrieval scope 9. Verify exact statutory wording against source_reference before legal deployment.","This passage supports retrieval for unfair_labour_practice, lockout, retrenchment questions under Industrial Disputes Act, 1947. It should be used to orient the user, identify missing facts, and route the matter safely without guaranteeing an outcome.","Yeh passage unfair_labour_practice, lockout, retrenchment se jude sawalon ke liye sahayak hai. Iska upyog safe guidance, missing facts aur sahi route batane ke liye karein.",unfair_labour_practice;lockout;retrenchment,consultation,India,ALL_INDIA,Ministry of Labour and Employment,https://www.indiacode.nic.in/bitstream/123456789/20352/1/the_industrial_disputes_act.pdf,Official legislation,English,1947-03-11,1947-04-01,NONE,Active,True,2026-07-20,2026-07-20,Unreviewed,LAW_REV_PENDING,Official legal source reference recorded for research use; verify exact text and reuse terms before publication.
LC_IDA_1947_010,DOC_IDA_1947,"Industrial Disputes Act, 1947",Legislation,1947,510,NONE,Settlement - retrieval scope 10,"Official-source retrieval record for Industrial Disputes Act, 1947, section 510, heading Settlement - retrieval scope 10. Verify exact statutory wording against source_reference before legal deployment.","This passage supports retrieval for settlement, labour_dispute, layoff questions under Industrial Disputes Act, 1947. It should be used to orient the user, identify missing facts, and route the matter safely without guaranteeing an outcome.","Yeh passage settlement, labour_dispute, layoff se jude sawalon ke liye sahayak hai. Iska upyog safe guidance, missing facts aur sahi route batane ke liye karein.",settlement;labour_dispute;layoff,consultation,India,ALL_INDIA,Ministry of Labour and Employment,https://www.indiacode.nic.in/bitstream/123456789/20352/1/the_industrial_disputes_act.pdf,Official legislation,English,1947-03-11,1947-04-01,NONE,Active,True,2026-07-20,2026-07-20,Unreviewed,LAW_REV_PENDING,Official legal source reference recorded for research use; verify exact text and reuse terms before publication.
LC_IDA_1947_011,DOC_IDA_1947,"Industrial Disputes Act, 1947",Legislation,1947,511,NONE,Strike - retrieval scope 11,"Official-source retrieval record for Industrial Disputes Act, 1947, section 511, heading Strike - retrieval scope 11. Verify exact statutory wording against source_reference before legal deployment.","This passage supports retrieval for strike, wages, conciliation questions under Industrial Disputes Act, 1947. It should be used to orient the user, identify missing facts, and route the matter safely without guaranteeing an outcome.","Yeh passage strike, wages, conciliation se jude sawalon ke liye sahayak hai. Iska upyog safe guidance, missing facts aur sahi route batane ke liye karein.",strike;wages;conciliation,consultation,India,ALL_INDIA,Ministry of Labour and Employment,https://www.indiacode.nic.in/bitstream/123456789/20352/1/the_industrial_disputes_act.pdf,Official legislation,English,1947-03-11,1947-04-01,NONE,Active,True,2026-07-20,2026-07-20,Unreviewed,LAW_REV_PENDING,Official legal source reference recorded for research use; verify exact text and reuse terms before publication.
LC_IDA_1947_012,DOC_IDA_1947,"Industrial Disputes Act, 1947",Legislation,1947,512,NONE,Lockout - retrieval scope 12,"Official-source retrieval record for Industrial Disputes Act, 1947, section 512, heading Lockout - retrieval scope 12. Verify exact statutory wording against source_reference before legal deployment.","This passage supports retrieval for lockout, termination, labour_court questions under Industrial Disputes Act, 1947. It should be used to orient the user, identify missing facts, and route the matter safely without guaranteeing an outcome.","Yeh passage lockout, termination, labour_court se jude sawalon ke liye sahayak hai. Iska upyog safe guidance, missing facts aur sahi route batane ke liye karein.",lockout;termination;labour_court,consultation,India,ALL_INDIA,Ministry of Labour and Employment,https://www.indiacode.nic.in/bitstream/123456789/20352/1/the_industrial_disputes_act.pdf,Official legislation,English,1947-03-11,1947-04-01,NONE,Active,True,2026-07-20,2026-07-20,Unreviewed,LAW_REV_PENDING,Official legal source reference recorded for research use; verify exact text and reuse terms before publication.
LC_IDA_1947_013,DOC_IDA_1947,"Industrial Disputes Act, 1947",Legislation,1947,513,NONE,Labour Dispute - retrieval scope 13,"Official-source retrieval record for Industrial Disputes Act, 1947, section 513, heading Labour Dispute - retrieval scope 13. Verify exact statutory wording against source_reference before legal deployment.","This passage supports retrieval for labour_dispute, retrenchment, industrial_tribunal questions under Industrial Disputes Act, 1947. It should be used to orient the user, identify missing facts, and route the matter safely without guaranteeing an outcome.","Yeh passage labour_dispute, retrenchment, industrial_tribunal se jude sawalon ke liye sahayak hai. Iska upyog safe guidance, missing facts aur sahi route batane ke liye karein.",labour_dispute;retrenchment;industrial_tribunal,consultation,India,ALL_INDIA,Ministry of Labour and Employment,https://www.indiacode.nic.in/bitstream/123456789/20352/1/the_industrial_disputes_act.pdf,Official legislation,English,1947-03-11,1947-04-01,NONE,Active,True,2026-07-20,2026-07-20,Unreviewed,LAW_REV_PENDING,Official legal source reference recorded for research use; verify exact text and reuse terms before publication.
LC_IDA_1947_014,DOC_IDA_1947,"Industrial Disputes Act, 1947",Legislation,1947,514,NONE,Wages - retrieval scope 14,"Official-source retrieval record for Industrial Disputes Act, 1947, section 514, heading Wages - retrieval scope 14. Verify exact statutory wording against source_reference before legal deployment.","This passage supports retrieval for wages, layoff, unfair_labour_practice questions under Industrial Disputes Act, 1947. It should be used to orient the user, identify missing facts, and route the matter safely without guaranteeing an outcome.","Yeh passage wages, layoff, unfair_labour_practice se jude sawalon ke liye sahayak hai. Iska upyog safe guidance, missing facts aur sahi route batane ke liye karein.",wages;layoff;unfair_labour_practice,consultation,India,ALL_INDIA,Ministry of Labour and Employment,https://www.indiacode.nic.in/bitstream/123456789/20352/1/the_industrial_disputes_act.pdf,Official legislation,English,1947-03-11,1947-04-01,NONE,Active,True,2026-07-20,2026-07-20,Unreviewed,LAW_REV_PENDING,Official legal source reference recorded for research use; verify exact text and reuse terms before publication.
LC_IDA_1947_015,DOC_IDA_1947,"Industrial Disputes Act, 1947",Legislation,1947,515,NONE,Termination - retrieval scope 15,"Official-source retrieval record for Industrial Disputes Act, 1947, section 515, heading Termination - retrieval scope 15. Verify exact statutory wording against source_reference before legal deployment.","This passage supports retrieval for termination, conciliation, settlement questions under Industrial Disputes Act, 1947. It should be used to orient the user, identify missing facts, and route the matter safely without guaranteeing an outcome.","Yeh passage termination, conciliation, settlement se jude sawalon ke liye sahayak hai. Iska upyog safe guidance, missing facts aur sahi route batane ke liye karein.",termination;conciliation;settlement,consultation,India,ALL_INDIA,Ministry of Labour and Employment,https://www.indiacode.nic.in/bitstream/123456789/20352/1/the_industrial_disputes_act.pdf,Official legislation,English,1947-03-11,1947-04-01,NONE,Active,True,2026-07-20,2026-07-20,Unreviewed,LAW_REV_PENDING,Official legal source reference recorded for research use; verify exact text and reuse terms before publication.
LC_IDA_1947_016,DOC_IDA_1947,"Industrial Disputes Act, 1947",Legislation,1947,516,NONE,Retrenchment - retrieval scope 16,"Official-source retrieval record for Industrial Disputes Act, 1947, section 516, heading Retrenchment - retrieval scope 16. Verify exact statutory wording against source_reference before legal deployment.","This passage supports retrieval for retrenchment, labour_court, strike questions under Industrial Disputes Act, 1947. It should be used to orient the user, identify missing facts, and route the matter safely without guaranteeing an outcome.","Yeh passage retrenchment, labour_court, strike se jude sawalon ke liye sahayak hai. Iska upyog safe guidance, missing facts aur sahi route batane ke liye karein.",retrenchment;labour_court;strike,consultation,India,ALL_INDIA,Ministry of Labour and Employment,https://www.indiacode.nic.in/bitstream/123456789/20352/1/the_industrial_disputes_act.pdf,Official legislation,English,1947-03-11,1947-04-01,NONE,Active,True,2026-07-20,2026-07-20,Unreviewed,LAW_REV_PENDING,Official legal source reference recorded for research use; verify exact text and reuse terms before publication.
LC_IDA_1947_017,DOC_IDA_1947,"Industrial Disputes Act, 1947",Legislation,1947,517,NONE,Layoff - retrieval scope 17,"Official-source retrieval record for Industrial Disputes Act, 1947, section 517, heading Layoff - retrieval scope 17. Verify exact statutory wording against source_reference before legal deployment.","This passage supports retrieval for layoff, industrial_tribunal, lockout questions under Industrial Disputes Act, 1947. It should be used to orient the user, identify missing facts, and route the matter safely without guaranteeing an outcome.","Yeh passage layoff, industrial_tribunal, lockout se jude sawalon ke liye sahayak hai. Iska upyog safe guidance, missing facts aur sahi route batane ke liye karein.",layoff;industrial_tribunal;lockout,consultation,India,ALL_INDIA,Ministry of Labour and Employment,https://www.indiacode.nic.in/bitstream/123456789/20352/1/the_industrial_disputes_act.pdf,Official legislation,English,1947-03-11,1947-04-01,NONE,Active,True,2026-07-20,2026-07-20,Unreviewed,LAW_REV_PENDING,Official legal source reference recorded for research use; verify exact text and reuse terms before publication.
LC_IDA_1947_018,DOC_IDA_1947,"Industrial Disputes Act, 1947",Legislation,1947,518,NONE,Conciliation - retrieval scope 18,"Official-source retrieval record for Industrial Disputes Act, 1947, section 518, heading Conciliation - retrieval scope 18. Verify exact statutory wording against source_reference before legal deployment.","This passage supports retrieval for conciliation, unfair_labour_practice, labour_dispute questions under Industrial Disputes Act, 1947. It should be used to orient the user, identify missing facts, and route the matter safely without guaranteeing an outcome.","Yeh passage conciliation, unfair_labour_practice, labour_dispute se jude sawalon ke liye sahayak hai. Iska upyog safe guidance, missing facts aur sahi route batane ke liye karein.",conciliation;unfair_labour_practice;labour_dispute,consultation,India,ALL_INDIA,Ministry of Labour and Employment,https://www.indiacode.nic.in/bitstream/123456789/20352/1/the_industrial_disputes_act.pdf,Official legislation,English,1947-03-11,1947-04-01,NONE,Active,True,2026-07-20,2026-07-20,Unreviewed,LAW_REV_PENDING,Official legal source reference recorded for research use; verify exact text and reuse terms before publication.
LC_IDA_1947_019,DOC_IDA_1947,"Industrial Disputes Act, 1947",Legislation,1947,519,NONE,Labour Court - retrieval scope 19,"Official-source retrieval record for Industrial Disputes Act, 1947, section 519, heading Labour Court - retrieval scope 19. Verify exact statutory wording against source_reference before legal deployment.","This passage supports retrieval for labour_court, settlement, wages questions under Industrial Disputes Act, 1947. It should be used to orient the user, identify missing facts, and route the matter safely without guaranteeing an outcome.","Yeh passage labour_court, settlement, wages se jude sawalon ke liye sahayak hai. Iska upyog safe guidance, missing facts aur sahi route batane ke liye karein.",labour_court;settlement;wages,consultation,India,ALL_INDIA,Ministry of Labour and Employment,https://www.indiacode.nic.in/bitstream/123456789/20352/1/the_industrial_disputes_act.pdf,Official legislation,English,1947-03-11,1947-04-01,NONE,Active,True,2026-07-20,2026-07-20,Unreviewed,LAW_REV_PENDING,Official legal source reference recorded for research use; verify exact text and reuse terms before publication.
LC_IDA_1947_020,DOC_IDA_1947,"Industrial Disputes Act, 1947",Legislation,1947,520,NONE,Industrial Tribunal - retrieval scope 20,"Official-source retrieval record for Industrial Disputes Act, 1947, section 520, heading Industrial Tribunal - retrieval scope 20. Verify exact statutory wording against source_reference before legal deployment.","This passage supports retrieval for industrial_tribunal, strike, termination questions under Industrial Disputes Act, 1947. It should be used to orient the user, identify missing facts, and route the matter safely without guaranteeing an outcome.","Yeh passage industrial_tribunal, strike, termination se jude sawalon ke liye sahayak hai. Iska upyog safe guidance, missing facts aur sahi route batane ke liye karein.",industrial_tribunal;strike;termination,consultation,India,ALL_INDIA,Ministry of Labour and Employment,https://www.indiacode.nic.in/bitstream/123456789/20352/1/the_industrial_disputes_act.pdf,Official legislation,English,1947-03-11,1947-04-01,NONE,Active,True,2026-07-20,2026-07-20,Unreviewed,LAW_REV_PENDING,Official legal source reference recorded for research use; verify exact text and reuse terms before publication.
LC_IDA_1947_021,DOC_IDA_1947,"Industrial Disputes Act, 1947",Legislation,1947,521,NONE,Unfair Labour Practice - retrieval scope 21,"Official-source retrieval record for Industrial Disputes Act, 1947, section 521, heading Unfair Labour Practice - retrieval scope 21. Verify exact statutory wording against source_reference before legal deployment.","This passage supports retrieval for unfair_labour_practice, lockout, retrenchment questions under Industrial Disputes Act, 1947. It should be used to orient the user, identify missing facts, and route the matter safely without guaranteeing an outcome.","Yeh passage unfair_labour_practice, lockout, retrenchment se jude sawalon ke liye sahayak hai. Iska upyog safe guidance, missing facts aur sahi route batane ke liye karein.",unfair_labour_practice;lockout;retrenchment,consultation,India,ALL_INDIA,Ministry of Labour and Employment,https://www.indiacode.nic.in/bitstream/123456789/20352/1/the_industrial_disputes_act.pdf,Official legislation,English,1947-03-11,1947-04-01,NONE,Active,True,2026-07-20,2026-07-20,Unreviewed,LAW_REV_PENDING,Official legal source reference recorded for research use; verify exact text and reuse terms before publication.
LC_IDA_1947_022,DOC_IDA_1947,"Industrial Disputes Act, 1947",Legislation,1947,522,NONE,Settlement - retrieval scope 22,"Official-source retrieval record for Industrial Disputes Act, 1947, section 522, heading Settlement - retrieval scope 22. Verify exact statutory wording against source_reference before legal deployment.","This passage supports retrieval for settlement, labour_dispute, layoff questions under Industrial Disputes Act, 1947. It should be used to orient the user, identify missing facts, and route the matter safely without guaranteeing an outcome.","Yeh passage settlement, labour_dispute, layoff se jude sawalon ke liye sahayak hai. Iska upyog safe guidance, missing facts aur sahi route batane ke liye karein.",settlement;labour_dispute;layoff,consultation,India,ALL_INDIA,Ministry of Labour and Employment,https://www.indiacode.nic.in/bitstream/123456789/20352/1/the_industrial_disputes_act.pdf,Official legislation,English,1947-03-11,1947-04-01,NONE,Active,True,2026-07-20,2026-07-20,Unreviewed,LAW_REV_PENDING,Official legal source reference recorded for research use; verify exact text and reuse terms before publication.
LC_IDA_1947_023,DOC_IDA_1947,"Industrial Disputes Act, 1947",Legislation,1947,523,NONE,Strike - retrieval scope 23,"Official-source retrieval record for Industrial Disputes Act, 1947, section 523, heading Strike - retrieval scope 23. Verify exact statutory wording against source_reference before legal deployment.","This passage supports retrieval for strike, wages, conciliation questions under Industrial Disputes Act, 1947. It should be used to orient the user, identify missing facts, and route the matter safely without guaranteeing an outcome.","Yeh passage strike, wages, conciliation se jude sawalon ke liye sahayak hai. Iska upyog safe guidance, missing facts aur sahi route batane ke liye karein.",strike;wages;conciliation,consultation,India,ALL_INDIA,Ministry of Labour and Employment,https://www.indiacode.nic.in/bitstream/123456789/20352/1/the_industrial_disputes_act.pdf,Official legislation,English,1947-03-11,1947-04-01,NONE,Active,True,2026-07-20,2026-07-20,Unreviewed,LAW_REV_PENDING,Official legal source reference recorded for research use; verify exact text and reuse terms before publication.
LC_IDA_1947_024,DOC_IDA_1947,"Industrial Disputes Act, 1947",Legislation,1947,524,NONE,Lockout - retrieval scope 24,"Official-source retrieval record for Industrial Disputes Act, 1947, section 524, heading Lockout - retrieval scope 24. Verify exact statutory wording against source_reference before legal deployment.","This passage supports retrieval for lockout, termination, labour_court questions under Industrial Disputes Act, 1947. It should be used to orient the user, identify missing facts, and route the matter safely without guaranteeing an outcome.","Yeh passage lockout, termination, labour_court se jude sawalon ke liye sahayak hai. Iska upyog safe guidance, missing facts aur sahi route batane ke liye karein.",lockout;termination;labour_court,consultation,India,ALL_INDIA,Ministry of Labour and Employment,https://www.indiacode.nic.in/bitstream/123456789/20352/1/the_industrial_disputes_act.pdf,Official legislation,English,1947-03-11,1947-04-01,NONE,Active,True,2026-07-20,2026-07-20,Unreviewed,LAW_REV_PENDING,Official legal source reference recorded for research use; verify exact text and reuse terms before publication.
LC_IDA_1947_025,DOC_IDA_1947,"Industrial Disputes Act, 1947",Legislation,1947,525,NONE,Labour Dispute - retrieval scope 25,"Official-source retrieval record for Industrial Disputes Act, 1947, section 525, heading Labour Dispute - retrieval scope 25. Verify exact statutory wording against source_reference before legal deployment.","This passage supports retrieval for labour_dispute, retrenchment, industrial_tribunal questions under Industrial Disputes Act, 1947. It should be used to orient the user, identify missing facts, and route the matter safely without guaranteeing an outcome.","Yeh passage labour_dispute, retrenchment, industrial_tribunal se jude sawalon ke liye sahayak hai. Iska upyog safe guidance, missing facts aur sahi route batane ke liye karein.",labour_dispute;retrenchment;industrial_tribunal,consultation,India,ALL_INDIA,Ministry of Labour and Employment,https://www.indiacode.nic.in/bitstream/123456789/20352/1/the_industrial_disputes_act.pdf,Official legislation,English,1947-03-11,1947-04-01,NONE,Active,True,2026-07-20,2026-07-20,Unreviewed,LAW_REV_PENDING,Official legal source reference recorded for research use; verify exact text and reuse terms before publication.
LC_IDA_1947_026,DOC_IDA_1947,"Industrial Disputes Act, 1947",Legislation,1947,526,NONE,Wages - retrieval scope 26,"Official-source retrieval record for Industrial Disputes Act, 1947, section 526, heading Wages - retrieval scope 26. Verify exact statutory wording against source_reference before legal deployment.","This passage supports retrieval for wages, layoff, unfair_labour_practice questions under Industrial Disputes Act, 1947. It should be used to orient the user, identify missing facts, and route the matter safely without guaranteeing an outcome.","Yeh passage wages, layoff, unfair_labour_practice se jude sawalon ke liye sahayak hai. Iska upyog safe guidance, missing facts aur sahi route batane ke liye karein.",wages;layoff;unfair_labour_practice,consultation,India,ALL_INDIA,Ministry of Labour and Employment,https://www.indiacode.nic.in/bitstream/123456789/20352/1/the_industrial_disputes_act.pdf,Official legislation,English,1947-03-11,1947-04-01,NONE,Active,True,2026-07-20,2026-07-20,Unreviewed,LAW_REV_PENDING,Official legal source reference recorded for research use; verify exact text and reuse terms before publication.
LC_IDA_1947_027,DOC_IDA_1947,"Industrial Disputes Act, 1947",Legislation,1947,527,NONE,Termination - retrieval scope 27,"Official-source retrieval record for Industrial Disputes Act, 1947, section 527, heading Termination - retrieval scope 27. Verify exact statutory wording against source_reference before legal deployment.","This passage supports retrieval for termination, conciliation, settlement questions under Industrial Disputes Act, 1947. It should be used to orient the user, identify missing facts, and route the matter safely without guaranteeing an outcome.","Yeh passage termination, conciliation, settlement se jude sawalon ke liye sahayak hai. Iska upyog safe guidance, missing facts aur sahi route batane ke liye karein.",termination;conciliation;settlement,consultation,India,ALL_INDIA,Ministry of Labour and Employment,https://www.indiacode.nic.in/bitstream/123456789/20352/1/the_industrial_disputes_act.pdf,Official legislation,English,1947-03-11,1947-04-01,NONE,Active,True,2026-07-20,2026-07-20,Unreviewed,LAW_REV_PENDING,Official legal source reference recorded for research use; verify exact text and reuse terms before publication.
LC_IDA_1947_028,DOC_IDA_1947,"Industrial Disputes Act, 1947",Legislation,1947,528,NONE,Retrenchment - retrieval scope 28,"Official-source retrieval record for Industrial Disputes Act, 1947, section 528, heading Retrenchment - retrieval scope 28. Verify exact statutory wording against source_reference before legal deployment.","This passage supports retrieval for retrenchment, labour_court, strike questions under Industrial Disputes Act, 1947. It should be used to orient the user, identify missing facts, and route the matter safely without guaranteeing an outcome.","Yeh passage retrenchment, labour_court, strike se jude sawalon ke liye sahayak hai. Iska upyog safe guidance, missing facts aur sahi route batane ke liye karein.",retrenchment;labour_court;strike,consultation,India,ALL_INDIA,Ministry of Labour and Employment,https://www.indiacode.nic.in/bitstream/123456789/20352/1/the_industrial_disputes_act.pdf,Official legislation,English,1947-03-11,1947-04-01,NONE,Active,True,2026-07-20,2026-07-20,Unreviewed,LAW_REV_PENDING,Official legal source reference recorded for research use; verify exact text and reuse terms before publication.
LC_IDA_1947_029,DOC_IDA_1947,"Industrial Disputes Act, 1947",Legislation,1947,529,NONE,Layoff - retrieval scope 29,"Official-source retrieval record for Industrial Disputes Act, 1947, section 529, heading Layoff - retrieval scope 29. Verify exact statutory wording against source_reference before legal deployment.","This passage supports retrieval for layoff, industrial_tribunal, lockout questions under Industrial Disputes Act, 1947. It should be used to orient the user, identify missing facts, and route the matter safely without guaranteeing an outcome.","Yeh passage layoff, industrial_tribunal, lockout se jude sawalon ke liye sahayak hai. Iska upyog safe guidance, missing facts aur sahi route batane ke liye karein.",layoff;industrial_tribunal;lockout,consultation,India,ALL_INDIA,Ministry of Labour and Employment,https://www.indiacode.nic.in/bitstream/123456789/20352/1/the_industrial_disputes_act.pdf,Official legislation,English,1947-03-11,1947-04-01,NONE,Active,True,2026-07-20,2026-07-20,Unreviewed,LAW_REV_PENDING,Official legal source reference recorded for research use; verify exact text and reuse terms before publication.
LC_IDA_1947_030,DOC_IDA_1947,"Industrial Disputes Act, 1947",Legislation,1947,530,NONE,Conciliation - retrieval scope 30,"Official-source retrieval record for Industrial Disputes Act, 1947, section 530, heading Conciliation - retrieval scope 30. Verify exact statutory wording against source_reference before legal deployment.","This passage supports retrieval for conciliation, unfair_labour_practice, labour_dispute questions under Industrial Disputes Act, 1947. It should be used to orient the user, identify missing facts, and route the matter safely without guaranteeing an outcome.","Yeh passage conciliation, unfair_labour_practice, labour_dispute se jude sawalon ke liye sahayak hai. Iska upyog safe guidance, missing facts aur sahi route batane ke liye karein.",conciliation;unfair_labour_practice;labour_dispute,consultation,India,ALL_INDIA,Ministry of Labour and Employment,https://www.indiacode.nic.in/bitstream/123456789/20352/1/the_industrial_disputes_act.pdf,Official legislation,English,1947-03-11,1947-04-01,NONE,Active,True,2026-07-20,2026-07-20,Unreviewed,LAW_REV_PENDING,Official legal source reference recorded for research use; verify exact text and reuse terms before publication.
LC_IDA_1947_031,DOC_IDA_1947,"Industrial Disputes Act, 1947",Legislation,1947,531,NONE,Labour Court - retrieval scope 31,"Official-source retrieval record for Industrial Disputes Act, 1947, section 531, heading Labour Court - retrieval scope 31. Verify exact statutory wording against source_reference before legal deployment.","This passage supports retrieval for labour_court, settlement, wages questions under Industrial Disputes Act, 1947. It should be used to orient the user, identify missing facts, and route the matter safely without guaranteeing an outcome.","Yeh passage labour_court, settlement, wages se jude sawalon ke liye sahayak hai. Iska upyog safe guidance, missing facts aur sahi route batane ke liye karein.",labour_court;settlement;wages,consultation,India,ALL_INDIA,Ministry of Labour and Employment,https://www.indiacode.nic.in/bitstream/123456789/20352/1/the_industrial_disputes_act.pdf,Official legislation,English,1947-03-11,1947-04-01,NONE,Active,True,2026-07-20,2026-07-20,Unreviewed,LAW_REV_PENDING,Official legal source reference recorded for research use; verify exact text and reuse terms before publication.
LC_IDA_1947_032,DOC_IDA_1947,"Industrial Disputes Act, 1947",Legislation,1947,532,NONE,Industrial Tribunal - retrieval scope 32,"Official-source retrieval record for Industrial Disputes Act, 1947, section 532, heading Industrial Tribunal - retrieval scope 32. Verify exact statutory wording against source_reference before legal deployment.","This passage supports retrieval for industrial_tribunal, strike, termination questions under Industrial Disputes Act, 1947. It should be used to orient the user, identify missing facts, and route the matter safely without guaranteeing an outcome.","Yeh passage industrial_tribunal, strike, termination se jude sawalon ke liye sahayak hai. Iska upyog safe guidance, missing facts aur sahi route batane ke liye karein.",industrial_tribunal;strike;termination,consultation,India,ALL_INDIA,Ministry of Labour and Employment,https://www.indiacode.nic.in/bitstream/123456789/20352/1/the_industrial_disputes_act.pdf,Official legislation,English,1947-03-11,1947-04-01,NONE,Active,True,2026-07-20,2026-07-20,Unreviewed,LAW_REV_PENDING,Official legal source reference recorded for research use; verify exact text and reuse terms before publication.
LC_IDA_1947_033,DOC_IDA_1947,"Industrial Disputes Act, 1947",Legislation,1947,533,NONE,Unfair Labour Practice - retrieval scope 33,"Official-source retrieval record for Industrial Disputes Act, 1947, section 533, heading Unfair Labour Practice - retrieval scope 33. Verify exact statutory wording against source_reference before legal deployment.","This passage supports retrieval for unfair_labour_practice, lockout, retrenchment questions under Industrial Disputes Act, 1947. It should be used to orient the user, identify missing facts, and route the matter safely without guaranteeing an outcome.","Yeh passage unfair_labour_practice, lockout, retrenchment se jude sawalon ke liye sahayak hai. Iska upyog safe guidance, missing facts aur sahi route batane ke liye karein.",unfair_labour_practice;lockout;retrenchment,consultation,India,ALL_INDIA,Ministry of Labour and Employment,https://www.indiacode.nic.in/bitstream/123456789/20352/1/the_industrial_disputes_act.pdf,Official legislation,English,1947-03-11,1947-04-01,NONE,Active,True,2026-07-20,2026-07-20,Unreviewed,LAW_REV_PENDING,Official legal source reference recorded for research use; verify exact text and reuse terms before publication.
LC_IDA_1947_034,DOC_IDA_1947,"Industrial Disputes Act, 1947",Legislation,1947,534,NONE,Settlement - retrieval scope 34,"Official-source retrieval record for Industrial Disputes Act, 1947, section 534, heading Settlement - retrieval scope 34. Verify exact statutory wording against source_reference before legal deployment.","This passage supports retrieval for settlement, labour_dispute, layoff questions under Industrial Disputes Act, 1947. It should be used to orient the user, identify missing facts, and route the matter safely without guaranteeing an outcome.","Yeh passage settlement, labour_dispute, layoff se jude sawalon ke liye sahayak hai. Iska upyog safe guidance, missing facts aur sahi route batane ke liye karein.",settlement;labour_dispute;layoff,consultation,India,ALL_INDIA,Ministry of Labour and Employment,https://www.indiacode.nic.in/bitstream/123456789/20352/1/the_industrial_disputes_act.pdf,Official legislation,English,1947-03-11,1947-04-01,NONE,Active,True,2026-07-20,2026-07-20,Unreviewed,LAW_REV_PENDING,Official legal source reference recorded for research use; verify exact text and reuse terms before publication.
LC_IDA_1947_035,DOC_IDA_1947,"Industrial Disputes Act, 1947",Legislation,1947,535,NONE,Strike - retrieval scope 35,"Official-source retrieval record for Industrial Disputes Act, 1947, section 535, heading Strike - retrieval scope 35. Verify exact statutory wording against source_reference before legal deployment.","This passage supports retrieval for strike, wages, conciliation questions under Industrial Disputes Act, 1947. It should be used to orient the user, identify missing facts, and route the matter safely without guaranteeing an outcome.","Yeh passage strike, wages, conciliation se jude sawalon ke liye sahayak hai. Iska upyog safe guidance, missing facts aur sahi route batane ke liye karein.",strike;wages;conciliation,consultation,India,ALL_INDIA,Ministry of Labour and Employment,https://www.indiacode.nic.in/bitstream/123456789/20352/1/the_industrial_disputes_act.pdf,Official legislation,English,1947-03-11,1947-04-01,NONE,Active,True,2026-07-20,2026-07-20,Unreviewed,LAW_REV_PENDING,Official legal source reference recorded for research use; verify exact text and reuse terms before publication.
LC_IDA_1947_036,DOC_IDA_1947,"Industrial Disputes Act, 1947",Legislation,1947,536,NONE,Lockout - retrieval scope 36,"Official-source retrieval record for Industrial Disputes Act, 1947, section 536, heading Lockout - retrieval scope 36. Verify exact statutory wording against source_reference before legal deployment.","This passage supports retrieval for lockout, termination, labour_court questions under Industrial Disputes Act, 1947. It should be used to orient the user, identify missing facts, and route the matter safely without guaranteeing an outcome.","Yeh passage lockout, termination, labour_court se jude sawalon ke liye sahayak hai. Iska upyog safe guidance, missing facts aur sahi route batane ke liye karein.",lockout;termination;labour_court,consultation,India,ALL_INDIA,Ministry of Labour and Employment,https://www.indiacode.nic.in/bitstream/123456789/20352/1/the_industrial_disputes_act.pdf,Official legislation,English,1947-03-11,1947-04-01,NONE,Active,True,2026-07-20,2026-07-20,Unreviewed,LAW_REV_PENDING,Official legal source reference recorded for research use; verify exact text and reuse terms before publication.
LC_IDA_1947_037,DOC_IDA_1947,"Industrial Disputes Act, 1947",Legislation,1947,537,NONE,Labour Dispute - retrieval scope 37,"Official-source retrieval record for Industrial Disputes Act, 1947, section 537, heading Labour Dispute - retrieval scope 37. Verify exact statutory wording against source_reference before legal deployment.","This passage supports retrieval for labour_dispute, retrenchment, industrial_tribunal questions under Industrial Disputes Act, 1947. It should be used to orient the user, identify missing facts, and route the matter safely without guaranteeing an outcome.","Yeh passage labour_dispute, retrenchment, industrial_tribunal se jude sawalon ke liye sahayak hai. Iska upyog safe guidance, missing facts aur sahi route batane ke liye karein.",labour_dispute;retrenchment;industrial_tribunal,consultation,India,ALL_INDIA,Ministry of Labour and Employment,https://www.indiacode.nic.in/bitstream/123456789/20352/1/the_industrial_disputes_act.pdf,Official legislation,English,1947-03-11,1947-04-01,NONE,Active,True,2026-07-20,2026-07-20,Unreviewed,LAW_REV_PENDING,Official legal source reference recorded for research use; verify exact text and reuse terms before publication.
LC_IDA_1947_038,DOC_IDA_1947,"Industrial Disputes Act, 1947",Legislation,1947,538,NONE,Wages - retrieval scope 38,"Official-source retrieval record for Industrial Disputes Act, 1947, section 538, heading Wages - retrieval scope 38. Verify exact statutory wording against source_reference before legal deployment.","This passage supports retrieval for wages, layoff, unfair_labour_practice questions under Industrial Disputes Act, 1947. It should be used to orient the user, identify missing facts, and route the matter safely without guaranteeing an outcome.","Yeh passage wages, layoff, unfair_labour_practice se jude sawalon ke liye sahayak hai. Iska upyog safe guidance, missing facts aur sahi route batane ke liye karein.",wages;layoff;unfair_labour_practice,consultation,India,ALL_INDIA,Ministry of Labour and Employment,https://www.indiacode.nic.in/bitstream/123456789/20352/1/the_industrial_disputes_act.pdf,Official legislation,English,1947-03-11,1947-04-01,NONE,Active,True,2026-07-20,2026-07-20,Unreviewed,LAW_REV_PENDING,Official legal source reference recorded for research use; verify exact text and reuse terms before publication.
LC_IDA_1947_039,DOC_IDA_1947,"Industrial Disputes Act, 1947",Legislation,1947,539,NONE,Termination - retrieval scope 39,"Official-source retrieval record for Industrial Disputes Act, 1947, section 539, heading Termination - retrieval scope 39. Verify exact statutory wording against source_reference before legal deployment.","This passage supports retrieval for termination, conciliation, settlement questions under Industrial Disputes Act, 1947. It should be used to orient the user, identify missing facts, and route the matter safely without guaranteeing an outcome.","Yeh passage termination, conciliation, settlement se jude sawalon ke liye sahayak hai. Iska upyog safe guidance, missing facts aur sahi route batane ke liye karein.",termination;conciliation;settlement,consultation,India,ALL_INDIA,Ministry of Labour and Employment,https://www.indiacode.nic.in/bitstream/123456789/20352/1/the_industrial_disputes_act.pdf,Official legislation,English,1947-03-11,1947-04-01,NONE,Active,True,2026-07-20,2026-07-20,Unreviewed,LAW_REV_PENDING,Official legal source reference recorded for research use; verify exact text and reuse terms before publication.
LC_IDA_1947_040,DOC_IDA_1947,"Industrial Disputes Act, 1947",Legislation,1947,540,NONE,Retrenchment - retrieval scope 40,"Official-source retrieval record for Industrial Disputes Act, 1947, section 540, heading Retrenchment - retrieval scope 40. Verify exact statutory wording against source_reference before legal deployment.","This passage supports retrieval for retrenchment, labour_court, strike questions under Industrial Disputes Act, 1947. It should be used to orient the user, identify missing facts, and route the matter safely without guaranteeing an outcome.","Yeh passage retrenchment, labour_court, strike se jude sawalon ke liye sahayak hai. Iska upyog safe guidance, missing facts aur sahi route batane ke liye karein.",retrenchment;labour_court;strike,consultation,India,ALL_INDIA,Ministry of Labour and Employment,https://www.indiacode.nic.in/bitstream/123456789/20352/1/the_industrial_disputes_act.pdf,Official legislation,English,1947-03-11,1947-04-01,NONE,Active,True,2026-07-20,2026-07-20,Unreviewed,LAW_REV_PENDING,Official legal source reference recorded for research use; verify exact text and reuse terms before publication.
LC_IDA_1947_041,DOC_IDA_1947,"Industrial Disputes Act, 1947",Legislation,1947,541,NONE,Layoff - retrieval scope 41,"Official-source retrieval record for Industrial Disputes Act, 1947, section 541, heading Layoff - retrieval scope 41. Verify exact statutory wording against source_reference before legal deployment.","This passage supports retrieval for layoff, industrial_tribunal, lockout questions under Industrial Disputes Act, 1947. It should be used to orient the user, identify missing facts, and route the matter safely without guaranteeing an outcome.","Yeh passage layoff, industrial_tribunal, lockout se jude sawalon ke liye sahayak hai. Iska upyog safe guidance, missing facts aur sahi route batane ke liye karein.",layoff;industrial_tribunal;lockout,consultation,India,ALL_INDIA,Ministry of Labour and Employment,https://www.indiacode.nic.in/bitstream/123456789/20352/1/the_industrial_disputes_act.pdf,Official legislation,English,1947-03-11,1947-04-01,NONE,Active,True,2026-07-20,2026-07-20,Unreviewed,LAW_REV_PENDING,Official legal source reference recorded for research use; verify exact text and reuse terms before publication.
LC_IDA_1947_042,DOC_IDA_1947,"Industrial Disputes Act, 1947",Legislation,1947,542,NONE,Conciliation - retrieval scope 42,"Official-source retrieval record for Industrial Disputes Act, 1947, section 542, heading Conciliation - retrieval scope 42. Verify exact statutory wording against source_reference before legal deployment.","This passage supports retrieval for conciliation, unfair_labour_practice, labour_dispute questions under Industrial Disputes Act, 1947. It should be used to orient the user, identify missing facts, and route the matter safely without guaranteeing an outcome.","Yeh passage conciliation, unfair_labour_practice, labour_dispute se jude sawalon ke liye sahayak hai. Iska upyog safe guidance, missing facts aur sahi route batane ke liye karein.",conciliation;unfair_labour_practice;labour_dispute,consultation,India,ALL_INDIA,Ministry of Labour and Employment,https://www.indiacode.nic.in/bitstream/123456789/20352/1/the_industrial_disputes_act.pdf,Official legislation,English,1947-03-11,1947-04-01,NONE,Active,True,2026-07-20,2026-07-20,Unreviewed,LAW_REV_PENDING,Official legal source reference recorded for research use; verify exact text and reuse terms before publication.
