narrative_id,scenario_id,language,script,code_mix_type,narrative_text_original,narrative_text_normalised,variant_type,narrative_completeness,chronology_style,emotionality_level,spelling_noise_level,speech_transcription_style,uncertain_language_present,irrelevant_information_present,reference_date,translation_parent_id,paraphrase_parent_id,source_type,language_reviewer_id,annotation_status,split
NAR000101_EN,SCN000101,en,Latin,none,"I want to report an incident. The observer noted a clear altercation developing at the counter of the online platform around 15:46. A customer was contesting a distinct case of refusal of service refund, showing clear evidence to the merchant, who continuously refused liability or proper resolution. I am sharing all the details so that appropriate legal guidance can be provided.","I want to report an incident. The observer noted a clear altercation developing at the counter of the online platform around 15:46. A customer was contesting a distinct case of refusal of service refund, showing clear evidence to the merchant, who continuously refused liability or proper resolution. I am sharing all the details so that appropriate legal guidance can be provided.",formal,medium,chronological,moderate,none,False,False,False,2023-08-22,,,human_written,,unannotated,validation
NAR000102_EN,SCN000102,en,Latin,none,"I want to report an incident. It happened again at home around 12:48. Things escalated so quickly and it turned into full-blown emotional and verbal abuse. I was locked inside the room and couldn't even reach out to anyone until now. I honestly don't know what to do anymore, I am so scared. I am sharing all the details so that appropriate legal guidance can be provided.","I want to report an incident. It happened again at home around 12:48. Things escalated so quickly and it turned into full-blown emotional and verbal abuse. I was locked inside the room and couldn't even reach out to anyone until now. I honestly don't know what to do anymore, I am so scared. I am sharing all the details so that appropriate legal guidance can be provided.",formal,medium,chronological,moderate,none,False,False,False,2023-08-27,,,human_written,,unannotated,challenge
NAR000103_EN,SCN000103,en,Latin,none,"I want to report an incident. The observer noticed two suspicious individuals loitering near the shop around 10:55. Shortly after, they approached the victim from behind, forcefully committed shopbreaking, and fled the scene on a two-wheeler heading north. I am sharing all the details so that appropriate legal guidance can be provided.","I want to report an incident. The observer noticed two suspicious individuals loitering near the shop around 10:55. Shortly after, they approached the victim from behind, forcefully committed shopbreaking, and fled the scene on a two-wheeler heading north. I am sharing all the details so that appropriate legal guidance can be provided.",formal,medium,chronological,moderate,none,False,False,False,2023-08-12,,,human_written,,unannotated,challenge
NAR000104_EN,SCN000104,en,Latin,none,"I want to report an incident. hey guys, my ex just blocked me from seeing the kids / resolving the guardianship dispute at the House around 00:43 today. completely violating the current terms. does anyone know a reliable family court lawyer who can file an urgent motion tomorrow? I am sharing all the details so that appropriate legal guidance can be provided.","I want to report an incident. hey guys, my ex just blocked me from seeing the kids / resolving the guardianship dispute at the House around 00:43 today. completely violating the current terms. does anyone know a reliable family court lawyer who can file an urgent motion tomorrow? I am sharing all the details so that appropriate legal guidance can be provided.",formal,medium,chronological,moderate,none,False,False,False,2023-08-14,,,human_written,,unannotated,validation
NAR000105_EN,SCN000105,en,Latin,none,"I want to report an incident. A transactional incident concerning defective product delivery broke out at the local online platform at 19:41. The buyer alleged a direct breach of contractual terms regarding product quality or billing accuracy, resulting in an active consumer dispute. I am sharing all the details so that appropriate legal guidance can be provided.","I want to report an incident. A transactional incident concerning defective product delivery broke out at the local online platform at 19:41. The buyer alleged a direct breach of contractual terms regarding product quality or billing accuracy, resulting in an active consumer dispute. I am sharing all the details so that appropriate legal guidance can be provided.",formal,medium,chronological,moderate,none,False,False,False,2023-08-21,,,human_written,,unannotated,validation
NAR000106_EN,SCN000106,en,Latin,none,"I want to report an incident. Complainant reports a structural civil grievance regarding boundary wall dispute at the site located in house. On 2026-07-02 at 06:38 hours, opposing parties gathered and attempted unauthorized physical alterations. Property ownership documents have been submitted for verification. I am sharing all the details so that appropriate legal guidance can be provided.","I want to report an incident. Complainant reports a structural civil grievance regarding boundary wall dispute at the site located in house. On 2026-07-02 at 06:38 hours, opposing parties gathered and attempted unauthorized physical alterations. Property ownership documents have been submitted for verification. I am sharing all the details so that appropriate legal guidance can be provided.",formal,medium,chronological,moderate,none,False,False,False,2023-08-20,,,human_written,,unannotated,test
NAR000107_EN,SCN000107,en,Latin,none,"I want to report an incident. On the date of 2026-07-11, an advanced threat actor initiated an exploit categorized under ransomware attack targeting remote infrastructures at approximately 10:11. The intrusion vectors reveal highly organized techniques using social engineering methods or brute-force automation to penetrate authorization systems on the Workplace. Immediate isolation of the network endpoints was executed to limit exposure within the regional jurisdiction. I am sharing all the details so that appropriate legal guidance can be provided.","I want to report an incident. On the date of 2026-07-11, an advanced threat actor initiated an exploit categorized under ransomware attack targeting remote infrastructures at approximately 10:11. The intrusion vectors reveal highly organized techniques using social engineering methods or brute-force automation to penetrate authorization systems on the Workplace. Immediate isolation of the network endpoints was executed to limit exposure within the regional jurisdiction. I am sharing all the details so that appropriate legal guidance can be provided.",formal,medium,chronological,moderate,none,False,False,False,2023-08-27,,,human_written,,unannotated,challenge
NAR000108_EN,SCN000108,en,Latin,none,"I want to report an incident. On the date of 2026-07-10, a major institutional friction classified as breach of employment contract materialized at the specified office at approximately 23:22. The circumstances indicate structured operational non-compliance by the management regarding standard working protocols or financial settlements, directly compromising employee protections. Internal grievance workflows were completely bypassed by leadership, compelling the affected party to seek statutory legal remedies through regional labor councils. I am sharing all the details so that appropriate legal guidance can be provided.","I want to report an incident. On the date of 2026-07-10, a major institutional friction classified as breach of employment contract materialized at the specified office at approximately 23:22. The circumstances indicate structured operational non-compliance by the management regarding standard working protocols or financial settlements, directly compromising employee protections. Internal grievance workflows were completely bypassed by leadership, compelling the affected party to seek statutory legal remedies through regional labor councils. I am sharing all the details so that appropriate legal guidance can be provided.",formal,medium,chronological,moderate,none,False,False,False,2023-08-21,,,human_written,,unannotated,challenge
NAR000109_EN,SCN000109,en,Latin,none,"I want to report an incident. Complainant registers a formal grievance concerning employer violations under the category of safe working conditions violation at the designated workplace. The incident occurred on 2026-07-20 at approximately 08:38 hours, wherein the management failed to comply with statutory labor provisions. Corporate payroll and logs have been requested. I am sharing all the details so that appropriate legal guidance can be provided.","I want to report an incident. Complainant registers a formal grievance concerning employer violations under the category of safe working conditions violation at the designated workplace. The incident occurred on 2026-07-20 at approximately 08:38 hours, wherein the management failed to comply with statutory labor provisions. Corporate payroll and logs have been requested. I am sharing all the details so that appropriate legal guidance can be provided.",formal,medium,chronological,moderate,none,False,False,False,2023-08-21,,,human_written,,unannotated,challenge
NAR000110_EN,SCN000110,en,Latin,none,"I want to report an incident. On the date of 2026-06-29, a minor unclassified neighborhood disruption manifesting as public nuisance dispute materialized at the specified road at approximately 06:57 hours. The incident details demonstrate a clear operational or administrative failure concerning municipal upkeep or public behavior regulations, causing secondary delays for community residents. Local community leaders have logged an official complaint to expedite resolution within the state jurisdiction. I am sharing all the details so that appropriate legal guidance can be provided.","I want to report an incident. On the date of 2026-06-29, a minor unclassified neighborhood disruption manifesting as public nuisance dispute materialized at the specified road at approximately 06:57 hours. The incident details demonstrate a clear operational or administrative failure concerning municipal upkeep or public behavior regulations, causing secondary delays for community residents. Local community leaders have logged an official complaint to expedite resolution within the state jurisdiction. I am sharing all the details so that appropriate legal guidance can be provided.",formal,medium,chronological,moderate,none,False,False,False,2023-08-22,,,human_written,,unannotated,train
NAR000111_EN,SCN000111,en,Latin,none,"I want to report an incident. The system administrator observed anomalous traffic originating from unauthorized servers around 00:48, confirming a systemwide phishing scam. The victim was actively manipulated into bypassing authentication protocols on the Mobile app platform. I am sharing all the details so that appropriate legal guidance can be provided.","I want to report an incident. The system administrator observed anomalous traffic originating from unauthorized servers around 00:48, confirming a systemwide phishing scam. The victim was actively manipulated into bypassing authentication protocols on the Mobile app platform. I am sharing all the details so that appropriate legal guidance can be provided.",formal,medium,chronological,moderate,none,False,False,False,2023-08-18,,,human_written,,unannotated,train
NAR000112_EN,SCN000112,en,Latin,none,"I want to report an incident. The observer witnessed an intense community argument unfolding near the plot around 13:04. Several individuals were actively contesting an instance of inheritance property claim, with local residents stepping in to prevent physical escalation before authorities were notified. I am sharing all the details so that appropriate legal guidance can be provided.","I want to report an incident. The observer witnessed an intense community argument unfolding near the plot around 13:04. Several individuals were actively contesting an instance of inheritance property claim, with local residents stepping in to prevent physical escalation before authorities were notified. I am sharing all the details so that appropriate legal guidance can be provided.",formal,medium,chronological,moderate,none,False,False,False,2023-09-09,,,human_written,,unannotated,train
NAR000113_EN,SCN000113,en,Latin,none,"I want to report an incident. So I was driving along the highway around 10:34 today, when this car suddenly sped out and caused a complete drunk driving accident! The driver didn't even stop to check if anyone was hurt, they just accelerated away immediately. I'm still shaking from the shock. I am sharing all the details so that appropriate legal guidance can be provided.","I want to report an incident. So I was driving along the highway around 10:34 today, when this car suddenly sped out and caused a complete drunk driving accident! The driver didn't even stop to check if anyone was hurt, they just accelerated away immediately. I'm still shaking from the shock. I am sharing all the details so that appropriate legal guidance can be provided.",formal,medium,chronological,moderate,none,False,False,False,2023-08-28,,,human_written,,unannotated,validation
NAR000114_EN,SCN000114,en,Latin,none,I want to report an incident. guys stay away from the Road right now! just witnessed a crazy traffic signal violation dispute around 09:15 hours. cars are badly damaged and traffic is completely backed up. emergency services are arriving just now I am sharing all the details so that appropriate legal guidance can be provided.,I want to report an incident. guys stay away from the Road right now! just witnessed a crazy traffic signal violation dispute around 09:15 hours. cars are badly damaged and traffic is completely backed up. emergency services are arriving just now I am sharing all the details so that appropriate legal guidance can be provided.,formal,medium,chronological,moderate,none,False,False,False,2023-09-12,,,human_written,,unannotated,challenge
NAR000115_EN,SCN000115,en,Latin,none,"I want to report an incident. guys freeze your accounts if you used that Mobile app recently!! just discovered a major loan approval scam happened around 09:04 today. unauthorized charges are showing up on multiple profiles, notify your branch manager asap I am sharing all the details so that appropriate legal guidance can be provided.","I want to report an incident. guys freeze your accounts if you used that Mobile app recently!! just discovered a major loan approval scam happened around 09:04 today. unauthorized charges are showing up on multiple profiles, notify your branch manager asap I am sharing all the details so that appropriate legal guidance can be provided.",formal,medium,chronological,moderate,none,False,False,False,2023-09-27,,,human_written,,unannotated,train
NAR000116_EN,SCN000116,en,Latin,none,"I want to report an incident. A civic or localized incident classified under public nuisance dispute manifested at the designated alleyway at 13:33. The matter represents a general public inconvenience rather than a high-severity crime, requiring standard regulatory oversight. I am sharing all the details so that appropriate legal guidance can be provided.","I want to report an incident. A civic or localized incident classified under public nuisance dispute manifested at the designated alleyway at 13:33. The matter represents a general public inconvenience rather than a high-severity crime, requiring standard regulatory oversight. I am sharing all the details so that appropriate legal guidance can be provided.",formal,medium,chronological,moderate,none,False,False,False,2023-09-20,,,human_written,,unannotated,validation
NAR000117_EN,SCN000117,en,Latin,none,"I want to report an incident. Complainant reports a structured financial offense falling under the category of cheque forgery at the office. The incident occurred on 2026-06-28 at approximately 23:53 hours, wherein deceptive documentation was presented to misappropriate corporate or individual monetary assets. Audit trails have been preserved. I am sharing all the details so that appropriate legal guidance can be provided.","I want to report an incident. Complainant reports a structured financial offense falling under the category of cheque forgery at the office. The incident occurred on 2026-06-28 at approximately 23:53 hours, wherein deceptive documentation was presented to misappropriate corporate or individual monetary assets. Audit trails have been preserved. I am sharing all the details so that appropriate legal guidance can be provided.",formal,medium,chronological,moderate,none,False,False,False,2023-09-05,,,human_written,,unannotated,test
NAR000118_EN,SCN000118,en,Latin,none,"I want to report an incident. Complainant reports unauthorized digital breach under social media hacking framework. On 2026-07-10 at approx 10:08 hours, malicious payloads or fraudulent links were deployed to misappropriate assets or credentials via Online platform. Digital logs preserved for forensic analysis. I am sharing all the details so that appropriate legal guidance can be provided.","I want to report an incident. Complainant reports unauthorized digital breach under social media hacking framework. On 2026-07-10 at approx 10:08 hours, malicious payloads or fraudulent links were deployed to misappropriate assets or credentials via Online platform. Digital logs preserved for forensic analysis. I am sharing all the details so that appropriate legal guidance can be provided.",formal,medium,chronological,moderate,none,False,False,False,2023-09-18,,,human_written,,unannotated,challenge
NAR000119_EN,SCN000119,en,Latin,none,"I want to report an incident. Complainant states that on 2026-06-25 at approximately 18:21 hours, an incident of online phishing theft occurred at Mobile app. The perpetrator description matches a male individual height approx 5'8"". Property loss reported. Case registered under relevant sections. I am sharing all the details so that appropriate legal guidance can be provided.","I want to report an incident. Complainant states that on 2026-06-25 at approximately 18:21 hours, an incident of online phishing theft occurred at Mobile app. The perpetrator description matches a male individual height approx 5'8"". Property loss reported. Case registered under relevant sections. I am sharing all the details so that appropriate legal guidance can be provided.",formal,medium,chronological,moderate,none,False,False,False,2023-09-15,,,human_written,,unannotated,validation
NAR000120_EN,SCN000120,en,Latin,none,"I want to report an incident. A property conflict classified under land encroachment was documented at the plot at 04:00. The dispute involves contested boundaries and ownership titles, requiring civil or criminal mediation to preserve public order. I am sharing all the details so that appropriate legal guidance can be provided.","I want to report an incident. A property conflict classified under land encroachment was documented at the plot at 04:00. The dispute involves contested boundaries and ownership titles, requiring civil or criminal mediation to preserve public order. I am sharing all the details so that appropriate legal guidance can be provided.",formal,medium,chronological,moderate,none,False,False,False,2023-09-15,,,human_written,,unannotated,train
NAR000121_EN,SCN000121,en,Latin,none,"I want to report an incident. The bystander reported observing a heated argument developing near the apartment around 04:41. The confrontation quickly turned into a domestic dispute, with one individual visibly projecting physical intimidation towards the other party before crowds gathered to separate them. I am sharing all the details so that appropriate legal guidance can be provided.","I want to report an incident. The bystander reported observing a heated argument developing near the apartment around 04:41. The confrontation quickly turned into a domestic dispute, with one individual visibly projecting physical intimidation towards the other party before crowds gathered to separate them. I am sharing all the details so that appropriate legal guidance can be provided.",formal,medium,chronological,moderate,none,False,False,False,2023-10-09,,,human_written,,unannotated,test
NAR000122_EN,SCN000122,en,Latin,none,"I want to report an incident. Dear Cyber Crime Portal, I am writing to register an official cybercrime incident regarding identity theft that targets my system. At 03:58 on 2026-06-23, illegal server access was achieved through the Workplace, leading to severe data breach and financial compromise. I am sharing all the details so that appropriate legal guidance can be provided.","I want to report an incident. Dear Cyber Crime Portal, I am writing to register an official cybercrime incident regarding identity theft that targets my system. At 03:58 on 2026-06-23, illegal server access was achieved through the Workplace, leading to severe data breach and financial compromise. I am sharing all the details so that appropriate legal guidance can be provided.",formal,medium,chronological,moderate,none,False,False,False,2023-10-11,,,human_written,,unannotated,train
NAR000123_EN,SCN000123,en,Latin,none,"I want to report an incident. Complainant reports a structured financial offense falling under the category of loan approval scam at the online platform. The incident occurred on 2026-07-01 at approximately 17:39 hours, wherein deceptive documentation was presented to misappropriate corporate or individual monetary assets. Audit trails have been preserved. I am sharing all the details so that appropriate legal guidance can be provided.","I want to report an incident. Complainant reports a structured financial offense falling under the category of loan approval scam at the online platform. The incident occurred on 2026-07-01 at approximately 17:39 hours, wherein deceptive documentation was presented to misappropriate corporate or individual monetary assets. Audit trails have been preserved. I am sharing all the details so that appropriate legal guidance can be provided.",formal,medium,chronological,moderate,none,False,False,False,2023-09-17,,,human_written,,unannotated,test
NAR000124_EN,SCN000124,en,Latin,none,"I want to report an incident. So I was just standing at the road around 12:45 yesterday, checking my phone, when this guy suddenly rushed past me and grabbed my belongings out of nowhere! I didn't even have time to react or see his face properly. Totally shocked. I am sharing all the details so that appropriate legal guidance can be provided.","I want to report an incident. So I was just standing at the road around 12:45 yesterday, checking my phone, when this guy suddenly rushed past me and grabbed my belongings out of nowhere! I didn't even have time to react or see his face properly. Totally shocked. I am sharing all the details so that appropriate legal guidance can be provided.",formal,medium,chronological,moderate,none,False,False,False,2023-10-11,,,human_written,,unannotated,test
NAR000125_EN,SCN000125,en,Latin,none,"I want to report an incident. An incident of phishing scam compromised security systems across the specified Online platform at 06:42. Electronic credentials were manipulated remotely by unknown malicious actors, triggering secondary security protocols. I am sharing all the details so that appropriate legal guidance can be provided.","I want to report an incident. An incident of phishing scam compromised security systems across the specified Online platform at 06:42. Electronic credentials were manipulated remotely by unknown malicious actors, triggering secondary security protocols. I am sharing all the details so that appropriate legal guidance can be provided.",formal,medium,chronological,moderate,none,False,False,False,2023-09-22,,,human_written,,unannotated,challenge
NAR000126_EN,SCN000126,en,Latin,none,"I want to report an incident. Dear Cyber Crime Portal, I am writing to register an official cybercrime incident regarding ransomware attack that targets my system. At 04:18 on 2026-07-15, illegal server access was achieved through the Online platform, leading to severe data breach and financial compromise. I am sharing all the details so that appropriate legal guidance can be provided.","I want to report an incident. Dear Cyber Crime Portal, I am writing to register an official cybercrime incident regarding ransomware attack that targets my system. At 04:18 on 2026-07-15, illegal server access was achieved through the Online platform, leading to severe data breach and financial compromise. I am sharing all the details so that appropriate legal guidance can be provided.",formal,medium,chronological,moderate,none,False,False,False,2023-10-13,,,human_written,,unannotated,validation
NAR000127_EN,SCN000127,en,Latin,none,I want to report an incident. A vehicular incident involving hit and run collision occurred on the local highway at 12:29. The collision or blockage led to structural vehicular property damage and caused a severe traffic bottleneck requiring immediate clearing. I am sharing all the details so that appropriate legal guidance can be provided.,I want to report an incident. A vehicular incident involving hit and run collision occurred on the local highway at 12:29. The collision or blockage led to structural vehicular property damage and caused a severe traffic bottleneck requiring immediate clearing. I am sharing all the details so that appropriate legal guidance can be provided.,formal,medium,chronological,moderate,none,False,False,False,2023-10-09,,,human_written,,unannotated,validation
NAR000128_EN,SCN000128,en,Latin,none,"I want to report an incident. So I was waiting at the hostel around 20:42 today for my scheduled meeting, when my ex turned up and started an absolute argument over our guardianship dispute. They completely refused to abide by what the court originally decided. I'm just so drained by this ongoing legal battle. I am sharing all the details so that appropriate legal guidance can be provided.","I want to report an incident. So I was waiting at the hostel around 20:42 today for my scheduled meeting, when my ex turned up and started an absolute argument over our guardianship dispute. They completely refused to abide by what the court originally decided. I'm just so drained by this ongoing legal battle. I am sharing all the details so that appropriate legal guidance can be provided.",formal,medium,chronological,moderate,none,False,False,False,2023-10-14,,,human_written,,unannotated,test
NAR000129_EN,SCN000129,en,Latin,none,I want to report an incident. A vehicular incident involving traffic signal violation dispute occurred on the local road at 12:43. The collision or blockage led to structural vehicular property damage and caused a severe traffic bottleneck requiring immediate clearing. I am sharing all the details so that appropriate legal guidance can be provided.,I want to report an incident. A vehicular incident involving traffic signal violation dispute occurred on the local road at 12:43. The collision or blockage led to structural vehicular property damage and caused a severe traffic bottleneck requiring immediate clearing. I am sharing all the details so that appropriate legal guidance can be provided.,formal,medium,chronological,moderate,none,False,False,False,2023-10-12,,,human_written,,unannotated,validation
NAR000130_EN,SCN000130,en,Latin,none,"I want to report an incident. A property conflict classified under tenant-landlord conflict was documented at the apartment at 16:07. The dispute involves contested boundaries and ownership titles, requiring civil or criminal mediation to preserve public order. I am sharing all the details so that appropriate legal guidance can be provided.","I want to report an incident. A property conflict classified under tenant-landlord conflict was documented at the apartment at 16:07. The dispute involves contested boundaries and ownership titles, requiring civil or criminal mediation to preserve public order. I am sharing all the details so that appropriate legal guidance can be provided.",formal,medium,chronological,moderate,none,False,False,False,2023-10-15,,,human_written,,unannotated,challenge
NAR000131_EN,SCN000131,en,Latin,none,I want to report an incident. guys heads up do NOT buy anything from that Kirana store!! just experienced a massive expired or contaminated goods sale around 07:25 today. they completely cheated me on the transaction and refused a refund. super sketchy service watch out I am sharing all the details so that appropriate legal guidance can be provided.,I want to report an incident. guys heads up do NOT buy anything from that Kirana store!! just experienced a massive expired or contaminated goods sale around 07:25 today. they completely cheated me on the transaction and refused a refund. super sketchy service watch out I am sharing all the details so that appropriate legal guidance can be provided.,formal,medium,chronological,moderate,none,False,False,False,2023-10-06,,,human_written,,unannotated,train
NAR000132_EN,SCN000132,en,Latin,none,"I want to report an incident. Dear Traffic Police Commissioner, I am writing to formally report an escalating safety issue, specifically a recent reckless driving confrontation that occurred at the Highway. The incident took place on 2026-07-14 at 09:15 hours, creating significant hazards for other motorists. I am sharing all the details so that appropriate legal guidance can be provided.","I want to report an incident. Dear Traffic Police Commissioner, I am writing to formally report an escalating safety issue, specifically a recent reckless driving confrontation that occurred at the Highway. The incident took place on 2026-07-14 at 09:15 hours, creating significant hazards for other motorists. I am sharing all the details so that appropriate legal guidance can be provided.",formal,medium,chronological,moderate,none,False,False,False,2023-10-24,,,human_written,,unannotated,train
NAR000133_EN,SCN000133,en,Latin,none,"I want to report an incident. So I clicked this link thinking it was an official notification around 16:54 yesterday, and suddenly I was locked out of my account. I realized it was a total ransomware attack when my savings started moving out. I'm completely panicking right now. I am sharing all the details so that appropriate legal guidance can be provided.","I want to report an incident. So I clicked this link thinking it was an official notification around 16:54 yesterday, and suddenly I was locked out of my account. I realized it was a total ransomware attack when my savings started moving out. I'm completely panicking right now. I am sharing all the details so that appropriate legal guidance can be provided.",formal,medium,chronological,moderate,none,False,False,False,2023-10-12,,,human_written,,unannotated,validation
NAR000134_EN,SCN000134,en,Latin,none,"I want to report an incident. An incident of phishing scam compromised security systems across the specified Online platform at 23:11. Electronic credentials were manipulated remotely by unknown malicious actors, triggering secondary security protocols. I am sharing all the details so that appropriate legal guidance can be provided.","I want to report an incident. An incident of phishing scam compromised security systems across the specified Online platform at 23:11. Electronic credentials were manipulated remotely by unknown malicious actors, triggering secondary security protocols. I am sharing all the details so that appropriate legal guidance can be provided.",formal,medium,chronological,moderate,none,False,False,False,2023-10-07,,,human_written,,unannotated,train
NAR000135_EN,SCN000135,en,Latin,none,"I want to report an incident. Dear Revenue Officer / Police Commissioner, I am writing to register an urgent complaint regarding a critical instance of land encroachment affecting my House. The unlawful activity intensified on 2026-06-30 at 13:49 hours, causing direct infringement on my registered property rights. I am sharing all the details so that appropriate legal guidance can be provided.","I want to report an incident. Dear Revenue Officer / Police Commissioner, I am writing to register an urgent complaint regarding a critical instance of land encroachment affecting my House. The unlawful activity intensified on 2026-06-30 at 13:49 hours, causing direct infringement on my registered property rights. I am sharing all the details so that appropriate legal guidance can be provided.",formal,medium,chronological,moderate,none,False,False,False,2023-11-08,,,human_written,,unannotated,train
NAR000136_EN,SCN000136,en,Latin,none,"I want to report an incident. On the date of 2026-07-02, an advanced threat actor initiated an exploit categorized under online banking fraud targeting remote infrastructures at approximately 15:42. The intrusion vectors reveal highly organized techniques using social engineering methods or brute-force automation to penetrate authorization systems on the Online platform. Immediate isolation of the network endpoints was executed to limit exposure within the regional jurisdiction. I am sharing all the details so that appropriate legal guidance can be provided.","I want to report an incident. On the date of 2026-07-02, an advanced threat actor initiated an exploit categorized under online banking fraud targeting remote infrastructures at approximately 15:42. The intrusion vectors reveal highly organized techniques using social engineering methods or brute-force automation to penetrate authorization systems on the Online platform. Immediate isolation of the network endpoints was executed to limit exposure within the regional jurisdiction. I am sharing all the details so that appropriate legal guidance can be provided.",formal,medium,chronological,moderate,none,False,False,False,2023-11-05,,,human_written,,unannotated,test
NAR000137_EN,SCN000137,en,Latin,none,"I want to report an incident. So I went to this online platform around 09:47 and explicitly paid for premium service, but I faced absolute refusal of service refund instead. When I asked the manager to fix it or give my money back, they were super rude and completely brushed me off. Never buying from here again. I am sharing all the details so that appropriate legal guidance can be provided.","I want to report an incident. So I went to this online platform around 09:47 and explicitly paid for premium service, but I faced absolute refusal of service refund instead. When I asked the manager to fix it or give my money back, they were super rude and completely brushed me off. Never buying from here again. I am sharing all the details so that appropriate legal guidance can be provided.",formal,medium,chronological,moderate,none,False,False,False,2023-10-26,,,human_written,,unannotated,train
NAR000138_EN,SCN000138,en,Latin,none,"I want to report an incident. Dear Consumer Forum Support, I am writing to formally register a merchant complaint regarding a severe instance of false advertising and misrepresentation that occurred at Shop on 2026-06-22 at 18:56 hours. Despite multiple amicable requests, the management refused to honor the standard consumer guarantees. I am sharing all the details so that appropriate legal guidance can be provided.","I want to report an incident. Dear Consumer Forum Support, I am writing to formally register a merchant complaint regarding a severe instance of false advertising and misrepresentation that occurred at Shop on 2026-06-22 at 18:56 hours. Despite multiple amicable requests, the management refused to honor the standard consumer guarantees. I am sharing all the details so that appropriate legal guidance can be provided.",formal,medium,chronological,moderate,none,False,False,False,2023-11-02,,,human_written,,unannotated,test
NAR000139_EN,SCN000139,en,Latin,none,"I want to report an incident. On the date of 2026-06-22, a major civil friction classified under divorce proceedings conflict escalated during a familial meeting at the designated house at approximately 07:37 hours. The dispute involves competing claims regarding maintenance allocations or custody arrangements, leading to severe communication breakdown between the principal parties. The current circumstances indicate an immediate requirement for legal intervention to mandate adherence to statutory family frameworks within the state jurisdiction. I am sharing all the details so that appropriate legal guidance can be provided.","I want to report an incident. On the date of 2026-06-22, a major civil friction classified under divorce proceedings conflict escalated during a familial meeting at the designated house at approximately 07:37 hours. The dispute involves competing claims regarding maintenance allocations or custody arrangements, leading to severe communication breakdown between the principal parties. The current circumstances indicate an immediate requirement for legal intervention to mandate adherence to statutory family frameworks within the state jurisdiction. I am sharing all the details so that appropriate legal guidance can be provided.",formal,medium,chronological,moderate,none,False,False,False,2023-11-11,,,human_written,,unannotated,validation
NAR000140_EN,SCN000140,en,Latin,none,"I want to report an incident. So I went to this shop around 14:25 and explicitly paid for premium service, but I faced absolute defective product delivery instead. When I asked the manager to fix it or give my money back, they were super rude and completely brushed me off. Never buying from here again. I am sharing all the details so that appropriate legal guidance can be provided.","I want to report an incident. So I went to this shop around 14:25 and explicitly paid for premium service, but I faced absolute defective product delivery instead. When I asked the manager to fix it or give my money back, they were super rude and completely brushed me off. Never buying from here again. I am sharing all the details so that appropriate legal guidance can be provided.",formal,medium,chronological,moderate,none,False,False,False,2023-11-17,,,human_written,,unannotated,train
NAR000141_EN,SCN000141,en,Latin,none,"I want to report an incident. Dear Protection Officer, I am writing to formally report an escalating pattern of domestic violence, specifically emotional and verbal abuse, at my residence. The latest major confrontation took place on 2026-07-03 around 20:49. I urgently request legal assistance and protective measures. I am sharing all the details so that appropriate legal guidance can be provided.","I want to report an incident. Dear Protection Officer, I am writing to formally report an escalating pattern of domestic violence, specifically emotional and verbal abuse, at my residence. The latest major confrontation took place on 2026-07-03 around 20:49. I urgently request legal assistance and protective measures. I am sharing all the details so that appropriate legal guidance can be provided.",formal,medium,chronological,moderate,none,False,False,False,2023-10-27,,,human_written,,unannotated,challenge
NAR000142_EN,SCN000142,en,Latin,none,"I want to report an incident. I was just minding my own business at the road around 15:29, when this aggressive person started shouting at me out of nowhere. Then it escalated into a complete physical altercation and they said they'd hurt me if they saw me again. Genuinely terrified. I am sharing all the details so that appropriate legal guidance can be provided.","I want to report an incident. I was just minding my own business at the road around 15:29, when this aggressive person started shouting at me out of nowhere. Then it escalated into a complete physical altercation and they said they'd hurt me if they saw me again. Genuinely terrified. I am sharing all the details so that appropriate legal guidance can be provided.",formal,medium,chronological,moderate,none,False,False,False,2023-11-07,,,human_written,,unannotated,train
NAR000143_EN,SCN000143,en,Latin,none,I want to report an incident. hey guys warning someone hacked my account via cyberstalking just now around 12:58!! if u get any weird text or payment requests from me DO NOT transfer any money it is a fraud scam click nothing I am sharing all the details so that appropriate legal guidance can be provided.,I want to report an incident. hey guys warning someone hacked my account via cyberstalking just now around 12:58!! if u get any weird text or payment requests from me DO NOT transfer any money it is a fraud scam click nothing I am sharing all the details so that appropriate legal guidance can be provided.,formal,medium,chronological,moderate,none,False,False,False,2023-11-26,,,human_written,,unannotated,test
NAR000144_EN,SCN000144,en,Latin,none,"I want to report an incident. Complainant states that on 2026-07-04 at approximately 20:11 hours, a transaction dispute involving refusal of service refund occurred at Shop. The vendor reportedly engaged in unfair trade practices, failing to resolve the commercial non-compliance. Relevant purchase invoices have been logged. I am sharing all the details so that appropriate legal guidance can be provided.","I want to report an incident. Complainant states that on 2026-07-04 at approximately 20:11 hours, a transaction dispute involving refusal of service refund occurred at Shop. The vendor reportedly engaged in unfair trade practices, failing to resolve the commercial non-compliance. Relevant purchase invoices have been logged. I am sharing all the details so that appropriate legal guidance can be provided.",formal,medium,chronological,moderate,none,False,False,False,2023-11-19,,,human_written,,unannotated,validation
NAR000145_EN,SCN000145,en,Latin,none,I want to report an incident. omg someone just took my things at the Parking lot!!! occurred just now around 02:46 hours. anyone nearby please help or tell me where the nearest police booth is asap!! lost everything inside my bag I am sharing all the details so that appropriate legal guidance can be provided.,I want to report an incident. omg someone just took my things at the Parking lot!!! occurred just now around 02:46 hours. anyone nearby please help or tell me where the nearest police booth is asap!! lost everything inside my bag I am sharing all the details so that appropriate legal guidance can be provided.,formal,medium,chronological,moderate,none,False,False,False,2023-11-19,,,human_written,,unannotated,test
NAR000146_EN,SCN000146,en,Latin,none,"I want to report an incident. So I went to this restaurant around 10:35 and explicitly paid for premium service, but I faced absolute overcharging and hidden fees instead. When I asked the manager to fix it or give my money back, they were super rude and completely brushed me off. Never buying from here again. I am sharing all the details so that appropriate legal guidance can be provided.","I want to report an incident. So I went to this restaurant around 10:35 and explicitly paid for premium service, but I faced absolute overcharging and hidden fees instead. When I asked the manager to fix it or give my money back, they were super rude and completely brushed me off. Never buying from here again. I am sharing all the details so that appropriate legal guidance can be provided.",formal,medium,chronological,moderate,none,False,False,False,2023-12-03,,,human_written,,unannotated,challenge
NAR000147_EN,SCN000147,en,Latin,none,"I want to report an incident. The observer noted a minor public disturbance developing near the local railway station around 11:35. The situation involved a distinct lost item reporting, drawing the attention of passing commuters before local municipal workers arrived on site. I am sharing all the details so that appropriate legal guidance can be provided.","I want to report an incident. The observer noted a minor public disturbance developing near the local railway station around 11:35. The situation involved a distinct lost item reporting, drawing the attention of passing commuters before local municipal workers arrived on site. I am sharing all the details so that appropriate legal guidance can be provided.",formal,medium,chronological,moderate,none,False,False,False,2023-11-22,,,human_written,,unannotated,test
NAR000148_EN,SCN000148,en,Latin,none,"I want to report an incident. Dear Municipal Authorities, I am writing to formally log a civic grievance regarding the ongoing pattern of public nuisance dispute at the Residential street. The latest escalation occurred on 2026-06-28 at 18:10 hours, causing localized hazards that require immediate civic attention. I am sharing all the details so that appropriate legal guidance can be provided.","I want to report an incident. Dear Municipal Authorities, I am writing to formally log a civic grievance regarding the ongoing pattern of public nuisance dispute at the Residential street. The latest escalation occurred on 2026-06-28 at 18:10 hours, causing localized hazards that require immediate civic attention. I am sharing all the details so that appropriate legal guidance can be provided.",formal,medium,chronological,moderate,none,False,False,False,2023-11-20,,,human_written,,unannotated,test
NAR000149_EN,SCN000149,en,Latin,none,"I want to report an incident. An incident involving sudden physical altercation broke out at the bar/pub around 04:54. The aggressor initiated intense physical or verbal hostility against the victim, forcing bystanders to intervene to prevent further escalation. I am sharing all the details so that appropriate legal guidance can be provided.","I want to report an incident. An incident involving sudden physical altercation broke out at the bar/pub around 04:54. The aggressor initiated intense physical or verbal hostility against the victim, forcing bystanders to intervene to prevent further escalation. I am sharing all the details so that appropriate legal guidance can be provided.",formal,medium,chronological,moderate,none,False,False,False,2023-11-24,,,human_written,,unannotated,validation
NAR000150_EN,SCN000150,en,Latin,none,I want to report an incident. A vehicular incident involving drunk driving accident occurred on the local road at 03:08. The collision or blockage led to structural vehicular property damage and caused a severe traffic bottleneck requiring immediate clearing. I am sharing all the details so that appropriate legal guidance can be provided.,I want to report an incident. A vehicular incident involving drunk driving accident occurred on the local road at 03:08. The collision or blockage led to structural vehicular property damage and caused a severe traffic bottleneck requiring immediate clearing. I am sharing all the details so that appropriate legal guidance can be provided.,formal,medium,chronological,moderate,none,False,False,False,2023-11-30,,,human_written,,unannotated,validation
NAR000151_EN,SCN000151,en,Latin,none,"I want to report an incident. Complainant states that on 2026-06-21 at approximately 13:21 hours, a severe case of physical altercation transpired at Road. The accused allegedly engaged in hostile behavior, posing immediate threat to the victim. Medical examination conducted where applicable. I am sharing all the details so that appropriate legal guidance can be provided.","I want to report an incident. Complainant states that on 2026-06-21 at approximately 13:21 hours, a severe case of physical altercation transpired at Road. The accused allegedly engaged in hostile behavior, posing immediate threat to the victim. Medical examination conducted where applicable. I am sharing all the details so that appropriate legal guidance can be provided.",formal,medium,chronological,moderate,none,False,False,False,2023-12-02,,,human_written,,unannotated,train
NAR000152_EN,SCN000152,en,Latin,none,"I want to report an incident. The observer noticed two suspicious individuals loitering near the parking lot around 19:19. Shortly after, they approached the victim from behind, forcefully committed vehicle theft, and fled the scene on a two-wheeler heading north. I am sharing all the details so that appropriate legal guidance can be provided.","I want to report an incident. The observer noticed two suspicious individuals loitering near the parking lot around 19:19. Shortly after, they approached the victim from behind, forcefully committed vehicle theft, and fled the scene on a two-wheeler heading north. I am sharing all the details so that appropriate legal guidance can be provided.",formal,medium,chronological,moderate,none,False,False,False,2023-12-06,,,human_written,,unannotated,test
NAR000153_EN,SCN000153,en,Latin,none,"I want to report an incident. On the morning of 2026-07-06, a sophisticated financial manipulation strategy matching the parameters of cheque forgery was discovered at the designated office around 17:15 hours. The transaction logs indicate that highly specialized methods were utilized to manipulate verification nodes, enabling the illicit diversion of capital. Internal risk assets teams have initiated emergency containment protocols while formal complaints are being forwarded to statutory economic offenses wings within the state jurisdiction. I am sharing all the details so that appropriate legal guidance can be provided.","I want to report an incident. On the morning of 2026-07-06, a sophisticated financial manipulation strategy matching the parameters of cheque forgery was discovered at the designated office around 17:15 hours. The transaction logs indicate that highly specialized methods were utilized to manipulate verification nodes, enabling the illicit diversion of capital. Internal risk assets teams have initiated emergency containment protocols while formal complaints are being forwarded to statutory economic offenses wings within the state jurisdiction. I am sharing all the details so that appropriate legal guidance can be provided.",formal,medium,chronological,moderate,none,False,False,False,2023-12-08,,,human_written,,unannotated,train
NAR000154_EN,SCN000154,en,Latin,none,"I want to report an incident. Complainant registers a family matter notification involving an active restitution of conjugal rights at the premises. On 2026-06-23 at approximately 11:16 hours, an escalation occurred regarding legal compliance or child visitation parameters. Relevant documentation has been requested for family court presentation. I am sharing all the details so that appropriate legal guidance can be provided.","I want to report an incident. Complainant registers a family matter notification involving an active restitution of conjugal rights at the premises. On 2026-06-23 at approximately 11:16 hours, an escalation occurred regarding legal compliance or child visitation parameters. Relevant documentation has been requested for family court presentation. I am sharing all the details so that appropriate legal guidance can be provided.",formal,medium,chronological,moderate,none,False,False,False,2023-11-23,,,human_written,,unannotated,challenge
NAR000155_EN,SCN000155,en,Latin,none,"I want to report an incident. A swift incident of shopbreaking took place at the local showroom during peak hours. The victim lost valuable items instantly, and the unidentified suspect fled immediately before any bystanders could intervene. I am sharing all the details so that appropriate legal guidance can be provided.","I want to report an incident. A swift incident of shopbreaking took place at the local showroom during peak hours. The victim lost valuable items instantly, and the unidentified suspect fled immediately before any bystanders could intervene. I am sharing all the details so that appropriate legal guidance can be provided.",formal,medium,chronological,moderate,none,False,False,False,2023-11-22,,,human_written,,unannotated,train
NAR000156_EN,SCN000156,en,Latin,none,"I want to report an incident. Dear Human Resources and Labor Commissioner, I am writing to formally lodge a grievance regarding the ongoing pattern of breach of employment contract within the Online platform. The definitive breach transpired on 2026-07-02 at 06:55 hours, violating explicit terms of my employment contract and local statutory codes. I am sharing all the details so that appropriate legal guidance can be provided.","I want to report an incident. Dear Human Resources and Labor Commissioner, I am writing to formally lodge a grievance regarding the ongoing pattern of breach of employment contract within the Online platform. The definitive breach transpired on 2026-07-02 at 06:55 hours, violating explicit terms of my employment contract and local statutory codes. I am sharing all the details so that appropriate legal guidance can be provided.",formal,medium,chronological,moderate,none,False,False,False,2023-12-09,,,human_written,,unannotated,validation
NAR000157_EN,SCN000157,en,Latin,none,"I want to report an incident. I was just minding my own business at the shop around 17:35, when this aggressive person started shouting at me out of nowhere. Then it escalated into a complete verbal intimidation and they said they'd hurt me if they saw me again. Genuinely terrified. I am sharing all the details so that appropriate legal guidance can be provided.","I want to report an incident. I was just minding my own business at the shop around 17:35, when this aggressive person started shouting at me out of nowhere. Then it escalated into a complete verbal intimidation and they said they'd hurt me if they saw me again. Genuinely terrified. I am sharing all the details so that appropriate legal guidance can be provided.",formal,medium,chronological,moderate,none,False,False,False,2023-12-23,,,human_written,,unannotated,challenge
NAR000158_EN,SCN000158,en,Latin,none,"I want to report an incident. On the afternoon of 2026-07-08, a long-standing land friction culminated in an explicit case of illegal property possession at the designated house around 22:26 hours. The incident involved rival claimants attempting physical occupation or structural modification without valid legal injunctions. Local law enforcement intervened to mandate a status quo until the appropriate regional civil courts review the structural registration parameters and revenue maps under the state jurisdiction. I am sharing all the details so that appropriate legal guidance can be provided.","I want to report an incident. On the afternoon of 2026-07-08, a long-standing land friction culminated in an explicit case of illegal property possession at the designated house around 22:26 hours. The incident involved rival claimants attempting physical occupation or structural modification without valid legal injunctions. Local law enforcement intervened to mandate a status quo until the appropriate regional civil courts review the structural registration parameters and revenue maps under the state jurisdiction. I am sharing all the details so that appropriate legal guidance can be provided.",formal,medium,chronological,moderate,none,False,False,False,2023-12-27,,,human_written,,unannotated,validation
NAR000159_EN,SCN000159,en,Latin,none,"I want to report an incident. Complainant states that on 2026-07-16 at approximately 15:05 hours, a transaction dispute involving overcharging and hidden fees occurred at Hotel. The vendor reportedly engaged in unfair trade practices, failing to resolve the commercial non-compliance. Relevant purchase invoices have been logged. I am sharing all the details so that appropriate legal guidance can be provided.","I want to report an incident. Complainant states that on 2026-07-16 at approximately 15:05 hours, a transaction dispute involving overcharging and hidden fees occurred at Hotel. The vendor reportedly engaged in unfair trade practices, failing to resolve the commercial non-compliance. Relevant purchase invoices have been logged. I am sharing all the details so that appropriate legal guidance can be provided.",formal,medium,chronological,moderate,none,False,False,False,2023-12-14,,,human_written,,unannotated,train
NAR000160_EN,SCN000160,en,Latin,none,"I want to report an incident. So I went to this restaurant around 23:42 and explicitly paid for premium service, but I faced absolute overcharging and hidden fees instead. When I asked the manager to fix it or give my money back, they were super rude and completely brushed me off. Never buying from here again. I am sharing all the details so that appropriate legal guidance can be provided.","I want to report an incident. So I went to this restaurant around 23:42 and explicitly paid for premium service, but I faced absolute overcharging and hidden fees instead. When I asked the manager to fix it or give my money back, they were super rude and completely brushed me off. Never buying from here again. I am sharing all the details so that appropriate legal guidance can be provided.",formal,medium,chronological,moderate,none,False,False,False,2023-12-16,,,human_written,,unannotated,train
NAR000161_EN,SCN000161,en,Latin,none,"I want to report an incident. Dear Nodal Officer / Bank Authority, I am writing to formally log an emergency grievance regarding an severe case of cheque forgery executed against my portfolio through the Office. The breach occurred on 2026-06-26 at 05:41 hours, violating standard security checks and clearing mechanisms. I am sharing all the details so that appropriate legal guidance can be provided.","I want to report an incident. Dear Nodal Officer / Bank Authority, I am writing to formally log an emergency grievance regarding an severe case of cheque forgery executed against my portfolio through the Office. The breach occurred on 2026-06-26 at 05:41 hours, violating standard security checks and clearing mechanisms. I am sharing all the details so that appropriate legal guidance can be provided.",formal,medium,chronological,moderate,none,False,False,False,2023-12-22,,,human_written,,unannotated,validation
NAR000162_EN,SCN000162,en,Latin,none,"I want to report an incident. Dear Protection Officer, I am writing to formally report an escalating pattern of domestic violence, specifically spousal physical abuse, at my residence. The latest major confrontation took place on 2026-07-10 around 01:31. I urgently request legal assistance and protective measures. I am sharing all the details so that appropriate legal guidance can be provided.","I want to report an incident. Dear Protection Officer, I am writing to formally report an escalating pattern of domestic violence, specifically spousal physical abuse, at my residence. The latest major confrontation took place on 2026-07-10 around 01:31. I urgently request legal assistance and protective measures. I am sharing all the details so that appropriate legal guidance can be provided.",formal,medium,chronological,moderate,none,False,False,False,2023-12-28,,,human_written,,unannotated,validation
NAR000163_EN,SCN000163,en,Latin,none,"I want to report an incident. Dear Management, I am writing to formally log a grievance regarding a distressing incident of physical altercation that occurred today at approximately 02:53 within the Road. The aggressive posturing and direct threats have created an incredibly hostile and unsafe environment. I am sharing all the details so that appropriate legal guidance can be provided.","I want to report an incident. Dear Management, I am writing to formally log a grievance regarding a distressing incident of physical altercation that occurred today at approximately 02:53 within the Road. The aggressive posturing and direct threats have created an incredibly hostile and unsafe environment. I am sharing all the details so that appropriate legal guidance can be provided.",formal,medium,chronological,moderate,none,False,False,False,2023-12-11,,,human_written,,unannotated,test
NAR000164_EN,SCN000164,en,Latin,none,"I want to report an incident. On the date of 2026-07-10, a minor unclassified neighborhood disruption manifesting as noise pollution grievance materialized at the specified apartment at approximately 00:24 hours. The incident details demonstrate a clear operational or administrative failure concerning municipal upkeep or public behavior regulations, causing secondary delays for community residents. Local community leaders have logged an official complaint to expedite resolution within the state jurisdiction. I am sharing all the details so that appropriate legal guidance can be provided.","I want to report an incident. On the date of 2026-07-10, a minor unclassified neighborhood disruption manifesting as noise pollution grievance materialized at the specified apartment at approximately 00:24 hours. The incident details demonstrate a clear operational or administrative failure concerning municipal upkeep or public behavior regulations, causing secondary delays for community residents. Local community leaders have logged an official complaint to expedite resolution within the state jurisdiction. I am sharing all the details so that appropriate legal guidance can be provided.",formal,medium,chronological,moderate,none,False,False,False,2024-01-02,,,human_written,,unannotated,validation
NAR000165_EN,SCN000165,en,Latin,none,"I want to report an incident. The observer noted a highly emotional confrontation between two estranged family members outside the house around 21:58. The argument was explicitly regarding a severe case of restitution of conjugal rights, with both sides loudly contesting rights before local residents requested calm. I am sharing all the details so that appropriate legal guidance can be provided.","I want to report an incident. The observer noted a highly emotional confrontation between two estranged family members outside the house around 21:58. The argument was explicitly regarding a severe case of restitution of conjugal rights, with both sides loudly contesting rights before local residents requested calm. I am sharing all the details so that appropriate legal guidance can be provided.",formal,medium,chronological,moderate,none,False,False,False,2024-01-10,,,human_written,,unannotated,validation
NAR000166_EN,SCN000166,en,Latin,none,I want to report an incident. hey guys warning someone hacked my account via identity theft just now around 07:10!! if u get any weird text or payment requests from me DO NOT transfer any money it is a fraud scam click nothing I am sharing all the details so that appropriate legal guidance can be provided.,I want to report an incident. hey guys warning someone hacked my account via identity theft just now around 07:10!! if u get any weird text or payment requests from me DO NOT transfer any money it is a fraud scam click nothing I am sharing all the details so that appropriate legal guidance can be provided.,formal,medium,chronological,moderate,none,False,False,False,2024-01-12,,,human_written,,unannotated,validation
NAR000167_EN,SCN000167,en,Latin,none,"I want to report an incident. Complainant registers a formal grievance concerning employer violations under the category of unfair termination at the designated office. The incident occurred on 2026-06-27 at approximately 00:56 hours, wherein the management failed to comply with statutory labor provisions. Corporate payroll and logs have been requested. I am sharing all the details so that appropriate legal guidance can be provided.","I want to report an incident. Complainant registers a formal grievance concerning employer violations under the category of unfair termination at the designated office. The incident occurred on 2026-06-27 at approximately 00:56 hours, wherein the management failed to comply with statutory labor provisions. Corporate payroll and logs have been requested. I am sharing all the details so that appropriate legal guidance can be provided.",formal,medium,chronological,moderate,none,False,False,False,2023-12-29,,,human_written,,unannotated,challenge
NAR000168_EN,SCN000168,en,Latin,none,"I want to report an incident. A swift incident of chain snatching took place at the local alleyway during peak hours. The victim lost valuable items instantly, and the unidentified suspect fled immediately before any bystanders could intervene. I am sharing all the details so that appropriate legal guidance can be provided.","I want to report an incident. A swift incident of chain snatching took place at the local alleyway during peak hours. The victim lost valuable items instantly, and the unidentified suspect fled immediately before any bystanders could intervene. I am sharing all the details so that appropriate legal guidance can be provided.",formal,medium,chronological,moderate,none,False,False,False,2023-12-29,,,human_written,,unannotated,validation
NAR000169_EN,SCN000169,en,Latin,none,"I want to report an incident. On the date of 2026-07-03, a major institutional friction classified as unfair termination materialized at the specified office at approximately 06:32. The circumstances indicate structured operational non-compliance by the management regarding standard working protocols or financial settlements, directly compromising employee protections. Internal grievance workflows were completely bypassed by leadership, compelling the affected party to seek statutory legal remedies through regional labor councils. I am sharing all the details so that appropriate legal guidance can be provided.","I want to report an incident. On the date of 2026-07-03, a major institutional friction classified as unfair termination materialized at the specified office at approximately 06:32. The circumstances indicate structured operational non-compliance by the management regarding standard working protocols or financial settlements, directly compromising employee protections. Internal grievance workflows were completely bypassed by leadership, compelling the affected party to seek statutory legal remedies through regional labor councils. I am sharing all the details so that appropriate legal guidance can be provided.",formal,medium,chronological,moderate,none,False,False,False,2023-12-25,,,human_written,,unannotated,validation
NAR000170_EN,SCN000170,en,Latin,none,"I want to report an incident. On the morning of 2026-07-08, a sophisticated financial manipulation strategy matching the parameters of ponzi scheme investment fraud was discovered at the designated house around 08:29 hours. The transaction logs indicate that highly specialized methods were utilized to manipulate verification nodes, enabling the illicit diversion of capital. Internal risk assets teams have initiated emergency containment protocols while formal complaints are being forwarded to statutory economic offenses wings within the state jurisdiction. I am sharing all the details so that appropriate legal guidance can be provided.","I want to report an incident. On the morning of 2026-07-08, a sophisticated financial manipulation strategy matching the parameters of ponzi scheme investment fraud was discovered at the designated house around 08:29 hours. The transaction logs indicate that highly specialized methods were utilized to manipulate verification nodes, enabling the illicit diversion of capital. Internal risk assets teams have initiated emergency containment protocols while formal complaints are being forwarded to statutory economic offenses wings within the state jurisdiction. I am sharing all the details so that appropriate legal guidance can be provided.",formal,medium,chronological,moderate,none,False,False,False,2023-12-25,,,human_written,,unannotated,test
NAR000171_EN,SCN000171,en,Latin,none,"I want to report an incident. hey guys bad news. just had a huge fight with HR at the Online platform regarding breach of employment contract around 08:45 today. they are trying to cheat us out of our terms or fire people arbitrarily. check your emails immediately, we need to stand together on this I am sharing all the details so that appropriate legal guidance can be provided.","I want to report an incident. hey guys bad news. just had a huge fight with HR at the Online platform regarding breach of employment contract around 08:45 today. they are trying to cheat us out of our terms or fire people arbitrarily. check your emails immediately, we need to stand together on this I am sharing all the details so that appropriate legal guidance can be provided.",formal,medium,chronological,moderate,none,False,False,False,2024-01-05,,,human_written,,unannotated,validation
NAR000172_EN,SCN000172,en,Latin,none,"I want to report an incident. An employment dispute involving workplace harassment escalated at the showroom at 19:44. The worker alleged severe breach of workplace regulations, seeking administrative or legal intervention to recover standard dues or ensure workplace safety. I am sharing all the details so that appropriate legal guidance can be provided.","I want to report an incident. An employment dispute involving workplace harassment escalated at the showroom at 19:44. The worker alleged severe breach of workplace regulations, seeking administrative or legal intervention to recover standard dues or ensure workplace safety. I am sharing all the details so that appropriate legal guidance can be provided.",formal,medium,chronological,moderate,none,False,False,False,2024-01-05,,,human_written,,unannotated,validation
NAR000173_EN,SCN000173,en,Latin,none,"I want to report an incident. On the date of 2026-07-08, a major incidence of shopbreaking was executed at the designated shop under complex environmental circumstances. The perpetrator leveraged the crowded nature of the location to approach undetected, exploiting a momentary lapse in security vigilance. Following the commission of the act, the individual navigated through the exit corridors effectively evading immediate pursuit. Emergency services were notified subsequently, initiating a localized investigation into the security vulnerabilities of this particular jurisdiction. I am sharing all the details so that appropriate legal guidance can be provided.","I want to report an incident. On the date of 2026-07-08, a major incidence of shopbreaking was executed at the designated shop under complex environmental circumstances. The perpetrator leveraged the crowded nature of the location to approach undetected, exploiting a momentary lapse in security vigilance. Following the commission of the act, the individual navigated through the exit corridors effectively evading immediate pursuit. Emergency services were notified subsequently, initiating a localized investigation into the security vulnerabilities of this particular jurisdiction. I am sharing all the details so that appropriate legal guidance can be provided.",formal,medium,chronological,moderate,none,False,False,False,2024-01-07,,,human_written,,unannotated,train
NAR000174_EN,SCN000174,en,Latin,none,"I want to report an incident. On the date of 2026-06-22, a minor unclassified neighborhood disruption manifesting as minor civic infrastructure issue materialized at the specified alleyway at approximately 01:39 hours. The incident details demonstrate a clear operational or administrative failure concerning municipal upkeep or public behavior regulations, causing secondary delays for community residents. Local community leaders have logged an official complaint to expedite resolution within the state jurisdiction. I am sharing all the details so that appropriate legal guidance can be provided.","I want to report an incident. On the date of 2026-06-22, a minor unclassified neighborhood disruption manifesting as minor civic infrastructure issue materialized at the specified alleyway at approximately 01:39 hours. The incident details demonstrate a clear operational or administrative failure concerning municipal upkeep or public behavior regulations, causing secondary delays for community residents. Local community leaders have logged an official complaint to expedite resolution within the state jurisdiction. I am sharing all the details so that appropriate legal guidance can be provided.",formal,medium,chronological,moderate,none,False,False,False,2024-01-16,,,human_written,,unannotated,test
NAR000175_EN,SCN000175,en,Latin,none,"I want to report an incident. An incident of online banking fraud compromised security systems across the specified Mobile app at 02:31. Electronic credentials were manipulated remotely by unknown malicious actors, triggering secondary security protocols. I am sharing all the details so that appropriate legal guidance can be provided.","I want to report an incident. An incident of online banking fraud compromised security systems across the specified Mobile app at 02:31. Electronic credentials were manipulated remotely by unknown malicious actors, triggering secondary security protocols. I am sharing all the details so that appropriate legal guidance can be provided.",formal,medium,chronological,moderate,none,False,False,False,2024-01-23,,,human_written,,unannotated,challenge
NAR000176_EN,SCN000176,en,Latin,none,"I want to report an incident. An incident involving sudden road rage assault broke out at the road around 00:57. The aggressor initiated intense physical or verbal hostility against the victim, forcing bystanders to intervene to prevent further escalation. I am sharing all the details so that appropriate legal guidance can be provided.","I want to report an incident. An incident involving sudden road rage assault broke out at the road around 00:57. The aggressor initiated intense physical or verbal hostility against the victim, forcing bystanders to intervene to prevent further escalation. I am sharing all the details so that appropriate legal guidance can be provided.",formal,medium,chronological,moderate,none,False,False,False,2024-02-03,,,human_written,,unannotated,challenge
NAR000177_EN,SCN000177,en,Latin,none,"I want to report an incident. On the date of 2026-07-03, a major incidence of chain snatching was executed at the designated residential street under complex environmental circumstances. The perpetrator leveraged the crowded nature of the location to approach undetected, exploiting a momentary lapse in security vigilance. Following the commission of the act, the individual navigated through the exit corridors effectively evading immediate pursuit. Emergency services were notified subsequently, initiating a localized investigation into the security vulnerabilities of this particular jurisdiction. I am sharing all the details so that appropriate legal guidance can be provided.","I want to report an incident. On the date of 2026-07-03, a major incidence of chain snatching was executed at the designated residential street under complex environmental circumstances. The perpetrator leveraged the crowded nature of the location to approach undetected, exploiting a momentary lapse in security vigilance. Following the commission of the act, the individual navigated through the exit corridors effectively evading immediate pursuit. Emergency services were notified subsequently, initiating a localized investigation into the security vulnerabilities of this particular jurisdiction. I am sharing all the details so that appropriate legal guidance can be provided.",formal,medium,chronological,moderate,none,False,False,False,2024-02-01,,,human_written,,unannotated,validation
NAR000178_EN,SCN000178,en,Latin,none,"I want to report an incident. Dear Management, I am writing to formally log a grievance regarding a distressing incident of road rage assault that occurred today at approximately 04:40 within the Highway. The aggressive posturing and direct threats have created an incredibly hostile and unsafe environment. I am sharing all the details so that appropriate legal guidance can be provided.","I want to report an incident. Dear Management, I am writing to formally log a grievance regarding a distressing incident of road rage assault that occurred today at approximately 04:40 within the Highway. The aggressive posturing and direct threats have created an incredibly hostile and unsafe environment. I am sharing all the details so that appropriate legal guidance can be provided.",formal,medium,chronological,moderate,none,False,False,False,2024-02-08,,,human_written,,unannotated,challenge
NAR000179_EN,SCN000179,en,Latin,none,"I want to report an incident. A transactional incident concerning refusal of service refund broke out at the local workplace at 06:31. The buyer alleged a direct breach of contractual terms regarding product quality or billing accuracy, resulting in an active consumer dispute. I am sharing all the details so that appropriate legal guidance can be provided.","I want to report an incident. A transactional incident concerning refusal of service refund broke out at the local workplace at 06:31. The buyer alleged a direct breach of contractual terms regarding product quality or billing accuracy, resulting in an active consumer dispute. I am sharing all the details so that appropriate legal guidance can be provided.",formal,medium,chronological,moderate,none,False,False,False,2024-02-03,,,human_written,,unannotated,train
NAR000180_EN,SCN000180,en,Latin,none,"I want to report an incident. hey guys bad news. just had a huge fight with HR at the Online platform regarding breach of employment contract around 10:57 today. they are trying to cheat us out of our terms or fire people arbitrarily. check your emails immediately, we need to stand together on this I am sharing all the details so that appropriate legal guidance can be provided.","I want to report an incident. hey guys bad news. just had a huge fight with HR at the Online platform regarding breach of employment contract around 10:57 today. they are trying to cheat us out of our terms or fire people arbitrarily. check your emails immediately, we need to stand together on this I am sharing all the details so that appropriate legal guidance can be provided.",formal,medium,chronological,moderate,none,False,False,False,2024-01-19,,,human_written,,unannotated,test
NAR000181_EN,SCN000181,en,Latin,none,"I want to report an incident. On the date of 2026-06-29, a formal consumer conflict classified as expired or contaminated goods sale manifested during a commercial interaction at the designated marketplace around 19:29. The transaction parameters reveal an explicit deviation from advertising claims or legal standards, directly compromising buyer safety and financial protection. Standard operational dispute channels were exhausted without success, prompting an escalation to statutory regulatory oversight mechanisms. I am sharing all the details so that appropriate legal guidance can be provided.","I want to report an incident. On the date of 2026-06-29, a formal consumer conflict classified as expired or contaminated goods sale manifested during a commercial interaction at the designated marketplace around 19:29. The transaction parameters reveal an explicit deviation from advertising claims or legal standards, directly compromising buyer safety and financial protection. Standard operational dispute channels were exhausted without success, prompting an escalation to statutory regulatory oversight mechanisms. I am sharing all the details so that appropriate legal guidance can be provided.",formal,medium,chronological,moderate,none,False,False,False,2024-02-01,,,human_written,,unannotated,validation
NAR000182_EN,SCN000182,en,Latin,none,"I want to report an incident. Dear Human Resources and Labor Commissioner, I am writing to formally lodge a grievance regarding the ongoing pattern of unfair termination within the Workplace. The definitive breach transpired on 2026-07-03 at 06:32 hours, violating explicit terms of my employment contract and local statutory codes. I am sharing all the details so that appropriate legal guidance can be provided.","I want to report an incident. Dear Human Resources and Labor Commissioner, I am writing to formally lodge a grievance regarding the ongoing pattern of unfair termination within the Workplace. The definitive breach transpired on 2026-07-03 at 06:32 hours, violating explicit terms of my employment contract and local statutory codes. I am sharing all the details so that appropriate legal guidance can be provided.",formal,medium,chronological,moderate,none,False,False,False,2024-01-25,,,human_written,,unannotated,challenge
NAR000183_EN,SCN000183,en,Latin,none,"I want to report an incident. Dear Traffic Police Commissioner, I am writing to formally report an escalating safety issue, specifically a recent hit and run collision that occurred at the Road. The incident took place on 2026-07-07 at 10:21 hours, creating significant hazards for other motorists. I am sharing all the details so that appropriate legal guidance can be provided.","I want to report an incident. Dear Traffic Police Commissioner, I am writing to formally report an escalating safety issue, specifically a recent hit and run collision that occurred at the Road. The incident took place on 2026-07-07 at 10:21 hours, creating significant hazards for other motorists. I am sharing all the details so that appropriate legal guidance can be provided.",formal,medium,chronological,moderate,none,False,False,False,2024-02-12,,,human_written,,unannotated,test
NAR000184_EN,SCN000184,en,Latin,none,I want to report an incident. guys please help they are trying to take over the Agricultural land right now!! experiencing a severe land encroachment since 08:37. they brought workers and are breaking down boundaries. please check if anyone can come over fast I am sharing all the details so that appropriate legal guidance can be provided.,I want to report an incident. guys please help they are trying to take over the Agricultural land right now!! experiencing a severe land encroachment since 08:37. they brought workers and are breaking down boundaries. please check if anyone can come over fast I am sharing all the details so that appropriate legal guidance can be provided.,formal,medium,chronological,moderate,none,False,False,False,2024-02-12,,,human_written,,unannotated,challenge
NAR000185_EN,SCN000185,en,Latin,none,"I want to report an incident. The observer witnessed an intense community argument unfolding near the house around 22:24. Several individuals were actively contesting an instance of inheritance property claim, with local residents stepping in to prevent physical escalation before authorities were notified. I am sharing all the details so that appropriate legal guidance can be provided.","I want to report an incident. The observer witnessed an intense community argument unfolding near the house around 22:24. Several individuals were actively contesting an instance of inheritance property claim, with local residents stepping in to prevent physical escalation before authorities were notified. I am sharing all the details so that appropriate legal guidance can be provided.",formal,medium,chronological,moderate,none,False,False,False,2024-02-11,,,human_written,,unannotated,validation
NAR000186_EN,SCN000186,en,Latin,none,I want to report an incident. hey guys warning if u are passing by the Railway station right now!! there is a massive lost item reporting that happened around 15:19 today. try to take a different route if possible to avoid getting stuck or delayed I am sharing all the details so that appropriate legal guidance can be provided.,I want to report an incident. hey guys warning if u are passing by the Railway station right now!! there is a massive lost item reporting that happened around 15:19 today. try to take a different route if possible to avoid getting stuck or delayed I am sharing all the details so that appropriate legal guidance can be provided.,formal,medium,chronological,moderate,none,False,False,False,2024-01-28,,,human_written,,unannotated,test
NAR000187_EN,SCN000187,en,Latin,none,"I want to report an incident. Complainant registers a general municipal or public service notification regarding noise pollution grievance at the location of residential street. The incident transpired on 2026-06-27 at approximately 03:51 hours, causing minor public inconvenience or operational disruption. Log entries have been completed. I am sharing all the details so that appropriate legal guidance can be provided.","I want to report an incident. Complainant registers a general municipal or public service notification regarding noise pollution grievance at the location of residential street. The incident transpired on 2026-06-27 at approximately 03:51 hours, causing minor public inconvenience or operational disruption. Log entries have been completed. I am sharing all the details so that appropriate legal guidance can be provided.",formal,medium,chronological,moderate,none,False,False,False,2024-02-16,,,human_written,,unannotated,validation
NAR000188_EN,SCN000188,en,Latin,none,"I want to report an incident. Complainant reports a structural civil grievance regarding boundary wall dispute at the site located in villa. On 2026-07-07 at 00:47 hours, opposing parties gathered and attempted unauthorized physical alterations. Property ownership documents have been submitted for verification. I am sharing all the details so that appropriate legal guidance can be provided.","I want to report an incident. Complainant reports a structural civil grievance regarding boundary wall dispute at the site located in villa. On 2026-07-07 at 00:47 hours, opposing parties gathered and attempted unauthorized physical alterations. Property ownership documents have been submitted for verification. I am sharing all the details so that appropriate legal guidance can be provided.",formal,medium,chronological,moderate,none,False,False,False,2024-02-25,,,human_written,,unannotated,challenge
NAR000189_EN,SCN000189,en,Latin,none,"I want to report an incident. Complainant registers a general municipal or public service notification regarding noise pollution grievance at the location of house. The incident transpired on 2026-07-02 at approximately 21:40 hours, causing minor public inconvenience or operational disruption. Log entries have been completed. I am sharing all the details so that appropriate legal guidance can be provided.","I want to report an incident. Complainant registers a general municipal or public service notification regarding noise pollution grievance at the location of house. The incident transpired on 2026-07-02 at approximately 21:40 hours, causing minor public inconvenience or operational disruption. Log entries have been completed. I am sharing all the details so that appropriate legal guidance can be provided.",formal,medium,chronological,moderate,none,False,False,False,2024-02-27,,,human_written,,unannotated,validation
NAR000190_EN,SCN000190,en,Latin,none,"I want to report an incident. Dear Human Resources and Labor Commissioner, I am writing to formally lodge a grievance regarding the ongoing pattern of unpaid wage dispute within the Shop. The definitive breach transpired on 2026-06-23 at 13:29 hours, violating explicit terms of my employment contract and local statutory codes. I am sharing all the details so that appropriate legal guidance can be provided.","I want to report an incident. Dear Human Resources and Labor Commissioner, I am writing to formally lodge a grievance regarding the ongoing pattern of unpaid wage dispute within the Shop. The definitive breach transpired on 2026-06-23 at 13:29 hours, violating explicit terms of my employment contract and local statutory codes. I am sharing all the details so that appropriate legal guidance can be provided.",formal,medium,chronological,moderate,none,False,False,False,2024-02-10,,,human_written,,unannotated,challenge
NAR000191_EN,SCN000191,en,Latin,none,"I want to report an incident. Complainant states that on 2026-06-30 at approximately 02:52 hours, an incident of online phishing theft occurred at Online platform. The perpetrator description matches a male individual height approx 5'8"". Property loss reported. Case registered under relevant sections. I am sharing all the details so that appropriate legal guidance can be provided.","I want to report an incident. Complainant states that on 2026-06-30 at approximately 02:52 hours, an incident of online phishing theft occurred at Online platform. The perpetrator description matches a male individual height approx 5'8"". Property loss reported. Case registered under relevant sections. I am sharing all the details so that appropriate legal guidance can be provided.",formal,medium,chronological,moderate,none,False,False,False,2024-02-16,,,human_written,,unannotated,challenge
NAR000192_EN,SCN000192,en,Latin,none,"I want to report an incident. The observer noticed two suspicious individuals loitering near the railway station around 15:20. Shortly after, they approached the victim from behind, forcefully committed pickpocketing, and fled the scene on a two-wheeler heading north. I am sharing all the details so that appropriate legal guidance can be provided.","I want to report an incident. The observer noticed two suspicious individuals loitering near the railway station around 15:20. Shortly after, they approached the victim from behind, forcefully committed pickpocketing, and fled the scene on a two-wheeler heading north. I am sharing all the details so that appropriate legal guidance can be provided.",formal,medium,chronological,moderate,none,False,False,False,2024-03-07,,,human_written,,unannotated,challenge
NAR000193_EN,SCN000193,en,Latin,none,"I want to report an incident. The observer noted a clear altercation developing at the counter of the marketplace around 22:23. A customer was contesting a distinct case of expired or contaminated goods sale, showing clear evidence to the merchant, who continuously refused liability or proper resolution. I am sharing all the details so that appropriate legal guidance can be provided.","I want to report an incident. The observer noted a clear altercation developing at the counter of the marketplace around 22:23. A customer was contesting a distinct case of expired or contaminated goods sale, showing clear evidence to the merchant, who continuously refused liability or proper resolution. I am sharing all the details so that appropriate legal guidance can be provided.",formal,medium,chronological,moderate,none,False,False,False,2024-03-05,,,human_written,,unannotated,validation
NAR000194_EN,SCN000194,en,Latin,none,I want to report an incident. he is screaming and throwing things again it's really bad emotional and verbal abuse right now at home since 18:30 hours. please call someone or come over i am hiding in the washroom right now text me back please I am sharing all the details so that appropriate legal guidance can be provided.,I want to report an incident. he is screaming and throwing things again it's really bad emotional and verbal abuse right now at home since 18:30 hours. please call someone or come over i am hiding in the washroom right now text me back please I am sharing all the details so that appropriate legal guidance can be provided.,formal,medium,chronological,moderate,none,False,False,False,2024-02-16,,,human_written,,unannotated,challenge
NAR000195_EN,SCN000195,en,Latin,none,"I want to report an incident. The observer noted a minor public disturbance developing near the local apartment around 18:21. The situation involved a distinct noise pollution grievance, drawing the attention of passing commuters before local municipal workers arrived on site. I am sharing all the details so that appropriate legal guidance can be provided.","I want to report an incident. The observer noted a minor public disturbance developing near the local apartment around 18:21. The situation involved a distinct noise pollution grievance, drawing the attention of passing commuters before local municipal workers arrived on site. I am sharing all the details so that appropriate legal guidance can be provided.",formal,medium,chronological,moderate,none,False,False,False,2024-02-29,,,human_written,,unannotated,test
NAR000196_EN,SCN000196,en,Latin,none,"I want to report an incident. hey guys bad news. just had a huge fight with HR at the Showroom regarding workplace harassment around 11:52 today. they are trying to cheat us out of our terms or fire people arbitrarily. check your emails immediately, we need to stand together on this I am sharing all the details so that appropriate legal guidance can be provided.","I want to report an incident. hey guys bad news. just had a huge fight with HR at the Showroom regarding workplace harassment around 11:52 today. they are trying to cheat us out of our terms or fire people arbitrarily. check your emails immediately, we need to stand together on this I am sharing all the details so that appropriate legal guidance can be provided.",formal,medium,chronological,moderate,none,False,False,False,2024-03-11,,,human_written,,unannotated,train
NAR000197_EN,SCN000197,en,Latin,none,I want to report an incident. guys please help they are trying to take over the Plot right now!! experiencing a severe land encroachment since 10:00. they brought workers and are breaking down boundaries. please check if anyone can come over fast I am sharing all the details so that appropriate legal guidance can be provided.,I want to report an incident. guys please help they are trying to take over the Plot right now!! experiencing a severe land encroachment since 10:00. they brought workers and are breaking down boundaries. please check if anyone can come over fast I am sharing all the details so that appropriate legal guidance can be provided.,formal,medium,chronological,moderate,none,False,False,False,2024-03-07,,,human_written,,unannotated,validation
NAR000198_EN,SCN000198,en,Latin,none,"I want to report an incident. guys freeze your accounts if you used that Office recently!! just discovered a major loan approval scam happened around 20:28 today. unauthorized charges are showing up on multiple profiles, notify your branch manager asap I am sharing all the details so that appropriate legal guidance can be provided.","I want to report an incident. guys freeze your accounts if you used that Office recently!! just discovered a major loan approval scam happened around 20:28 today. unauthorized charges are showing up on multiple profiles, notify your branch manager asap I am sharing all the details so that appropriate legal guidance can be provided.",formal,medium,chronological,moderate,none,False,False,False,2024-03-03,,,human_written,,unannotated,test
NAR000199_EN,SCN000199,en,Latin,none,"I want to report an incident. So I was just standing at the railway station around 16:14 yesterday, checking my phone, when this guy suddenly rushed past me and grabbed my belongings out of nowhere! I didn't even have time to react or see his face properly. Totally shocked. I am sharing all the details so that appropriate legal guidance can be provided.","I want to report an incident. So I was just standing at the railway station around 16:14 yesterday, checking my phone, when this guy suddenly rushed past me and grabbed my belongings out of nowhere! I didn't even have time to react or see his face properly. Totally shocked. I am sharing all the details so that appropriate legal guidance can be provided.",formal,medium,chronological,moderate,none,False,False,False,2024-03-12,,,human_written,,unannotated,train
NAR000200_EN,SCN000200,en,Latin,none,"I want to report an incident. So I clicked this link thinking it was an official notification around 18:06 yesterday, and suddenly I was locked out of my account. I realized it was a total cyberstalking when my savings started moving out. I'm completely panicking right now. I am sharing all the details so that appropriate legal guidance can be provided.","I want to report an incident. So I clicked this link thinking it was an official notification around 18:06 yesterday, and suddenly I was locked out of my account. I realized it was a total cyberstalking when my savings started moving out. I'm completely panicking right now. I am sharing all the details so that appropriate legal guidance can be provided.",formal,medium,chronological,moderate,none,False,False,False,2024-03-08,,,human_written,,unannotated,challenge
NAR000001_EN,SCN000001,en,Latin,none,"So I went to this shop around 20:41 and explicitly paid for premium service, but I faced absolute false advertising and misrepresentation instead. When I asked the manager to fix it or give my money back, they were super rude and completely brushed me off. Never buying from here again..","So I went to this shop around 20:41 and explicitly paid for premium service, but I faced absolute false advertising and misrepresentation instead. When I asked the manager to fix it or give my money back, they were super rude and completely brushed me off. Never buying from here again..",clear_chronological,medium,chronological,neutral,none,False,False,False,2023-01-30,,,human_written,,unannotated,validation
NAR000002_EN,SCN000002,en,Latin,none,"Dear Municipal Authorities, I am writing to formally log a civic grievance regarding the ongoing pattern of noise pollution grievance at the Residential street. The latest escalation occurred on 2026-07-17 at 23:20 hours, causing localized hazards that require immediate civic attention..","Dear Municipal Authorities, I am writing to formally log a civic grievance regarding the ongoing pattern of noise pollution grievance at the Residential street. The latest escalation occurred on 2026-07-17 at 23:20 hours, causing localized hazards that require immediate civic attention..",clear_chronological,medium,chronological,neutral,none,False,False,False,2023-01-11,,,human_written,,unannotated,challenge
NAR000003_EN,SCN000003,en,Latin,none,A vehicular incident involving drunk driving accident occurred on the local highway at 06:27. The collision or blockage led to structural vehicular property damage and caused a severe traffic bottleneck requiring immediate clearing..,A vehicular incident involving drunk driving accident occurred on the local highway at 06:27. The collision or blockage led to structural vehicular property damage and caused a severe traffic bottleneck requiring immediate clearing..,clear_chronological,medium,chronological,neutral,none,False,False,False,2023-01-23,,,human_written,,unannotated,challenge
NAR000004_EN,SCN000004,en,Latin,none,guys heads up do NOT buy anything from that Showroom!! just experienced a massive false advertising and misrepresentation around 07:45 today. they completely cheated me on the transaction and refused a refund. super sketchy service watch out.,guys heads up do NOT buy anything from that Showroom!! just experienced a massive false advertising and misrepresentation around 07:45 today. they completely cheated me on the transaction and refused a refund. super sketchy service watch out.,clear_chronological,medium,chronological,neutral,none,False,False,False,2023-01-23,,,human_written,,unannotated,train
NAR000005_EN,SCN000005,en,Latin,none,"An incident of social media hacking compromised security systems across the specified Online platform at 17:10. Electronic credentials were manipulated remotely by unknown malicious actors, triggering secondary security protocols..","An incident of social media hacking compromised security systems across the specified Online platform at 17:10. Electronic credentials were manipulated remotely by unknown malicious actors, triggering secondary security protocols..",clear_chronological,medium,chronological,neutral,none,False,False,False,2023-02-10,,,human_written,,unannotated,test
NAR000006_EN,SCN000006,en,Latin,none,"The observer witnessed an intense disagreement between the management and an employee inside the workplace around 21:28. The context of the dispute was clearly a severe case of safe working conditions violation, with the supervisor dismissing the employee's legitimate safety or financial claims arbitrarily..","The observer witnessed an intense disagreement between the management and an employee inside the workplace around 21:28. The context of the dispute was clearly a severe case of safe working conditions violation, with the supervisor dismissing the employee's legitimate safety or financial claims arbitrarily..",clear_chronological,medium,chronological,neutral,none,False,False,False,2023-02-09,,,human_written,,unannotated,train
NAR000007_EN,SCN000007,en,Latin,none,pls help someone is targeting me with domestic dispute right now at the Apartment!! they are threatening to hit me or worse. happened around 21:31. is anyone nearby who can come stay with me? urgent.,pls help someone is targeting me with domestic dispute right now at the Apartment!! they are threatening to hit me or worse. happened around 21:31. is anyone nearby who can come stay with me? urgent.,clear_chronological,medium,chronological,neutral,none,False,False,False,2023-02-06,,,human_written,,unannotated,validation
NAR000008_EN,SCN000008,en,Latin,none,"Complainant reports a structural civil grievance regarding tenant-landlord conflict at the site located in shop. On 2026-06-22 at 09:08 hours, opposing parties gathered and attempted unauthorized physical alterations. Property ownership documents have been submitted for verification..","Complainant reports a structural civil grievance regarding tenant-landlord conflict at the site located in shop. On 2026-06-22 at 09:08 hours, opposing parties gathered and attempted unauthorized physical alterations. Property ownership documents have been submitted for verification..",clear_chronological,medium,chronological,neutral,none,False,False,False,2023-02-11,,,human_written,,unannotated,test
NAR000009_EN,SCN000009,en,Latin,none,"Dear Consumer Forum Support, I am writing to formally register a merchant complaint regarding a severe instance of overcharging and hidden fees that occurred at Restaurant on 2026-07-05 at 04:50 hours. Despite multiple amicable requests, the management refused to honor the standard consumer guarantees..","Dear Consumer Forum Support, I am writing to formally register a merchant complaint regarding a severe instance of overcharging and hidden fees that occurred at Restaurant on 2026-07-05 at 04:50 hours. Despite multiple amicable requests, the management refused to honor the standard consumer guarantees..",clear_chronological,medium,chronological,neutral,none,False,False,False,2023-02-16,,,human_written,,unannotated,test
NAR000010_EN,SCN000010,en,Latin,none,"The internal auditor observed highly irregular transaction entries passing through the shop around 09:18. Closer inspection confirmed a premeditated instance of credit card cloning, with the perpetrator executing unauthorized balance transfers using fraudulent credentials before logging out..","The internal auditor observed highly irregular transaction entries passing through the shop around 09:18. Closer inspection confirmed a premeditated instance of credit card cloning, with the perpetrator executing unauthorized balance transfers using fraudulent credentials before logging out..",clear_chronological,medium,chronological,neutral,none,False,False,False,2023-01-24,,,human_written,,unannotated,train
NAR000011_EN,SCN000011,en,Latin,none,"On the afternoon of 2026-07-01, an escalating conflict classified under online harassment & threats manifested at the specified social media. Initial verbal friction rapidly degenerated into targeted hostility, establishing clear intent of intimidation and potential bodily harm. The victim sought refuge immediately while nearby witnesses attempted to de-escalate the situation. Security personnel were subsequently informed to review the breach of safety within the jurisdiction..","On the afternoon of 2026-07-01, an escalating conflict classified under online harassment & threats manifested at the specified social media. Initial verbal friction rapidly degenerated into targeted hostility, establishing clear intent of intimidation and potential bodily harm. The victim sought refuge immediately while nearby witnesses attempted to de-escalate the situation. Security personnel were subsequently informed to review the breach of safety within the jurisdiction..",clear_chronological,medium,chronological,neutral,none,False,False,False,2023-02-10,,,human_written,,unannotated,validation
NAR000012_EN,SCN000012,en,Latin,none,"The observer noted a clear altercation developing at the counter of the shop around 02:32. A customer was contesting a distinct case of expired or contaminated goods sale, showing clear evidence to the merchant, who continuously refused liability or proper resolution..","The observer noted a clear altercation developing at the counter of the shop around 02:32. A customer was contesting a distinct case of expired or contaminated goods sale, showing clear evidence to the merchant, who continuously refused liability or proper resolution..",clear_chronological,medium,chronological,neutral,none,False,False,False,2023-02-06,,,human_written,,unannotated,train
NAR000013_EN,SCN000013,en,Latin,none,"Complainant states that on 2026-06-26 at approximately 03:09 hours, a transaction dispute involving overcharging and hidden fees occurred at Shop. The vendor reportedly engaged in unfair trade practices, failing to resolve the commercial non-compliance. Relevant purchase invoices have been logged..","Complainant states that on 2026-06-26 at approximately 03:09 hours, a transaction dispute involving overcharging and hidden fees occurred at Shop. The vendor reportedly engaged in unfair trade practices, failing to resolve the commercial non-compliance. Relevant purchase invoices have been logged..",clear_chronological,medium,chronological,neutral,none,False,False,False,2023-02-18,,,human_written,,unannotated,challenge
NAR000014_EN,SCN000014,en,Latin,none,"On 2026-06-25 at approximately 18:17 hours, a vehicular incident classified as reckless driving confrontation occurred on the designated road. The offending vehicle failed to yield, causing impact and substantial structural damage. Case logged under regional motor vehicle acts..","On 2026-06-25 at approximately 18:17 hours, a vehicular incident classified as reckless driving confrontation occurred on the designated road. The offending vehicle failed to yield, causing impact and substantial structural damage. Case logged under regional motor vehicle acts..",clear_chronological,medium,chronological,neutral,none,False,False,False,2023-01-27,,,human_written,,unannotated,challenge
NAR000015_EN,SCN000015,en,Latin,none,"So I went down to the online platform around 17:39 to check my balance, and I realized I was a victim of a massive insurance claim fraud. They completely forged my details and cleared out the pending funds out of nowhere. I don't even know how I'm going to manage this month's expenses..","So I went down to the online platform around 17:39 to check my balance, and I realized I was a victim of a massive insurance claim fraud. They completely forged my details and cleared out the pending funds out of nowhere. I don't even know how I'm going to manage this month's expenses..",clear_chronological,medium,chronological,neutral,none,False,False,False,2023-02-22,,,human_written,,unannotated,validation
NAR000016_EN,SCN000016,en,Latin,none,"On the date of 2026-06-27, a highly contentious domestic incident manifesting as economic deprivation occurred within the private residence. The conflict reportedly originated from long-standing domestic pressures and rapidly intensified into aggressive behavior around 05:45. The victim sustained significant psychological and physical strain before external family structures could be notified. Local authorities are reviewing the continuous pattern of behavior under the protection laws of the jurisdiction..","On the date of 2026-06-27, a highly contentious domestic incident manifesting as economic deprivation occurred within the private residence. The conflict reportedly originated from long-standing domestic pressures and rapidly intensified into aggressive behavior around 05:45. The victim sustained significant psychological and physical strain before external family structures could be notified. Local authorities are reviewing the continuous pattern of behavior under the protection laws of the jurisdiction..",clear_chronological,medium,chronological,neutral,none,False,False,False,2023-02-22,,,human_written,,unannotated,challenge
NAR000017_EN,SCN000017,en,Latin,none,"The bystander reported observing a heated argument developing near the apartment around 06:00. The confrontation quickly turned into a domestic dispute, with one individual visibly projecting physical intimidation towards the other party before crowds gathered to separate them..","The bystander reported observing a heated argument developing near the apartment around 06:00. The confrontation quickly turned into a domestic dispute, with one individual visibly projecting physical intimidation towards the other party before crowds gathered to separate them..",clear_chronological,medium,chronological,neutral,none,False,False,False,2023-02-16,,,human_written,,unannotated,challenge
NAR000018_EN,SCN000018,en,Latin,none,"So I clicked this link thinking it was an official notification around 16:02 yesterday, and suddenly I was locked out of my account. I realized it was a total ransomware attack when my savings started moving out. I'm completely panicking right now..","So I clicked this link thinking it was an official notification around 16:02 yesterday, and suddenly I was locked out of my account. I realized it was a total ransomware attack when my savings started moving out. I'm completely panicking right now..",clear_chronological,medium,chronological,neutral,none,False,False,False,2023-02-21,,,human_written,,unannotated,test
NAR000019_EN,SCN000019,en,Latin,none,"An incident of domestic distress categorized as dowry harassment occurred inside a residential premises at 16:38. The dispute caused a severe breach of domestic peace, requiring immediate support and mediation for the affected individuals..","An incident of domestic distress categorized as dowry harassment occurred inside a residential premises at 16:38. The dispute caused a severe breach of domestic peace, requiring immediate support and mediation for the affected individuals..",clear_chronological,medium,chronological,neutral,none,False,False,False,2023-02-03,,,human_written,,unannotated,train
NAR000020_EN,SCN000020,en,Latin,none,"A transactional incident concerning expired or contaminated goods sale broke out at the local kirana store at 23:11. The buyer alleged a direct breach of contractual terms regarding product quality or billing accuracy, resulting in an active consumer dispute..","A transactional incident concerning expired or contaminated goods sale broke out at the local kirana store at 23:11. The buyer alleged a direct breach of contractual terms regarding product quality or billing accuracy, resulting in an active consumer dispute..",clear_chronological,medium,chronological,neutral,none,False,False,False,2023-03-08,,,human_written,,unannotated,challenge
NAR000021_EN,SCN000021,en,Latin,none,"The bystander reported observing a heated argument developing near the apartment around 01:26. The confrontation quickly turned into a domestic dispute, with one individual visibly projecting physical intimidation towards the other party before crowds gathered to separate them..","The bystander reported observing a heated argument developing near the apartment around 01:26. The confrontation quickly turned into a domestic dispute, with one individual visibly projecting physical intimidation towards the other party before crowds gathered to separate them..",clear_chronological,medium,chronological,neutral,none,False,False,False,2023-02-28,,,human_written,,unannotated,test
NAR000022_EN,SCN000022,en,Latin,none,"On the date of 2026-07-07, a serious municipal roadway incident manifesting as reckless driving confrontation transpired on the specified road at approximately 18:01 hours. The collision metrics indicate high impact speeds or deliberate disregard for active traffic control mechanisms, resulting in secondary vehicle damage. Local emergency response teams arrived on site to manage structural debris and administer medical assistance where relevant, while investigating officers initiated standard vehicle documentation checks within the state jurisdiction..","On the date of 2026-07-07, a serious municipal roadway incident manifesting as reckless driving confrontation transpired on the specified road at approximately 18:01 hours. The collision metrics indicate high impact speeds or deliberate disregard for active traffic control mechanisms, resulting in secondary vehicle damage. Local emergency response teams arrived on site to manage structural debris and administer medical assistance where relevant, while investigating officers initiated standard vehicle documentation checks within the state jurisdiction..",clear_chronological,medium,chronological,neutral,none,False,False,False,2023-03-06,,,human_written,,unannotated,challenge
NAR000023_EN,SCN000023,en,Latin,none,"On the date of 2026-07-11, a major incidence of vehicle theft was executed at the designated roadside under complex environmental circumstances. The perpetrator leveraged the crowded nature of the location to approach undetected, exploiting a momentary lapse in security vigilance. Following the commission of the act, the individual navigated through the exit corridors effectively evading immediate pursuit. Emergency services were notified subsequently, initiating a localized investigation into the security vulnerabilities of this particular jurisdiction..","On the date of 2026-07-11, a major incidence of vehicle theft was executed at the designated roadside under complex environmental circumstances. The perpetrator leveraged the crowded nature of the location to approach undetected, exploiting a momentary lapse in security vigilance. Following the commission of the act, the individual navigated through the exit corridors effectively evading immediate pursuit. Emergency services were notified subsequently, initiating a localized investigation into the security vulnerabilities of this particular jurisdiction..",clear_chronological,medium,chronological,neutral,none,False,False,False,2023-02-26,,,human_written,,unannotated,test
NAR000024_EN,SCN000024,en,Latin,none,"So I was driving along the road around 11:42 today, when this car suddenly sped out and caused a complete drunk driving accident! The driver didn't even stop to check if anyone was hurt, they just accelerated away immediately. I'm still shaking from the shock..","So I was driving along the road around 11:42 today, when this car suddenly sped out and caused a complete drunk driving accident! The driver didn't even stop to check if anyone was hurt, they just accelerated away immediately. I'm still shaking from the shock..",clear_chronological,medium,chronological,neutral,none,False,False,False,2023-03-01,,,human_written,,unannotated,test
NAR000025_EN,SCN000025,en,Latin,none,"Complainant reports a structured financial offense falling under the category of insurance claim fraud at the workplace. The incident occurred on 2026-06-30 at approximately 10:05 hours, wherein deceptive documentation was presented to misappropriate corporate or individual monetary assets. Audit trails have been preserved..","Complainant reports a structured financial offense falling under the category of insurance claim fraud at the workplace. The incident occurred on 2026-06-30 at approximately 10:05 hours, wherein deceptive documentation was presented to misappropriate corporate or individual monetary assets. Audit trails have been preserved..",clear_chronological,medium,chronological,neutral,none,False,False,False,2023-03-11,,,human_written,,unannotated,test
NAR000026_EN,SCN000026,en,Latin,none,omg someone just took my things at the Mobile app!!! occurred just now around 05:18 hours. anyone nearby please help or tell me where the nearest police booth is asap!! lost everything inside my bag.,omg someone just took my things at the Mobile app!!! occurred just now around 05:18 hours. anyone nearby please help or tell me where the nearest police booth is asap!! lost everything inside my bag.,clear_chronological,medium,chronological,neutral,none,False,False,False,2023-03-21,,,human_written,,unannotated,validation
NAR000027_EN,SCN000027,en,Latin,none,"A transactional incident concerning refusal of service refund broke out at the local online platform at 01:01. The buyer alleged a direct breach of contractual terms regarding product quality or billing accuracy, resulting in an active consumer dispute..","A transactional incident concerning refusal of service refund broke out at the local online platform at 01:01. The buyer alleged a direct breach of contractual terms regarding product quality or billing accuracy, resulting in an active consumer dispute..",clear_chronological,medium,chronological,neutral,none,False,False,False,2023-03-26,,,human_written,,unannotated,challenge
NAR000028_EN,SCN000028,en,Latin,none,"So I clicked this link thinking it was an official notification around 16:31 yesterday, and suddenly I was locked out of my account. I realized it was a total ransomware attack when my savings started moving out. I'm completely panicking right now..","So I clicked this link thinking it was an official notification around 16:31 yesterday, and suddenly I was locked out of my account. I realized it was a total ransomware attack when my savings started moving out. I'm completely panicking right now..",clear_chronological,medium,chronological,neutral,none,False,False,False,2023-03-02,,,human_written,,unannotated,train
NAR000029_EN,SCN000029,en,Latin,none,"On the date of 2026-06-20, a major incidence of chain snatching was executed at the designated road under complex environmental circumstances. The perpetrator leveraged the crowded nature of the location to approach undetected, exploiting a momentary lapse in security vigilance. Following the commission of the act, the individual navigated through the exit corridors effectively evading immediate pursuit. Emergency services were notified subsequently, initiating a localized investigation into the security vulnerabilities of this particular jurisdiction..","On the date of 2026-06-20, a major incidence of chain snatching was executed at the designated road under complex environmental circumstances. The perpetrator leveraged the crowded nature of the location to approach undetected, exploiting a momentary lapse in security vigilance. Following the commission of the act, the individual navigated through the exit corridors effectively evading immediate pursuit. Emergency services were notified subsequently, initiating a localized investigation into the security vulnerabilities of this particular jurisdiction..",clear_chronological,medium,chronological,neutral,none,False,False,False,2023-03-20,,,human_written,,unannotated,validation
NAR000030_EN,SCN000030,en,Latin,none,guys please help they are trying to take over the House right now!! experiencing a severe inheritance property claim since 13:38. they brought workers and are breaking down boundaries. please check if anyone can come over fast.,guys please help they are trying to take over the House right now!! experiencing a severe inheritance property claim since 13:38. they brought workers and are breaking down boundaries. please check if anyone can come over fast.,clear_chronological,medium,chronological,neutral,none,False,False,False,2023-03-15,,,human_written,,unannotated,train
NAR000031_EN,SCN000031,en,Latin,none,"On 2026-07-11 at approximately 11:15 hours, a vehicular incident classified as traffic signal violation dispute occurred on the designated road. The offending vehicle failed to yield, causing impact and substantial structural damage. Case logged under regional motor vehicle acts..","On 2026-07-11 at approximately 11:15 hours, a vehicular incident classified as traffic signal violation dispute occurred on the designated road. The offending vehicle failed to yield, causing impact and substantial structural damage. Case logged under regional motor vehicle acts..",clear_chronological,medium,chronological,neutral,none,False,False,False,2023-03-03,,,human_written,,unannotated,test
NAR000032_EN,SCN000032,en,Latin,none,"So I clicked this link thinking it was an official notification around 22:48 yesterday, and suddenly I was locked out of my account. I realized it was a total online banking fraud when my savings started moving out. I'm completely panicking right now..","So I clicked this link thinking it was an official notification around 22:48 yesterday, and suddenly I was locked out of my account. I realized it was a total online banking fraud when my savings started moving out. I'm completely panicking right now..",clear_chronological,medium,chronological,neutral,none,False,False,False,2023-03-09,,,human_written,,unannotated,validation
NAR000033_EN,SCN000033,en,Latin,none,"So I went to this showroom around 16:27 and explicitly paid for premium service, but I faced absolute false advertising and misrepresentation instead. When I asked the manager to fix it or give my money back, they were super rude and completely brushed me off. Never buying from here again..","So I went to this showroom around 16:27 and explicitly paid for premium service, but I faced absolute false advertising and misrepresentation instead. When I asked the manager to fix it or give my money back, they were super rude and completely brushed me off. Never buying from here again..",clear_chronological,medium,chronological,neutral,none,False,False,False,2023-03-27,,,human_written,,unannotated,challenge
NAR000034_EN,SCN000034,en,Latin,none,"hey guys bad news. just had a huge fight with HR at the Showroom regarding workplace harassment around 07:33 today. they are trying to cheat us out of our terms or fire people arbitrarily. check your emails immediately, we need to stand together on this.","hey guys bad news. just had a huge fight with HR at the Showroom regarding workplace harassment around 07:33 today. they are trying to cheat us out of our terms or fire people arbitrarily. check your emails immediately, we need to stand together on this.",clear_chronological,medium,chronological,neutral,none,False,False,False,2023-04-04,,,human_written,,unannotated,challenge
NAR000035_EN,SCN000035,en,Latin,none,"The system administrator observed anomalous traffic originating from unauthorized servers around 15:20, confirming a systemwide phishing scam. The victim was actively manipulated into bypassing authentication protocols on the Mobile app platform..","The system administrator observed anomalous traffic originating from unauthorized servers around 15:20, confirming a systemwide phishing scam. The victim was actively manipulated into bypassing authentication protocols on the Mobile app platform..",clear_chronological,medium,chronological,neutral,none,False,False,False,2023-03-17,,,human_written,,unannotated,train
NAR000036_EN,SCN000036,en,Latin,none,"A property conflict classified under illegal property possession was documented at the shop at 04:01. The dispute involves contested boundaries and ownership titles, requiring civil or criminal mediation to preserve public order..","A property conflict classified under illegal property possession was documented at the shop at 04:01. The dispute involves contested boundaries and ownership titles, requiring civil or criminal mediation to preserve public order..",clear_chronological,medium,chronological,neutral,none,False,False,False,2023-03-29,,,human_written,,unannotated,train
NAR000037_EN,SCN000037,en,Latin,none,"An incident of cyberstalking compromised security systems across the specified House at 16:59. Electronic credentials were manipulated remotely by unknown malicious actors, triggering secondary security protocols..","An incident of cyberstalking compromised security systems across the specified House at 16:59. Electronic credentials were manipulated remotely by unknown malicious actors, triggering secondary security protocols..",clear_chronological,medium,chronological,neutral,none,False,False,False,2023-04-04,,,human_written,,unannotated,challenge
NAR000038_EN,SCN000038,en,Latin,none,"Complainant states that on 2026-07-02 at approximately 23:47 hours, an incident of pickpocketing occurred at Marketplace. The perpetrator description matches a male individual height approx 5'8"". Property loss reported. Case registered under relevant sections..","Complainant states that on 2026-07-02 at approximately 23:47 hours, an incident of pickpocketing occurred at Marketplace. The perpetrator description matches a male individual height approx 5'8"". Property loss reported. Case registered under relevant sections..",clear_chronological,medium,chronological,neutral,none,False,False,False,2023-04-02,,,human_written,,unannotated,train
NAR000039_EN,SCN000039,en,Latin,none,"Complainant reports a structural civil grievance regarding boundary wall dispute at the site located in plot. On 2026-07-07 at 12:32 hours, opposing parties gathered and attempted unauthorized physical alterations. Property ownership documents have been submitted for verification..","Complainant reports a structural civil grievance regarding boundary wall dispute at the site located in plot. On 2026-07-07 at 12:32 hours, opposing parties gathered and attempted unauthorized physical alterations. Property ownership documents have been submitted for verification..",clear_chronological,medium,chronological,neutral,none,False,False,False,2023-03-19,,,human_written,,unannotated,challenge
NAR000040_EN,SCN000040,en,Latin,none,"Complainant registers a formal grievance concerning employer violations under the category of unfair termination at the designated online platform. The incident occurred on 2026-07-02 at approximately 21:36 hours, wherein the management failed to comply with statutory labor provisions. Corporate payroll and logs have been requested..","Complainant registers a formal grievance concerning employer violations under the category of unfair termination at the designated online platform. The incident occurred on 2026-07-02 at approximately 21:36 hours, wherein the management failed to comply with statutory labor provisions. Corporate payroll and logs have been requested..",clear_chronological,medium,chronological,neutral,none,False,False,False,2023-04-06,,,human_written,,unannotated,validation
NAR000041_EN,SCN000041,en,Latin,none,"guys freeze your accounts if you used that Online platform recently!! just discovered a major ponzi scheme investment fraud happened around 05:16 today. unauthorized charges are showing up on multiple profiles, notify your branch manager asap.","guys freeze your accounts if you used that Online platform recently!! just discovered a major ponzi scheme investment fraud happened around 05:16 today. unauthorized charges are showing up on multiple profiles, notify your branch manager asap.",clear_chronological,medium,chronological,neutral,none,False,False,False,2023-04-17,,,human_written,,unannotated,train
NAR000042_EN,SCN000042,en,Latin,none,"I was just minding my own business at the hostel around 08:11, when this aggressive person started shouting at me out of nowhere. Then it escalated into a complete physical altercation and they said they'd hurt me if they saw me again. Genuinely terrified..","I was just minding my own business at the hostel around 08:11, when this aggressive person started shouting at me out of nowhere. Then it escalated into a complete physical altercation and they said they'd hurt me if they saw me again. Genuinely terrified..",clear_chronological,medium,chronological,neutral,none,False,False,False,2023-04-09,,,human_written,,unannotated,challenge
NAR000043_EN,SCN000043,en,Latin,none,"A swift incident of house burglary took place at the local house during peak hours. The victim lost valuable items instantly, and the unidentified suspect fled immediately before any bystanders could intervene..","A swift incident of house burglary took place at the local house during peak hours. The victim lost valuable items instantly, and the unidentified suspect fled immediately before any bystanders could intervene..",clear_chronological,medium,chronological,neutral,none,False,False,False,2023-04-14,,,human_written,,unannotated,test
NAR000044_EN,SCN000044,en,Latin,none,guys stay away from the Highway right now! just witnessed a crazy traffic signal violation dispute around 20:34 hours. cars are badly damaged and traffic is completely backed up. emergency services are arriving just now.,guys stay away from the Highway right now! just witnessed a crazy traffic signal violation dispute around 20:34 hours. cars are badly damaged and traffic is completely backed up. emergency services are arriving just now.,clear_chronological,medium,chronological,neutral,none,False,False,False,2023-04-11,,,human_written,,unannotated,test
NAR000045_EN,SCN000045,en,Latin,none,pls help someone is targeting me with domestic dispute right now at the House!! they are threatening to hit me or worse. happened around 22:13. is anyone nearby who can come stay with me? urgent.,pls help someone is targeting me with domestic dispute right now at the House!! they are threatening to hit me or worse. happened around 22:13. is anyone nearby who can come stay with me? urgent.,clear_chronological,medium,chronological,neutral,none,False,False,False,2023-04-27,,,human_written,,unannotated,validation
NAR000046_EN,SCN000046,en,Latin,none,"On the date of 2026-06-27, an advanced threat actor initiated an exploit categorized under social media hacking targeting remote infrastructures at approximately 14:01. The intrusion vectors reveal highly organized techniques using social engineering methods or brute-force automation to penetrate authorization systems on the Online platform. Immediate isolation of the network endpoints was executed to limit exposure within the regional jurisdiction..","On the date of 2026-06-27, an advanced threat actor initiated an exploit categorized under social media hacking targeting remote infrastructures at approximately 14:01. The intrusion vectors reveal highly organized techniques using social engineering methods or brute-force automation to penetrate authorization systems on the Online platform. Immediate isolation of the network endpoints was executed to limit exposure within the regional jurisdiction..",clear_chronological,medium,chronological,neutral,none,False,False,False,2023-04-07,,,human_written,,unannotated,validation
NAR000047_EN,SCN000047,en,Latin,none,"Dear Revenue Officer / Police Commissioner, I am writing to register an urgent complaint regarding a critical instance of boundary wall dispute affecting my House. The unlawful activity intensified on 2026-07-07 at 19:31 hours, causing direct infringement on my registered property rights..","Dear Revenue Officer / Police Commissioner, I am writing to register an urgent complaint regarding a critical instance of boundary wall dispute affecting my House. The unlawful activity intensified on 2026-07-07 at 19:31 hours, causing direct infringement on my registered property rights..",clear_chronological,medium,chronological,neutral,none,False,False,False,2023-04-24,,,human_written,,unannotated,challenge
NAR000048_EN,SCN000048,en,Latin,none,"The observer noted a clear altercation developing at the counter of the house around 02:28. A customer was contesting a distinct case of defective product delivery, showing clear evidence to the merchant, who continuously refused liability or proper resolution..","The observer noted a clear altercation developing at the counter of the house around 02:28. A customer was contesting a distinct case of defective product delivery, showing clear evidence to the merchant, who continuously refused liability or proper resolution..",clear_chronological,medium,chronological,neutral,none,False,False,False,2023-04-18,,,human_written,,unannotated,test
NAR000049_EN,SCN000049,en,Latin,none,guys heads up do NOT buy anything from that Online platform!! just experienced a massive refusal of service refund around 01:38 today. they completely cheated me on the transaction and refused a refund. super sketchy service watch out.,guys heads up do NOT buy anything from that Online platform!! just experienced a massive refusal of service refund around 01:38 today. they completely cheated me on the transaction and refused a refund. super sketchy service watch out.,clear_chronological,medium,chronological,neutral,none,False,False,False,2023-04-21,,,human_written,,unannotated,challenge
NAR000050_EN,SCN000050,en,Latin,none,omg someone just took my things at the Fuel station!!! occurred just now around 09:37 hours. anyone nearby please help or tell me where the nearest police booth is asap!! lost everything inside my bag.,omg someone just took my things at the Fuel station!!! occurred just now around 09:37 hours. anyone nearby please help or tell me where the nearest police booth is asap!! lost everything inside my bag.,clear_chronological,medium,chronological,neutral,none,False,False,False,2023-04-24,,,human_written,,unannotated,train
NAR000051_EN,SCN000051,en,Latin,none,"An employment dispute involving breach of employment contract escalated at the online platform at 02:40. The worker alleged severe breach of workplace regulations, seeking administrative or legal intervention to recover standard dues or ensure workplace safety..","An employment dispute involving breach of employment contract escalated at the online platform at 02:40. The worker alleged severe breach of workplace regulations, seeking administrative or legal intervention to recover standard dues or ensure workplace safety..",clear_chronological,medium,chronological,neutral,none,False,False,False,2023-04-25,,,human_written,,unannotated,challenge
NAR000052_EN,SCN000052,en,Latin,none,"I've been working at this factory for months, and around 02:15 yesterday, things hit a breaking point with a massive safe working conditions violation. They literally refused to settle what was rightfully owed to me and told me to just leave if I didn't like it. I'm so stressed about how I'm going to pay my rent..","I've been working at this factory for months, and around 02:15 yesterday, things hit a breaking point with a massive safe working conditions violation. They literally refused to settle what was rightfully owed to me and told me to just leave if I didn't like it. I'm so stressed about how I'm going to pay my rent..",clear_chronological,medium,chronological,neutral,none,False,False,False,2023-04-24,,,human_written,,unannotated,test
NAR000053_EN,SCN000053,en,Latin,none,"On the date of 2026-07-03, a formal consumer conflict classified as defective product delivery manifested during a commercial interaction at the designated house around 01:19. The transaction parameters reveal an explicit deviation from advertising claims or legal standards, directly compromising buyer safety and financial protection. Standard operational dispute channels were exhausted without success, prompting an escalation to statutory regulatory oversight mechanisms..","On the date of 2026-07-03, a formal consumer conflict classified as defective product delivery manifested during a commercial interaction at the designated house around 01:19. The transaction parameters reveal an explicit deviation from advertising claims or legal standards, directly compromising buyer safety and financial protection. Standard operational dispute channels were exhausted without success, prompting an escalation to statutory regulatory oversight mechanisms..",clear_chronological,medium,chronological,neutral,none,False,False,False,2023-05-04,,,human_written,,unannotated,train
NAR000054_EN,SCN000054,en,Latin,none,"A swift incident of vehicle theft took place at the local parking lot during peak hours. The victim lost valuable items instantly, and the unidentified suspect fled immediately before any bystanders could intervene..","A swift incident of vehicle theft took place at the local parking lot during peak hours. The victim lost valuable items instantly, and the unidentified suspect fled immediately before any bystanders could intervene..",clear_chronological,medium,chronological,neutral,none,False,False,False,2023-05-14,,,human_written,,unannotated,train
NAR000055_EN,SCN000055,en,Latin,none,guys stay away from the Parking lot right now! just witnessed a crazy reckless driving confrontation around 03:22 hours. cars are badly damaged and traffic is completely backed up. emergency services are arriving just now.,guys stay away from the Parking lot right now! just witnessed a crazy reckless driving confrontation around 03:22 hours. cars are badly damaged and traffic is completely backed up. emergency services are arriving just now.,clear_chronological,medium,chronological,neutral,none,False,False,False,2023-04-24,,,human_written,,unannotated,train
NAR000056_EN,SCN000056,en,Latin,none,"The internal auditor observed highly irregular transaction entries passing through the workplace around 07:50. Closer inspection confirmed a premeditated instance of insurance claim fraud, with the perpetrator executing unauthorized balance transfers using fraudulent credentials before logging out..","The internal auditor observed highly irregular transaction entries passing through the workplace around 07:50. Closer inspection confirmed a premeditated instance of insurance claim fraud, with the perpetrator executing unauthorized balance transfers using fraudulent credentials before logging out..",clear_chronological,medium,chronological,neutral,none,False,False,False,2023-05-21,,,human_written,,unannotated,test
NAR000057_EN,SCN000057,en,Latin,none,"The neighbor reported hearing intense shouting and objects breaking from the adjacent apartment around 16:24. Upon investigating, it appeared to be a severe case of spousal physical abuse transpiring within the household, prompting the neighbor to intervene and call for assistance..","The neighbor reported hearing intense shouting and objects breaking from the adjacent apartment around 16:24. Upon investigating, it appeared to be a severe case of spousal physical abuse transpiring within the household, prompting the neighbor to intervene and call for assistance..",clear_chronological,medium,chronological,neutral,none,False,False,False,2023-05-05,,,human_written,,unannotated,challenge
NAR000058_EN,SCN000058,en,Latin,none,hey guys warning someone hacked my account via phishing scam just now around 20:02!! if u get any weird text or payment requests from me DO NOT transfer any money it is a fraud scam click nothing.,hey guys warning someone hacked my account via phishing scam just now around 20:02!! if u get any weird text or payment requests from me DO NOT transfer any money it is a fraud scam click nothing.,clear_chronological,medium,chronological,neutral,none,False,False,False,2023-05-21,,,human_written,,unannotated,validation
NAR000059_EN,SCN000059,en,Latin,none,hey guys warning someone hacked my account via identity theft just now around 15:03!! if u get any weird text or payment requests from me DO NOT transfer any money it is a fraud scam click nothing.,hey guys warning someone hacked my account via identity theft just now around 15:03!! if u get any weird text or payment requests from me DO NOT transfer any money it is a fraud scam click nothing.,clear_chronological,medium,chronological,neutral,none,False,False,False,2023-05-10,,,human_written,,unannotated,test
NAR000060_EN,SCN000060,en,Latin,none,"An incident of online banking fraud compromised security systems across the specified Mobile app at 12:33. Electronic credentials were manipulated remotely by unknown malicious actors, triggering secondary security protocols..","An incident of online banking fraud compromised security systems across the specified Mobile app at 12:33. Electronic credentials were manipulated remotely by unknown malicious actors, triggering secondary security protocols..",clear_chronological,medium,chronological,neutral,none,False,False,False,2023-05-31,,,human_written,,unannotated,challenge
NAR000061_EN,SCN000061,en,Latin,none,"The observer noted a clear altercation developing at the counter of the hotel around 05:10. A customer was contesting a distinct case of overcharging and hidden fees, showing clear evidence to the merchant, who continuously refused liability or proper resolution..","The observer noted a clear altercation developing at the counter of the hotel around 05:10. A customer was contesting a distinct case of overcharging and hidden fees, showing clear evidence to the merchant, who continuously refused liability or proper resolution..",clear_chronological,medium,chronological,neutral,none,False,False,False,2023-05-22,,,human_written,,unannotated,challenge
NAR000062_EN,SCN000062,en,Latin,none,"Complainant reports unauthorized digital breach under identity theft framework. On 2026-07-14 at approx 02:45 hours, malicious payloads or fraudulent links were deployed to misappropriate assets or credentials via Online platform. Digital logs preserved for forensic analysis..","Complainant reports unauthorized digital breach under identity theft framework. On 2026-07-14 at approx 02:45 hours, malicious payloads or fraudulent links were deployed to misappropriate assets or credentials via Online platform. Digital logs preserved for forensic analysis..",clear_chronological,medium,chronological,neutral,none,False,False,False,2023-05-13,,,human_written,,unannotated,test
NAR000063_EN,SCN000063,en,Latin,none,"Dear Legal Counsel / Mediation Cell, I am writing to formally report a non-compliance issue regarding our ongoing restitution of conjugal rights at the residence. The definitive breach occurred on 2026-07-18 at 22:59 hours, wherein the counter-party unilaterally altered agreed-upon familial or financial maintenance parameters..","Dear Legal Counsel / Mediation Cell, I am writing to formally report a non-compliance issue regarding our ongoing restitution of conjugal rights at the residence. The definitive breach occurred on 2026-07-18 at 22:59 hours, wherein the counter-party unilaterally altered agreed-upon familial or financial maintenance parameters..",clear_chronological,medium,chronological,neutral,none,False,False,False,2023-05-19,,,human_written,,unannotated,test
NAR000064_EN,SCN000064,en,Latin,none,"Complainant states that on 2026-07-02 at approximately 22:40 hours, an incident of online phishing theft occurred at Mobile app. The perpetrator description matches a male individual height approx 5'8"". Property loss reported. Case registered under relevant sections..","Complainant states that on 2026-07-02 at approximately 22:40 hours, an incident of online phishing theft occurred at Mobile app. The perpetrator description matches a male individual height approx 5'8"". Property loss reported. Case registered under relevant sections..",clear_chronological,medium,chronological,neutral,none,False,False,False,2023-06-11,,,human_written,,unannotated,test
NAR000065_EN,SCN000065,en,Latin,none,guys heads up do NOT buy anything from that Hotel!! just experienced a massive overcharging and hidden fees around 21:34 today. they completely cheated me on the transaction and refused a refund. super sketchy service watch out.,guys heads up do NOT buy anything from that Hotel!! just experienced a massive overcharging and hidden fees around 21:34 today. they completely cheated me on the transaction and refused a refund. super sketchy service watch out.,clear_chronological,medium,chronological,neutral,none,False,False,False,2023-05-19,,,human_written,,unannotated,validation
NAR000066_EN,SCN000066,en,Latin,none,"A swift incident of online phishing theft took place at the local mobile app during peak hours. The victim lost valuable items instantly, and the unidentified suspect fled immediately before any bystanders could intervene..","A swift incident of online phishing theft took place at the local mobile app during peak hours. The victim lost valuable items instantly, and the unidentified suspect fled immediately before any bystanders could intervene..",clear_chronological,medium,chronological,neutral,none,False,False,False,2023-06-08,,,human_written,,unannotated,test
NAR000067_EN,SCN000067,en,Latin,none,"So I was driving along the highway around 22:15 today, when this car suddenly sped out and caused a complete hit and run collision! The driver didn't even stop to check if anyone was hurt, they just accelerated away immediately. I'm still shaking from the shock..","So I was driving along the highway around 22:15 today, when this car suddenly sped out and caused a complete hit and run collision! The driver didn't even stop to check if anyone was hurt, they just accelerated away immediately. I'm still shaking from the shock..",clear_chronological,medium,chronological,neutral,none,False,False,False,2023-05-25,,,human_written,,unannotated,challenge
NAR000068_EN,SCN000068,en,Latin,none,"So I was driving along the alleyway around 19:29 today, when this car suddenly sped out and caused a complete illegal parking blockage! The driver didn't even stop to check if anyone was hurt, they just accelerated away immediately. I'm still shaking from the shock..","So I was driving along the alleyway around 19:29 today, when this car suddenly sped out and caused a complete illegal parking blockage! The driver didn't even stop to check if anyone was hurt, they just accelerated away immediately. I'm still shaking from the shock..",clear_chronological,medium,chronological,neutral,none,False,False,False,2023-06-05,,,human_written,,unannotated,challenge
NAR000069_EN,SCN000069,en,Latin,none,"Complainant states that on 2026-06-26 at approximately 17:06 hours, a transaction dispute involving false advertising and misrepresentation occurred at Online platform. The vendor reportedly engaged in unfair trade practices, failing to resolve the commercial non-compliance. Relevant purchase invoices have been logged..","Complainant states that on 2026-06-26 at approximately 17:06 hours, a transaction dispute involving false advertising and misrepresentation occurred at Online platform. The vendor reportedly engaged in unfair trade practices, failing to resolve the commercial non-compliance. Relevant purchase invoices have been logged..",clear_chronological,medium,chronological,neutral,none,False,False,False,2023-06-22,,,human_written,,unannotated,challenge
NAR000070_EN,SCN000070,en,Latin,none,"A family civil dispute categorized as child custody dispute manifested within a private residence at 15:35. The incident centers around contested guardianship or maintenance rights, necessitating institutional mediation under family law statues..","A family civil dispute categorized as child custody dispute manifested within a private residence at 15:35. The incident centers around contested guardianship or maintenance rights, necessitating institutional mediation under family law statues..",clear_chronological,medium,chronological,neutral,none,False,False,False,2023-05-30,,,human_written,,unannotated,challenge
NAR000071_EN,SCN000071,en,Latin,none,"Complainant registers a family matter notification involving an active alimony and maintenance claim at the premises. On 2026-07-09 at approximately 21:26 hours, an escalation occurred regarding legal compliance or child visitation parameters. Relevant documentation has been requested for family court presentation..","Complainant registers a family matter notification involving an active alimony and maintenance claim at the premises. On 2026-07-09 at approximately 21:26 hours, an escalation occurred regarding legal compliance or child visitation parameters. Relevant documentation has been requested for family court presentation..",clear_chronological,medium,chronological,neutral,none,False,False,False,2023-06-26,,,human_written,,unannotated,challenge
NAR000072_EN,SCN000072,en,Latin,none,"On the afternoon of 2026-06-30, an escalating conflict classified under online harassment & threats manifested at the specified online platform. Initial verbal friction rapidly degenerated into targeted hostility, establishing clear intent of intimidation and potential bodily harm. The victim sought refuge immediately while nearby witnesses attempted to de-escalate the situation. Security personnel were subsequently informed to review the breach of safety within the jurisdiction..","On the afternoon of 2026-06-30, an escalating conflict classified under online harassment & threats manifested at the specified online platform. Initial verbal friction rapidly degenerated into targeted hostility, establishing clear intent of intimidation and potential bodily harm. The victim sought refuge immediately while nearby witnesses attempted to de-escalate the situation. Security personnel were subsequently informed to review the breach of safety within the jurisdiction..",clear_chronological,medium,chronological,neutral,none,False,False,False,2023-06-16,,,human_written,,unannotated,train
NAR000073_EN,SCN000073,en,Latin,none,guys please help they are trying to take over the Agricultural land right now!! experiencing a severe land encroachment since 03:11. they brought workers and are breaking down boundaries. please check if anyone can come over fast.,guys please help they are trying to take over the Agricultural land right now!! experiencing a severe land encroachment since 03:11. they brought workers and are breaking down boundaries. please check if anyone can come over fast.,clear_chronological,medium,chronological,neutral,none,False,False,False,2023-06-27,,,human_written,,unannotated,challenge
NAR000074_EN,SCN000074,en,Latin,none,"On the morning of 2026-07-17, a sophisticated financial manipulation strategy matching the parameters of insurance claim fraud was discovered at the designated office around 15:27 hours. The transaction logs indicate that highly specialized methods were utilized to manipulate verification nodes, enabling the illicit diversion of capital. Internal risk assets teams have initiated emergency containment protocols while formal complaints are being forwarded to statutory economic offenses wings within the state jurisdiction..","On the morning of 2026-07-17, a sophisticated financial manipulation strategy matching the parameters of insurance claim fraud was discovered at the designated office around 15:27 hours. The transaction logs indicate that highly specialized methods were utilized to manipulate verification nodes, enabling the illicit diversion of capital. Internal risk assets teams have initiated emergency containment protocols while formal complaints are being forwarded to statutory economic offenses wings within the state jurisdiction..",clear_chronological,medium,chronological,neutral,none,False,False,False,2023-06-20,,,human_written,,unannotated,challenge
NAR000075_EN,SCN000075,en,Latin,none,"The observer witnessed an intense community argument unfolding near the house around 13:06. Several individuals were actively contesting an instance of illegal property possession, with local residents stepping in to prevent physical escalation before authorities were notified..","The observer witnessed an intense community argument unfolding near the house around 13:06. Several individuals were actively contesting an instance of illegal property possession, with local residents stepping in to prevent physical escalation before authorities were notified..",clear_chronological,medium,chronological,neutral,none,False,False,False,2023-07-04,,,human_written,,unannotated,train
NAR000076_EN,SCN000076,en,Latin,none,"So I was just standing at the marketplace around 12:35 yesterday, checking my phone, when this guy suddenly rushed past me and grabbed my belongings out of nowhere! I didn't even have time to react or see his face properly. Totally shocked..","So I was just standing at the marketplace around 12:35 yesterday, checking my phone, when this guy suddenly rushed past me and grabbed my belongings out of nowhere! I didn't even have time to react or see his face properly. Totally shocked..",clear_chronological,medium,chronological,neutral,none,False,False,False,2023-06-26,,,human_written,,unannotated,validation
NAR000077_EN,SCN000077,en,Latin,none,"So I was waiting at the apartment around 13:34 today for my scheduled meeting, when my ex turned up and started an absolute argument over our guardianship dispute. They completely refused to abide by what the court originally decided. I'm just so drained by this ongoing legal battle..","So I was waiting at the apartment around 13:34 today for my scheduled meeting, when my ex turned up and started an absolute argument over our guardianship dispute. They completely refused to abide by what the court originally decided. I'm just so drained by this ongoing legal battle..",clear_chronological,medium,chronological,neutral,none,False,False,False,2023-07-03,,,human_written,,unannotated,train
NAR000078_EN,SCN000078,en,Latin,none,he is screaming and throwing things again it's really bad dowry harassment right now at home since 03:03 hours. please call someone or come over i am hiding in the washroom right now text me back please.,he is screaming and throwing things again it's really bad dowry harassment right now at home since 03:03 hours. please call someone or come over i am hiding in the washroom right now text me back please.,clear_chronological,medium,chronological,neutral,none,False,False,False,2023-06-25,,,human_written,,unannotated,test
NAR000079_EN,SCN000079,en,Latin,none,"The observer noticed two suspicious individuals loitering near the road around 08:06. Shortly after, they approached the victim from behind, forcefully committed chain snatching, and fled the scene on a two-wheeler heading north..","The observer noticed two suspicious individuals loitering near the road around 08:06. Shortly after, they approached the victim from behind, forcefully committed chain snatching, and fled the scene on a two-wheeler heading north..",clear_chronological,medium,chronological,neutral,none,False,False,False,2023-06-16,,,human_written,,unannotated,train
NAR000080_EN,SCN000080,en,Latin,none,"A property conflict classified under inheritance property claim was documented at the plot at 10:41. The dispute involves contested boundaries and ownership titles, requiring civil or criminal mediation to preserve public order..","A property conflict classified under inheritance property claim was documented at the plot at 10:41. The dispute involves contested boundaries and ownership titles, requiring civil or criminal mediation to preserve public order..",clear_chronological,medium,chronological,neutral,none,False,False,False,2023-06-27,,,human_written,,unannotated,test
NAR000081_EN,SCN000081,en,Latin,none,"Dear Human Resources and Labor Commissioner, I am writing to formally lodge a grievance regarding the ongoing pattern of breach of employment contract within the Online platform. The definitive breach transpired on 2026-07-06 at 04:43 hours, violating explicit terms of my employment contract and local statutory codes..","Dear Human Resources and Labor Commissioner, I am writing to formally lodge a grievance regarding the ongoing pattern of breach of employment contract within the Online platform. The definitive breach transpired on 2026-07-06 at 04:43 hours, violating explicit terms of my employment contract and local statutory codes..",clear_chronological,medium,chronological,neutral,none,False,False,False,2023-07-05,,,human_written,,unannotated,validation
NAR000082_EN,SCN000082,en,Latin,none,"On the afternoon of 2026-06-28, a long-standing land friction culminated in an explicit case of tenant-landlord conflict at the designated house around 23:37 hours. The incident involved rival claimants attempting physical occupation or structural modification without valid legal injunctions. Local law enforcement intervened to mandate a status quo until the appropriate regional civil courts review the structural registration parameters and revenue maps under the state jurisdiction..","On the afternoon of 2026-06-28, a long-standing land friction culminated in an explicit case of tenant-landlord conflict at the designated house around 23:37 hours. The incident involved rival claimants attempting physical occupation or structural modification without valid legal injunctions. Local law enforcement intervened to mandate a status quo until the appropriate regional civil courts review the structural registration parameters and revenue maps under the state jurisdiction..",clear_chronological,medium,chronological,neutral,none,False,False,False,2023-07-11,,,human_written,,unannotated,challenge
NAR000083_EN,SCN000083,en,Latin,none,guys stay away from the Alleyway right now! just witnessed a crazy illegal parking blockage around 02:39 hours. cars are badly damaged and traffic is completely backed up. emergency services are arriving just now.,guys stay away from the Alleyway right now! just witnessed a crazy illegal parking blockage around 02:39 hours. cars are badly damaged and traffic is completely backed up. emergency services are arriving just now.,clear_chronological,medium,chronological,neutral,none,False,False,False,2023-06-24,,,human_written,,unannotated,validation
NAR000084_EN,SCN000084,en,Latin,none,"On the date of 2026-07-03, a formal consumer conflict classified as false advertising and misrepresentation manifested during a commercial interaction at the designated showroom around 01:34. The transaction parameters reveal an explicit deviation from advertising claims or legal standards, directly compromising buyer safety and financial protection. Standard operational dispute channels were exhausted without success, prompting an escalation to statutory regulatory oversight mechanisms..","On the date of 2026-07-03, a formal consumer conflict classified as false advertising and misrepresentation manifested during a commercial interaction at the designated showroom around 01:34. The transaction parameters reveal an explicit deviation from advertising claims or legal standards, directly compromising buyer safety and financial protection. Standard operational dispute channels were exhausted without success, prompting an escalation to statutory regulatory oversight mechanisms..",clear_chronological,medium,chronological,neutral,none,False,False,False,2023-07-23,,,human_written,,unannotated,train
NAR000085_EN,SCN000085,en,Latin,none,"Complainant reports a structured financial offense falling under the category of insurance claim fraud at the office. The incident occurred on 2026-07-18 at approximately 07:31 hours, wherein deceptive documentation was presented to misappropriate corporate or individual monetary assets. Audit trails have been preserved..","Complainant reports a structured financial offense falling under the category of insurance claim fraud at the office. The incident occurred on 2026-07-18 at approximately 07:31 hours, wherein deceptive documentation was presented to misappropriate corporate or individual monetary assets. Audit trails have been preserved..",clear_chronological,medium,chronological,neutral,none,False,False,False,2023-07-21,,,human_written,,unannotated,train
NAR000086_EN,SCN000086,en,Latin,none,"Dear Management, I am writing to formally log a grievance regarding a distressing incident of physical altercation that occurred today at approximately 11:34 within the Road. The aggressive posturing and direct threats have created an incredibly hostile and unsafe environment..","Dear Management, I am writing to formally log a grievance regarding a distressing incident of physical altercation that occurred today at approximately 11:34 within the Road. The aggressive posturing and direct threats have created an incredibly hostile and unsafe environment..",clear_chronological,medium,chronological,neutral,none,False,False,False,2023-07-04,,,human_written,,unannotated,challenge
NAR000087_EN,SCN000087,en,Latin,none,"Complainant reports unauthorized digital breach under phishing scam framework. On 2026-07-05 at approx 17:14 hours, malicious payloads or fraudulent links were deployed to misappropriate assets or credentials via Online platform. Digital logs preserved for forensic analysis..","Complainant reports unauthorized digital breach under phishing scam framework. On 2026-07-05 at approx 17:14 hours, malicious payloads or fraudulent links were deployed to misappropriate assets or credentials via Online platform. Digital logs preserved for forensic analysis..",clear_chronological,medium,chronological,neutral,none,False,False,False,2023-07-11,,,human_written,,unannotated,challenge
NAR000088_EN,SCN000088,en,Latin,none,"Dear Protection Officer, I am writing to formally report an escalating pattern of domestic violence, specifically intimate partner violence, at my residence. The latest major confrontation took place on 2026-06-28 around 19:44. I urgently request legal assistance and protective measures..","Dear Protection Officer, I am writing to formally report an escalating pattern of domestic violence, specifically intimate partner violence, at my residence. The latest major confrontation took place on 2026-06-28 around 19:44. I urgently request legal assistance and protective measures..",clear_chronological,medium,chronological,neutral,none,False,False,False,2023-07-06,,,human_written,,unannotated,challenge
NAR000089_EN,SCN000089,en,Latin,none,"The internal auditor observed highly irregular transaction entries passing through the office around 06:20. Closer inspection confirmed a premeditated instance of loan approval scam, with the perpetrator executing unauthorized balance transfers using fraudulent credentials before logging out..","The internal auditor observed highly irregular transaction entries passing through the office around 06:20. Closer inspection confirmed a premeditated instance of loan approval scam, with the perpetrator executing unauthorized balance transfers using fraudulent credentials before logging out..",clear_chronological,medium,chronological,neutral,none,False,False,False,2023-07-15,,,human_written,,unannotated,train
NAR000090_EN,SCN000090,en,Latin,none,he is screaming and throwing things again it's really bad dowry harassment right now at home since 01:06 hours. please call someone or come over i am hiding in the washroom right now text me back please.,he is screaming and throwing things again it's really bad dowry harassment right now at home since 01:06 hours. please call someone or come over i am hiding in the washroom right now text me back please.,clear_chronological,medium,chronological,neutral,none,False,False,False,2023-07-30,,,human_written,,unannotated,train
NAR000091_EN,SCN000091,en,Latin,none,"Complainant reports ongoing domestic grievances at the shared residence. On 2026-07-07 at 03:42 hours, a severe incident involving spousal physical abuse occurred, resulting in immediate emotional and physical distress. Intervention was requested by the victim's family members..","Complainant reports ongoing domestic grievances at the shared residence. On 2026-07-07 at 03:42 hours, a severe incident involving spousal physical abuse occurred, resulting in immediate emotional and physical distress. Intervention was requested by the victim's family members..",clear_chronological,medium,chronological,neutral,none,False,False,False,2023-07-10,,,human_written,,unannotated,test
NAR000092_EN,SCN000092,en,Latin,none,omg someone just took my things at the Marketplace!!! occurred just now around 03:24 hours. anyone nearby please help or tell me where the nearest police booth is asap!! lost everything inside my bag.,omg someone just took my things at the Marketplace!!! occurred just now around 03:24 hours. anyone nearby please help or tell me where the nearest police booth is asap!! lost everything inside my bag.,clear_chronological,medium,chronological,neutral,none,False,False,False,2023-08-03,,,human_written,,unannotated,validation
NAR000093_EN,SCN000093,en,Latin,none,"Complainant states that on 2026-07-12 at approximately 17:07 hours, a transaction dispute involving refusal of service refund occurred at Workplace. The vendor reportedly engaged in unfair trade practices, failing to resolve the commercial non-compliance. Relevant purchase invoices have been logged..","Complainant states that on 2026-07-12 at approximately 17:07 hours, a transaction dispute involving refusal of service refund occurred at Workplace. The vendor reportedly engaged in unfair trade practices, failing to resolve the commercial non-compliance. Relevant purchase invoices have been logged..",clear_chronological,medium,chronological,neutral,none,False,False,False,2023-07-14,,,human_written,,unannotated,test
NAR000094_EN,SCN000094,en,Latin,none,"hey guys, my ex just blocked me from seeing the kids / resolving the divorce proceedings conflict at the Apartment around 09:43 today. completely violating the current terms. does anyone know a reliable family court lawyer who can file an urgent motion tomorrow?.","hey guys, my ex just blocked me from seeing the kids / resolving the divorce proceedings conflict at the Apartment around 09:43 today. completely violating the current terms. does anyone know a reliable family court lawyer who can file an urgent motion tomorrow?.",clear_chronological,medium,chronological,neutral,none,False,False,False,2023-07-31,,,human_written,,unannotated,challenge
NAR000095_EN,SCN000095,en,Latin,none,"An employment dispute involving breach of employment contract escalated at the online platform at 22:26. The worker alleged severe breach of workplace regulations, seeking administrative or legal intervention to recover standard dues or ensure workplace safety..","An employment dispute involving breach of employment contract escalated at the online platform at 22:26. The worker alleged severe breach of workplace regulations, seeking administrative or legal intervention to recover standard dues or ensure workplace safety..",clear_chronological,medium,chronological,neutral,none,False,False,False,2023-08-11,,,human_written,,unannotated,test
NAR000096_EN,SCN000096,en,Latin,none,"An employment dispute involving safe working conditions violation escalated at the construction site at 11:39. The worker alleged severe breach of workplace regulations, seeking administrative or legal intervention to recover standard dues or ensure workplace safety..","An employment dispute involving safe working conditions violation escalated at the construction site at 11:39. The worker alleged severe breach of workplace regulations, seeking administrative or legal intervention to recover standard dues or ensure workplace safety..",clear_chronological,medium,chronological,neutral,none,False,False,False,2023-08-14,,,human_written,,unannotated,challenge
NAR000097_EN,SCN000097,en,Latin,none,"Complainant reports ongoing domestic grievances at the shared residence. On 2026-06-23 at 18:16 hours, a severe incident involving economic deprivation occurred, resulting in immediate emotional and physical distress. Intervention was requested by the victim's family members..","Complainant reports ongoing domestic grievances at the shared residence. On 2026-06-23 at 18:16 hours, a severe incident involving economic deprivation occurred, resulting in immediate emotional and physical distress. Intervention was requested by the victim's family members..",clear_chronological,medium,chronological,neutral,none,False,False,False,2023-08-05,,,human_written,,unannotated,train
NAR000098_EN,SCN000098,en,Latin,none,"Dear Management, I am writing to formally log a grievance regarding a distressing incident of physical altercation that occurred today at approximately 00:18 within the Hostel. The aggressive posturing and direct threats have created an incredibly hostile and unsafe environment..","Dear Management, I am writing to formally log a grievance regarding a distressing incident of physical altercation that occurred today at approximately 00:18 within the Hostel. The aggressive posturing and direct threats have created an incredibly hostile and unsafe environment..",clear_chronological,medium,chronological,neutral,none,False,False,False,2023-08-19,,,human_written,,unannotated,test
NAR000099_EN,SCN000099,en,Latin,none,"Dear Municipal Authorities, I am writing to formally log a civic grievance regarding the ongoing pattern of minor civic infrastructure issue at the Alleyway. The latest escalation occurred on 2026-07-18 at 10:23 hours, causing localized hazards that require immediate civic attention..","Dear Municipal Authorities, I am writing to formally log a civic grievance regarding the ongoing pattern of minor civic infrastructure issue at the Alleyway. The latest escalation occurred on 2026-07-18 at 10:23 hours, causing localized hazards that require immediate civic attention..",clear_chronological,medium,chronological,neutral,none,False,False,False,2023-07-31,,,human_written,,unannotated,test
NAR000100_EN,SCN000100,en,Latin,none,"The observer noted a clear altercation developing at the counter of the shop around 05:38. A customer was contesting a distinct case of refusal of service refund, showing clear evidence to the merchant, who continuously refused liability or proper resolution..","The observer noted a clear altercation developing at the counter of the shop around 05:38. A customer was contesting a distinct case of refusal of service refund, showing clear evidence to the merchant, who continuously refused liability or proper resolution..",clear_chronological,medium,chronological,neutral,none,False,False,False,2023-08-17,,,human_written,,unannotated,train
NAR000201_EN,SCN000201,en,Latin,none,"Dear Cyber Crime Portal, I am writing to register an official cybercrime incident regarding identity theft that targets my system. At 18:51 on 2026-07-17, illegal server access was achieved through the Online platform, leading to severe data breach and financial compromise..","Dear Cyber Crime Portal, I am writing to register an official cybercrime incident regarding identity theft that targets my system. At 18:51 on 2026-07-17, illegal server access was achieved through the Online platform, leading to severe data breach and financial compromise..",clear_chronological,medium,chronological,neutral,none,False,False,False,2024-03-24,,,human_written,,unannotated,train
NAR000202_EN,SCN000202,en,Latin,none,"So I went out to check my agricultural land around 13:38 today, and I saw they were actively setting up structures on my side! When I confronted them about this blatant land encroachment, they straight up threatened me and refused to move back. I am so stressed out right now..","So I went out to check my agricultural land around 13:38 today, and I saw they were actively setting up structures on my side! When I confronted them about this blatant land encroachment, they straight up threatened me and refused to move back. I am so stressed out right now..",clear_chronological,medium,chronological,neutral,none,False,False,False,2024-03-02,,,human_written,,unannotated,validation
NAR000203_EN,SCN000203,en,Latin,none,guys please help they are trying to take over the Plot right now!! experiencing a severe boundary wall dispute since 14:04. they brought workers and are breaking down boundaries. please check if anyone can come over fast.,guys please help they are trying to take over the Plot right now!! experiencing a severe boundary wall dispute since 14:04. they brought workers and are breaking down boundaries. please check if anyone can come over fast.,clear_chronological,medium,chronological,neutral,none,False,False,False,2024-03-18,,,human_written,,unannotated,validation
NAR000204_EN,SCN000204,en,Latin,none,"The system administrator observed anomalous traffic originating from unauthorized servers around 07:12, confirming a systemwide cyberstalking. The victim was actively manipulated into bypassing authentication protocols on the Online platform platform..","The system administrator observed anomalous traffic originating from unauthorized servers around 07:12, confirming a systemwide cyberstalking. The victim was actively manipulated into bypassing authentication protocols on the Online platform platform..",clear_chronological,medium,chronological,neutral,none,False,False,False,2024-03-27,,,human_written,,unannotated,test
NAR000205_EN,SCN000205,en,Latin,none,"So I was waiting at the apartment around 12:20 today for my scheduled meeting, when my ex turned up and started an absolute argument over our child custody dispute. They completely refused to abide by what the court originally decided. I'm just so drained by this ongoing legal battle..","So I was waiting at the apartment around 12:20 today for my scheduled meeting, when my ex turned up and started an absolute argument over our child custody dispute. They completely refused to abide by what the court originally decided. I'm just so drained by this ongoing legal battle..",clear_chronological,medium,chronological,neutral,none,False,False,False,2024-03-25,,,human_written,,unannotated,test
NAR000206_EN,SCN000206,en,Latin,none,"On the date of 2026-07-05, a highly contentious domestic incident manifesting as economic deprivation occurred within the private residence. The conflict reportedly originated from long-standing domestic pressures and rapidly intensified into aggressive behavior around 17:57. The victim sustained significant psychological and physical strain before external family structures could be notified. Local authorities are reviewing the continuous pattern of behavior under the protection laws of the jurisdiction..","On the date of 2026-07-05, a highly contentious domestic incident manifesting as economic deprivation occurred within the private residence. The conflict reportedly originated from long-standing domestic pressures and rapidly intensified into aggressive behavior around 17:57. The victim sustained significant psychological and physical strain before external family structures could be notified. Local authorities are reviewing the continuous pattern of behavior under the protection laws of the jurisdiction..",clear_chronological,medium,chronological,neutral,none,False,False,False,2024-03-22,,,human_written,,unannotated,train
NAR000207_EN,SCN000207,en,Latin,none,"Complainant registers a formal grievance concerning employer violations under the category of unpaid wage dispute at the designated workplace. The incident occurred on 2026-06-22 at approximately 20:03 hours, wherein the management failed to comply with statutory labor provisions. Corporate payroll and logs have been requested..","Complainant registers a formal grievance concerning employer violations under the category of unpaid wage dispute at the designated workplace. The incident occurred on 2026-06-22 at approximately 20:03 hours, wherein the management failed to comply with statutory labor provisions. Corporate payroll and logs have been requested..",clear_chronological,medium,chronological,neutral,none,False,False,False,2024-03-16,,,human_written,,unannotated,train
NAR000208_EN,SCN000208,en,Latin,none,"Complainant registers a family matter notification involving an active restitution of conjugal rights at the premises. On 2026-07-06 at approximately 23:59 hours, an escalation occurred regarding legal compliance or child visitation parameters. Relevant documentation has been requested for family court presentation..","Complainant registers a family matter notification involving an active restitution of conjugal rights at the premises. On 2026-07-06 at approximately 23:59 hours, an escalation occurred regarding legal compliance or child visitation parameters. Relevant documentation has been requested for family court presentation..",clear_chronological,medium,chronological,neutral,none,False,False,False,2024-03-11,,,human_written,,unannotated,test
NAR000209_EN,SCN000209,en,Latin,none,"The observer witnessed an intense disagreement between the management and an employee inside the workplace around 23:44. The context of the dispute was clearly a severe case of workplace harassment, with the supervisor dismissing the employee's legitimate safety or financial claims arbitrarily..","The observer witnessed an intense disagreement between the management and an employee inside the workplace around 23:44. The context of the dispute was clearly a severe case of workplace harassment, with the supervisor dismissing the employee's legitimate safety or financial claims arbitrarily..",clear_chronological,medium,chronological,neutral,none,False,False,False,2024-03-27,,,human_written,,unannotated,challenge
NAR000210_EN,SCN000210,en,Latin,none,"The observer witnessed an intense community argument unfolding near the agricultural land around 18:19. Several individuals were actively contesting an instance of land encroachment, with local residents stepping in to prevent physical escalation before authorities were notified..","The observer witnessed an intense community argument unfolding near the agricultural land around 18:19. Several individuals were actively contesting an instance of land encroachment, with local residents stepping in to prevent physical escalation before authorities were notified..",clear_chronological,medium,chronological,neutral,none,False,False,False,2024-03-28,,,human_written,,unannotated,validation
NAR000211_EN,SCN000211,en,Latin,none,"So I was just standing at the bank around 23:33 yesterday, checking my phone, when this guy suddenly rushed past me and grabbed my belongings out of nowhere! I didn't even have time to react or see his face properly. Totally shocked..","So I was just standing at the bank around 23:33 yesterday, checking my phone, when this guy suddenly rushed past me and grabbed my belongings out of nowhere! I didn't even have time to react or see his face properly. Totally shocked..",clear_chronological,medium,chronological,neutral,none,False,False,False,2024-04-20,,,human_written,,unannotated,challenge
NAR000212_EN,SCN000212,en,Latin,none,"The observer noticed two suspicious individuals loitering near the shop around 23:10. Shortly after, they approached the victim from behind, forcefully committed shopbreaking, and fled the scene on a two-wheeler heading north..","The observer noticed two suspicious individuals loitering near the shop around 23:10. Shortly after, they approached the victim from behind, forcefully committed shopbreaking, and fled the scene on a two-wheeler heading north..",clear_chronological,medium,chronological,neutral,none,False,False,False,2024-04-07,,,human_written,,unannotated,challenge
NAR000213_EN,SCN000213,en,Latin,none,"Complainant states that on 2026-06-28 at approximately 02:30 hours, an incident of vehicle theft occurred at Garage. The perpetrator description matches a male individual height approx 5'8"". Property loss reported. Case registered under relevant sections..","Complainant states that on 2026-06-28 at approximately 02:30 hours, an incident of vehicle theft occurred at Garage. The perpetrator description matches a male individual height approx 5'8"". Property loss reported. Case registered under relevant sections..",clear_chronological,medium,chronological,neutral,none,False,False,False,2024-03-27,,,human_written,,unannotated,challenge
NAR000214_EN,SCN000214,en,Latin,none,"A transactional incident concerning refusal of service refund broke out at the local online platform at 01:13. The buyer alleged a direct breach of contractual terms regarding product quality or billing accuracy, resulting in an active consumer dispute..","A transactional incident concerning refusal of service refund broke out at the local online platform at 01:13. The buyer alleged a direct breach of contractual terms regarding product quality or billing accuracy, resulting in an active consumer dispute..",clear_chronological,medium,chronological,neutral,none,False,False,False,2024-04-27,,,human_written,,unannotated,test
NAR000215_EN,SCN000215,en,Latin,none,he is screaming and throwing things again it's really bad emotional and verbal abuse right now at home since 17:47 hours. please call someone or come over i am hiding in the washroom right now text me back please.,he is screaming and throwing things again it's really bad emotional and verbal abuse right now at home since 17:47 hours. please call someone or come over i am hiding in the washroom right now text me back please.,clear_chronological,medium,chronological,neutral,none,False,False,False,2024-04-23,,,human_written,,unannotated,test
NAR000216_EN,SCN000216,en,Latin,none,"Complainant reports unauthorized digital breach under cyberstalking framework. On 2026-06-27 at approx 19:56 hours, malicious payloads or fraudulent links were deployed to misappropriate assets or credentials via Hostel. Digital logs preserved for forensic analysis..","Complainant reports unauthorized digital breach under cyberstalking framework. On 2026-06-27 at approx 19:56 hours, malicious payloads or fraudulent links were deployed to misappropriate assets or credentials via Hostel. Digital logs preserved for forensic analysis..",clear_chronological,medium,chronological,neutral,none,False,False,False,2024-04-03,,,human_written,,unannotated,test
NAR000217_EN,SCN000217,en,Latin,none,"On the date of 2026-06-29, a major civil friction classified under child custody dispute escalated during a familial meeting at the designated house at approximately 22:48 hours. The dispute involves competing claims regarding maintenance allocations or custody arrangements, leading to severe communication breakdown between the principal parties. The current circumstances indicate an immediate requirement for legal intervention to mandate adherence to statutory family frameworks within the state jurisdiction..","On the date of 2026-06-29, a major civil friction classified under child custody dispute escalated during a familial meeting at the designated house at approximately 22:48 hours. The dispute involves competing claims regarding maintenance allocations or custody arrangements, leading to severe communication breakdown between the principal parties. The current circumstances indicate an immediate requirement for legal intervention to mandate adherence to statutory family frameworks within the state jurisdiction..",clear_chronological,medium,chronological,neutral,none,False,False,False,2024-04-13,,,human_written,,unannotated,validation
NAR000218_EN,SCN000218,en,Latin,none,"Complainant states that on 2026-06-24 at approximately 19:53 hours, a severe case of online harassment & threats transpired at Online platform. The accused allegedly engaged in hostile behavior, posing immediate threat to the victim. Medical examination conducted where applicable..","Complainant states that on 2026-06-24 at approximately 19:53 hours, a severe case of online harassment & threats transpired at Online platform. The accused allegedly engaged in hostile behavior, posing immediate threat to the victim. Medical examination conducted where applicable..",clear_chronological,medium,chronological,neutral,none,False,False,False,2024-04-05,,,human_written,,unannotated,validation
NAR000219_EN,SCN000219,en,Latin,none,"On the date of 2026-07-10, a major incidence of house burglary was executed at the designated villa under complex environmental circumstances. The perpetrator leveraged the crowded nature of the location to approach undetected, exploiting a momentary lapse in security vigilance. Following the commission of the act, the individual navigated through the exit corridors effectively evading immediate pursuit. Emergency services were notified subsequently, initiating a localized investigation into the security vulnerabilities of this particular jurisdiction..","On the date of 2026-07-10, a major incidence of house burglary was executed at the designated villa under complex environmental circumstances. The perpetrator leveraged the crowded nature of the location to approach undetected, exploiting a momentary lapse in security vigilance. Following the commission of the act, the individual navigated through the exit corridors effectively evading immediate pursuit. Emergency services were notified subsequently, initiating a localized investigation into the security vulnerabilities of this particular jurisdiction..",clear_chronological,medium,chronological,neutral,none,False,False,False,2024-04-23,,,human_written,,unannotated,challenge
NAR000220_EN,SCN000220,en,Latin,none,"An incident involving sudden verbal intimidation broke out at the residential street around 20:57. The aggressor initiated intense physical or verbal hostility against the victim, forcing bystanders to intervene to prevent further escalation..","An incident involving sudden verbal intimidation broke out at the residential street around 20:57. The aggressor initiated intense physical or verbal hostility against the victim, forcing bystanders to intervene to prevent further escalation..",clear_chronological,medium,chronological,neutral,none,False,False,False,2024-05-01,,,human_written,,unannotated,train
NAR000221_EN,SCN000221,en,Latin,none,hey guys warning someone hacked my account via ransomware attack just now around 15:19!! if u get any weird text or payment requests from me DO NOT transfer any money it is a fraud scam click nothing.,hey guys warning someone hacked my account via ransomware attack just now around 15:19!! if u get any weird text or payment requests from me DO NOT transfer any money it is a fraud scam click nothing.,clear_chronological,medium,chronological,neutral,none,False,False,False,2024-04-29,,,human_written,,unannotated,challenge
NAR000222_EN,SCN000222,en,Latin,none,guys please help they are trying to take over the Shop right now!! experiencing a severe illegal property possession since 04:18. they brought workers and are breaking down boundaries. please check if anyone can come over fast.,guys please help they are trying to take over the Shop right now!! experiencing a severe illegal property possession since 04:18. they brought workers and are breaking down boundaries. please check if anyone can come over fast.,clear_chronological,medium,chronological,neutral,none,False,False,False,2024-04-16,,,human_written,,unannotated,validation
NAR000223_EN,SCN000223,en,Latin,none,"Complainant states that on 2026-06-25 at approximately 15:38 hours, a severe case of verbal intimidation transpired at Shop. The accused allegedly engaged in hostile behavior, posing immediate threat to the victim. Medical examination conducted where applicable..","Complainant states that on 2026-06-25 at approximately 15:38 hours, a severe case of verbal intimidation transpired at Shop. The accused allegedly engaged in hostile behavior, posing immediate threat to the victim. Medical examination conducted where applicable..",clear_chronological,medium,chronological,neutral,none,False,False,False,2024-05-14,,,human_written,,unannotated,train
NAR000224_EN,SCN000224,en,Latin,none,"Dear Legal Counsel / Mediation Cell, I am writing to formally report a non-compliance issue regarding our ongoing restitution of conjugal rights at the residence. The definitive breach occurred on 2026-07-06 at 06:59 hours, wherein the counter-party unilaterally altered agreed-upon familial or financial maintenance parameters..","Dear Legal Counsel / Mediation Cell, I am writing to formally report a non-compliance issue regarding our ongoing restitution of conjugal rights at the residence. The definitive breach occurred on 2026-07-06 at 06:59 hours, wherein the counter-party unilaterally altered agreed-upon familial or financial maintenance parameters..",clear_chronological,medium,chronological,neutral,none,False,False,False,2024-04-25,,,human_written,,unannotated,test
NAR000225_EN,SCN000225,en,Latin,none,"Dear Legal Counsel / Mediation Cell, I am writing to formally report a non-compliance issue regarding our ongoing divorce proceedings conflict at the residence. The definitive breach occurred on 2026-07-10 at 03:01 hours, wherein the counter-party unilaterally altered agreed-upon familial or financial maintenance parameters..","Dear Legal Counsel / Mediation Cell, I am writing to formally report a non-compliance issue regarding our ongoing divorce proceedings conflict at the residence. The definitive breach occurred on 2026-07-10 at 03:01 hours, wherein the counter-party unilaterally altered agreed-upon familial or financial maintenance parameters..",clear_chronological,medium,chronological,neutral,none,False,False,False,2024-04-23,,,human_written,,unannotated,train
NAR000226_EN,SCN000226,en,Latin,none,"The observer witnessed an intense community argument unfolding near the villa around 00:57. Several individuals were actively contesting an instance of boundary wall dispute, with local residents stepping in to prevent physical escalation before authorities were notified..","The observer witnessed an intense community argument unfolding near the villa around 00:57. Several individuals were actively contesting an instance of boundary wall dispute, with local residents stepping in to prevent physical escalation before authorities were notified..",clear_chronological,medium,chronological,neutral,none,False,False,False,2024-04-24,,,human_written,,unannotated,train
NAR000227_EN,SCN000227,en,Latin,none,"Dear Legal Counsel / Mediation Cell, I am writing to formally report a non-compliance issue regarding our ongoing restitution of conjugal rights at the residence. The definitive breach occurred on 2026-07-04 at 08:59 hours, wherein the counter-party unilaterally altered agreed-upon familial or financial maintenance parameters..","Dear Legal Counsel / Mediation Cell, I am writing to formally report a non-compliance issue regarding our ongoing restitution of conjugal rights at the residence. The definitive breach occurred on 2026-07-04 at 08:59 hours, wherein the counter-party unilaterally altered agreed-upon familial or financial maintenance parameters..",clear_chronological,medium,chronological,neutral,none,False,False,False,2024-05-20,,,human_written,,unannotated,challenge
NAR000228_EN,SCN000228,en,Latin,none,"On the date of 2026-07-09, a major civil friction classified under guardianship dispute escalated during a familial meeting at the designated apartment at approximately 01:47 hours. The dispute involves competing claims regarding maintenance allocations or custody arrangements, leading to severe communication breakdown between the principal parties. The current circumstances indicate an immediate requirement for legal intervention to mandate adherence to statutory family frameworks within the state jurisdiction..","On the date of 2026-07-09, a major civil friction classified under guardianship dispute escalated during a familial meeting at the designated apartment at approximately 01:47 hours. The dispute involves competing claims regarding maintenance allocations or custody arrangements, leading to severe communication breakdown between the principal parties. The current circumstances indicate an immediate requirement for legal intervention to mandate adherence to statutory family frameworks within the state jurisdiction..",clear_chronological,medium,chronological,neutral,none,False,False,False,2024-04-26,,,human_written,,unannotated,test
NAR000229_EN,SCN000229,en,Latin,none,"Complainant states that on 2026-06-25 at approximately 22:25 hours, a severe case of online harassment & threats transpired at Online platform. The accused allegedly engaged in hostile behavior, posing immediate threat to the victim. Medical examination conducted where applicable..","Complainant states that on 2026-06-25 at approximately 22:25 hours, a severe case of online harassment & threats transpired at Online platform. The accused allegedly engaged in hostile behavior, posing immediate threat to the victim. Medical examination conducted where applicable..",clear_chronological,medium,chronological,neutral,none,False,False,False,2024-05-18,,,human_written,,unannotated,challenge
NAR000230_EN,SCN000230,en,Latin,none,"Dear Nodal Officer / Bank Authority, I am writing to formally log an emergency grievance regarding an severe case of insurance claim fraud executed against my portfolio through the Office. The breach occurred on 2026-07-08 at 16:43 hours, violating standard security checks and clearing mechanisms..","Dear Nodal Officer / Bank Authority, I am writing to formally log an emergency grievance regarding an severe case of insurance claim fraud executed against my portfolio through the Office. The breach occurred on 2026-07-08 at 16:43 hours, violating standard security checks and clearing mechanisms..",clear_chronological,medium,chronological,neutral,none,False,False,False,2024-05-30,,,human_written,,unannotated,train
NAR000231_EN,SCN000231,en,Latin,none,"Dear Management, I am writing to formally log a grievance regarding a distressing incident of online harassment & threats that occurred today at approximately 23:25 within the Social media. The aggressive posturing and direct threats have created an incredibly hostile and unsafe environment..","Dear Management, I am writing to formally log a grievance regarding a distressing incident of online harassment & threats that occurred today at approximately 23:25 within the Social media. The aggressive posturing and direct threats have created an incredibly hostile and unsafe environment..",clear_chronological,medium,chronological,neutral,none,False,False,False,2024-05-02,,,human_written,,unannotated,train
NAR000232_EN,SCN000232,en,Latin,none,"So I went out to check my house around 15:17 today, and I saw they were actively setting up structures on my side! When I confronted them about this blatant tenant-landlord conflict, they straight up threatened me and refused to move back. I am so stressed out right now..","So I went out to check my house around 15:17 today, and I saw they were actively setting up structures on my side! When I confronted them about this blatant tenant-landlord conflict, they straight up threatened me and refused to move back. I am so stressed out right now..",clear_chronological,medium,chronological,neutral,none,False,False,False,2024-05-26,,,human_written,,unannotated,train
NAR000233_EN,SCN000233,en,Latin,none,"On the date of 2026-06-21, a highly contentious domestic incident manifesting as intimate partner violence occurred within the private residence. The conflict reportedly originated from long-standing domestic pressures and rapidly intensified into aggressive behavior around 06:19. The victim sustained significant psychological and physical strain before external family structures could be notified. Local authorities are reviewing the continuous pattern of behavior under the protection laws of the jurisdiction..","On the date of 2026-06-21, a highly contentious domestic incident manifesting as intimate partner violence occurred within the private residence. The conflict reportedly originated from long-standing domestic pressures and rapidly intensified into aggressive behavior around 06:19. The victim sustained significant psychological and physical strain before external family structures could be notified. Local authorities are reviewing the continuous pattern of behavior under the protection laws of the jurisdiction..",clear_chronological,medium,chronological,neutral,none,False,False,False,2024-05-30,,,human_written,,unannotated,test
NAR000234_EN,SCN000234,en,Latin,none,omg someone just took my things at the House!!! occurred just now around 07:37 hours. anyone nearby please help or tell me where the nearest police booth is asap!! lost everything inside my bag.,omg someone just took my things at the House!!! occurred just now around 07:37 hours. anyone nearby please help or tell me where the nearest police booth is asap!! lost everything inside my bag.,clear_chronological,medium,chronological,neutral,none,False,False,False,2024-06-05,,,human_written,,unannotated,test
NAR000235_EN,SCN000235,en,Latin,none,"Dear Authority, I am writing to formally lodge a complaint regarding a armed robbery incident that transpired at the Highway on 2026-06-20. The incident occurred around 10:11, resulting in the unauthorized taking of my personal property. I request your immediate intervention to review CCTV footage..","Dear Authority, I am writing to formally lodge a complaint regarding a armed robbery incident that transpired at the Highway on 2026-06-20. The incident occurred around 10:11, resulting in the unauthorized taking of my personal property. I request your immediate intervention to review CCTV footage..",clear_chronological,medium,chronological,neutral,none,False,False,False,2024-05-23,,,human_written,,unannotated,challenge
NAR000236_EN,SCN000236,en,Latin,none,"Complainant states that on 2026-06-30 at approximately 16:42 hours, a severe case of verbal intimidation transpired at Shop. The accused allegedly engaged in hostile behavior, posing immediate threat to the victim. Medical examination conducted where applicable..","Complainant states that on 2026-06-30 at approximately 16:42 hours, a severe case of verbal intimidation transpired at Shop. The accused allegedly engaged in hostile behavior, posing immediate threat to the victim. Medical examination conducted where applicable..",clear_chronological,medium,chronological,neutral,none,False,False,False,2024-06-04,,,human_written,,unannotated,test
NAR000237_EN,SCN000237,en,Latin,none,"So I was just going out past the road around 11:00 today, and I ran straight into a total public nuisance dispute. It completely blocked my path and nobody around seemed to know who to call to get it fixed or sorted out. Just super frustrated..","So I was just going out past the road around 11:00 today, and I ran straight into a total public nuisance dispute. It completely blocked my path and nobody around seemed to know who to call to get it fixed or sorted out. Just super frustrated..",clear_chronological,medium,chronological,neutral,none,False,False,False,2024-05-21,,,human_written,,unannotated,train
NAR000238_EN,SCN000238,en,Latin,none,"Complainant registers a formal grievance concerning employer violations under the category of safe working conditions violation at the designated factory. The incident occurred on 2026-07-10 at approximately 13:21 hours, wherein the management failed to comply with statutory labor provisions. Corporate payroll and logs have been requested..","Complainant registers a formal grievance concerning employer violations under the category of safe working conditions violation at the designated factory. The incident occurred on 2026-07-10 at approximately 13:21 hours, wherein the management failed to comply with statutory labor provisions. Corporate payroll and logs have been requested..",clear_chronological,medium,chronological,neutral,none,False,False,False,2024-05-24,,,human_written,,unannotated,validation
NAR000239_EN,SCN000239,en,Latin,none,"Complainant registers a general municipal or public service notification regarding public nuisance dispute at the location of park. The incident transpired on 2026-06-27 at approximately 12:42 hours, causing minor public inconvenience or operational disruption. Log entries have been completed..","Complainant registers a general municipal or public service notification regarding public nuisance dispute at the location of park. The incident transpired on 2026-06-27 at approximately 12:42 hours, causing minor public inconvenience or operational disruption. Log entries have been completed..",clear_chronological,medium,chronological,neutral,none,False,False,False,2024-06-01,,,human_written,,unannotated,train
NAR000240_EN,SCN000240,en,Latin,none,"The observer witnessed an intense disagreement between the management and an employee inside the shop around 18:05. The context of the dispute was clearly a severe case of unpaid wage dispute, with the supervisor dismissing the employee's legitimate safety or financial claims arbitrarily..","The observer witnessed an intense disagreement between the management and an employee inside the shop around 18:05. The context of the dispute was clearly a severe case of unpaid wage dispute, with the supervisor dismissing the employee's legitimate safety or financial claims arbitrarily..",clear_chronological,medium,chronological,neutral,none,False,False,False,2024-06-01,,,human_written,,unannotated,challenge
NAR000241_EN,SCN000241,en,Latin,none,"The witness observed a major traffic disruption unfolding near the road around 18:09. A driver committed a blatant hit and run collision, resulting in an immediate vehicle collision and a heated argument between the affected commuters before police arrived..","The witness observed a major traffic disruption unfolding near the road around 18:09. A driver committed a blatant hit and run collision, resulting in an immediate vehicle collision and a heated argument between the affected commuters before police arrived..",clear_chronological,medium,chronological,neutral,none,False,False,False,2024-06-13,,,human_written,,unannotated,train
NAR000242_EN,SCN000242,en,Latin,none,"So I was just going out past the residential street around 17:54 today, and I ran straight into a total stray animal hazard. It completely blocked my path and nobody around seemed to know who to call to get it fixed or sorted out. Just super frustrated..","So I was just going out past the residential street around 17:54 today, and I ran straight into a total stray animal hazard. It completely blocked my path and nobody around seemed to know who to call to get it fixed or sorted out. Just super frustrated..",clear_chronological,medium,chronological,neutral,none,False,False,False,2024-06-12,,,human_written,,unannotated,train
NAR000243_EN,SCN000243,en,Latin,none,hey guys warning if u are passing by the Road right now!! there is a massive stray animal hazard that happened around 11:12 today. try to take a different route if possible to avoid getting stuck or delayed.,hey guys warning if u are passing by the Road right now!! there is a massive stray animal hazard that happened around 11:12 today. try to take a different route if possible to avoid getting stuck or delayed.,clear_chronological,medium,chronological,neutral,none,False,False,False,2024-06-14,,,human_written,,unannotated,validation
NAR000244_EN,SCN000244,en,Latin,none,"On the date of 2026-07-13, an advanced threat actor initiated an exploit categorized under ransomware attack targeting remote infrastructures at approximately 20:44. The intrusion vectors reveal highly organized techniques using social engineering methods or brute-force automation to penetrate authorization systems on the Shop. Immediate isolation of the network endpoints was executed to limit exposure within the regional jurisdiction..","On the date of 2026-07-13, an advanced threat actor initiated an exploit categorized under ransomware attack targeting remote infrastructures at approximately 20:44. The intrusion vectors reveal highly organized techniques using social engineering methods or brute-force automation to penetrate authorization systems on the Shop. Immediate isolation of the network endpoints was executed to limit exposure within the regional jurisdiction..",clear_chronological,medium,chronological,neutral,none,False,False,False,2024-06-23,,,human_written,,unannotated,test
NAR000245_EN,SCN000245,en,Latin,none,"On the date of 2026-06-24, an advanced threat actor initiated an exploit categorized under identity theft targeting remote infrastructures at approximately 15:26. The intrusion vectors reveal highly organized techniques using social engineering methods or brute-force automation to penetrate authorization systems on the Workplace. Immediate isolation of the network endpoints was executed to limit exposure within the regional jurisdiction..","On the date of 2026-06-24, an advanced threat actor initiated an exploit categorized under identity theft targeting remote infrastructures at approximately 15:26. The intrusion vectors reveal highly organized techniques using social engineering methods or brute-force automation to penetrate authorization systems on the Workplace. Immediate isolation of the network endpoints was executed to limit exposure within the regional jurisdiction..",clear_chronological,medium,chronological,neutral,none,False,False,False,2024-06-02,,,human_written,,unannotated,validation
NAR000246_EN,SCN000246,en,Latin,none,"A family civil dispute categorized as alimony and maintenance claim manifested within a private residence at 12:08. The incident centers around contested guardianship or maintenance rights, necessitating institutional mediation under family law statues..","A family civil dispute categorized as alimony and maintenance claim manifested within a private residence at 12:08. The incident centers around contested guardianship or maintenance rights, necessitating institutional mediation under family law statues..",clear_chronological,medium,chronological,neutral,none,False,False,False,2024-06-19,,,human_written,,unannotated,challenge
NAR000247_EN,SCN000247,en,Latin,none,"Dear Authority, I am writing to formally lodge a complaint regarding a armed robbery incident that transpired at the Jewelry shop on 2026-07-16. The incident occurred around 02:58, resulting in the unauthorized taking of my personal property. I request your immediate intervention to review CCTV footage..","Dear Authority, I am writing to formally lodge a complaint regarding a armed robbery incident that transpired at the Jewelry shop on 2026-07-16. The incident occurred around 02:58, resulting in the unauthorized taking of my personal property. I request your immediate intervention to review CCTV footage..",clear_chronological,medium,chronological,neutral,none,False,False,False,2024-06-10,,,human_written,,unannotated,test
NAR000248_EN,SCN000248,en,Latin,none,"Dear Revenue Officer / Police Commissioner, I am writing to register an urgent complaint regarding a critical instance of inheritance property claim affecting my House. The unlawful activity intensified on 2026-06-23 at 08:45 hours, causing direct infringement on my registered property rights..","Dear Revenue Officer / Police Commissioner, I am writing to register an urgent complaint regarding a critical instance of inheritance property claim affecting my House. The unlawful activity intensified on 2026-06-23 at 08:45 hours, causing direct infringement on my registered property rights..",clear_chronological,medium,chronological,neutral,none,False,False,False,2024-06-22,,,human_written,,unannotated,challenge
NAR000249_EN,SCN000249,en,Latin,none,"An incident of online banking fraud compromised security systems across the specified Online platform at 05:17. Electronic credentials were manipulated remotely by unknown malicious actors, triggering secondary security protocols..","An incident of online banking fraud compromised security systems across the specified Online platform at 05:17. Electronic credentials were manipulated remotely by unknown malicious actors, triggering secondary security protocols..",clear_chronological,medium,chronological,neutral,none,False,False,False,2024-06-12,,,human_written,,unannotated,challenge
NAR000250_EN,SCN000250,en,Latin,none,pls help someone is targeting me with online harassment & threats right now at the Online platform!! they are threatening to hit me or worse. happened around 03:38. is anyone nearby who can come stay with me? urgent.,pls help someone is targeting me with online harassment & threats right now at the Online platform!! they are threatening to hit me or worse. happened around 03:38. is anyone nearby who can come stay with me? urgent.,clear_chronological,medium,chronological,neutral,none,False,False,False,2024-06-18,,,human_written,,unannotated,test
NAR000251_EN,SCN000251,en,Latin,none,"Dear Cyber Crime Portal, I am writing to register an official cybercrime incident regarding phishing scam that targets my system. At 00:31 on 2026-07-17, illegal server access was achieved through the Mobile app, leading to severe data breach and financial compromise..","Dear Cyber Crime Portal, I am writing to register an official cybercrime incident regarding phishing scam that targets my system. At 00:31 on 2026-07-17, illegal server access was achieved through the Mobile app, leading to severe data breach and financial compromise..",clear_chronological,medium,chronological,neutral,none,False,False,False,2024-07-09,,,human_written,,unannotated,train
NAR000252_EN,SCN000252,en,Latin,none,"The bystander reported observing a heated argument developing near the bar/pub around 03:04. The confrontation quickly turned into a physical altercation, with one individual visibly projecting physical intimidation towards the other party before crowds gathered to separate them..","The bystander reported observing a heated argument developing near the bar/pub around 03:04. The confrontation quickly turned into a physical altercation, with one individual visibly projecting physical intimidation towards the other party before crowds gathered to separate them..",clear_chronological,medium,chronological,neutral,none,False,False,False,2024-06-27,,,human_written,,unannotated,test
NAR000253_EN,SCN000253,en,Latin,none,"Dear Consumer Forum Support, I am writing to formally register a merchant complaint regarding a severe instance of overcharging and hidden fees that occurred at Shop on 2026-06-27 at 13:47 hours. Despite multiple amicable requests, the management refused to honor the standard consumer guarantees..","Dear Consumer Forum Support, I am writing to formally register a merchant complaint regarding a severe instance of overcharging and hidden fees that occurred at Shop on 2026-06-27 at 13:47 hours. Despite multiple amicable requests, the management refused to honor the standard consumer guarantees..",clear_chronological,medium,chronological,neutral,none,False,False,False,2024-06-23,,,human_written,,unannotated,train
NAR000254_EN,SCN000254,en,Latin,none,"Complainant states that on 2026-06-30 at approximately 22:41 hours, an incident of online phishing theft occurred at Mobile app. The perpetrator description matches a male individual height approx 5'8"". Property loss reported. Case registered under relevant sections..","Complainant states that on 2026-06-30 at approximately 22:41 hours, an incident of online phishing theft occurred at Mobile app. The perpetrator description matches a male individual height approx 5'8"". Property loss reported. Case registered under relevant sections..",clear_chronological,medium,chronological,neutral,none,False,False,False,2024-07-03,,,human_written,,unannotated,train
NAR000255_EN,SCN000255,en,Latin,none,"On the date of 2026-06-23, a formal consumer conflict classified as refusal of service refund manifested during a commercial interaction at the designated online platform around 02:12. The transaction parameters reveal an explicit deviation from advertising claims or legal standards, directly compromising buyer safety and financial protection. Standard operational dispute channels were exhausted without success, prompting an escalation to statutory regulatory oversight mechanisms..","On the date of 2026-06-23, a formal consumer conflict classified as refusal of service refund manifested during a commercial interaction at the designated online platform around 02:12. The transaction parameters reveal an explicit deviation from advertising claims or legal standards, directly compromising buyer safety and financial protection. Standard operational dispute channels were exhausted without success, prompting an escalation to statutory regulatory oversight mechanisms..",clear_chronological,medium,chronological,neutral,none,False,False,False,2024-07-21,,,human_written,,unannotated,test
NAR000256_EN,SCN000256,en,Latin,none,"I was just minding my own business at the house around 20:58, when this aggressive person started shouting at me out of nowhere. Then it escalated into a complete domestic dispute and they said they'd hurt me if they saw me again. Genuinely terrified..","I was just minding my own business at the house around 20:58, when this aggressive person started shouting at me out of nowhere. Then it escalated into a complete domestic dispute and they said they'd hurt me if they saw me again. Genuinely terrified..",clear_chronological,medium,chronological,neutral,none,False,False,False,2024-07-21,,,human_written,,unannotated,train
NAR000257_EN,SCN000257,en,Latin,none,"hey guys, my ex just blocked me from seeing the kids / resolving the guardianship dispute at the Hostel around 10:53 today. completely violating the current terms. does anyone know a reliable family court lawyer who can file an urgent motion tomorrow?.","hey guys, my ex just blocked me from seeing the kids / resolving the guardianship dispute at the Hostel around 10:53 today. completely violating the current terms. does anyone know a reliable family court lawyer who can file an urgent motion tomorrow?.",clear_chronological,medium,chronological,neutral,none,False,False,False,2024-07-15,,,human_written,,unannotated,validation
NAR000258_EN,SCN000258,en,Latin,none,"It happened again at home around 08:28. Things escalated so quickly and it turned into full-blown dowry harassment. I was locked inside the room and couldn't even reach out to anyone until now. I honestly don't know what to do anymore, I am so scared..","It happened again at home around 08:28. Things escalated so quickly and it turned into full-blown dowry harassment. I was locked inside the room and couldn't even reach out to anyone until now. I honestly don't know what to do anymore, I am so scared..",clear_chronological,medium,chronological,neutral,none,False,False,False,2024-07-08,,,human_written,,unannotated,train
NAR000259_EN,SCN000259,en,Latin,none,pls help someone is targeting me with physical altercation right now at the Bar/Pub!! they are threatening to hit me or worse. happened around 17:22. is anyone nearby who can come stay with me? urgent.,pls help someone is targeting me with physical altercation right now at the Bar/Pub!! they are threatening to hit me or worse. happened around 17:22. is anyone nearby who can come stay with me? urgent.,clear_chronological,medium,chronological,neutral,none,False,False,False,2024-07-10,,,human_written,,unannotated,validation
NAR000260_EN,SCN000260,en,Latin,none,"The observer noted a highly emotional confrontation between two estranged family members outside the online platform around 00:03. The argument was explicitly regarding a severe case of alimony and maintenance claim, with both sides loudly contesting rights before local residents requested calm..","The observer noted a highly emotional confrontation between two estranged family members outside the online platform around 00:03. The argument was explicitly regarding a severe case of alimony and maintenance claim, with both sides loudly contesting rights before local residents requested calm..",clear_chronological,medium,chronological,neutral,none,False,False,False,2024-07-25,,,human_written,,unannotated,train
NAR000261_EN,SCN000261,en,Latin,none,"I've been working at this online platform for months, and around 05:00 yesterday, things hit a breaking point with a massive breach of employment contract. They literally refused to settle what was rightfully owed to me and told me to just leave if I didn't like it. I'm so stressed about how I'm going to pay my rent..","I've been working at this online platform for months, and around 05:00 yesterday, things hit a breaking point with a massive breach of employment contract. They literally refused to settle what was rightfully owed to me and told me to just leave if I didn't like it. I'm so stressed about how I'm going to pay my rent..",clear_chronological,medium,chronological,neutral,none,False,False,False,2024-07-21,,,human_written,,unannotated,test
NAR000262_EN,SCN000262,en,Latin,none,"So I was waiting at the apartment around 09:36 today for my scheduled meeting, when my ex turned up and started an absolute argument over our restitution of conjugal rights. They completely refused to abide by what the court originally decided. I'm just so drained by this ongoing legal battle..","So I was waiting at the apartment around 09:36 today for my scheduled meeting, when my ex turned up and started an absolute argument over our restitution of conjugal rights. They completely refused to abide by what the court originally decided. I'm just so drained by this ongoing legal battle..",clear_chronological,medium,chronological,neutral,none,False,False,False,2024-07-26,,,human_written,,unannotated,validation
NAR000263_EN,SCN000263,en,Latin,none,"On the date of 2026-07-05, a serious municipal roadway incident manifesting as traffic signal violation dispute transpired on the specified road at approximately 12:07 hours. The collision metrics indicate high impact speeds or deliberate disregard for active traffic control mechanisms, resulting in secondary vehicle damage. Local emergency response teams arrived on site to manage structural debris and administer medical assistance where relevant, while investigating officers initiated standard vehicle documentation checks within the state jurisdiction..","On the date of 2026-07-05, a serious municipal roadway incident manifesting as traffic signal violation dispute transpired on the specified road at approximately 12:07 hours. The collision metrics indicate high impact speeds or deliberate disregard for active traffic control mechanisms, resulting in secondary vehicle damage. Local emergency response teams arrived on site to manage structural debris and administer medical assistance where relevant, while investigating officers initiated standard vehicle documentation checks within the state jurisdiction..",clear_chronological,medium,chronological,neutral,none,False,False,False,2024-07-28,,,human_written,,unannotated,validation
NAR000264_EN,SCN000264,en,Latin,none,"Complainant reports unauthorized digital breach under cyberstalking framework. On 2026-07-20 at approx 15:37 hours, malicious payloads or fraudulent links were deployed to misappropriate assets or credentials via Online platform. Digital logs preserved for forensic analysis..","Complainant reports unauthorized digital breach under cyberstalking framework. On 2026-07-20 at approx 15:37 hours, malicious payloads or fraudulent links were deployed to misappropriate assets or credentials via Online platform. Digital logs preserved for forensic analysis..",clear_chronological,medium,chronological,neutral,none,False,False,False,2024-07-27,,,human_written,,unannotated,train
NAR000265_EN,SCN000265,en,Latin,none,"Complainant registers a family matter notification involving an active restitution of conjugal rights at the premises. On 2026-07-15 at approximately 23:40 hours, an escalation occurred regarding legal compliance or child visitation parameters. Relevant documentation has been requested for family court presentation..","Complainant registers a family matter notification involving an active restitution of conjugal rights at the premises. On 2026-07-15 at approximately 23:40 hours, an escalation occurred regarding legal compliance or child visitation parameters. Relevant documentation has been requested for family court presentation..",clear_chronological,medium,chronological,neutral,none,False,False,False,2024-08-07,,,human_written,,unannotated,validation
NAR000266_EN,SCN000266,en,Latin,none,"A swift incident of chain snatching took place at the local residential street during peak hours. The victim lost valuable items instantly, and the unidentified suspect fled immediately before any bystanders could intervene..","A swift incident of chain snatching took place at the local residential street during peak hours. The victim lost valuable items instantly, and the unidentified suspect fled immediately before any bystanders could intervene..",clear_chronological,medium,chronological,neutral,none,False,False,False,2024-07-27,,,human_written,,unannotated,test
NAR000267_EN,SCN000267,en,Latin,none,"hey guys bad news. just had a huge fight with HR at the Construction site regarding safe working conditions violation around 08:51 today. they are trying to cheat us out of our terms or fire people arbitrarily. check your emails immediately, we need to stand together on this.","hey guys bad news. just had a huge fight with HR at the Construction site regarding safe working conditions violation around 08:51 today. they are trying to cheat us out of our terms or fire people arbitrarily. check your emails immediately, we need to stand together on this.",clear_chronological,medium,chronological,neutral,none,False,False,False,2024-07-19,,,human_written,,unannotated,test
NAR000268_EN,SCN000268,en,Latin,none,"On the date of 2026-07-18, a formal consumer conflict classified as false advertising and misrepresentation manifested during a commercial interaction at the designated online platform around 06:28. The transaction parameters reveal an explicit deviation from advertising claims or legal standards, directly compromising buyer safety and financial protection. Standard operational dispute channels were exhausted without success, prompting an escalation to statutory regulatory oversight mechanisms..","On the date of 2026-07-18, a formal consumer conflict classified as false advertising and misrepresentation manifested during a commercial interaction at the designated online platform around 06:28. The transaction parameters reveal an explicit deviation from advertising claims or legal standards, directly compromising buyer safety and financial protection. Standard operational dispute channels were exhausted without success, prompting an escalation to statutory regulatory oversight mechanisms..",clear_chronological,medium,chronological,neutral,none,False,False,False,2024-08-06,,,human_written,,unannotated,validation
NAR000269_EN,SCN000269,en,Latin,none,"Dear Cyber Crime Portal, I am writing to register an official cybercrime incident regarding phishing scam that targets my system. At 17:37 on 2026-07-01, illegal server access was achieved through the Mobile app, leading to severe data breach and financial compromise..","Dear Cyber Crime Portal, I am writing to register an official cybercrime incident regarding phishing scam that targets my system. At 17:37 on 2026-07-01, illegal server access was achieved through the Mobile app, leading to severe data breach and financial compromise..",clear_chronological,medium,chronological,neutral,none,False,False,False,2024-08-06,,,human_written,,unannotated,validation
NAR000270_EN,SCN000270,en,Latin,none,"On the date of 2026-07-17, a major civil friction classified under restitution of conjugal rights escalated during a familial meeting at the designated apartment at approximately 21:36 hours. The dispute involves competing claims regarding maintenance allocations or custody arrangements, leading to severe communication breakdown between the principal parties. The current circumstances indicate an immediate requirement for legal intervention to mandate adherence to statutory family frameworks within the state jurisdiction..","On the date of 2026-07-17, a major civil friction classified under restitution of conjugal rights escalated during a familial meeting at the designated apartment at approximately 21:36 hours. The dispute involves competing claims regarding maintenance allocations or custody arrangements, leading to severe communication breakdown between the principal parties. The current circumstances indicate an immediate requirement for legal intervention to mandate adherence to statutory family frameworks within the state jurisdiction..",clear_chronological,medium,chronological,neutral,none,False,False,False,2024-08-16,,,human_written,,unannotated,challenge
NAR000271_EN,SCN000271,en,Latin,none,"hey guys, my ex just blocked me from seeing the kids / resolving the restitution of conjugal rights at the House around 16:23 today. completely violating the current terms. does anyone know a reliable family court lawyer who can file an urgent motion tomorrow?.","hey guys, my ex just blocked me from seeing the kids / resolving the restitution of conjugal rights at the House around 16:23 today. completely violating the current terms. does anyone know a reliable family court lawyer who can file an urgent motion tomorrow?.",clear_chronological,medium,chronological,neutral,none,False,False,False,2024-07-28,,,human_written,,unannotated,challenge
NAR000272_EN,SCN000272,en,Latin,none,"Complainant registers a family matter notification involving an active guardianship dispute at the premises. On 2026-07-11 at approximately 03:27 hours, an escalation occurred regarding legal compliance or child visitation parameters. Relevant documentation has been requested for family court presentation..","Complainant registers a family matter notification involving an active guardianship dispute at the premises. On 2026-07-11 at approximately 03:27 hours, an escalation occurred regarding legal compliance or child visitation parameters. Relevant documentation has been requested for family court presentation..",clear_chronological,medium,chronological,neutral,none,False,False,False,2024-08-12,,,human_written,,unannotated,validation
NAR000273_EN,SCN000273,en,Latin,none,"An incident involving sudden domestic dispute broke out at the house around 20:55. The aggressor initiated intense physical or verbal hostility against the victim, forcing bystanders to intervene to prevent further escalation..","An incident involving sudden domestic dispute broke out at the house around 20:55. The aggressor initiated intense physical or verbal hostility against the victim, forcing bystanders to intervene to prevent further escalation..",clear_chronological,medium,chronological,neutral,none,False,False,False,2024-08-03,,,human_written,,unannotated,validation
NAR000274_EN,SCN000274,en,Latin,none,pls help someone is targeting me with domestic dispute right now at the Apartment!! they are threatening to hit me or worse. happened around 00:46. is anyone nearby who can come stay with me? urgent.,pls help someone is targeting me with domestic dispute right now at the Apartment!! they are threatening to hit me or worse. happened around 00:46. is anyone nearby who can come stay with me? urgent.,clear_chronological,medium,chronological,neutral,none,False,False,False,2024-07-29,,,human_written,,unannotated,train
NAR000275_EN,SCN000275,en,Latin,none,"Dear Municipal Authorities, I am writing to formally log a civic grievance regarding the ongoing pattern of stray animal hazard at the Residential street. The latest escalation occurred on 2026-06-29 at 04:26 hours, causing localized hazards that require immediate civic attention..","Dear Municipal Authorities, I am writing to formally log a civic grievance regarding the ongoing pattern of stray animal hazard at the Residential street. The latest escalation occurred on 2026-06-29 at 04:26 hours, causing localized hazards that require immediate civic attention..",clear_chronological,medium,chronological,neutral,none,False,False,False,2024-08-31,,,human_written,,unannotated,test
NAR000276_EN,SCN000276,en,Latin,none,"The witness observed a major traffic disruption unfolding near the highway around 16:04. A driver committed a blatant drunk driving accident, resulting in an immediate vehicle collision and a heated argument between the affected commuters before police arrived..","The witness observed a major traffic disruption unfolding near the highway around 16:04. A driver committed a blatant drunk driving accident, resulting in an immediate vehicle collision and a heated argument between the affected commuters before police arrived..",clear_chronological,medium,chronological,neutral,none,False,False,False,2024-08-01,,,human_written,,unannotated,validation
NAR000277_EN,SCN000277,en,Latin,none,"On the afternoon of 2026-07-19, a long-standing land friction culminated in an explicit case of illegal property possession at the designated house around 04:29 hours. The incident involved rival claimants attempting physical occupation or structural modification without valid legal injunctions. Local law enforcement intervened to mandate a status quo until the appropriate regional civil courts review the structural registration parameters and revenue maps under the state jurisdiction..","On the afternoon of 2026-07-19, a long-standing land friction culminated in an explicit case of illegal property possession at the designated house around 04:29 hours. The incident involved rival claimants attempting physical occupation or structural modification without valid legal injunctions. Local law enforcement intervened to mandate a status quo until the appropriate regional civil courts review the structural registration parameters and revenue maps under the state jurisdiction..",clear_chronological,medium,chronological,neutral,none,False,False,False,2024-08-04,,,human_written,,unannotated,validation
NAR000278_EN,SCN000278,en,Latin,none,"The bystander reported observing a heated argument developing near the residential street around 08:18. The confrontation quickly turned into a verbal intimidation, with one individual visibly projecting physical intimidation towards the other party before crowds gathered to separate them..","The bystander reported observing a heated argument developing near the residential street around 08:18. The confrontation quickly turned into a verbal intimidation, with one individual visibly projecting physical intimidation towards the other party before crowds gathered to separate them..",clear_chronological,medium,chronological,neutral,none,False,False,False,2024-08-15,,,human_written,,unannotated,challenge
NAR000279_EN,SCN000279,en,Latin,none,"On the afternoon of 2026-06-26, an escalating conflict classified under verbal intimidation manifested at the specified shop. Initial verbal friction rapidly degenerated into targeted hostility, establishing clear intent of intimidation and potential bodily harm. The victim sought refuge immediately while nearby witnesses attempted to de-escalate the situation. Security personnel were subsequently informed to review the breach of safety within the jurisdiction..","On the afternoon of 2026-06-26, an escalating conflict classified under verbal intimidation manifested at the specified shop. Initial verbal friction rapidly degenerated into targeted hostility, establishing clear intent of intimidation and potential bodily harm. The victim sought refuge immediately while nearby witnesses attempted to de-escalate the situation. Security personnel were subsequently informed to review the breach of safety within the jurisdiction..",clear_chronological,medium,chronological,neutral,none,False,False,False,2024-08-29,,,human_written,,unannotated,train
NAR000280_EN,SCN000280,en,Latin,none,A vehicular incident involving illegal parking blockage occurred on the local road at 14:35. The collision or blockage led to structural vehicular property damage and caused a severe traffic bottleneck requiring immediate clearing..,A vehicular incident involving illegal parking blockage occurred on the local road at 14:35. The collision or blockage led to structural vehicular property damage and caused a severe traffic bottleneck requiring immediate clearing..,clear_chronological,medium,chronological,neutral,none,False,False,False,2024-08-26,,,human_written,,unannotated,challenge
NAR000281_EN,SCN000281,en,Latin,none,"Complainant states that on 2026-06-25 at approximately 11:47 hours, an incident of armed robbery occurred at Highway. The perpetrator description matches a male individual height approx 5'8"". Property loss reported. Case registered under relevant sections..","Complainant states that on 2026-06-25 at approximately 11:47 hours, an incident of armed robbery occurred at Highway. The perpetrator description matches a male individual height approx 5'8"". Property loss reported. Case registered under relevant sections..",clear_chronological,medium,chronological,neutral,none,False,False,False,2024-08-14,,,human_written,,unannotated,challenge
NAR000282_EN,SCN000282,en,Latin,none,pls help someone is targeting me with physical altercation right now at the Hostel!! they are threatening to hit me or worse. happened around 02:27. is anyone nearby who can come stay with me? urgent.,pls help someone is targeting me with physical altercation right now at the Hostel!! they are threatening to hit me or worse. happened around 02:27. is anyone nearby who can come stay with me? urgent.,clear_chronological,medium,chronological,neutral,none,False,False,False,2024-08-28,,,human_written,,unannotated,validation
NAR000283_EN,SCN000283,en,Latin,none,"On the date of 2026-06-29, a major incidence of armed robbery was executed at the designated bank under complex environmental circumstances. The perpetrator leveraged the crowded nature of the location to approach undetected, exploiting a momentary lapse in security vigilance. Following the commission of the act, the individual navigated through the exit corridors effectively evading immediate pursuit. Emergency services were notified subsequently, initiating a localized investigation into the security vulnerabilities of this particular jurisdiction..","On the date of 2026-06-29, a major incidence of armed robbery was executed at the designated bank under complex environmental circumstances. The perpetrator leveraged the crowded nature of the location to approach undetected, exploiting a momentary lapse in security vigilance. Following the commission of the act, the individual navigated through the exit corridors effectively evading immediate pursuit. Emergency services were notified subsequently, initiating a localized investigation into the security vulnerabilities of this particular jurisdiction..",clear_chronological,medium,chronological,neutral,none,False,False,False,2024-09-14,,,human_written,,unannotated,validation
NAR000284_EN,SCN000284,en,Latin,none,"Dear Revenue Officer / Police Commissioner, I am writing to register an urgent complaint regarding a critical instance of illegal property possession affecting my Shop. The unlawful activity intensified on 2026-06-22 at 15:33 hours, causing direct infringement on my registered property rights..","Dear Revenue Officer / Police Commissioner, I am writing to register an urgent complaint regarding a critical instance of illegal property possession affecting my Shop. The unlawful activity intensified on 2026-06-22 at 15:33 hours, causing direct infringement on my registered property rights..",clear_chronological,medium,chronological,neutral,none,False,False,False,2024-09-02,,,human_written,,unannotated,validation
NAR000285_EN,SCN000285,en,Latin,none,"So I went down to the mobile app around 02:11 to check my balance, and I realized I was a victim of a massive loan approval scam. They completely forged my details and cleared out the pending funds out of nowhere. I don't even know how I'm going to manage this month's expenses..","So I went down to the mobile app around 02:11 to check my balance, and I realized I was a victim of a massive loan approval scam. They completely forged my details and cleared out the pending funds out of nowhere. I don't even know how I'm going to manage this month's expenses..",clear_chronological,medium,chronological,neutral,none,False,False,False,2024-09-04,,,human_written,,unannotated,challenge
NAR000286_EN,SCN000286,en,Latin,none,"On the afternoon of 2026-07-11, a long-standing land friction culminated in an explicit case of land encroachment at the designated house around 17:05 hours. The incident involved rival claimants attempting physical occupation or structural modification without valid legal injunctions. Local law enforcement intervened to mandate a status quo until the appropriate regional civil courts review the structural registration parameters and revenue maps under the state jurisdiction..","On the afternoon of 2026-07-11, a long-standing land friction culminated in an explicit case of land encroachment at the designated house around 17:05 hours. The incident involved rival claimants attempting physical occupation or structural modification without valid legal injunctions. Local law enforcement intervened to mandate a status quo until the appropriate regional civil courts review the structural registration parameters and revenue maps under the state jurisdiction..",clear_chronological,medium,chronological,neutral,none,False,False,False,2024-09-21,,,human_written,,unannotated,test
NAR000287_EN,SCN000287,en,Latin,none,"A family civil dispute categorized as restitution of conjugal rights manifested within a private residence at 18:15. The incident centers around contested guardianship or maintenance rights, necessitating institutional mediation under family law statues..","A family civil dispute categorized as restitution of conjugal rights manifested within a private residence at 18:15. The incident centers around contested guardianship or maintenance rights, necessitating institutional mediation under family law statues..",clear_chronological,medium,chronological,neutral,none,False,False,False,2024-09-04,,,human_written,,unannotated,challenge
NAR000288_EN,SCN000288,en,Latin,none,"Dear Protection Officer, I am writing to formally report an escalating pattern of domestic violence, specifically emotional and verbal abuse, at my residence. The latest major confrontation took place on 2026-06-25 around 03:01. I urgently request legal assistance and protective measures..","Dear Protection Officer, I am writing to formally report an escalating pattern of domestic violence, specifically emotional and verbal abuse, at my residence. The latest major confrontation took place on 2026-06-25 around 03:01. I urgently request legal assistance and protective measures..",clear_chronological,medium,chronological,neutral,none,False,False,False,2024-09-03,,,human_written,,unannotated,validation
NAR000289_EN,SCN000289,en,Latin,none,"An incident involving sudden verbal intimidation broke out at the shop around 10:03. The aggressor initiated intense physical or verbal hostility against the victim, forcing bystanders to intervene to prevent further escalation..","An incident involving sudden verbal intimidation broke out at the shop around 10:03. The aggressor initiated intense physical or verbal hostility against the victim, forcing bystanders to intervene to prevent further escalation..",clear_chronological,medium,chronological,neutral,none,False,False,False,2024-09-10,,,human_written,,unannotated,train
NAR000290_EN,SCN000290,en,Latin,none,"Dear Revenue Officer / Police Commissioner, I am writing to register an urgent complaint regarding a critical instance of land encroachment affecting my House. The unlawful activity intensified on 2026-06-21 at 04:58 hours, causing direct infringement on my registered property rights..","Dear Revenue Officer / Police Commissioner, I am writing to register an urgent complaint regarding a critical instance of land encroachment affecting my House. The unlawful activity intensified on 2026-06-21 at 04:58 hours, causing direct infringement on my registered property rights..",clear_chronological,medium,chronological,neutral,none,False,False,False,2024-09-20,,,human_written,,unannotated,validation
NAR000291_EN,SCN000291,en,Latin,none,"The observer witnessed an intense disagreement between the management and an employee inside the construction site around 11:22. The context of the dispute was clearly a severe case of safe working conditions violation, with the supervisor dismissing the employee's legitimate safety or financial claims arbitrarily..","The observer witnessed an intense disagreement between the management and an employee inside the construction site around 11:22. The context of the dispute was clearly a severe case of safe working conditions violation, with the supervisor dismissing the employee's legitimate safety or financial claims arbitrarily..",clear_chronological,medium,chronological,neutral,none,False,False,False,2024-09-28,,,human_written,,unannotated,validation
NAR000292_EN,SCN000292,en,Latin,none,"I was just minding my own business at the house around 18:35, when this aggressive person started shouting at me out of nowhere. Then it escalated into a complete domestic dispute and they said they'd hurt me if they saw me again. Genuinely terrified..","I was just minding my own business at the house around 18:35, when this aggressive person started shouting at me out of nowhere. Then it escalated into a complete domestic dispute and they said they'd hurt me if they saw me again. Genuinely terrified..",clear_chronological,medium,chronological,neutral,none,False,False,False,2024-09-23,,,human_written,,unannotated,challenge
NAR000293_EN,SCN000293,en,Latin,none,"It happened again at home around 21:24. Things escalated so quickly and it turned into full-blown economic deprivation. I was locked inside the room and couldn't even reach out to anyone until now. I honestly don't know what to do anymore, I am so scared..","It happened again at home around 21:24. Things escalated so quickly and it turned into full-blown economic deprivation. I was locked inside the room and couldn't even reach out to anyone until now. I honestly don't know what to do anymore, I am so scared..",clear_chronological,medium,chronological,neutral,none,False,False,False,2024-09-30,,,human_written,,unannotated,train
NAR000294_EN,SCN000294,en,Latin,none,"The bystander reported observing a heated argument developing near the shop around 19:11. The confrontation quickly turned into a verbal intimidation, with one individual visibly projecting physical intimidation towards the other party before crowds gathered to separate them..","The bystander reported observing a heated argument developing near the shop around 19:11. The confrontation quickly turned into a verbal intimidation, with one individual visibly projecting physical intimidation towards the other party before crowds gathered to separate them..",clear_chronological,medium,chronological,neutral,none,False,False,False,2024-09-17,,,human_written,,unannotated,train
NAR000295_EN,SCN000295,en,Latin,none,"The system administrator observed anomalous traffic originating from unauthorized servers around 07:29, confirming a systemwide cyberstalking. The victim was actively manipulated into bypassing authentication protocols on the Online platform platform..","The system administrator observed anomalous traffic originating from unauthorized servers around 07:29, confirming a systemwide cyberstalking. The victim was actively manipulated into bypassing authentication protocols on the Online platform platform..",clear_chronological,medium,chronological,neutral,none,False,False,False,2024-09-25,,,human_written,,unannotated,train
NAR000296_EN,SCN000296,en,Latin,none,"The neighbor reported hearing intense shouting and objects breaking from the adjacent apartment around 01:32. Upon investigating, it appeared to be a severe case of economic deprivation transpiring within the household, prompting the neighbor to intervene and call for assistance..","The neighbor reported hearing intense shouting and objects breaking from the adjacent apartment around 01:32. Upon investigating, it appeared to be a severe case of economic deprivation transpiring within the household, prompting the neighbor to intervene and call for assistance..",clear_chronological,medium,chronological,neutral,none,False,False,False,2024-09-25,,,human_written,,unannotated,validation
NAR000297_EN,SCN000297,en,Latin,none,"On 2026-07-16 at approximately 16:11 hours, a vehicular incident classified as hit and run collision occurred on the designated road. The offending vehicle failed to yield, causing impact and substantial structural damage. Case logged under regional motor vehicle acts..","On 2026-07-16 at approximately 16:11 hours, a vehicular incident classified as hit and run collision occurred on the designated road. The offending vehicle failed to yield, causing impact and substantial structural damage. Case logged under regional motor vehicle acts..",clear_chronological,medium,chronological,neutral,none,False,False,False,2024-10-14,,,human_written,,unannotated,challenge
NAR000298_EN,SCN000298,en,Latin,none,"On the date of 2026-07-01, an advanced threat actor initiated an exploit categorized under cyberstalking targeting remote infrastructures at approximately 02:11. The intrusion vectors reveal highly organized techniques using social engineering methods or brute-force automation to penetrate authorization systems on the House. Immediate isolation of the network endpoints was executed to limit exposure within the regional jurisdiction..","On the date of 2026-07-01, an advanced threat actor initiated an exploit categorized under cyberstalking targeting remote infrastructures at approximately 02:11. The intrusion vectors reveal highly organized techniques using social engineering methods or brute-force automation to penetrate authorization systems on the House. Immediate isolation of the network endpoints was executed to limit exposure within the regional jurisdiction..",clear_chronological,medium,chronological,neutral,none,False,False,False,2024-10-19,,,human_written,,unannotated,challenge
NAR000299_EN,SCN000299,en,Latin,none,"On the date of 2026-06-29, a major incidence of pickpocketing was executed at the designated railway station under complex environmental circumstances. The perpetrator leveraged the crowded nature of the location to approach undetected, exploiting a momentary lapse in security vigilance. Following the commission of the act, the individual navigated through the exit corridors effectively evading immediate pursuit. Emergency services were notified subsequently, initiating a localized investigation into the security vulnerabilities of this particular jurisdiction..","On the date of 2026-06-29, a major incidence of pickpocketing was executed at the designated railway station under complex environmental circumstances. The perpetrator leveraged the crowded nature of the location to approach undetected, exploiting a momentary lapse in security vigilance. Following the commission of the act, the individual navigated through the exit corridors effectively evading immediate pursuit. Emergency services were notified subsequently, initiating a localized investigation into the security vulnerabilities of this particular jurisdiction..",clear_chronological,medium,chronological,neutral,none,False,False,False,2024-10-01,,,human_written,,unannotated,challenge
NAR000300_EN,SCN000300,en,Latin,none,"guys freeze your accounts if you used that Mobile app recently!! just discovered a major loan approval scam happened around 15:26 today. unauthorized charges are showing up on multiple profiles, notify your branch manager asap.","guys freeze your accounts if you used that Mobile app recently!! just discovered a major loan approval scam happened around 15:26 today. unauthorized charges are showing up on multiple profiles, notify your branch manager asap.",clear_chronological,medium,chronological,neutral,none,False,False,False,2024-09-29,,,human_written,,unannotated,challenge
NAR000301_EN,SCN000301,en,Latin,none,"Dear Cyber Crime Portal, I am writing to register an official cybercrime incident regarding ransomware attack that targets my system. At 19:27 on 2026-07-14, illegal server access was achieved through the Online platform, leading to severe data breach and financial compromise..","Dear Cyber Crime Portal, I am writing to register an official cybercrime incident regarding ransomware attack that targets my system. At 19:27 on 2026-07-14, illegal server access was achieved through the Online platform, leading to severe data breach and financial compromise..",clear_chronological,medium,chronological,neutral,none,False,False,False,2024-10-11,,,human_written,,unannotated,train
NAR000302_EN,SCN000302,en,Latin,none,"The observer noticed two suspicious individuals loitering near the mobile app around 22:29. Shortly after, they approached the victim from behind, forcefully committed online phishing theft, and fled the scene on a two-wheeler heading north..","The observer noticed two suspicious individuals loitering near the mobile app around 22:29. Shortly after, they approached the victim from behind, forcefully committed online phishing theft, and fled the scene on a two-wheeler heading north..",clear_chronological,medium,chronological,neutral,none,False,False,False,2024-10-21,,,human_written,,unannotated,test
NAR000303_EN,SCN000303,en,Latin,none,"Dear Traffic Police Commissioner, I am writing to formally report an escalating safety issue, specifically a recent illegal parking blockage that occurred at the Road. The incident took place on 2026-07-14 at 16:10 hours, creating significant hazards for other motorists..","Dear Traffic Police Commissioner, I am writing to formally report an escalating safety issue, specifically a recent illegal parking blockage that occurred at the Road. The incident took place on 2026-07-14 at 16:10 hours, creating significant hazards for other motorists..",clear_chronological,medium,chronological,neutral,none,False,False,False,2024-10-28,,,human_written,,unannotated,train
NAR000304_EN,SCN000304,en,Latin,none,omg someone just took my things at the Highway!!! occurred just now around 10:13 hours. anyone nearby please help or tell me where the nearest police booth is asap!! lost everything inside my bag.,omg someone just took my things at the Highway!!! occurred just now around 10:13 hours. anyone nearby please help or tell me where the nearest police booth is asap!! lost everything inside my bag.,clear_chronological,medium,chronological,neutral,none,False,False,False,2024-10-04,,,human_written,,unannotated,challenge
NAR000305_EN,SCN000305,en,Latin,none,"Complainant states that on 2026-07-12 at approximately 02:15 hours, a transaction dispute involving refusal of service refund occurred at Online platform. The vendor reportedly engaged in unfair trade practices, failing to resolve the commercial non-compliance. Relevant purchase invoices have been logged..","Complainant states that on 2026-07-12 at approximately 02:15 hours, a transaction dispute involving refusal of service refund occurred at Online platform. The vendor reportedly engaged in unfair trade practices, failing to resolve the commercial non-compliance. Relevant purchase invoices have been logged..",clear_chronological,medium,chronological,neutral,none,False,False,False,2024-10-25,,,human_written,,unannotated,validation
NAR000306_EN,SCN000306,en,Latin,none,"So I was waiting at the workplace around 11:39 today for my scheduled meeting, when my ex turned up and started an absolute argument over our child custody dispute. They completely refused to abide by what the court originally decided. I'm just so drained by this ongoing legal battle..","So I was waiting at the workplace around 11:39 today for my scheduled meeting, when my ex turned up and started an absolute argument over our child custody dispute. They completely refused to abide by what the court originally decided. I'm just so drained by this ongoing legal battle..",clear_chronological,medium,chronological,neutral,none,False,False,False,2024-10-21,,,human_written,,unannotated,train
NAR000307_EN,SCN000307,en,Latin,none,"On the date of 2026-07-11, an advanced threat actor initiated an exploit categorized under social media hacking targeting remote infrastructures at approximately 04:10. The intrusion vectors reveal highly organized techniques using social engineering methods or brute-force automation to penetrate authorization systems on the Online platform. Immediate isolation of the network endpoints was executed to limit exposure within the regional jurisdiction..","On the date of 2026-07-11, an advanced threat actor initiated an exploit categorized under social media hacking targeting remote infrastructures at approximately 04:10. The intrusion vectors reveal highly organized techniques using social engineering methods or brute-force automation to penetrate authorization systems on the Online platform. Immediate isolation of the network endpoints was executed to limit exposure within the regional jurisdiction..",clear_chronological,medium,chronological,neutral,none,False,False,False,2024-10-14,,,human_written,,unannotated,train
NAR000308_EN,SCN000308,en,Latin,none,"On the morning of 2026-07-13, a sophisticated financial manipulation strategy matching the parameters of credit card cloning was discovered at the designated atm around 10:39 hours. The transaction logs indicate that highly specialized methods were utilized to manipulate verification nodes, enabling the illicit diversion of capital. Internal risk assets teams have initiated emergency containment protocols while formal complaints are being forwarded to statutory economic offenses wings within the state jurisdiction..","On the morning of 2026-07-13, a sophisticated financial manipulation strategy matching the parameters of credit card cloning was discovered at the designated atm around 10:39 hours. The transaction logs indicate that highly specialized methods were utilized to manipulate verification nodes, enabling the illicit diversion of capital. Internal risk assets teams have initiated emergency containment protocols while formal complaints are being forwarded to statutory economic offenses wings within the state jurisdiction..",clear_chronological,medium,chronological,neutral,none,False,False,False,2024-10-28,,,human_written,,unannotated,train
NAR000309_EN,SCN000309,en,Latin,none,"Complainant reports unauthorized digital breach under social media hacking framework. On 2026-06-25 at approx 17:33 hours, malicious payloads or fraudulent links were deployed to misappropriate assets or credentials via Online platform. Digital logs preserved for forensic analysis..","Complainant reports unauthorized digital breach under social media hacking framework. On 2026-06-25 at approx 17:33 hours, malicious payloads or fraudulent links were deployed to misappropriate assets or credentials via Online platform. Digital logs preserved for forensic analysis..",clear_chronological,medium,chronological,neutral,none,False,False,False,2024-11-08,,,human_written,,unannotated,test
NAR000310_EN,SCN000310,en,Latin,none,hey guys warning someone hacked my account via social media hacking just now around 13:25!! if u get any weird text or payment requests from me DO NOT transfer any money it is a fraud scam click nothing.,hey guys warning someone hacked my account via social media hacking just now around 13:25!! if u get any weird text or payment requests from me DO NOT transfer any money it is a fraud scam click nothing.,clear_chronological,medium,chronological,neutral,none,False,False,False,2024-10-26,,,human_written,,unannotated,test
NAR000311_EN,SCN000311,en,Latin,none,"Dear Cyber Crime Portal, I am writing to register an official cybercrime incident regarding ransomware attack that targets my system. At 15:13 on 2026-06-29, illegal server access was achieved through the Shop, leading to severe data breach and financial compromise..","Dear Cyber Crime Portal, I am writing to register an official cybercrime incident regarding ransomware attack that targets my system. At 15:13 on 2026-06-29, illegal server access was achieved through the Shop, leading to severe data breach and financial compromise..",clear_chronological,medium,chronological,neutral,none,False,False,False,2024-11-02,,,human_written,,unannotated,test
NAR000312_EN,SCN000312,en,Latin,none,"Complainant states that on 2026-06-21 at approximately 04:31 hours, an incident of shopbreaking occurred at Kirana store. The perpetrator description matches a male individual height approx 5'8"". Property loss reported. Case registered under relevant sections..","Complainant states that on 2026-06-21 at approximately 04:31 hours, an incident of shopbreaking occurred at Kirana store. The perpetrator description matches a male individual height approx 5'8"". Property loss reported. Case registered under relevant sections..",clear_chronological,medium,chronological,neutral,none,False,False,False,2024-11-10,,,human_written,,unannotated,challenge
NAR000313_EN,SCN000313,en,Latin,none,"On the morning of 2026-07-02, a sophisticated financial manipulation strategy matching the parameters of credit card cloning was discovered at the designated shop around 17:40 hours. The transaction logs indicate that highly specialized methods were utilized to manipulate verification nodes, enabling the illicit diversion of capital. Internal risk assets teams have initiated emergency containment protocols while formal complaints are being forwarded to statutory economic offenses wings within the state jurisdiction..","On the morning of 2026-07-02, a sophisticated financial manipulation strategy matching the parameters of credit card cloning was discovered at the designated shop around 17:40 hours. The transaction logs indicate that highly specialized methods were utilized to manipulate verification nodes, enabling the illicit diversion of capital. Internal risk assets teams have initiated emergency containment protocols while formal complaints are being forwarded to statutory economic offenses wings within the state jurisdiction..",clear_chronological,medium,chronological,neutral,none,False,False,False,2024-11-06,,,human_written,,unannotated,validation
NAR000314_EN,SCN000314,en,Latin,none,"A swift incident of online phishing theft took place at the local mobile app during peak hours. The victim lost valuable items instantly, and the unidentified suspect fled immediately before any bystanders could intervene..","A swift incident of online phishing theft took place at the local mobile app during peak hours. The victim lost valuable items instantly, and the unidentified suspect fled immediately before any bystanders could intervene..",clear_chronological,medium,chronological,neutral,none,False,False,False,2024-10-22,,,human_written,,unannotated,challenge
NAR000315_EN,SCN000315,en,Latin,none,"So I was waiting at the house around 15:22 today for my scheduled meeting, when my ex turned up and started an absolute argument over our guardianship dispute. They completely refused to abide by what the court originally decided. I'm just so drained by this ongoing legal battle..","So I was waiting at the house around 15:22 today for my scheduled meeting, when my ex turned up and started an absolute argument over our guardianship dispute. They completely refused to abide by what the court originally decided. I'm just so drained by this ongoing legal battle..",clear_chronological,medium,chronological,neutral,none,False,False,False,2024-10-29,,,human_written,,unannotated,challenge
NAR000316_EN,SCN000316,en,Latin,none,"So I went to this restaurant around 00:46 and explicitly paid for premium service, but I faced absolute overcharging and hidden fees instead. When I asked the manager to fix it or give my money back, they were super rude and completely brushed me off. Never buying from here again..","So I went to this restaurant around 00:46 and explicitly paid for premium service, but I faced absolute overcharging and hidden fees instead. When I asked the manager to fix it or give my money back, they were super rude and completely brushed me off. Never buying from here again..",clear_chronological,medium,chronological,neutral,none,False,False,False,2024-11-14,,,human_written,,unannotated,challenge
NAR000317_EN,SCN000317,en,Latin,none,hey guys warning if u are passing by the Residential street right now!! there is a massive noise pollution grievance that happened around 02:25 today. try to take a different route if possible to avoid getting stuck or delayed.,hey guys warning if u are passing by the Residential street right now!! there is a massive noise pollution grievance that happened around 02:25 today. try to take a different route if possible to avoid getting stuck or delayed.,clear_chronological,medium,chronological,neutral,none,False,False,False,2024-11-07,,,human_written,,unannotated,validation
NAR000318_EN,SCN000318,en,Latin,none,"Complainant states that on 2026-07-10 at approximately 06:10 hours, a transaction dispute involving false advertising and misrepresentation occurred at Shop. The vendor reportedly engaged in unfair trade practices, failing to resolve the commercial non-compliance. Relevant purchase invoices have been logged..","Complainant states that on 2026-07-10 at approximately 06:10 hours, a transaction dispute involving false advertising and misrepresentation occurred at Shop. The vendor reportedly engaged in unfair trade practices, failing to resolve the commercial non-compliance. Relevant purchase invoices have been logged..",clear_chronological,medium,chronological,neutral,none,False,False,False,2024-11-22,,,human_written,,unannotated,test
NAR000319_EN,SCN000319,en,Latin,none,"The observer witnessed an intense community argument unfolding near the house around 11:56. Several individuals were actively contesting an instance of inheritance property claim, with local residents stepping in to prevent physical escalation before authorities were notified..","The observer witnessed an intense community argument unfolding near the house around 11:56. Several individuals were actively contesting an instance of inheritance property claim, with local residents stepping in to prevent physical escalation before authorities were notified..",clear_chronological,medium,chronological,neutral,none,False,False,False,2024-12-02,,,human_written,,unannotated,challenge
NAR000320_EN,SCN000320,en,Latin,none,guys stay away from the Highway right now! just witnessed a crazy reckless driving confrontation around 06:02 hours. cars are badly damaged and traffic is completely backed up. emergency services are arriving just now.,guys stay away from the Highway right now! just witnessed a crazy reckless driving confrontation around 06:02 hours. cars are badly damaged and traffic is completely backed up. emergency services are arriving just now.,clear_chronological,medium,chronological,neutral,none,False,False,False,2024-12-02,,,human_written,,unannotated,test
NAR000321_EN,SCN000321,en,Latin,none,guys heads up do NOT buy anything from that House!! just experienced a massive defective product delivery around 08:08 today. they completely cheated me on the transaction and refused a refund. super sketchy service watch out.,guys heads up do NOT buy anything from that House!! just experienced a massive defective product delivery around 08:08 today. they completely cheated me on the transaction and refused a refund. super sketchy service watch out.,clear_chronological,medium,chronological,neutral,none,False,False,False,2024-11-15,,,human_written,,unannotated,challenge
NAR000322_EN,SCN000322,en,Latin,none,"The observer noted a minor public disturbance developing near the local road around 06:05. The situation involved a distinct minor civic infrastructure issue, drawing the attention of passing commuters before local municipal workers arrived on site..","The observer noted a minor public disturbance developing near the local road around 06:05. The situation involved a distinct minor civic infrastructure issue, drawing the attention of passing commuters before local municipal workers arrived on site..",clear_chronological,medium,chronological,neutral,none,False,False,False,2024-11-16,,,human_written,,unannotated,validation
NAR000323_EN,SCN000323,en,Latin,none,"So I was just going out past the shop around 01:18 today, and I ran straight into a total lost item reporting. It completely blocked my path and nobody around seemed to know who to call to get it fixed or sorted out. Just super frustrated..","So I was just going out past the shop around 01:18 today, and I ran straight into a total lost item reporting. It completely blocked my path and nobody around seemed to know who to call to get it fixed or sorted out. Just super frustrated..",clear_chronological,medium,chronological,neutral,none,False,False,False,2024-11-29,,,human_written,,unannotated,validation
NAR000324_EN,SCN000324,en,Latin,none,"So I was just standing at the road around 17:04 yesterday, checking my phone, when this guy suddenly rushed past me and grabbed my belongings out of nowhere! I didn't even have time to react or see his face properly. Totally shocked..","So I was just standing at the road around 17:04 yesterday, checking my phone, when this guy suddenly rushed past me and grabbed my belongings out of nowhere! I didn't even have time to react or see his face properly. Totally shocked..",clear_chronological,medium,chronological,neutral,none,False,False,False,2024-11-15,,,human_written,,unannotated,validation
NAR000325_EN,SCN000325,en,Latin,none,"Complainant reports ongoing domestic grievances at the shared residence. On 2026-07-19 at 13:54 hours, a severe incident involving dowry harassment occurred, resulting in immediate emotional and physical distress. Intervention was requested by the victim's family members..","Complainant reports ongoing domestic grievances at the shared residence. On 2026-07-19 at 13:54 hours, a severe incident involving dowry harassment occurred, resulting in immediate emotional and physical distress. Intervention was requested by the victim's family members..",clear_chronological,medium,chronological,neutral,none,False,False,False,2024-11-14,,,human_written,,unannotated,train
NAR000326_EN,SCN000326,en,Latin,none,"A high-value financial dispute categorized as cheque forgery was registered at the bank at 20:27. The incident involves deliberate corporate misrepresentation or instrument forgery, requiring specialized forensic financial review..","A high-value financial dispute categorized as cheque forgery was registered at the bank at 20:27. The incident involves deliberate corporate misrepresentation or instrument forgery, requiring specialized forensic financial review..",clear_chronological,medium,chronological,neutral,none,False,False,False,2024-12-02,,,human_written,,unannotated,train
NAR000327_EN,SCN000327,en,Latin,none,"The observer noted a highly emotional confrontation between two estranged family members outside the apartment around 22:37. The argument was explicitly regarding a severe case of divorce proceedings conflict, with both sides loudly contesting rights before local residents requested calm..","The observer noted a highly emotional confrontation between two estranged family members outside the apartment around 22:37. The argument was explicitly regarding a severe case of divorce proceedings conflict, with both sides loudly contesting rights before local residents requested calm..",clear_chronological,medium,chronological,neutral,none,False,False,False,2024-11-21,,,human_written,,unannotated,challenge
NAR000328_EN,SCN000328,en,Latin,none,"So I went down to the mobile app around 18:23 to check my balance, and I realized I was a victim of a massive loan approval scam. They completely forged my details and cleared out the pending funds out of nowhere. I don't even know how I'm going to manage this month's expenses..","So I went down to the mobile app around 18:23 to check my balance, and I realized I was a victim of a massive loan approval scam. They completely forged my details and cleared out the pending funds out of nowhere. I don't even know how I'm going to manage this month's expenses..",clear_chronological,medium,chronological,neutral,none,False,False,False,2024-12-03,,,human_written,,unannotated,test
NAR000329_EN,SCN000329,en,Latin,none,hey guys warning if u are passing by the Road right now!! there is a massive minor civic infrastructure issue that happened around 01:46 today. try to take a different route if possible to avoid getting stuck or delayed.,hey guys warning if u are passing by the Road right now!! there is a massive minor civic infrastructure issue that happened around 01:46 today. try to take a different route if possible to avoid getting stuck or delayed.,clear_chronological,medium,chronological,neutral,none,False,False,False,2024-11-26,,,human_written,,unannotated,challenge
NAR000330_EN,SCN000330,en,Latin,none,"I was just minding my own business at the online platform around 06:44, when this aggressive person started shouting at me out of nowhere. Then it escalated into a complete online harassment & threats and they said they'd hurt me if they saw me again. Genuinely terrified..","I was just minding my own business at the online platform around 06:44, when this aggressive person started shouting at me out of nowhere. Then it escalated into a complete online harassment & threats and they said they'd hurt me if they saw me again. Genuinely terrified..",clear_chronological,medium,chronological,neutral,none,False,False,False,2024-12-23,,,human_written,,unannotated,validation
NAR000331_EN,SCN000331,en,Latin,none,"The internal auditor observed highly irregular transaction entries passing through the office around 22:59. Closer inspection confirmed a premeditated instance of insurance claim fraud, with the perpetrator executing unauthorized balance transfers using fraudulent credentials before logging out..","The internal auditor observed highly irregular transaction entries passing through the office around 22:59. Closer inspection confirmed a premeditated instance of insurance claim fraud, with the perpetrator executing unauthorized balance transfers using fraudulent credentials before logging out..",clear_chronological,medium,chronological,neutral,none,False,False,False,2024-12-19,,,human_written,,unannotated,validation
NAR000332_EN,SCN000332,en,Latin,none,"I was just minding my own business at the workplace around 12:05, when this aggressive person started shouting at me out of nowhere. Then it escalated into a complete verbal intimidation and they said they'd hurt me if they saw me again. Genuinely terrified..","I was just minding my own business at the workplace around 12:05, when this aggressive person started shouting at me out of nowhere. Then it escalated into a complete verbal intimidation and they said they'd hurt me if they saw me again. Genuinely terrified..",clear_chronological,medium,chronological,neutral,none,False,False,False,2024-12-12,,,human_written,,unannotated,train
NAR000333_EN,SCN000333,en,Latin,none,"An incident of phishing scam compromised security systems across the specified Online platform at 07:19. Electronic credentials were manipulated remotely by unknown malicious actors, triggering secondary security protocols..","An incident of phishing scam compromised security systems across the specified Online platform at 07:19. Electronic credentials were manipulated remotely by unknown malicious actors, triggering secondary security protocols..",clear_chronological,medium,chronological,neutral,none,False,False,False,2024-12-08,,,human_written,,unannotated,test
NAR000334_EN,SCN000334,en,Latin,none,"On the date of 2026-07-05, a major civil friction classified under alimony and maintenance claim escalated during a familial meeting at the designated online platform at approximately 03:44 hours. The dispute involves competing claims regarding maintenance allocations or custody arrangements, leading to severe communication breakdown between the principal parties. The current circumstances indicate an immediate requirement for legal intervention to mandate adherence to statutory family frameworks within the state jurisdiction..","On the date of 2026-07-05, a major civil friction classified under alimony and maintenance claim escalated during a familial meeting at the designated online platform at approximately 03:44 hours. The dispute involves competing claims regarding maintenance allocations or custody arrangements, leading to severe communication breakdown between the principal parties. The current circumstances indicate an immediate requirement for legal intervention to mandate adherence to statutory family frameworks within the state jurisdiction..",clear_chronological,medium,chronological,neutral,none,False,False,False,2024-12-15,,,human_written,,unannotated,challenge
NAR000335_EN,SCN000335,en,Latin,none,"On the date of 2026-06-27, a major institutional friction classified as safe working conditions violation materialized at the specified construction site at approximately 17:49. The circumstances indicate structured operational non-compliance by the management regarding standard working protocols or financial settlements, directly compromising employee protections. Internal grievance workflows were completely bypassed by leadership, compelling the affected party to seek statutory legal remedies through regional labor councils..","On the date of 2026-06-27, a major institutional friction classified as safe working conditions violation materialized at the specified construction site at approximately 17:49. The circumstances indicate structured operational non-compliance by the management regarding standard working protocols or financial settlements, directly compromising employee protections. Internal grievance workflows were completely bypassed by leadership, compelling the affected party to seek statutory legal remedies through regional labor councils..",clear_chronological,medium,chronological,neutral,none,False,False,False,2025-01-03,,,human_written,,unannotated,challenge
NAR000336_EN,SCN000336,en,Latin,none,"On the date of 2026-07-14, a major incidence of house burglary was executed at the designated house under complex environmental circumstances. The perpetrator leveraged the crowded nature of the location to approach undetected, exploiting a momentary lapse in security vigilance. Following the commission of the act, the individual navigated through the exit corridors effectively evading immediate pursuit. Emergency services were notified subsequently, initiating a localized investigation into the security vulnerabilities of this particular jurisdiction..","On the date of 2026-07-14, a major incidence of house burglary was executed at the designated house under complex environmental circumstances. The perpetrator leveraged the crowded nature of the location to approach undetected, exploiting a momentary lapse in security vigilance. Following the commission of the act, the individual navigated through the exit corridors effectively evading immediate pursuit. Emergency services were notified subsequently, initiating a localized investigation into the security vulnerabilities of this particular jurisdiction..",clear_chronological,medium,chronological,neutral,none,False,False,False,2024-12-28,,,human_written,,unannotated,validation
NAR000337_EN,SCN000337,en,Latin,none,pls help someone is targeting me with online harassment & threats right now at the Social media!! they are threatening to hit me or worse. happened around 05:08. is anyone nearby who can come stay with me? urgent.,pls help someone is targeting me with online harassment & threats right now at the Social media!! they are threatening to hit me or worse. happened around 05:08. is anyone nearby who can come stay with me? urgent.,clear_chronological,medium,chronological,neutral,none,False,False,False,2024-12-28,,,human_written,,unannotated,validation
NAR000338_EN,SCN000338,en,Latin,none,"The observer noted a clear altercation developing at the counter of the showroom around 22:03. A customer was contesting a distinct case of false advertising and misrepresentation, showing clear evidence to the merchant, who continuously refused liability or proper resolution..","The observer noted a clear altercation developing at the counter of the showroom around 22:03. A customer was contesting a distinct case of false advertising and misrepresentation, showing clear evidence to the merchant, who continuously refused liability or proper resolution..",clear_chronological,medium,chronological,neutral,none,False,False,False,2024-12-26,,,human_written,,unannotated,test
NAR000339_EN,SCN000339,en,Latin,none,"The internal auditor observed highly irregular transaction entries passing through the online platform around 03:11. Closer inspection confirmed a premeditated instance of loan approval scam, with the perpetrator executing unauthorized balance transfers using fraudulent credentials before logging out..","The internal auditor observed highly irregular transaction entries passing through the online platform around 03:11. Closer inspection confirmed a premeditated instance of loan approval scam, with the perpetrator executing unauthorized balance transfers using fraudulent credentials before logging out..",clear_chronological,medium,chronological,neutral,none,False,False,False,2024-12-26,,,human_written,,unannotated,test
NAR000340_EN,SCN000340,en,Latin,none,"Complainant reports a structured financial offense falling under the category of credit card cloning at the shop. The incident occurred on 2026-07-08 at approximately 03:56 hours, wherein deceptive documentation was presented to misappropriate corporate or individual monetary assets. Audit trails have been preserved..","Complainant reports a structured financial offense falling under the category of credit card cloning at the shop. The incident occurred on 2026-07-08 at approximately 03:56 hours, wherein deceptive documentation was presented to misappropriate corporate or individual monetary assets. Audit trails have been preserved..",clear_chronological,medium,chronological,neutral,none,False,False,False,2025-01-17,,,human_written,,unannotated,challenge
NAR000341_EN,SCN000341,en,Latin,none,"I've been working at this office for months, and around 12:37 yesterday, things hit a breaking point with a massive unpaid wage dispute. They literally refused to settle what was rightfully owed to me and told me to just leave if I didn't like it. I'm so stressed about how I'm going to pay my rent..","I've been working at this office for months, and around 12:37 yesterday, things hit a breaking point with a massive unpaid wage dispute. They literally refused to settle what was rightfully owed to me and told me to just leave if I didn't like it. I'm so stressed about how I'm going to pay my rent..",clear_chronological,medium,chronological,neutral,none,False,False,False,2024-12-21,,,human_written,,unannotated,test
NAR000342_EN,SCN000342,en,Latin,none,omg someone just took my things at the Shop!!! occurred just now around 17:38 hours. anyone nearby please help or tell me where the nearest police booth is asap!! lost everything inside my bag.,omg someone just took my things at the Shop!!! occurred just now around 17:38 hours. anyone nearby please help or tell me where the nearest police booth is asap!! lost everything inside my bag.,clear_chronological,medium,chronological,neutral,none,False,False,False,2025-01-17,,,human_written,,unannotated,test
NAR000343_EN,SCN000343,en,Latin,none,"Complainant registers a family matter notification involving an active restitution of conjugal rights at the premises. On 2026-07-04 at approximately 13:39 hours, an escalation occurred regarding legal compliance or child visitation parameters. Relevant documentation has been requested for family court presentation..","Complainant registers a family matter notification involving an active restitution of conjugal rights at the premises. On 2026-07-04 at approximately 13:39 hours, an escalation occurred regarding legal compliance or child visitation parameters. Relevant documentation has been requested for family court presentation..",clear_chronological,medium,chronological,neutral,none,False,False,False,2024-12-30,,,human_written,,unannotated,challenge
NAR000344_EN,SCN000344,en,Latin,none,"The system administrator observed anomalous traffic originating from unauthorized servers around 03:13, confirming a systemwide social media hacking. The victim was actively manipulated into bypassing authentication protocols on the Online platform platform..","The system administrator observed anomalous traffic originating from unauthorized servers around 03:13, confirming a systemwide social media hacking. The victim was actively manipulated into bypassing authentication protocols on the Online platform platform..",clear_chronological,medium,chronological,neutral,none,False,False,False,2025-01-11,,,human_written,,unannotated,challenge
NAR000345_EN,SCN000345,en,Latin,none,omg someone just took my things at the Kirana store!!! occurred just now around 10:59 hours. anyone nearby please help or tell me where the nearest police booth is asap!! lost everything inside my bag.,omg someone just took my things at the Kirana store!!! occurred just now around 10:59 hours. anyone nearby please help or tell me where the nearest police booth is asap!! lost everything inside my bag.,clear_chronological,medium,chronological,neutral,none,False,False,False,2025-01-19,,,human_written,,unannotated,train
NAR000346_EN,SCN000346,en,Latin,none,"An employment dispute involving breach of employment contract escalated at the office at 09:20. The worker alleged severe breach of workplace regulations, seeking administrative or legal intervention to recover standard dues or ensure workplace safety..","An employment dispute involving breach of employment contract escalated at the office at 09:20. The worker alleged severe breach of workplace regulations, seeking administrative or legal intervention to recover standard dues or ensure workplace safety..",clear_chronological,medium,chronological,neutral,none,False,False,False,2025-01-12,,,human_written,,unannotated,challenge
NAR000347_EN,SCN000347,en,Latin,none,"So I was just standing at the apartment around 13:53 yesterday, checking my phone, when this guy suddenly rushed past me and grabbed my belongings out of nowhere! I didn't even have time to react or see his face properly. Totally shocked..","So I was just standing at the apartment around 13:53 yesterday, checking my phone, when this guy suddenly rushed past me and grabbed my belongings out of nowhere! I didn't even have time to react or see his face properly. Totally shocked..",clear_chronological,medium,chronological,neutral,none,False,False,False,2025-01-04,,,human_written,,unannotated,train
NAR000348_EN,SCN000348,en,Latin,none,pls help someone is targeting me with online harassment & threats right now at the Online platform!! they are threatening to hit me or worse. happened around 07:34. is anyone nearby who can come stay with me? urgent.,pls help someone is targeting me with online harassment & threats right now at the Online platform!! they are threatening to hit me or worse. happened around 07:34. is anyone nearby who can come stay with me? urgent.,clear_chronological,medium,chronological,neutral,none,False,False,False,2025-01-15,,,human_written,,unannotated,challenge
NAR000349_EN,SCN000349,en,Latin,none,"Dear Revenue Officer / Police Commissioner, I am writing to register an urgent complaint regarding a critical instance of illegal property possession affecting my Shop. The unlawful activity intensified on 2026-07-02 at 07:38 hours, causing direct infringement on my registered property rights..","Dear Revenue Officer / Police Commissioner, I am writing to register an urgent complaint regarding a critical instance of illegal property possession affecting my Shop. The unlawful activity intensified on 2026-07-02 at 07:38 hours, causing direct infringement on my registered property rights..",clear_chronological,medium,chronological,neutral,none,False,False,False,2025-01-19,,,human_written,,unannotated,test
NAR000350_EN,SCN000350,en,Latin,none,"hey guys, my ex just blocked me from seeing the kids / resolving the divorce proceedings conflict at the House around 04:18 today. completely violating the current terms. does anyone know a reliable family court lawyer who can file an urgent motion tomorrow?.","hey guys, my ex just blocked me from seeing the kids / resolving the divorce proceedings conflict at the House around 04:18 today. completely violating the current terms. does anyone know a reliable family court lawyer who can file an urgent motion tomorrow?.",clear_chronological,medium,chronological,neutral,none,False,False,False,2025-02-04,,,human_written,,unannotated,train
NAR000351_EN,SCN000351,en,Latin,none,"So I clicked this link thinking it was an official notification around 05:33 yesterday, and suddenly I was locked out of my account. I realized it was a total social media hacking when my savings started moving out. I'm completely panicking right now..","So I clicked this link thinking it was an official notification around 05:33 yesterday, and suddenly I was locked out of my account. I realized it was a total social media hacking when my savings started moving out. I'm completely panicking right now..",clear_chronological,medium,chronological,neutral,none,False,False,False,2025-01-20,,,human_written,,unannotated,train
NAR000352_EN,SCN000352,en,Latin,none,"So I went down to the online platform around 23:19 to check my balance, and I realized I was a victim of a massive credit card cloning. They completely forged my details and cleared out the pending funds out of nowhere. I don't even know how I'm going to manage this month's expenses..","So I went down to the online platform around 23:19 to check my balance, and I realized I was a victim of a massive credit card cloning. They completely forged my details and cleared out the pending funds out of nowhere. I don't even know how I'm going to manage this month's expenses..",clear_chronological,medium,chronological,neutral,none,False,False,False,2025-02-04,,,human_written,,unannotated,train
NAR000353_EN,SCN000353,en,Latin,none,"An incident of cyberstalking compromised security systems across the specified Online platform at 12:33. Electronic credentials were manipulated remotely by unknown malicious actors, triggering secondary security protocols..","An incident of cyberstalking compromised security systems across the specified Online platform at 12:33. Electronic credentials were manipulated remotely by unknown malicious actors, triggering secondary security protocols..",clear_chronological,medium,chronological,neutral,none,False,False,False,2025-01-16,,,human_written,,unannotated,test
NAR000354_EN,SCN000354,en,Latin,none,"So I went out to check my plot around 23:45 today, and I saw they were actively setting up structures on my side! When I confronted them about this blatant land encroachment, they straight up threatened me and refused to move back. I am so stressed out right now..","So I went out to check my plot around 23:45 today, and I saw they were actively setting up structures on my side! When I confronted them about this blatant land encroachment, they straight up threatened me and refused to move back. I am so stressed out right now..",clear_chronological,medium,chronological,neutral,none,False,False,False,2025-02-10,,,human_written,,unannotated,test
NAR000355_EN,SCN000355,en,Latin,none,"On the date of 2026-07-04, an advanced threat actor initiated an exploit categorized under online banking fraud targeting remote infrastructures at approximately 06:05. The intrusion vectors reveal highly organized techniques using social engineering methods or brute-force automation to penetrate authorization systems on the Mobile app. Immediate isolation of the network endpoints was executed to limit exposure within the regional jurisdiction..","On the date of 2026-07-04, an advanced threat actor initiated an exploit categorized under online banking fraud targeting remote infrastructures at approximately 06:05. The intrusion vectors reveal highly organized techniques using social engineering methods or brute-force automation to penetrate authorization systems on the Mobile app. Immediate isolation of the network endpoints was executed to limit exposure within the regional jurisdiction..",clear_chronological,medium,chronological,neutral,none,False,False,False,2025-01-30,,,human_written,,unannotated,train
NAR000356_EN,SCN000356,en,Latin,none,omg someone just took my things at the Residential street!!! occurred just now around 07:24 hours. anyone nearby please help or tell me where the nearest police booth is asap!! lost everything inside my bag.,omg someone just took my things at the Residential street!!! occurred just now around 07:24 hours. anyone nearby please help or tell me where the nearest police booth is asap!! lost everything inside my bag.,clear_chronological,medium,chronological,neutral,none,False,False,False,2025-02-16,,,human_written,,unannotated,test
NAR000357_EN,SCN000357,en,Latin,none,"Complainant reports a structural civil grievance regarding boundary wall dispute at the site located in house. On 2026-07-02 at 17:21 hours, opposing parties gathered and attempted unauthorized physical alterations. Property ownership documents have been submitted for verification..","Complainant reports a structural civil grievance regarding boundary wall dispute at the site located in house. On 2026-07-02 at 17:21 hours, opposing parties gathered and attempted unauthorized physical alterations. Property ownership documents have been submitted for verification..",clear_chronological,medium,chronological,neutral,none,False,False,False,2025-02-16,,,human_written,,unannotated,challenge
NAR000358_EN,SCN000358,en,Latin,none,"So I went down to the shop around 21:09 to check my balance, and I realized I was a victim of a massive cheque forgery. They completely forged my details and cleared out the pending funds out of nowhere. I don't even know how I'm going to manage this month's expenses..","So I went down to the shop around 21:09 to check my balance, and I realized I was a victim of a massive cheque forgery. They completely forged my details and cleared out the pending funds out of nowhere. I don't even know how I'm going to manage this month's expenses..",clear_chronological,medium,chronological,neutral,none,False,False,False,2025-02-07,,,human_written,,unannotated,challenge
NAR000359_EN,SCN000359,en,Latin,none,"Complainant registers a family matter notification involving an active alimony and maintenance claim at the premises. On 2026-07-04 at approximately 15:23 hours, an escalation occurred regarding legal compliance or child visitation parameters. Relevant documentation has been requested for family court presentation..","Complainant registers a family matter notification involving an active alimony and maintenance claim at the premises. On 2026-07-04 at approximately 15:23 hours, an escalation occurred regarding legal compliance or child visitation parameters. Relevant documentation has been requested for family court presentation..",clear_chronological,medium,chronological,neutral,none,False,False,False,2025-02-13,,,human_written,,unannotated,challenge
NAR000360_EN,SCN000360,en,Latin,none,"A swift incident of house burglary took place at the local house during peak hours. The victim lost valuable items instantly, and the unidentified suspect fled immediately before any bystanders could intervene..","A swift incident of house burglary took place at the local house during peak hours. The victim lost valuable items instantly, and the unidentified suspect fled immediately before any bystanders could intervene..",clear_chronological,medium,chronological,neutral,none,False,False,False,2025-02-02,,,human_written,,unannotated,challenge
NAR000361_EN,SCN000361,en,Latin,none,hey guys warning someone hacked my account via identity theft just now around 21:20!! if u get any weird text or payment requests from me DO NOT transfer any money it is a fraud scam click nothing.,hey guys warning someone hacked my account via identity theft just now around 21:20!! if u get any weird text or payment requests from me DO NOT transfer any money it is a fraud scam click nothing.,clear_chronological,medium,chronological,neutral,none,False,False,False,2025-03-03,,,human_written,,unannotated,challenge
NAR000362_EN,SCN000362,en,Latin,none,"So I was just standing at the roadside around 05:29 yesterday, checking my phone, when this guy suddenly rushed past me and grabbed my belongings out of nowhere! I didn't even have time to react or see his face properly. Totally shocked..","So I was just standing at the roadside around 05:29 yesterday, checking my phone, when this guy suddenly rushed past me and grabbed my belongings out of nowhere! I didn't even have time to react or see his face properly. Totally shocked..",clear_chronological,medium,chronological,neutral,none,False,False,False,2025-02-26,,,human_written,,unannotated,test
NAR000363_EN,SCN000363,en,Latin,none,"So I went to this hotel around 08:30 and explicitly paid for premium service, but I faced absolute overcharging and hidden fees instead. When I asked the manager to fix it or give my money back, they were super rude and completely brushed me off. Never buying from here again..","So I went to this hotel around 08:30 and explicitly paid for premium service, but I faced absolute overcharging and hidden fees instead. When I asked the manager to fix it or give my money back, they were super rude and completely brushed me off. Never buying from here again..",clear_chronological,medium,chronological,neutral,none,False,False,False,2025-02-26,,,human_written,,unannotated,test
NAR000364_EN,SCN000364,en,Latin,none,"The system administrator observed anomalous traffic originating from unauthorized servers around 22:13, confirming a systemwide online banking fraud. The victim was actively manipulated into bypassing authentication protocols on the Mobile app platform..","The system administrator observed anomalous traffic originating from unauthorized servers around 22:13, confirming a systemwide online banking fraud. The victim was actively manipulated into bypassing authentication protocols on the Mobile app platform..",clear_chronological,medium,chronological,neutral,none,False,False,False,2025-03-08,,,human_written,,unannotated,challenge
NAR000365_EN,SCN000365,en,Latin,none,"A property conflict classified under inheritance property claim was documented at the house at 22:34. The dispute involves contested boundaries and ownership titles, requiring civil or criminal mediation to preserve public order..","A property conflict classified under inheritance property claim was documented at the house at 22:34. The dispute involves contested boundaries and ownership titles, requiring civil or criminal mediation to preserve public order..",clear_chronological,medium,chronological,neutral,none,False,False,False,2025-03-10,,,human_written,,unannotated,challenge
NAR000366_EN,SCN000366,en,Latin,none,"Dear Protection Officer, I am writing to formally report an escalating pattern of domestic violence, specifically spousal physical abuse, at my residence. The latest major confrontation took place on 2026-06-30 around 04:21. I urgently request legal assistance and protective measures..","Dear Protection Officer, I am writing to formally report an escalating pattern of domestic violence, specifically spousal physical abuse, at my residence. The latest major confrontation took place on 2026-06-30 around 04:21. I urgently request legal assistance and protective measures..",clear_chronological,medium,chronological,neutral,none,False,False,False,2025-02-16,,,human_written,,unannotated,test
NAR000367_EN,SCN000367,en,Latin,none,"The observer noted a clear altercation developing at the counter of the shop around 20:09. A customer was contesting a distinct case of expired or contaminated goods sale, showing clear evidence to the merchant, who continuously refused liability or proper resolution..","The observer noted a clear altercation developing at the counter of the shop around 20:09. A customer was contesting a distinct case of expired or contaminated goods sale, showing clear evidence to the merchant, who continuously refused liability or proper resolution..",clear_chronological,medium,chronological,neutral,none,False,False,False,2025-03-02,,,human_written,,unannotated,test
NAR000368_EN,SCN000368,en,Latin,none,"On the date of 2026-07-12, a major civil friction classified under child custody dispute escalated during a familial meeting at the designated workplace at approximately 22:36 hours. The dispute involves competing claims regarding maintenance allocations or custody arrangements, leading to severe communication breakdown between the principal parties. The current circumstances indicate an immediate requirement for legal intervention to mandate adherence to statutory family frameworks within the state jurisdiction..","On the date of 2026-07-12, a major civil friction classified under child custody dispute escalated during a familial meeting at the designated workplace at approximately 22:36 hours. The dispute involves competing claims regarding maintenance allocations or custody arrangements, leading to severe communication breakdown between the principal parties. The current circumstances indicate an immediate requirement for legal intervention to mandate adherence to statutory family frameworks within the state jurisdiction..",clear_chronological,medium,chronological,neutral,none,False,False,False,2025-02-22,,,human_written,,unannotated,challenge
NAR000369_EN,SCN000369,en,Latin,none,"Dear Human Resources and Labor Commissioner, I am writing to formally lodge a grievance regarding the ongoing pattern of unpaid wage dispute within the Shop. The definitive breach transpired on 2026-07-11 at 12:03 hours, violating explicit terms of my employment contract and local statutory codes..","Dear Human Resources and Labor Commissioner, I am writing to formally lodge a grievance regarding the ongoing pattern of unpaid wage dispute within the Shop. The definitive breach transpired on 2026-07-11 at 12:03 hours, violating explicit terms of my employment contract and local statutory codes..",clear_chronological,medium,chronological,neutral,none,False,False,False,2025-03-03,,,human_written,,unannotated,train
NAR000370_EN,SCN000370,en,Latin,none,"hey guys, my ex just blocked me from seeing the kids / resolving the guardianship dispute at the House around 04:37 today. completely violating the current terms. does anyone know a reliable family court lawyer who can file an urgent motion tomorrow?.","hey guys, my ex just blocked me from seeing the kids / resolving the guardianship dispute at the House around 04:37 today. completely violating the current terms. does anyone know a reliable family court lawyer who can file an urgent motion tomorrow?.",clear_chronological,medium,chronological,neutral,none,False,False,False,2025-03-18,,,human_written,,unannotated,train
NAR000371_EN,SCN000371,en,Latin,none,"So I went out to check my apartment around 02:49 today, and I saw they were actively setting up structures on my side! When I confronted them about this blatant tenant-landlord conflict, they straight up threatened me and refused to move back. I am so stressed out right now..","So I went out to check my apartment around 02:49 today, and I saw they were actively setting up structures on my side! When I confronted them about this blatant tenant-landlord conflict, they straight up threatened me and refused to move back. I am so stressed out right now..",clear_chronological,medium,chronological,neutral,none,False,False,False,2025-03-19,,,human_written,,unannotated,challenge
NAR000372_EN,SCN000372,en,Latin,none,"The system administrator observed anomalous traffic originating from unauthorized servers around 07:18, confirming a systemwide phishing scam. The victim was actively manipulated into bypassing authentication protocols on the Online platform platform..","The system administrator observed anomalous traffic originating from unauthorized servers around 07:18, confirming a systemwide phishing scam. The victim was actively manipulated into bypassing authentication protocols on the Online platform platform..",clear_chronological,medium,chronological,neutral,none,False,False,False,2025-03-18,,,human_written,,unannotated,test
NAR000373_EN,SCN000373,en,Latin,none,"Complainant reports unauthorized digital breach under ransomware attack framework. On 2026-07-19 at approx 03:47 hours, malicious payloads or fraudulent links were deployed to misappropriate assets or credentials via Shop. Digital logs preserved for forensic analysis..","Complainant reports unauthorized digital breach under ransomware attack framework. On 2026-07-19 at approx 03:47 hours, malicious payloads or fraudulent links were deployed to misappropriate assets or credentials via Shop. Digital logs preserved for forensic analysis..",clear_chronological,medium,chronological,neutral,none,False,False,False,2025-03-01,,,human_written,,unannotated,test
NAR000374_EN,SCN000374,en,Latin,none,"The neighbor reported hearing intense shouting and objects breaking from the adjacent apartment around 17:02. Upon investigating, it appeared to be a severe case of spousal physical abuse transpiring within the household, prompting the neighbor to intervene and call for assistance..","The neighbor reported hearing intense shouting and objects breaking from the adjacent apartment around 17:02. Upon investigating, it appeared to be a severe case of spousal physical abuse transpiring within the household, prompting the neighbor to intervene and call for assistance..",clear_chronological,medium,chronological,neutral,none,False,False,False,2025-03-24,,,human_written,,unannotated,train
NAR000375_EN,SCN000375,en,Latin,none,"A family civil dispute categorized as restitution of conjugal rights manifested within a private residence at 01:39. The incident centers around contested guardianship or maintenance rights, necessitating institutional mediation under family law statues..","A family civil dispute categorized as restitution of conjugal rights manifested within a private residence at 01:39. The incident centers around contested guardianship or maintenance rights, necessitating institutional mediation under family law statues..",clear_chronological,medium,chronological,neutral,none,False,False,False,2025-02-28,,,human_written,,unannotated,train
NAR000376_EN,SCN000376,en,Latin,none,"On the date of 2026-07-04, a major institutional friction classified as breach of employment contract materialized at the specified office at approximately 23:09. The circumstances indicate structured operational non-compliance by the management regarding standard working protocols or financial settlements, directly compromising employee protections. Internal grievance workflows were completely bypassed by leadership, compelling the affected party to seek statutory legal remedies through regional labor councils..","On the date of 2026-07-04, a major institutional friction classified as breach of employment contract materialized at the specified office at approximately 23:09. The circumstances indicate structured operational non-compliance by the management regarding standard working protocols or financial settlements, directly compromising employee protections. Internal grievance workflows were completely bypassed by leadership, compelling the affected party to seek statutory legal remedies through regional labor councils..",clear_chronological,medium,chronological,neutral,none,False,False,False,2025-03-20,,,human_written,,unannotated,challenge
NAR000377_EN,SCN000377,en,Latin,none,"Dear Authority, I am writing to formally lodge a complaint regarding a online phishing theft incident that transpired at the Mobile app on 2026-07-10. The incident occurred around 05:34, resulting in the unauthorized taking of my personal property. I request your immediate intervention to review CCTV footage..","Dear Authority, I am writing to formally lodge a complaint regarding a online phishing theft incident that transpired at the Mobile app on 2026-07-10. The incident occurred around 05:34, resulting in the unauthorized taking of my personal property. I request your immediate intervention to review CCTV footage..",clear_chronological,medium,chronological,neutral,none,False,False,False,2025-03-21,,,human_written,,unannotated,challenge
NAR000378_EN,SCN000378,en,Latin,none,"The observer witnessed an intense community argument unfolding near the house around 09:03. Several individuals were actively contesting an instance of boundary wall dispute, with local residents stepping in to prevent physical escalation before authorities were notified..","The observer witnessed an intense community argument unfolding near the house around 09:03. Several individuals were actively contesting an instance of boundary wall dispute, with local residents stepping in to prevent physical escalation before authorities were notified..",clear_chronological,medium,chronological,neutral,none,False,False,False,2025-03-22,,,human_written,,unannotated,test
NAR000379_EN,SCN000379,en,Latin,none,"The observer witnessed an intense community argument unfolding near the plot around 16:25. Several individuals were actively contesting an instance of land encroachment, with local residents stepping in to prevent physical escalation before authorities were notified..","The observer witnessed an intense community argument unfolding near the plot around 16:25. Several individuals were actively contesting an instance of land encroachment, with local residents stepping in to prevent physical escalation before authorities were notified..",clear_chronological,medium,chronological,neutral,none,False,False,False,2025-03-11,,,human_written,,unannotated,challenge
NAR000380_EN,SCN000380,en,Latin,none,"A swift incident of chain snatching took place at the local road during peak hours. The victim lost valuable items instantly, and the unidentified suspect fled immediately before any bystanders could intervene..","A swift incident of chain snatching took place at the local road during peak hours. The victim lost valuable items instantly, and the unidentified suspect fled immediately before any bystanders could intervene..",clear_chronological,medium,chronological,neutral,none,False,False,False,2025-03-23,,,human_written,,unannotated,challenge
NAR000381_EN,SCN000381,en,Latin,none,"Complainant states that on 2026-06-30 at approximately 22:47 hours, an incident of shopbreaking occurred at Kirana store. The perpetrator description matches a male individual height approx 5'8"". Property loss reported. Case registered under relevant sections..","Complainant states that on 2026-06-30 at approximately 22:47 hours, an incident of shopbreaking occurred at Kirana store. The perpetrator description matches a male individual height approx 5'8"". Property loss reported. Case registered under relevant sections..",clear_chronological,medium,chronological,neutral,none,False,False,False,2025-04-11,,,human_written,,unannotated,test
NAR000382_EN,SCN000382,en,Latin,none,"So I was just going out past the apartment around 00:28 today, and I ran straight into a total noise pollution grievance. It completely blocked my path and nobody around seemed to know who to call to get it fixed or sorted out. Just super frustrated..","So I was just going out past the apartment around 00:28 today, and I ran straight into a total noise pollution grievance. It completely blocked my path and nobody around seemed to know who to call to get it fixed or sorted out. Just super frustrated..",clear_chronological,medium,chronological,neutral,none,False,False,False,2025-03-20,,,human_written,,unannotated,train
NAR000383_EN,SCN000383,en,Latin,none,"On 2026-06-27 at approximately 00:45 hours, a vehicular incident classified as reckless driving confrontation occurred on the designated highway. The offending vehicle failed to yield, causing impact and substantial structural damage. Case logged under regional motor vehicle acts..","On 2026-06-27 at approximately 00:45 hours, a vehicular incident classified as reckless driving confrontation occurred on the designated highway. The offending vehicle failed to yield, causing impact and substantial structural damage. Case logged under regional motor vehicle acts..",clear_chronological,medium,chronological,neutral,none,False,False,False,2025-04-15,,,human_written,,unannotated,challenge
NAR000384_EN,SCN000384,en,Latin,none,"An incident of identity theft compromised security systems across the specified Online platform at 15:48. Electronic credentials were manipulated remotely by unknown malicious actors, triggering secondary security protocols..","An incident of identity theft compromised security systems across the specified Online platform at 15:48. Electronic credentials were manipulated remotely by unknown malicious actors, triggering secondary security protocols..",clear_chronological,medium,chronological,neutral,none,False,False,False,2025-04-02,,,human_written,,unannotated,test
NAR000385_EN,SCN000385,en,Latin,none,"The neighbor reported hearing intense shouting and objects breaking from the adjacent apartment around 05:34. Upon investigating, it appeared to be a severe case of dowry harassment transpiring within the household, prompting the neighbor to intervene and call for assistance..","The neighbor reported hearing intense shouting and objects breaking from the adjacent apartment around 05:34. Upon investigating, it appeared to be a severe case of dowry harassment transpiring within the household, prompting the neighbor to intervene and call for assistance..",clear_chronological,medium,chronological,neutral,none,False,False,False,2025-04-12,,,human_written,,unannotated,test
NAR000386_EN,SCN000386,en,Latin,none,"The internal auditor observed highly irregular transaction entries passing through the restaurant around 22:48. Closer inspection confirmed a premeditated instance of credit card cloning, with the perpetrator executing unauthorized balance transfers using fraudulent credentials before logging out..","The internal auditor observed highly irregular transaction entries passing through the restaurant around 22:48. Closer inspection confirmed a premeditated instance of credit card cloning, with the perpetrator executing unauthorized balance transfers using fraudulent credentials before logging out..",clear_chronological,medium,chronological,neutral,none,False,False,False,2025-03-28,,,human_written,,unannotated,train
NAR000387_EN,SCN000387,en,Latin,none,"Dear Management, I am writing to formally log a grievance regarding a distressing incident of online harassment & threats that occurred today at approximately 03:59 within the Social media. The aggressive posturing and direct threats have created an incredibly hostile and unsafe environment..","Dear Management, I am writing to formally log a grievance regarding a distressing incident of online harassment & threats that occurred today at approximately 03:59 within the Social media. The aggressive posturing and direct threats have created an incredibly hostile and unsafe environment..",clear_chronological,medium,chronological,neutral,none,False,False,False,2025-04-23,,,human_written,,unannotated,validation
NAR000388_EN,SCN000388,en,Latin,none,"An incident of domestic distress categorized as economic deprivation occurred inside a residential premises at 17:00. The dispute caused a severe breach of domestic peace, requiring immediate support and mediation for the affected individuals..","An incident of domestic distress categorized as economic deprivation occurred inside a residential premises at 17:00. The dispute caused a severe breach of domestic peace, requiring immediate support and mediation for the affected individuals..",clear_chronological,medium,chronological,neutral,none,False,False,False,2025-04-02,,,human_written,,unannotated,train
NAR000389_EN,SCN000389,en,Latin,none,"The system administrator observed anomalous traffic originating from unauthorized servers around 03:07, confirming a systemwide phishing scam. The victim was actively manipulated into bypassing authentication protocols on the Online platform platform..","The system administrator observed anomalous traffic originating from unauthorized servers around 03:07, confirming a systemwide phishing scam. The victim was actively manipulated into bypassing authentication protocols on the Online platform platform..",clear_chronological,medium,chronological,neutral,none,False,False,False,2025-04-24,,,human_written,,unannotated,validation
NAR000390_EN,SCN000390,en,Latin,none,"Complainant states that on 2026-07-19 at approximately 19:31 hours, an incident of armed robbery occurred at Highway. The perpetrator description matches a male individual height approx 5'8"". Property loss reported. Case registered under relevant sections..","Complainant states that on 2026-07-19 at approximately 19:31 hours, an incident of armed robbery occurred at Highway. The perpetrator description matches a male individual height approx 5'8"". Property loss reported. Case registered under relevant sections..",clear_chronological,medium,chronological,neutral,none,False,False,False,2025-04-22,,,human_written,,unannotated,test
NAR000391_EN,SCN000391,en,Latin,none,"On the date of 2026-06-24, a minor unclassified neighborhood disruption manifesting as public nuisance dispute materialized at the specified alleyway at approximately 10:34 hours. The incident details demonstrate a clear operational or administrative failure concerning municipal upkeep or public behavior regulations, causing secondary delays for community residents. Local community leaders have logged an official complaint to expedite resolution within the state jurisdiction..","On the date of 2026-06-24, a minor unclassified neighborhood disruption manifesting as public nuisance dispute materialized at the specified alleyway at approximately 10:34 hours. The incident details demonstrate a clear operational or administrative failure concerning municipal upkeep or public behavior regulations, causing secondary delays for community residents. Local community leaders have logged an official complaint to expedite resolution within the state jurisdiction..",clear_chronological,medium,chronological,neutral,none,False,False,False,2025-04-12,,,human_written,,unannotated,test
NAR000392_EN,SCN000392,en,Latin,none,"On the afternoon of 2026-06-30, a long-standing land friction culminated in an explicit case of illegal property possession at the designated house around 23:58 hours. The incident involved rival claimants attempting physical occupation or structural modification without valid legal injunctions. Local law enforcement intervened to mandate a status quo until the appropriate regional civil courts review the structural registration parameters and revenue maps under the state jurisdiction..","On the afternoon of 2026-06-30, a long-standing land friction culminated in an explicit case of illegal property possession at the designated house around 23:58 hours. The incident involved rival claimants attempting physical occupation or structural modification without valid legal injunctions. Local law enforcement intervened to mandate a status quo until the appropriate regional civil courts review the structural registration parameters and revenue maps under the state jurisdiction..",clear_chronological,medium,chronological,neutral,none,False,False,False,2025-04-29,,,human_written,,unannotated,train
NAR000393_EN,SCN000393,en,Latin,none,"The observer noticed two suspicious individuals loitering near the online platform around 14:39. Shortly after, they approached the victim from behind, forcefully committed online phishing theft, and fled the scene on a two-wheeler heading north..","The observer noticed two suspicious individuals loitering near the online platform around 14:39. Shortly after, they approached the victim from behind, forcefully committed online phishing theft, and fled the scene on a two-wheeler heading north..",clear_chronological,medium,chronological,neutral,none,False,False,False,2025-05-03,,,human_written,,unannotated,train
NAR000394_EN,SCN000394,en,Latin,none,"So I was just going out past the marketplace around 06:43 today, and I ran straight into a total lost item reporting. It completely blocked my path and nobody around seemed to know who to call to get it fixed or sorted out. Just super frustrated..","So I was just going out past the marketplace around 06:43 today, and I ran straight into a total lost item reporting. It completely blocked my path and nobody around seemed to know who to call to get it fixed or sorted out. Just super frustrated..",clear_chronological,medium,chronological,neutral,none,False,False,False,2025-04-12,,,human_written,,unannotated,validation
NAR000395_EN,SCN000395,en,Latin,none,"On the date of 2026-07-10, a serious municipal roadway incident manifesting as drunk driving accident transpired on the specified road at approximately 17:40 hours. The collision metrics indicate high impact speeds or deliberate disregard for active traffic control mechanisms, resulting in secondary vehicle damage. Local emergency response teams arrived on site to manage structural debris and administer medical assistance where relevant, while investigating officers initiated standard vehicle documentation checks within the state jurisdiction..","On the date of 2026-07-10, a serious municipal roadway incident manifesting as drunk driving accident transpired on the specified road at approximately 17:40 hours. The collision metrics indicate high impact speeds or deliberate disregard for active traffic control mechanisms, resulting in secondary vehicle damage. Local emergency response teams arrived on site to manage structural debris and administer medical assistance where relevant, while investigating officers initiated standard vehicle documentation checks within the state jurisdiction..",clear_chronological,medium,chronological,neutral,none,False,False,False,2025-04-17,,,human_written,,unannotated,test
NAR000396_EN,SCN000396,en,Latin,none,"So I was just going out past the road around 18:14 today, and I ran straight into a total minor civic infrastructure issue. It completely blocked my path and nobody around seemed to know who to call to get it fixed or sorted out. Just super frustrated..","So I was just going out past the road around 18:14 today, and I ran straight into a total minor civic infrastructure issue. It completely blocked my path and nobody around seemed to know who to call to get it fixed or sorted out. Just super frustrated..",clear_chronological,medium,chronological,neutral,none,False,False,False,2025-04-24,,,human_written,,unannotated,challenge
NAR000397_EN,SCN000397,en,Latin,none,"On the date of 2026-07-13, a minor unclassified neighborhood disruption manifesting as minor civic infrastructure issue materialized at the specified alleyway at approximately 14:22 hours. The incident details demonstrate a clear operational or administrative failure concerning municipal upkeep or public behavior regulations, causing secondary delays for community residents. Local community leaders have logged an official complaint to expedite resolution within the state jurisdiction..","On the date of 2026-07-13, a minor unclassified neighborhood disruption manifesting as minor civic infrastructure issue materialized at the specified alleyway at approximately 14:22 hours. The incident details demonstrate a clear operational or administrative failure concerning municipal upkeep or public behavior regulations, causing secondary delays for community residents. Local community leaders have logged an official complaint to expedite resolution within the state jurisdiction..",clear_chronological,medium,chronological,neutral,none,False,False,False,2025-04-20,,,human_written,,unannotated,test
NAR000398_EN,SCN000398,en,Latin,none,"On the date of 2026-07-03, a serious municipal roadway incident manifesting as hit and run collision transpired on the specified road at approximately 03:43 hours. The collision metrics indicate high impact speeds or deliberate disregard for active traffic control mechanisms, resulting in secondary vehicle damage. Local emergency response teams arrived on site to manage structural debris and administer medical assistance where relevant, while investigating officers initiated standard vehicle documentation checks within the state jurisdiction..","On the date of 2026-07-03, a serious municipal roadway incident manifesting as hit and run collision transpired on the specified road at approximately 03:43 hours. The collision metrics indicate high impact speeds or deliberate disregard for active traffic control mechanisms, resulting in secondary vehicle damage. Local emergency response teams arrived on site to manage structural debris and administer medical assistance where relevant, while investigating officers initiated standard vehicle documentation checks within the state jurisdiction..",clear_chronological,medium,chronological,neutral,none,False,False,False,2025-04-28,,,human_written,,unannotated,test
NAR000399_EN,SCN000399,en,Latin,none,"Dear Legal Counsel / Mediation Cell, I am writing to formally report a non-compliance issue regarding our ongoing restitution of conjugal rights at the residence. The definitive breach occurred on 2026-07-03 at 23:07 hours, wherein the counter-party unilaterally altered agreed-upon familial or financial maintenance parameters..","Dear Legal Counsel / Mediation Cell, I am writing to formally report a non-compliance issue regarding our ongoing restitution of conjugal rights at the residence. The definitive breach occurred on 2026-07-03 at 23:07 hours, wherein the counter-party unilaterally altered agreed-upon familial or financial maintenance parameters..",clear_chronological,medium,chronological,neutral,none,False,False,False,2025-05-04,,,human_written,,unannotated,challenge
NAR000400_EN,SCN000400,en,Latin,none,"On the date of 2026-07-15, a major incidence of chain snatching was executed at the designated residential street under complex environmental circumstances. The perpetrator leveraged the crowded nature of the location to approach undetected, exploiting a momentary lapse in security vigilance. Following the commission of the act, the individual navigated through the exit corridors effectively evading immediate pursuit. Emergency services were notified subsequently, initiating a localized investigation into the security vulnerabilities of this particular jurisdiction..","On the date of 2026-07-15, a major incidence of chain snatching was executed at the designated residential street under complex environmental circumstances. The perpetrator leveraged the crowded nature of the location to approach undetected, exploiting a momentary lapse in security vigilance. Following the commission of the act, the individual navigated through the exit corridors effectively evading immediate pursuit. Emergency services were notified subsequently, initiating a localized investigation into the security vulnerabilities of this particular jurisdiction..",clear_chronological,medium,chronological,neutral,none,False,False,False,2025-05-01,,,human_written,,unannotated,train
NAR000401_EN,SCN000401,en,Latin,none,"The observer noticed two suspicious individuals loitering near the mobile app around 06:51. Shortly after, they approached the victim from behind, forcefully committed online phishing theft, and fled the scene on a two-wheeler heading north..","The observer noticed two suspicious individuals loitering near the mobile app around 06:51. Shortly after, they approached the victim from behind, forcefully committed online phishing theft, and fled the scene on a two-wheeler heading north..",clear_chronological,medium,chronological,neutral,none,False,False,False,2025-05-03,,,human_written,,unannotated,train
NAR000402_EN,SCN000402,en,Latin,none,"Complainant registers a general municipal or public service notification regarding minor civic infrastructure issue at the location of alleyway. The incident transpired on 2026-06-25 at approximately 21:17 hours, causing minor public inconvenience or operational disruption. Log entries have been completed..","Complainant registers a general municipal or public service notification regarding minor civic infrastructure issue at the location of alleyway. The incident transpired on 2026-06-25 at approximately 21:17 hours, causing minor public inconvenience or operational disruption. Log entries have been completed..",clear_chronological,medium,chronological,neutral,none,False,False,False,2025-05-16,,,human_written,,unannotated,validation
NAR000403_EN,SCN000403,en,Latin,none,guys heads up do NOT buy anything from that Hotel!! just experienced a massive overcharging and hidden fees around 04:12 today. they completely cheated me on the transaction and refused a refund. super sketchy service watch out.,guys heads up do NOT buy anything from that Hotel!! just experienced a massive overcharging and hidden fees around 04:12 today. they completely cheated me on the transaction and refused a refund. super sketchy service watch out.,clear_chronological,medium,chronological,neutral,none,False,False,False,2025-05-10,,,human_written,,unannotated,train
NAR000404_EN,SCN000404,en,Latin,none,hey guys warning someone hacked my account via social media hacking just now around 03:04!! if u get any weird text or payment requests from me DO NOT transfer any money it is a fraud scam click nothing.,hey guys warning someone hacked my account via social media hacking just now around 03:04!! if u get any weird text or payment requests from me DO NOT transfer any money it is a fraud scam click nothing.,clear_chronological,medium,chronological,neutral,none,False,False,False,2025-05-03,,,human_written,,unannotated,test
NAR000405_EN,SCN000405,en,Latin,none,"So I went out to check my apartment around 13:09 today, and I saw they were actively setting up structures on my side! When I confronted them about this blatant tenant-landlord conflict, they straight up threatened me and refused to move back. I am so stressed out right now..","So I went out to check my apartment around 13:09 today, and I saw they were actively setting up structures on my side! When I confronted them about this blatant tenant-landlord conflict, they straight up threatened me and refused to move back. I am so stressed out right now..",clear_chronological,medium,chronological,neutral,none,False,False,False,2025-05-27,,,human_written,,unannotated,validation
NAR000406_EN,SCN000406,en,Latin,none,"A property conflict classified under tenant-landlord conflict was documented at the shop at 11:40. The dispute involves contested boundaries and ownership titles, requiring civil or criminal mediation to preserve public order..","A property conflict classified under tenant-landlord conflict was documented at the shop at 11:40. The dispute involves contested boundaries and ownership titles, requiring civil or criminal mediation to preserve public order..",clear_chronological,medium,chronological,neutral,none,False,False,False,2025-05-11,,,human_written,,unannotated,validation
NAR000407_EN,SCN000407,en,Latin,none,"So I went out to check my plot around 00:51 today, and I saw they were actively setting up structures on my side! When I confronted them about this blatant land encroachment, they straight up threatened me and refused to move back. I am so stressed out right now..","So I went out to check my plot around 00:51 today, and I saw they were actively setting up structures on my side! When I confronted them about this blatant land encroachment, they straight up threatened me and refused to move back. I am so stressed out right now..",clear_chronological,medium,chronological,neutral,none,False,False,False,2025-05-27,,,human_written,,unannotated,validation
NAR000408_EN,SCN000408,en,Latin,none,"A high-value financial dispute categorized as credit card cloning was registered at the atm at 17:13. The incident involves deliberate corporate misrepresentation or instrument forgery, requiring specialized forensic financial review..","A high-value financial dispute categorized as credit card cloning was registered at the atm at 17:13. The incident involves deliberate corporate misrepresentation or instrument forgery, requiring specialized forensic financial review..",clear_chronological,medium,chronological,neutral,none,False,False,False,2025-05-11,,,human_written,,unannotated,train
NAR000409_EN,SCN000409,en,Latin,none,"hey guys, my ex just blocked me from seeing the kids / resolving the divorce proceedings conflict at the Apartment around 01:34 today. completely violating the current terms. does anyone know a reliable family court lawyer who can file an urgent motion tomorrow?.","hey guys, my ex just blocked me from seeing the kids / resolving the divorce proceedings conflict at the Apartment around 01:34 today. completely violating the current terms. does anyone know a reliable family court lawyer who can file an urgent motion tomorrow?.",clear_chronological,medium,chronological,neutral,none,False,False,False,2025-05-30,,,human_written,,unannotated,validation
NAR000410_EN,SCN000410,en,Latin,none,hey guys warning someone hacked my account via online banking fraud just now around 21:17!! if u get any weird text or payment requests from me DO NOT transfer any money it is a fraud scam click nothing.,hey guys warning someone hacked my account via online banking fraud just now around 21:17!! if u get any weird text or payment requests from me DO NOT transfer any money it is a fraud scam click nothing.,clear_chronological,medium,chronological,neutral,none,False,False,False,2025-05-23,,,human_written,,unannotated,train
NAR000411_EN,SCN000411,en,Latin,none,"So I was driving along the road around 03:20 today, when this car suddenly sped out and caused a complete traffic signal violation dispute! The driver didn't even stop to check if anyone was hurt, they just accelerated away immediately. I'm still shaking from the shock..","So I was driving along the road around 03:20 today, when this car suddenly sped out and caused a complete traffic signal violation dispute! The driver didn't even stop to check if anyone was hurt, they just accelerated away immediately. I'm still shaking from the shock..",clear_chronological,medium,chronological,neutral,none,False,False,False,2025-06-10,,,human_written,,unannotated,challenge
NAR000412_EN,SCN000412,en,Latin,none,"An incident of domestic distress categorized as dowry harassment occurred inside a residential premises at 00:55. The dispute caused a severe breach of domestic peace, requiring immediate support and mediation for the affected individuals..","An incident of domestic distress categorized as dowry harassment occurred inside a residential premises at 00:55. The dispute caused a severe breach of domestic peace, requiring immediate support and mediation for the affected individuals..",clear_chronological,medium,chronological,neutral,none,False,False,False,2025-05-26,,,human_written,,unannotated,validation
NAR000413_EN,SCN000413,en,Latin,none,"The observer noted a highly emotional confrontation between two estranged family members outside the apartment around 23:54. The argument was explicitly regarding a severe case of restitution of conjugal rights, with both sides loudly contesting rights before local residents requested calm..","The observer noted a highly emotional confrontation between two estranged family members outside the apartment around 23:54. The argument was explicitly regarding a severe case of restitution of conjugal rights, with both sides loudly contesting rights before local residents requested calm..",clear_chronological,medium,chronological,neutral,none,False,False,False,2025-05-23,,,human_written,,unannotated,train
NAR000414_EN,SCN000414,en,Latin,none,"On the date of 2026-06-23, a major incidence of vehicle theft was executed at the designated garage under complex environmental circumstances. The perpetrator leveraged the crowded nature of the location to approach undetected, exploiting a momentary lapse in security vigilance. Following the commission of the act, the individual navigated through the exit corridors effectively evading immediate pursuit. Emergency services were notified subsequently, initiating a localized investigation into the security vulnerabilities of this particular jurisdiction..","On the date of 2026-06-23, a major incidence of vehicle theft was executed at the designated garage under complex environmental circumstances. The perpetrator leveraged the crowded nature of the location to approach undetected, exploiting a momentary lapse in security vigilance. Following the commission of the act, the individual navigated through the exit corridors effectively evading immediate pursuit. Emergency services were notified subsequently, initiating a localized investigation into the security vulnerabilities of this particular jurisdiction..",clear_chronological,medium,chronological,neutral,none,False,False,False,2025-06-04,,,human_written,,unannotated,validation
NAR000415_EN,SCN000415,en,Latin,none,"The system administrator observed anomalous traffic originating from unauthorized servers around 05:51, confirming a systemwide social media hacking. The victim was actively manipulated into bypassing authentication protocols on the Online platform platform..","The system administrator observed anomalous traffic originating from unauthorized servers around 05:51, confirming a systemwide social media hacking. The victim was actively manipulated into bypassing authentication protocols on the Online platform platform..",clear_chronological,medium,chronological,neutral,none,False,False,False,2025-06-13,,,human_written,,unannotated,challenge
NAR000416_EN,SCN000416,en,Latin,none,"On the date of 2026-07-16, a major civil friction classified under restitution of conjugal rights escalated during a familial meeting at the designated apartment at approximately 23:28 hours. The dispute involves competing claims regarding maintenance allocations or custody arrangements, leading to severe communication breakdown between the principal parties. The current circumstances indicate an immediate requirement for legal intervention to mandate adherence to statutory family frameworks within the state jurisdiction..","On the date of 2026-07-16, a major civil friction classified under restitution of conjugal rights escalated during a familial meeting at the designated apartment at approximately 23:28 hours. The dispute involves competing claims regarding maintenance allocations or custody arrangements, leading to severe communication breakdown between the principal parties. The current circumstances indicate an immediate requirement for legal intervention to mandate adherence to statutory family frameworks within the state jurisdiction..",clear_chronological,medium,chronological,neutral,none,False,False,False,2025-06-20,,,human_written,,unannotated,test
NAR000417_EN,SCN000417,en,Latin,none,"The system administrator observed anomalous traffic originating from unauthorized servers around 21:05, confirming a systemwide online banking fraud. The victim was actively manipulated into bypassing authentication protocols on the Online platform platform..","The system administrator observed anomalous traffic originating from unauthorized servers around 21:05, confirming a systemwide online banking fraud. The victim was actively manipulated into bypassing authentication protocols on the Online platform platform..",clear_chronological,medium,chronological,neutral,none,False,False,False,2025-06-21,,,human_written,,unannotated,validation
NAR000418_EN,SCN000418,en,Latin,none,"The observer noted a minor public disturbance developing near the local plot around 03:33. The situation involved a distinct minor civic infrastructure issue, drawing the attention of passing commuters before local municipal workers arrived on site..","The observer noted a minor public disturbance developing near the local plot around 03:33. The situation involved a distinct minor civic infrastructure issue, drawing the attention of passing commuters before local municipal workers arrived on site..",clear_chronological,medium,chronological,neutral,none,False,False,False,2025-06-08,,,human_written,,unannotated,challenge
NAR000419_EN,SCN000419,en,Latin,none,"Complainant reports unauthorized digital breach under cyberstalking framework. On 2026-06-29 at approx 01:24 hours, malicious payloads or fraudulent links were deployed to misappropriate assets or credentials via Hostel. Digital logs preserved for forensic analysis..","Complainant reports unauthorized digital breach under cyberstalking framework. On 2026-06-29 at approx 01:24 hours, malicious payloads or fraudulent links were deployed to misappropriate assets or credentials via Hostel. Digital logs preserved for forensic analysis..",clear_chronological,medium,chronological,neutral,none,False,False,False,2025-05-31,,,human_written,,unannotated,test
NAR000420_EN,SCN000420,en,Latin,none,"So I was driving along the highway around 14:13 today, when this car suddenly sped out and caused a complete hit and run collision! The driver didn't even stop to check if anyone was hurt, they just accelerated away immediately. I'm still shaking from the shock..","So I was driving along the highway around 14:13 today, when this car suddenly sped out and caused a complete hit and run collision! The driver didn't even stop to check if anyone was hurt, they just accelerated away immediately. I'm still shaking from the shock..",clear_chronological,medium,chronological,neutral,none,False,False,False,2025-06-05,,,human_written,,unannotated,test
NAR000421_EN,SCN000421,en,Latin,none,"Dear Human Resources and Labor Commissioner, I am writing to formally lodge a grievance regarding the ongoing pattern of unpaid wage dispute within the Shop. The definitive breach transpired on 2026-06-20 at 01:59 hours, violating explicit terms of my employment contract and local statutory codes..","Dear Human Resources and Labor Commissioner, I am writing to formally lodge a grievance regarding the ongoing pattern of unpaid wage dispute within the Shop. The definitive breach transpired on 2026-06-20 at 01:59 hours, violating explicit terms of my employment contract and local statutory codes..",clear_chronological,medium,chronological,neutral,none,False,False,False,2025-06-05,,,human_written,,unannotated,test
NAR000422_EN,SCN000422,en,Latin,none,"Dear Protection Officer, I am writing to formally report an escalating pattern of domestic violence, specifically dowry harassment, at my residence. The latest major confrontation took place on 2026-06-24 around 14:16. I urgently request legal assistance and protective measures..","Dear Protection Officer, I am writing to formally report an escalating pattern of domestic violence, specifically dowry harassment, at my residence. The latest major confrontation took place on 2026-06-24 around 14:16. I urgently request legal assistance and protective measures..",clear_chronological,medium,chronological,neutral,none,False,False,False,2025-06-22,,,human_written,,unannotated,test
NAR000423_EN,SCN000423,en,Latin,none,"On the date of 2026-06-30, a formal consumer conflict classified as defective product delivery manifested during a commercial interaction at the designated shop around 05:14. The transaction parameters reveal an explicit deviation from advertising claims or legal standards, directly compromising buyer safety and financial protection. Standard operational dispute channels were exhausted without success, prompting an escalation to statutory regulatory oversight mechanisms..","On the date of 2026-06-30, a formal consumer conflict classified as defective product delivery manifested during a commercial interaction at the designated shop around 05:14. The transaction parameters reveal an explicit deviation from advertising claims or legal standards, directly compromising buyer safety and financial protection. Standard operational dispute channels were exhausted without success, prompting an escalation to statutory regulatory oversight mechanisms..",clear_chronological,medium,chronological,neutral,none,False,False,False,2025-06-25,,,human_written,,unannotated,validation
NAR000424_EN,SCN000424,en,Latin,none,"Complainant reports unauthorized digital breach under social media hacking framework. On 2026-06-24 at approx 05:07 hours, malicious payloads or fraudulent links were deployed to misappropriate assets or credentials via Online platform. Digital logs preserved for forensic analysis..","Complainant reports unauthorized digital breach under social media hacking framework. On 2026-06-24 at approx 05:07 hours, malicious payloads or fraudulent links were deployed to misappropriate assets or credentials via Online platform. Digital logs preserved for forensic analysis..",clear_chronological,medium,chronological,neutral,none,False,False,False,2025-07-08,,,human_written,,unannotated,train
NAR000425_EN,SCN000425,en,Latin,none,"So I was just standing at the marketplace around 19:52 yesterday, checking my phone, when this guy suddenly rushed past me and grabbed my belongings out of nowhere! I didn't even have time to react or see his face properly. Totally shocked..","So I was just standing at the marketplace around 19:52 yesterday, checking my phone, when this guy suddenly rushed past me and grabbed my belongings out of nowhere! I didn't even have time to react or see his face properly. Totally shocked..",clear_chronological,medium,chronological,neutral,none,False,False,False,2025-07-10,,,human_written,,unannotated,test
NAR000426_EN,SCN000426,en,Latin,none,"So I went down to the office around 13:11 to check my balance, and I realized I was a victim of a massive cheque forgery. They completely forged my details and cleared out the pending funds out of nowhere. I don't even know how I'm going to manage this month's expenses..","So I went down to the office around 13:11 to check my balance, and I realized I was a victim of a massive cheque forgery. They completely forged my details and cleared out the pending funds out of nowhere. I don't even know how I'm going to manage this month's expenses..",clear_chronological,medium,chronological,neutral,none,False,False,False,2025-07-04,,,human_written,,unannotated,test
NAR000427_EN,SCN000427,en,Latin,none,"Dear Municipal Authorities, I am writing to formally log a civic grievance regarding the ongoing pattern of public nuisance dispute at the Road. The latest escalation occurred on 2026-06-26 at 13:27 hours, causing localized hazards that require immediate civic attention..","Dear Municipal Authorities, I am writing to formally log a civic grievance regarding the ongoing pattern of public nuisance dispute at the Road. The latest escalation occurred on 2026-06-26 at 13:27 hours, causing localized hazards that require immediate civic attention..",clear_chronological,medium,chronological,neutral,none,False,False,False,2025-07-02,,,human_written,,unannotated,validation
NAR000428_EN,SCN000428,en,Latin,none,he is screaming and throwing things again it's really bad spousal physical abuse right now at home since 02:37 hours. please call someone or come over i am hiding in the washroom right now text me back please.,he is screaming and throwing things again it's really bad spousal physical abuse right now at home since 02:37 hours. please call someone or come over i am hiding in the washroom right now text me back please.,clear_chronological,medium,chronological,neutral,none,False,False,False,2025-06-28,,,human_written,,unannotated,train
NAR000429_EN,SCN000429,en,Latin,none,"On 2026-06-30 at approximately 17:52 hours, a vehicular incident classified as reckless driving confrontation occurred on the designated highway. The offending vehicle failed to yield, causing impact and substantial structural damage. Case logged under regional motor vehicle acts..","On 2026-06-30 at approximately 17:52 hours, a vehicular incident classified as reckless driving confrontation occurred on the designated highway. The offending vehicle failed to yield, causing impact and substantial structural damage. Case logged under regional motor vehicle acts..",clear_chronological,medium,chronological,neutral,none,False,False,False,2025-06-23,,,human_written,,unannotated,validation
NAR000430_EN,SCN000430,en,Latin,none,"So I went out to check my plot around 21:44 today, and I saw they were actively setting up structures on my side! When I confronted them about this blatant land encroachment, they straight up threatened me and refused to move back. I am so stressed out right now..","So I went out to check my plot around 21:44 today, and I saw they were actively setting up structures on my side! When I confronted them about this blatant land encroachment, they straight up threatened me and refused to move back. I am so stressed out right now..",clear_chronological,medium,chronological,neutral,none,False,False,False,2025-07-12,,,human_written,,unannotated,train
NAR000431_EN,SCN000431,en,Latin,none,"Complainant reports a structured financial offense falling under the category of cheque forgery at the shop. The incident occurred on 2026-06-21 at approximately 21:30 hours, wherein deceptive documentation was presented to misappropriate corporate or individual monetary assets. Audit trails have been preserved..","Complainant reports a structured financial offense falling under the category of cheque forgery at the shop. The incident occurred on 2026-06-21 at approximately 21:30 hours, wherein deceptive documentation was presented to misappropriate corporate or individual monetary assets. Audit trails have been preserved..",clear_chronological,medium,chronological,neutral,none,False,False,False,2025-07-15,,,human_written,,unannotated,train
NAR000432_EN,SCN000432,en,Latin,none,"Complainant reports unauthorized digital breach under phishing scam framework. On 2026-06-30 at approx 21:06 hours, malicious payloads or fraudulent links were deployed to misappropriate assets or credentials via Online platform. Digital logs preserved for forensic analysis..","Complainant reports unauthorized digital breach under phishing scam framework. On 2026-06-30 at approx 21:06 hours, malicious payloads or fraudulent links were deployed to misappropriate assets or credentials via Online platform. Digital logs preserved for forensic analysis..",clear_chronological,medium,chronological,neutral,none,False,False,False,2025-07-18,,,human_written,,unannotated,test
NAR000433_EN,SCN000433,en,Latin,none,"The witness observed a major traffic disruption unfolding near the highway around 08:01. A driver committed a blatant traffic signal violation dispute, resulting in an immediate vehicle collision and a heated argument between the affected commuters before police arrived..","The witness observed a major traffic disruption unfolding near the highway around 08:01. A driver committed a blatant traffic signal violation dispute, resulting in an immediate vehicle collision and a heated argument between the affected commuters before police arrived..",clear_chronological,medium,chronological,neutral,none,False,False,False,2025-07-10,,,human_written,,unannotated,test
NAR000434_EN,SCN000434,en,Latin,none,"hey guys bad news. just had a huge fight with HR at the Online platform regarding unfair termination around 19:25 today. they are trying to cheat us out of our terms or fire people arbitrarily. check your emails immediately, we need to stand together on this.","hey guys bad news. just had a huge fight with HR at the Online platform regarding unfair termination around 19:25 today. they are trying to cheat us out of our terms or fire people arbitrarily. check your emails immediately, we need to stand together on this.",clear_chronological,medium,chronological,neutral,none,False,False,False,2025-07-28,,,human_written,,unannotated,test
NAR000435_EN,SCN000435,en,Latin,none,omg someone just took my things at the Highway!!! occurred just now around 10:54 hours. anyone nearby please help or tell me where the nearest police booth is asap!! lost everything inside my bag.,omg someone just took my things at the Highway!!! occurred just now around 10:54 hours. anyone nearby please help or tell me where the nearest police booth is asap!! lost everything inside my bag.,clear_chronological,medium,chronological,neutral,none,False,False,False,2025-07-09,,,human_written,,unannotated,test
NAR000436_EN,SCN000436,en,Latin,none,"I was just minding my own business at the apartment around 16:34, when this aggressive person started shouting at me out of nowhere. Then it escalated into a complete domestic dispute and they said they'd hurt me if they saw me again. Genuinely terrified..","I was just minding my own business at the apartment around 16:34, when this aggressive person started shouting at me out of nowhere. Then it escalated into a complete domestic dispute and they said they'd hurt me if they saw me again. Genuinely terrified..",clear_chronological,medium,chronological,neutral,none,False,False,False,2025-07-30,,,human_written,,unannotated,challenge
NAR000437_EN,SCN000437,en,Latin,none,"A transactional incident concerning overcharging and hidden fees broke out at the local shop at 16:27. The buyer alleged a direct breach of contractual terms regarding product quality or billing accuracy, resulting in an active consumer dispute..","A transactional incident concerning overcharging and hidden fees broke out at the local shop at 16:27. The buyer alleged a direct breach of contractual terms regarding product quality or billing accuracy, resulting in an active consumer dispute..",clear_chronological,medium,chronological,neutral,none,False,False,False,2025-08-05,,,human_written,,unannotated,challenge
NAR000438_EN,SCN000438,en,Latin,none,"Dear Traffic Police Commissioner, I am writing to formally report an escalating safety issue, specifically a recent traffic signal violation dispute that occurred at the Highway. The incident took place on 2026-07-18 at 22:46 hours, creating significant hazards for other motorists..","Dear Traffic Police Commissioner, I am writing to formally report an escalating safety issue, specifically a recent traffic signal violation dispute that occurred at the Highway. The incident took place on 2026-07-18 at 22:46 hours, creating significant hazards for other motorists..",clear_chronological,medium,chronological,neutral,none,False,False,False,2025-07-24,,,human_written,,unannotated,validation
NAR000439_EN,SCN000439,en,Latin,none,guys please help they are trying to take over the Plot right now!! experiencing a severe inheritance property claim since 17:55. they brought workers and are breaking down boundaries. please check if anyone can come over fast.,guys please help they are trying to take over the Plot right now!! experiencing a severe inheritance property claim since 17:55. they brought workers and are breaking down boundaries. please check if anyone can come over fast.,clear_chronological,medium,chronological,neutral,none,False,False,False,2025-07-23,,,human_written,,unannotated,train
NAR000440_EN,SCN000440,en,Latin,none,"On the date of 2026-07-03, an advanced threat actor initiated an exploit categorized under ransomware attack targeting remote infrastructures at approximately 07:44. The intrusion vectors reveal highly organized techniques using social engineering methods or brute-force automation to penetrate authorization systems on the Online platform. Immediate isolation of the network endpoints was executed to limit exposure within the regional jurisdiction..","On the date of 2026-07-03, an advanced threat actor initiated an exploit categorized under ransomware attack targeting remote infrastructures at approximately 07:44. The intrusion vectors reveal highly organized techniques using social engineering methods or brute-force automation to penetrate authorization systems on the Online platform. Immediate isolation of the network endpoints was executed to limit exposure within the regional jurisdiction..",clear_chronological,medium,chronological,neutral,none,False,False,False,2025-07-17,,,human_written,,unannotated,validation
NAR000441_EN,SCN000441,en,Latin,none,"So I was just standing at the parking lot around 11:53 yesterday, checking my phone, when this guy suddenly rushed past me and grabbed my belongings out of nowhere! I didn't even have time to react or see his face properly. Totally shocked..","So I was just standing at the parking lot around 11:53 yesterday, checking my phone, when this guy suddenly rushed past me and grabbed my belongings out of nowhere! I didn't even have time to react or see his face properly. Totally shocked..",clear_chronological,medium,chronological,neutral,none,False,False,False,2025-08-10,,,human_written,,unannotated,test
NAR000442_EN,SCN000442,en,Latin,none,"The bystander reported observing a heated argument developing near the online platform around 15:24. The confrontation quickly turned into a online harassment & threats, with one individual visibly projecting physical intimidation towards the other party before crowds gathered to separate them..","The bystander reported observing a heated argument developing near the online platform around 15:24. The confrontation quickly turned into a online harassment & threats, with one individual visibly projecting physical intimidation towards the other party before crowds gathered to separate them..",clear_chronological,medium,chronological,neutral,none,False,False,False,2025-08-01,,,human_written,,unannotated,test
NAR000443_EN,SCN000443,en,Latin,none,"Complainant reports unauthorized digital breach under cyberstalking framework. On 2026-06-21 at approx 01:29 hours, malicious payloads or fraudulent links were deployed to misappropriate assets or credentials via House. Digital logs preserved for forensic analysis..","Complainant reports unauthorized digital breach under cyberstalking framework. On 2026-06-21 at approx 01:29 hours, malicious payloads or fraudulent links were deployed to misappropriate assets or credentials via House. Digital logs preserved for forensic analysis..",clear_chronological,medium,chronological,neutral,none,False,False,False,2025-08-18,,,human_written,,unannotated,train
NAR000444_EN,SCN000444,en,Latin,none,"A transactional incident concerning false advertising and misrepresentation broke out at the local showroom at 18:17. The buyer alleged a direct breach of contractual terms regarding product quality or billing accuracy, resulting in an active consumer dispute..","A transactional incident concerning false advertising and misrepresentation broke out at the local showroom at 18:17. The buyer alleged a direct breach of contractual terms regarding product quality or billing accuracy, resulting in an active consumer dispute..",clear_chronological,medium,chronological,neutral,none,False,False,False,2025-08-01,,,human_written,,unannotated,train
NAR000445_EN,SCN000445,en,Latin,none,"I've been working at this factory for months, and around 15:00 yesterday, things hit a breaking point with a massive safe working conditions violation. They literally refused to settle what was rightfully owed to me and told me to just leave if I didn't like it. I'm so stressed about how I'm going to pay my rent..","I've been working at this factory for months, and around 15:00 yesterday, things hit a breaking point with a massive safe working conditions violation. They literally refused to settle what was rightfully owed to me and told me to just leave if I didn't like it. I'm so stressed about how I'm going to pay my rent..",clear_chronological,medium,chronological,neutral,none,False,False,False,2025-08-02,,,human_written,,unannotated,validation
NAR000446_EN,SCN000446,en,Latin,none,"Dear Consumer Forum Support, I am writing to formally register a merchant complaint regarding a severe instance of expired or contaminated goods sale that occurred at Kirana store on 2026-07-12 at 13:00 hours. Despite multiple amicable requests, the management refused to honor the standard consumer guarantees..","Dear Consumer Forum Support, I am writing to formally register a merchant complaint regarding a severe instance of expired or contaminated goods sale that occurred at Kirana store on 2026-07-12 at 13:00 hours. Despite multiple amicable requests, the management refused to honor the standard consumer guarantees..",clear_chronological,medium,chronological,neutral,none,False,False,False,2025-08-24,,,human_written,,unannotated,test
NAR000447_EN,SCN000447,en,Latin,none,"The observer witnessed an intense disagreement between the management and an employee inside the workplace around 16:34. The context of the dispute was clearly a severe case of safe working conditions violation, with the supervisor dismissing the employee's legitimate safety or financial claims arbitrarily..","The observer witnessed an intense disagreement between the management and an employee inside the workplace around 16:34. The context of the dispute was clearly a severe case of safe working conditions violation, with the supervisor dismissing the employee's legitimate safety or financial claims arbitrarily..",clear_chronological,medium,chronological,neutral,none,False,False,False,2025-08-11,,,human_written,,unannotated,train
NAR000448_EN,SCN000448,en,Latin,none,hey guys warning someone hacked my account via identity theft just now around 11:27!! if u get any weird text or payment requests from me DO NOT transfer any money it is a fraud scam click nothing.,hey guys warning someone hacked my account via identity theft just now around 11:27!! if u get any weird text or payment requests from me DO NOT transfer any money it is a fraud scam click nothing.,clear_chronological,medium,chronological,neutral,none,False,False,False,2025-08-07,,,human_written,,unannotated,challenge
NAR000449_EN,SCN000449,en,Latin,none,"So I was waiting at the house around 01:31 today for my scheduled meeting, when my ex turned up and started an absolute argument over our alimony and maintenance claim. They completely refused to abide by what the court originally decided. I'm just so drained by this ongoing legal battle..","So I was waiting at the house around 01:31 today for my scheduled meeting, when my ex turned up and started an absolute argument over our alimony and maintenance claim. They completely refused to abide by what the court originally decided. I'm just so drained by this ongoing legal battle..",clear_chronological,medium,chronological,neutral,none,False,False,False,2025-08-13,,,human_written,,unannotated,challenge
NAR000450_EN,SCN000450,en,Latin,none,"Dear Cyber Crime Portal, I am writing to register an official cybercrime incident regarding phishing scam that targets my system. At 12:19 on 2026-07-17, illegal server access was achieved through the Mobile app, leading to severe data breach and financial compromise..","Dear Cyber Crime Portal, I am writing to register an official cybercrime incident regarding phishing scam that targets my system. At 12:19 on 2026-07-17, illegal server access was achieved through the Mobile app, leading to severe data breach and financial compromise..",clear_chronological,medium,chronological,neutral,none,False,False,False,2025-08-27,,,human_written,,unannotated,train
NAR000451_EN,SCN000451,en,Latin,none,"An incident involving sudden domestic dispute broke out at the apartment around 17:33. The aggressor initiated intense physical or verbal hostility against the victim, forcing bystanders to intervene to prevent further escalation..","An incident involving sudden domestic dispute broke out at the apartment around 17:33. The aggressor initiated intense physical or verbal hostility against the victim, forcing bystanders to intervene to prevent further escalation..",clear_chronological,medium,chronological,neutral,none,False,False,False,2025-09-04,,,human_written,,unannotated,challenge
NAR000452_EN,SCN000452,en,Latin,none,"Complainant states that on 2026-06-23 at approximately 18:40 hours, a severe case of road rage assault transpired at Road. The accused allegedly engaged in hostile behavior, posing immediate threat to the victim. Medical examination conducted where applicable..","Complainant states that on 2026-06-23 at approximately 18:40 hours, a severe case of road rage assault transpired at Road. The accused allegedly engaged in hostile behavior, posing immediate threat to the victim. Medical examination conducted where applicable..",clear_chronological,medium,chronological,neutral,none,False,False,False,2025-08-18,,,human_written,,unannotated,challenge
NAR000453_EN,SCN000453,en,Latin,none,"Complainant states that on 2026-07-16 at approximately 13:54 hours, a severe case of road rage assault transpired at Road. The accused allegedly engaged in hostile behavior, posing immediate threat to the victim. Medical examination conducted where applicable..","Complainant states that on 2026-07-16 at approximately 13:54 hours, a severe case of road rage assault transpired at Road. The accused allegedly engaged in hostile behavior, posing immediate threat to the victim. Medical examination conducted where applicable..",clear_chronological,medium,chronological,neutral,none,False,False,False,2025-08-17,,,human_written,,unannotated,challenge
NAR000454_EN,SCN000454,en,Latin,none,"So I clicked this link thinking it was an official notification around 06:36 yesterday, and suddenly I was locked out of my account. I realized it was a total ransomware attack when my savings started moving out. I'm completely panicking right now..","So I clicked this link thinking it was an official notification around 06:36 yesterday, and suddenly I was locked out of my account. I realized it was a total ransomware attack when my savings started moving out. I'm completely panicking right now..",clear_chronological,medium,chronological,neutral,none,False,False,False,2025-09-14,,,human_written,,unannotated,validation
NAR000455_EN,SCN000455,en,Latin,none,"So I clicked this link thinking it was an official notification around 01:51 yesterday, and suddenly I was locked out of my account. I realized it was a total social media hacking when my savings started moving out. I'm completely panicking right now..","So I clicked this link thinking it was an official notification around 01:51 yesterday, and suddenly I was locked out of my account. I realized it was a total social media hacking when my savings started moving out. I'm completely panicking right now..",clear_chronological,medium,chronological,neutral,none,False,False,False,2025-08-21,,,human_written,,unannotated,test
NAR000456_EN,SCN000456,en,Latin,none,"It happened again at home around 09:45. Things escalated so quickly and it turned into full-blown dowry harassment. I was locked inside the room and couldn't even reach out to anyone until now. I honestly don't know what to do anymore, I am so scared..","It happened again at home around 09:45. Things escalated so quickly and it turned into full-blown dowry harassment. I was locked inside the room and couldn't even reach out to anyone until now. I honestly don't know what to do anymore, I am so scared..",clear_chronological,medium,chronological,neutral,none,False,False,False,2025-08-31,,,human_written,,unannotated,train
NAR000457_EN,SCN000457,en,Latin,none,"So I went out to check my house around 08:02 today, and I saw they were actively setting up structures on my side! When I confronted them about this blatant illegal property possession, they straight up threatened me and refused to move back. I am so stressed out right now..","So I went out to check my house around 08:02 today, and I saw they were actively setting up structures on my side! When I confronted them about this blatant illegal property possession, they straight up threatened me and refused to move back. I am so stressed out right now..",clear_chronological,medium,chronological,neutral,none,False,False,False,2025-09-13,,,human_written,,unannotated,test
NAR000458_EN,SCN000458,en,Latin,none,"Complainant reports ongoing domestic grievances at the shared residence. On 2026-07-14 at 12:33 hours, a severe incident involving dowry harassment occurred, resulting in immediate emotional and physical distress. Intervention was requested by the victim's family members..","Complainant reports ongoing domestic grievances at the shared residence. On 2026-07-14 at 12:33 hours, a severe incident involving dowry harassment occurred, resulting in immediate emotional and physical distress. Intervention was requested by the victim's family members..",clear_chronological,medium,chronological,neutral,none,False,False,False,2025-09-14,,,human_written,,unannotated,validation
NAR000459_EN,SCN000459,en,Latin,none,"The observer noticed two suspicious individuals loitering near the house around 03:55. Shortly after, they approached the victim from behind, forcefully committed house burglary, and fled the scene on a two-wheeler heading north..","The observer noticed two suspicious individuals loitering near the house around 03:55. Shortly after, they approached the victim from behind, forcefully committed house burglary, and fled the scene on a two-wheeler heading north..",clear_chronological,medium,chronological,neutral,none,False,False,False,2025-09-20,,,human_written,,unannotated,test
NAR000460_EN,SCN000460,en,Latin,none,"So I was just standing at the garage around 14:40 yesterday, checking my phone, when this guy suddenly rushed past me and grabbed my belongings out of nowhere! I didn't even have time to react or see his face properly. Totally shocked..","So I was just standing at the garage around 14:40 yesterday, checking my phone, when this guy suddenly rushed past me and grabbed my belongings out of nowhere! I didn't even have time to react or see his face properly. Totally shocked..",clear_chronological,medium,chronological,neutral,none,False,False,False,2025-09-09,,,human_written,,unannotated,validation
NAR000461_EN,SCN000461,en,Latin,none,"Complainant states that on 2026-07-10 at approximately 23:00 hours, a transaction dispute involving refusal of service refund occurred at Workplace. The vendor reportedly engaged in unfair trade practices, failing to resolve the commercial non-compliance. Relevant purchase invoices have been logged..","Complainant states that on 2026-07-10 at approximately 23:00 hours, a transaction dispute involving refusal of service refund occurred at Workplace. The vendor reportedly engaged in unfair trade practices, failing to resolve the commercial non-compliance. Relevant purchase invoices have been logged..",clear_chronological,medium,chronological,neutral,none,False,False,False,2025-09-08,,,human_written,,unannotated,validation
NAR000462_EN,SCN000462,en,Latin,none,"The bystander reported observing a heated argument developing near the workplace around 19:40. The confrontation quickly turned into a verbal intimidation, with one individual visibly projecting physical intimidation towards the other party before crowds gathered to separate them..","The bystander reported observing a heated argument developing near the workplace around 19:40. The confrontation quickly turned into a verbal intimidation, with one individual visibly projecting physical intimidation towards the other party before crowds gathered to separate them..",clear_chronological,medium,chronological,neutral,none,False,False,False,2025-09-16,,,human_written,,unannotated,validation
NAR000463_EN,SCN000463,en,Latin,none,"Complainant registers a formal grievance concerning employer violations under the category of unfair termination at the designated workplace. The incident occurred on 2026-06-28 at approximately 08:16 hours, wherein the management failed to comply with statutory labor provisions. Corporate payroll and logs have been requested..","Complainant registers a formal grievance concerning employer violations under the category of unfair termination at the designated workplace. The incident occurred on 2026-06-28 at approximately 08:16 hours, wherein the management failed to comply with statutory labor provisions. Corporate payroll and logs have been requested..",clear_chronological,medium,chronological,neutral,none,False,False,False,2025-09-21,,,human_written,,unannotated,challenge
NAR000464_EN,SCN000464,en,Latin,none,"On the date of 2026-06-25, a major incidence of house burglary was executed at the designated apartment under complex environmental circumstances. The perpetrator leveraged the crowded nature of the location to approach undetected, exploiting a momentary lapse in security vigilance. Following the commission of the act, the individual navigated through the exit corridors effectively evading immediate pursuit. Emergency services were notified subsequently, initiating a localized investigation into the security vulnerabilities of this particular jurisdiction..","On the date of 2026-06-25, a major incidence of house burglary was executed at the designated apartment under complex environmental circumstances. The perpetrator leveraged the crowded nature of the location to approach undetected, exploiting a momentary lapse in security vigilance. Following the commission of the act, the individual navigated through the exit corridors effectively evading immediate pursuit. Emergency services were notified subsequently, initiating a localized investigation into the security vulnerabilities of this particular jurisdiction..",clear_chronological,medium,chronological,neutral,none,False,False,False,2025-09-05,,,human_written,,unannotated,validation
NAR000465_EN,SCN000465,en,Latin,none,"Dear Nodal Officer / Bank Authority, I am writing to formally log an emergency grievance regarding an severe case of credit card cloning executed against my portfolio through the ATM. The breach occurred on 2026-07-11 at 06:59 hours, violating standard security checks and clearing mechanisms..","Dear Nodal Officer / Bank Authority, I am writing to formally log an emergency grievance regarding an severe case of credit card cloning executed against my portfolio through the ATM. The breach occurred on 2026-07-11 at 06:59 hours, violating standard security checks and clearing mechanisms..",clear_chronological,medium,chronological,neutral,none,False,False,False,2025-09-05,,,human_written,,unannotated,train
NAR000466_EN,SCN000466,en,Latin,none,"The system administrator observed anomalous traffic originating from unauthorized servers around 13:30, confirming a systemwide ransomware attack. The victim was actively manipulated into bypassing authentication protocols on the Shop platform..","The system administrator observed anomalous traffic originating from unauthorized servers around 13:30, confirming a systemwide ransomware attack. The victim was actively manipulated into bypassing authentication protocols on the Shop platform..",clear_chronological,medium,chronological,neutral,none,False,False,False,2025-10-04,,,human_written,,unannotated,validation
NAR000467_EN,SCN000467,en,Latin,none,"So I was just standing at the showroom around 16:57 yesterday, checking my phone, when this guy suddenly rushed past me and grabbed my belongings out of nowhere! I didn't even have time to react or see his face properly. Totally shocked..","So I was just standing at the showroom around 16:57 yesterday, checking my phone, when this guy suddenly rushed past me and grabbed my belongings out of nowhere! I didn't even have time to react or see his face properly. Totally shocked..",clear_chronological,medium,chronological,neutral,none,False,False,False,2025-09-16,,,human_written,,unannotated,train
NAR000468_EN,SCN000468,en,Latin,none,"A property conflict classified under tenant-landlord conflict was documented at the shop at 06:42. The dispute involves contested boundaries and ownership titles, requiring civil or criminal mediation to preserve public order..","A property conflict classified under tenant-landlord conflict was documented at the shop at 06:42. The dispute involves contested boundaries and ownership titles, requiring civil or criminal mediation to preserve public order..",clear_chronological,medium,chronological,neutral,none,False,False,False,2025-09-23,,,human_written,,unannotated,test
NAR000469_EN,SCN000469,en,Latin,none,"Dear Authority, I am writing to formally lodge a complaint regarding a pickpocketing incident that transpired at the Railway station on 2026-07-14. The incident occurred around 11:05, resulting in the unauthorized taking of my personal property. I request your immediate intervention to review CCTV footage..","Dear Authority, I am writing to formally lodge a complaint regarding a pickpocketing incident that transpired at the Railway station on 2026-07-14. The incident occurred around 11:05, resulting in the unauthorized taking of my personal property. I request your immediate intervention to review CCTV footage..",clear_chronological,medium,chronological,neutral,none,False,False,False,2025-10-08,,,human_written,,unannotated,challenge
NAR000470_EN,SCN000470,en,Latin,none,"On the afternoon of 2026-07-12, an escalating conflict classified under verbal intimidation manifested at the specified workplace. Initial verbal friction rapidly degenerated into targeted hostility, establishing clear intent of intimidation and potential bodily harm. The victim sought refuge immediately while nearby witnesses attempted to de-escalate the situation. Security personnel were subsequently informed to review the breach of safety within the jurisdiction..","On the afternoon of 2026-07-12, an escalating conflict classified under verbal intimidation manifested at the specified workplace. Initial verbal friction rapidly degenerated into targeted hostility, establishing clear intent of intimidation and potential bodily harm. The victim sought refuge immediately while nearby witnesses attempted to de-escalate the situation. Security personnel were subsequently informed to review the breach of safety within the jurisdiction..",clear_chronological,medium,chronological,neutral,none,False,False,False,2025-09-28,,,human_written,,unannotated,test
NAR000471_EN,SCN000471,en,Latin,none,"Dear Authority, I am writing to formally lodge a complaint regarding a shopbreaking incident that transpired at the Shop on 2026-07-14. The incident occurred around 03:43, resulting in the unauthorized taking of my personal property. I request your immediate intervention to review CCTV footage..","Dear Authority, I am writing to formally lodge a complaint regarding a shopbreaking incident that transpired at the Shop on 2026-07-14. The incident occurred around 03:43, resulting in the unauthorized taking of my personal property. I request your immediate intervention to review CCTV footage..",clear_chronological,medium,chronological,neutral,none,False,False,False,2025-09-24,,,human_written,,unannotated,test
NAR000472_EN,SCN000472,en,Latin,none,"Complainant states that on 2026-07-03 at approximately 20:49 hours, an incident of online phishing theft occurred at Online platform. The perpetrator description matches a male individual height approx 5'8"". Property loss reported. Case registered under relevant sections..","Complainant states that on 2026-07-03 at approximately 20:49 hours, an incident of online phishing theft occurred at Online platform. The perpetrator description matches a male individual height approx 5'8"". Property loss reported. Case registered under relevant sections..",clear_chronological,medium,chronological,neutral,none,False,False,False,2025-10-16,,,human_written,,unannotated,challenge
NAR000473_EN,SCN000473,en,Latin,none,"On the date of 2026-06-30, a highly contentious domestic incident manifesting as emotional and verbal abuse occurred within the private residence. The conflict reportedly originated from long-standing domestic pressures and rapidly intensified into aggressive behavior around 11:06. The victim sustained significant psychological and physical strain before external family structures could be notified. Local authorities are reviewing the continuous pattern of behavior under the protection laws of the jurisdiction..","On the date of 2026-06-30, a highly contentious domestic incident manifesting as emotional and verbal abuse occurred within the private residence. The conflict reportedly originated from long-standing domestic pressures and rapidly intensified into aggressive behavior around 11:06. The victim sustained significant psychological and physical strain before external family structures could be notified. Local authorities are reviewing the continuous pattern of behavior under the protection laws of the jurisdiction..",clear_chronological,medium,chronological,neutral,none,False,False,False,2025-10-05,,,human_written,,unannotated,test
NAR000474_EN,SCN000474,en,Latin,none,"A civic or localized incident classified under minor civic infrastructure issue manifested at the designated plot at 03:12. The matter represents a general public inconvenience rather than a high-severity crime, requiring standard regulatory oversight..","A civic or localized incident classified under minor civic infrastructure issue manifested at the designated plot at 03:12. The matter represents a general public inconvenience rather than a high-severity crime, requiring standard regulatory oversight..",clear_chronological,medium,chronological,neutral,none,False,False,False,2025-10-21,,,human_written,,unannotated,validation
NAR000475_EN,SCN000475,en,Latin,none,"Complainant registers a formal grievance concerning employer violations under the category of unfair termination at the designated office. The incident occurred on 2026-07-17 at approximately 13:55 hours, wherein the management failed to comply with statutory labor provisions. Corporate payroll and logs have been requested..","Complainant registers a formal grievance concerning employer violations under the category of unfair termination at the designated office. The incident occurred on 2026-07-17 at approximately 13:55 hours, wherein the management failed to comply with statutory labor provisions. Corporate payroll and logs have been requested..",clear_chronological,medium,chronological,neutral,none,False,False,False,2025-10-17,,,human_written,,unannotated,test
NAR000476_EN,SCN000476,en,Latin,none,"Dear Nodal Officer / Bank Authority, I am writing to formally log an emergency grievance regarding an severe case of cheque forgery executed against my portfolio through the Bank. The breach occurred on 2026-07-19 at 16:32 hours, violating standard security checks and clearing mechanisms..","Dear Nodal Officer / Bank Authority, I am writing to formally log an emergency grievance regarding an severe case of cheque forgery executed against my portfolio through the Bank. The breach occurred on 2026-07-19 at 16:32 hours, violating standard security checks and clearing mechanisms..",clear_chronological,medium,chronological,neutral,none,False,False,False,2025-09-30,,,human_written,,unannotated,validation
NAR000477_EN,SCN000477,en,Latin,none,hey guys warning if u are passing by the Shop right now!! there is a massive lost item reporting that happened around 22:41 today. try to take a different route if possible to avoid getting stuck or delayed.,hey guys warning if u are passing by the Shop right now!! there is a massive lost item reporting that happened around 22:41 today. try to take a different route if possible to avoid getting stuck or delayed.,clear_chronological,medium,chronological,neutral,none,False,False,False,2025-10-10,,,human_written,,unannotated,test
NAR000478_EN,SCN000478,en,Latin,none,"Complainant registers a formal grievance concerning employer violations under the category of breach of employment contract at the designated online platform. The incident occurred on 2026-06-25 at approximately 02:28 hours, wherein the management failed to comply with statutory labor provisions. Corporate payroll and logs have been requested..","Complainant registers a formal grievance concerning employer violations under the category of breach of employment contract at the designated online platform. The incident occurred on 2026-06-25 at approximately 02:28 hours, wherein the management failed to comply with statutory labor provisions. Corporate payroll and logs have been requested..",clear_chronological,medium,chronological,neutral,none,False,False,False,2025-10-17,,,human_written,,unannotated,challenge
NAR000479_EN,SCN000479,en,Latin,none,he is screaming and throwing things again it's really bad dowry harassment right now at home since 14:15 hours. please call someone or come over i am hiding in the washroom right now text me back please.,he is screaming and throwing things again it's really bad dowry harassment right now at home since 14:15 hours. please call someone or come over i am hiding in the washroom right now text me back please.,clear_chronological,medium,chronological,neutral,none,False,False,False,2025-11-01,,,human_written,,unannotated,test
NAR000480_EN,SCN000480,en,Latin,none,"Dear Management, I am writing to formally log a grievance regarding a distressing incident of verbal intimidation that occurred today at approximately 17:11 within the Residential street. The aggressive posturing and direct threats have created an incredibly hostile and unsafe environment..","Dear Management, I am writing to formally log a grievance regarding a distressing incident of verbal intimidation that occurred today at approximately 17:11 within the Residential street. The aggressive posturing and direct threats have created an incredibly hostile and unsafe environment..",clear_chronological,medium,chronological,neutral,none,False,False,False,2025-10-13,,,human_written,,unannotated,challenge
NAR000481_EN,SCN000481,en,Latin,none,"The observer witnessed an intense disagreement between the management and an employee inside the construction site around 00:26. The context of the dispute was clearly a severe case of safe working conditions violation, with the supervisor dismissing the employee's legitimate safety or financial claims arbitrarily..","The observer witnessed an intense disagreement between the management and an employee inside the construction site around 00:26. The context of the dispute was clearly a severe case of safe working conditions violation, with the supervisor dismissing the employee's legitimate safety or financial claims arbitrarily..",clear_chronological,medium,chronological,neutral,none,False,False,False,2025-10-19,,,human_written,,unannotated,validation
NAR000482_EN,SCN000482,en,Latin,none,guys stay away from the Road right now! just witnessed a crazy reckless driving confrontation around 00:06 hours. cars are badly damaged and traffic is completely backed up. emergency services are arriving just now.,guys stay away from the Road right now! just witnessed a crazy reckless driving confrontation around 00:06 hours. cars are badly damaged and traffic is completely backed up. emergency services are arriving just now.,clear_chronological,medium,chronological,neutral,none,False,False,False,2025-11-14,,,human_written,,unannotated,validation
NAR000483_EN,SCN000483,en,Latin,none,"Dear Authority, I am writing to formally lodge a complaint regarding a house burglary incident that transpired at the House on 2026-07-12. The incident occurred around 22:32, resulting in the unauthorized taking of my personal property. I request your immediate intervention to review CCTV footage..","Dear Authority, I am writing to formally lodge a complaint regarding a house burglary incident that transpired at the House on 2026-07-12. The incident occurred around 22:32, resulting in the unauthorized taking of my personal property. I request your immediate intervention to review CCTV footage..",clear_chronological,medium,chronological,neutral,none,False,False,False,2025-11-11,,,human_written,,unannotated,validation
NAR000484_EN,SCN000484,en,Latin,none,guys please help they are trying to take over the Plot right now!! experiencing a severe boundary wall dispute since 14:14. they brought workers and are breaking down boundaries. please check if anyone can come over fast.,guys please help they are trying to take over the Plot right now!! experiencing a severe boundary wall dispute since 14:14. they brought workers and are breaking down boundaries. please check if anyone can come over fast.,clear_chronological,medium,chronological,neutral,none,False,False,False,2025-10-28,,,human_written,,unannotated,challenge
NAR000485_EN,SCN000485,en,Latin,none,"A transactional incident concerning expired or contaminated goods sale broke out at the local kirana store at 09:01. The buyer alleged a direct breach of contractual terms regarding product quality or billing accuracy, resulting in an active consumer dispute..","A transactional incident concerning expired or contaminated goods sale broke out at the local kirana store at 09:01. The buyer alleged a direct breach of contractual terms regarding product quality or billing accuracy, resulting in an active consumer dispute..",clear_chronological,medium,chronological,neutral,none,False,False,False,2025-11-15,,,human_written,,unannotated,test
NAR000486_EN,SCN000486,en,Latin,none,"An incident of domestic distress categorized as economic deprivation occurred inside a residential premises at 12:14. The dispute caused a severe breach of domestic peace, requiring immediate support and mediation for the affected individuals..","An incident of domestic distress categorized as economic deprivation occurred inside a residential premises at 12:14. The dispute caused a severe breach of domestic peace, requiring immediate support and mediation for the affected individuals..",clear_chronological,medium,chronological,neutral,none,False,False,False,2025-11-15,,,human_written,,unannotated,validation
NAR000487_EN,SCN000487,en,Latin,none,"Dear Authority, I am writing to formally lodge a complaint regarding a online phishing theft incident that transpired at the Mobile app on 2026-06-23. The incident occurred around 15:09, resulting in the unauthorized taking of my personal property. I request your immediate intervention to review CCTV footage..","Dear Authority, I am writing to formally lodge a complaint regarding a online phishing theft incident that transpired at the Mobile app on 2026-06-23. The incident occurred around 15:09, resulting in the unauthorized taking of my personal property. I request your immediate intervention to review CCTV footage..",clear_chronological,medium,chronological,neutral,none,False,False,False,2025-10-28,,,human_written,,unannotated,validation
NAR000488_EN,SCN000488,en,Latin,none,"Complainant reports a structural civil grievance regarding illegal property possession at the site located in apartment. On 2026-07-13 at 18:03 hours, opposing parties gathered and attempted unauthorized physical alterations. Property ownership documents have been submitted for verification..","Complainant reports a structural civil grievance regarding illegal property possession at the site located in apartment. On 2026-07-13 at 18:03 hours, opposing parties gathered and attempted unauthorized physical alterations. Property ownership documents have been submitted for verification..",clear_chronological,medium,chronological,neutral,none,False,False,False,2025-11-19,,,human_written,,unannotated,challenge
NAR000489_EN,SCN000489,en,Latin,none,"Dear Traffic Police Commissioner, I am writing to formally report an escalating safety issue, specifically a recent hit and run collision that occurred at the Road. The incident took place on 2026-06-20 at 12:56 hours, creating significant hazards for other motorists..","Dear Traffic Police Commissioner, I am writing to formally report an escalating safety issue, specifically a recent hit and run collision that occurred at the Road. The incident took place on 2026-06-20 at 12:56 hours, creating significant hazards for other motorists..",clear_chronological,medium,chronological,neutral,none,False,False,False,2025-11-06,,,human_written,,unannotated,test
NAR000490_EN,SCN000490,en,Latin,none,"On the date of 2026-07-10, a highly contentious domestic incident manifesting as emotional and verbal abuse occurred within the private residence. The conflict reportedly originated from long-standing domestic pressures and rapidly intensified into aggressive behavior around 10:02. The victim sustained significant psychological and physical strain before external family structures could be notified. Local authorities are reviewing the continuous pattern of behavior under the protection laws of the jurisdiction..","On the date of 2026-07-10, a highly contentious domestic incident manifesting as emotional and verbal abuse occurred within the private residence. The conflict reportedly originated from long-standing domestic pressures and rapidly intensified into aggressive behavior around 10:02. The victim sustained significant psychological and physical strain before external family structures could be notified. Local authorities are reviewing the continuous pattern of behavior under the protection laws of the jurisdiction..",clear_chronological,medium,chronological,neutral,none,False,False,False,2025-11-23,,,human_written,,unannotated,validation
NAR000491_EN,SCN000491,en,Latin,none,"A high-value financial dispute categorized as cheque forgery was registered at the bank at 01:09. The incident involves deliberate corporate misrepresentation or instrument forgery, requiring specialized forensic financial review..","A high-value financial dispute categorized as cheque forgery was registered at the bank at 01:09. The incident involves deliberate corporate misrepresentation or instrument forgery, requiring specialized forensic financial review..",clear_chronological,medium,chronological,neutral,none,False,False,False,2025-11-19,,,human_written,,unannotated,test
NAR000492_EN,SCN000492,en,Latin,none,"The system administrator observed anomalous traffic originating from unauthorized servers around 05:12, confirming a systemwide online banking fraud. The victim was actively manipulated into bypassing authentication protocols on the Mobile app platform..","The system administrator observed anomalous traffic originating from unauthorized servers around 05:12, confirming a systemwide online banking fraud. The victim was actively manipulated into bypassing authentication protocols on the Mobile app platform..",clear_chronological,medium,chronological,neutral,none,False,False,False,2025-11-20,,,human_written,,unannotated,train
NAR000493_EN,SCN000493,en,Latin,none,guys heads up do NOT buy anything from that Online platform!! just experienced a massive defective product delivery around 13:05 today. they completely cheated me on the transaction and refused a refund. super sketchy service watch out.,guys heads up do NOT buy anything from that Online platform!! just experienced a massive defective product delivery around 13:05 today. they completely cheated me on the transaction and refused a refund. super sketchy service watch out.,clear_chronological,medium,chronological,neutral,none,False,False,False,2025-11-07,,,human_written,,unannotated,test
NAR000494_EN,SCN000494,en,Latin,none,"The observer noted a highly emotional confrontation between two estranged family members outside the house around 05:52. The argument was explicitly regarding a severe case of restitution of conjugal rights, with both sides loudly contesting rights before local residents requested calm..","The observer noted a highly emotional confrontation between two estranged family members outside the house around 05:52. The argument was explicitly regarding a severe case of restitution of conjugal rights, with both sides loudly contesting rights before local residents requested calm..",clear_chronological,medium,chronological,neutral,none,False,False,False,2025-12-04,,,human_written,,unannotated,train
NAR000495_EN,SCN000495,en,Latin,none,"It happened again at home around 17:29. Things escalated so quickly and it turned into full-blown emotional and verbal abuse. I was locked inside the room and couldn't even reach out to anyone until now. I honestly don't know what to do anymore, I am so scared..","It happened again at home around 17:29. Things escalated so quickly and it turned into full-blown emotional and verbal abuse. I was locked inside the room and couldn't even reach out to anyone until now. I honestly don't know what to do anymore, I am so scared..",clear_chronological,medium,chronological,neutral,none,False,False,False,2025-11-14,,,human_written,,unannotated,test
NAR000496_EN,SCN000496,en,Latin,none,"So I went to this online platform around 05:47 and explicitly paid for premium service, but I faced absolute defective product delivery instead. When I asked the manager to fix it or give my money back, they were super rude and completely brushed me off. Never buying from here again..","So I went to this online platform around 05:47 and explicitly paid for premium service, but I faced absolute defective product delivery instead. When I asked the manager to fix it or give my money back, they were super rude and completely brushed me off. Never buying from here again..",clear_chronological,medium,chronological,neutral,none,False,False,False,2025-12-02,,,human_written,,unannotated,validation
NAR000497_EN,SCN000497,en,Latin,none,"An incident involving sudden road rage assault broke out at the road around 09:47. The aggressor initiated intense physical or verbal hostility against the victim, forcing bystanders to intervene to prevent further escalation..","An incident involving sudden road rage assault broke out at the road around 09:47. The aggressor initiated intense physical or verbal hostility against the victim, forcing bystanders to intervene to prevent further escalation..",clear_chronological,medium,chronological,neutral,none,False,False,False,2025-11-13,,,human_written,,unannotated,challenge
NAR000498_EN,SCN000498,en,Latin,none,"A civic or localized incident classified under lost item reporting manifested at the designated shop at 02:42. The matter represents a general public inconvenience rather than a high-severity crime, requiring standard regulatory oversight..","A civic or localized incident classified under lost item reporting manifested at the designated shop at 02:42. The matter represents a general public inconvenience rather than a high-severity crime, requiring standard regulatory oversight..",clear_chronological,medium,chronological,neutral,none,False,False,False,2025-12-03,,,human_written,,unannotated,validation
NAR000499_EN,SCN000499,en,Latin,none,"Dear Management, I am writing to formally log a grievance regarding a distressing incident of physical altercation that occurred today at approximately 06:39 within the Road. The aggressive posturing and direct threats have created an incredibly hostile and unsafe environment..","Dear Management, I am writing to formally log a grievance regarding a distressing incident of physical altercation that occurred today at approximately 06:39 within the Road. The aggressive posturing and direct threats have created an incredibly hostile and unsafe environment..",clear_chronological,medium,chronological,neutral,none,False,False,False,2025-11-19,,,human_written,,unannotated,validation
NAR000500_EN,SCN000500,en,Latin,none,"The observer noted a minor public disturbance developing near the local residential street around 19:23. The situation involved a distinct public nuisance dispute, drawing the attention of passing commuters before local municipal workers arrived on site..","The observer noted a minor public disturbance developing near the local residential street around 19:23. The situation involved a distinct public nuisance dispute, drawing the attention of passing commuters before local municipal workers arrived on site..",clear_chronological,medium,chronological,neutral,none,False,False,False,2025-12-18,,,human_written,,unannotated,test
NAR000501_EN,SCN000501,en,Latin,none,"On the date of 2026-07-10, a major institutional friction classified as safe working conditions violation materialized at the specified construction site at approximately 11:07. The circumstances indicate structured operational non-compliance by the management regarding standard working protocols or financial settlements, directly compromising employee protections. Internal grievance workflows were completely bypassed by leadership, compelling the affected party to seek statutory legal remedies through regional labor councils..","On the date of 2026-07-10, a major institutional friction classified as safe working conditions violation materialized at the specified construction site at approximately 11:07. The circumstances indicate structured operational non-compliance by the management regarding standard working protocols or financial settlements, directly compromising employee protections. Internal grievance workflows were completely bypassed by leadership, compelling the affected party to seek statutory legal remedies through regional labor councils..",clear_chronological,medium,chronological,neutral,none,False,False,False,2025-12-06,,,human_written,,unannotated,challenge
NAR000502_EN,SCN000502,en,Latin,none,"The observer noted a highly emotional confrontation between two estranged family members outside the apartment around 21:55. The argument was explicitly regarding a severe case of guardianship dispute, with both sides loudly contesting rights before local residents requested calm..","The observer noted a highly emotional confrontation between two estranged family members outside the apartment around 21:55. The argument was explicitly regarding a severe case of guardianship dispute, with both sides loudly contesting rights before local residents requested calm..",clear_chronological,medium,chronological,neutral,none,False,False,False,2025-11-30,,,human_written,,unannotated,train
NAR000503_EN,SCN000503,en,Latin,none,"Complainant reports ongoing domestic grievances at the shared residence. On 2026-06-29 at 21:00 hours, a severe incident involving economic deprivation occurred, resulting in immediate emotional and physical distress. Intervention was requested by the victim's family members..","Complainant reports ongoing domestic grievances at the shared residence. On 2026-06-29 at 21:00 hours, a severe incident involving economic deprivation occurred, resulting in immediate emotional and physical distress. Intervention was requested by the victim's family members..",clear_chronological,medium,chronological,neutral,none,False,False,False,2025-12-11,,,human_written,,unannotated,validation
NAR000504_EN,SCN000504,en,Latin,none,"Complainant reports unauthorized digital breach under phishing scam framework. On 2026-07-11 at approx 12:02 hours, malicious payloads or fraudulent links were deployed to misappropriate assets or credentials via Online platform. Digital logs preserved for forensic analysis..","Complainant reports unauthorized digital breach under phishing scam framework. On 2026-07-11 at approx 12:02 hours, malicious payloads or fraudulent links were deployed to misappropriate assets or credentials via Online platform. Digital logs preserved for forensic analysis..",clear_chronological,medium,chronological,neutral,none,False,False,False,2025-12-05,,,human_written,,unannotated,train
NAR000505_EN,SCN000505,en,Latin,none,"On the afternoon of 2026-07-12, an escalating conflict classified under verbal intimidation manifested at the specified residential street. Initial verbal friction rapidly degenerated into targeted hostility, establishing clear intent of intimidation and potential bodily harm. The victim sought refuge immediately while nearby witnesses attempted to de-escalate the situation. Security personnel were subsequently informed to review the breach of safety within the jurisdiction..","On the afternoon of 2026-07-12, an escalating conflict classified under verbal intimidation manifested at the specified residential street. Initial verbal friction rapidly degenerated into targeted hostility, establishing clear intent of intimidation and potential bodily harm. The victim sought refuge immediately while nearby witnesses attempted to de-escalate the situation. Security personnel were subsequently informed to review the breach of safety within the jurisdiction..",clear_chronological,medium,chronological,neutral,none,False,False,False,2025-12-24,,,human_written,,unannotated,validation
NAR000506_EN,SCN000506,en,Latin,none,"The observer noticed two suspicious individuals loitering near the alleyway around 09:43. Shortly after, they approached the victim from behind, forcefully committed chain snatching, and fled the scene on a two-wheeler heading north..","The observer noticed two suspicious individuals loitering near the alleyway around 09:43. Shortly after, they approached the victim from behind, forcefully committed chain snatching, and fled the scene on a two-wheeler heading north..",clear_chronological,medium,chronological,neutral,none,False,False,False,2025-12-04,,,human_written,,unannotated,validation
NAR000507_EN,SCN000507,en,Latin,none,"Dear Authority, I am writing to formally lodge a complaint regarding a house burglary incident that transpired at the House on 2026-06-22. The incident occurred around 11:16, resulting in the unauthorized taking of my personal property. I request your immediate intervention to review CCTV footage..","Dear Authority, I am writing to formally lodge a complaint regarding a house burglary incident that transpired at the House on 2026-06-22. The incident occurred around 11:16, resulting in the unauthorized taking of my personal property. I request your immediate intervention to review CCTV footage..",clear_chronological,medium,chronological,neutral,none,False,False,False,2025-12-03,,,human_written,,unannotated,challenge
NAR000508_EN,SCN000508,en,Latin,none,"The neighbor reported hearing intense shouting and objects breaking from the adjacent apartment around 21:41. Upon investigating, it appeared to be a severe case of economic deprivation transpiring within the household, prompting the neighbor to intervene and call for assistance..","The neighbor reported hearing intense shouting and objects breaking from the adjacent apartment around 21:41. Upon investigating, it appeared to be a severe case of economic deprivation transpiring within the household, prompting the neighbor to intervene and call for assistance..",clear_chronological,medium,chronological,neutral,none,False,False,False,2025-12-23,,,human_written,,unannotated,test
NAR000509_EN,SCN000509,en,Latin,none,"The observer noticed two suspicious individuals loitering near the shop around 00:44. Shortly after, they approached the victim from behind, forcefully committed shopbreaking, and fled the scene on a two-wheeler heading north..","The observer noticed two suspicious individuals loitering near the shop around 00:44. Shortly after, they approached the victim from behind, forcefully committed shopbreaking, and fled the scene on a two-wheeler heading north..",clear_chronological,medium,chronological,neutral,none,False,False,False,2026-01-12,,,human_written,,unannotated,train
NAR000510_EN,SCN000510,en,Latin,none,"On the date of 2026-07-08, a major institutional friction classified as unpaid wage dispute materialized at the specified shop at approximately 06:13. The circumstances indicate structured operational non-compliance by the management regarding standard working protocols or financial settlements, directly compromising employee protections. Internal grievance workflows were completely bypassed by leadership, compelling the affected party to seek statutory legal remedies through regional labor councils..","On the date of 2026-07-08, a major institutional friction classified as unpaid wage dispute materialized at the specified shop at approximately 06:13. The circumstances indicate structured operational non-compliance by the management regarding standard working protocols or financial settlements, directly compromising employee protections. Internal grievance workflows were completely bypassed by leadership, compelling the affected party to seek statutory legal remedies through regional labor councils..",clear_chronological,medium,chronological,neutral,none,False,False,False,2025-12-31,,,human_written,,unannotated,test
NAR000511_EN,SCN000511,en,Latin,none,"guys freeze your accounts if you used that Office recently!! just discovered a major cheque forgery happened around 18:33 today. unauthorized charges are showing up on multiple profiles, notify your branch manager asap.","guys freeze your accounts if you used that Office recently!! just discovered a major cheque forgery happened around 18:33 today. unauthorized charges are showing up on multiple profiles, notify your branch manager asap.",clear_chronological,medium,chronological,neutral,none,False,False,False,2026-01-02,,,human_written,,unannotated,validation
NAR000512_EN,SCN000512,en,Latin,none,"On the date of 2026-07-03, a major institutional friction classified as workplace harassment materialized at the specified showroom at approximately 05:23. The circumstances indicate structured operational non-compliance by the management regarding standard working protocols or financial settlements, directly compromising employee protections. Internal grievance workflows were completely bypassed by leadership, compelling the affected party to seek statutory legal remedies through regional labor councils..","On the date of 2026-07-03, a major institutional friction classified as workplace harassment materialized at the specified showroom at approximately 05:23. The circumstances indicate structured operational non-compliance by the management regarding standard working protocols or financial settlements, directly compromising employee protections. Internal grievance workflows were completely bypassed by leadership, compelling the affected party to seek statutory legal remedies through regional labor councils..",clear_chronological,medium,chronological,neutral,none,False,False,False,2026-01-09,,,human_written,,unannotated,challenge
NAR000513_EN,SCN000513,en,Latin,none,hey guys warning if u are passing by the Marketplace right now!! there is a massive stray animal hazard that happened around 01:05 today. try to take a different route if possible to avoid getting stuck or delayed.,hey guys warning if u are passing by the Marketplace right now!! there is a massive stray animal hazard that happened around 01:05 today. try to take a different route if possible to avoid getting stuck or delayed.,clear_chronological,medium,chronological,neutral,none,False,False,False,2026-01-07,,,human_written,,unannotated,validation
NAR000514_EN,SCN000514,en,Latin,none,"Dear Authority, I am writing to formally lodge a complaint regarding a armed robbery incident that transpired at the Highway on 2026-07-20. The incident occurred around 12:24, resulting in the unauthorized taking of my personal property. I request your immediate intervention to review CCTV footage..","Dear Authority, I am writing to formally lodge a complaint regarding a armed robbery incident that transpired at the Highway on 2026-07-20. The incident occurred around 12:24, resulting in the unauthorized taking of my personal property. I request your immediate intervention to review CCTV footage..",clear_chronological,medium,chronological,neutral,none,False,False,False,2025-12-26,,,human_written,,unannotated,test
NAR000515_EN,SCN000515,en,Latin,none,"Dear Municipal Authorities, I am writing to formally log a civic grievance regarding the ongoing pattern of minor civic infrastructure issue at the Alleyway. The latest escalation occurred on 2026-07-06 at 05:24 hours, causing localized hazards that require immediate civic attention..","Dear Municipal Authorities, I am writing to formally log a civic grievance regarding the ongoing pattern of minor civic infrastructure issue at the Alleyway. The latest escalation occurred on 2026-07-06 at 05:24 hours, causing localized hazards that require immediate civic attention..",clear_chronological,medium,chronological,neutral,none,False,False,False,2025-12-27,,,human_written,,unannotated,train
NAR000516_EN,SCN000516,en,Latin,none,"Dear Cyber Crime Portal, I am writing to register an official cybercrime incident regarding identity theft that targets my system. At 04:00 on 2026-06-25, illegal server access was achieved through the Workplace, leading to severe data breach and financial compromise..","Dear Cyber Crime Portal, I am writing to register an official cybercrime incident regarding identity theft that targets my system. At 04:00 on 2026-06-25, illegal server access was achieved through the Workplace, leading to severe data breach and financial compromise..",clear_chronological,medium,chronological,neutral,none,False,False,False,2026-01-16,,,human_written,,unannotated,validation
NAR000517_EN,SCN000517,en,Latin,none,"The observer noted a clear altercation developing at the counter of the online platform around 15:47. A customer was contesting a distinct case of defective product delivery, showing clear evidence to the merchant, who continuously refused liability or proper resolution..","The observer noted a clear altercation developing at the counter of the online platform around 15:47. A customer was contesting a distinct case of defective product delivery, showing clear evidence to the merchant, who continuously refused liability or proper resolution..",clear_chronological,medium,chronological,neutral,none,False,False,False,2025-12-31,,,human_written,,unannotated,train
NAR000518_EN,SCN000518,en,Latin,none,"The observer witnessed an intense community argument unfolding near the house around 01:23. Several individuals were actively contesting an instance of illegal property possession, with local residents stepping in to prevent physical escalation before authorities were notified..","The observer witnessed an intense community argument unfolding near the house around 01:23. Several individuals were actively contesting an instance of illegal property possession, with local residents stepping in to prevent physical escalation before authorities were notified..",clear_chronological,medium,chronological,neutral,none,False,False,False,2026-01-27,,,human_written,,unannotated,train
NAR000519_EN,SCN000519,en,Latin,none,"So I clicked this link thinking it was an official notification around 12:04 yesterday, and suddenly I was locked out of my account. I realized it was a total online banking fraud when my savings started moving out. I'm completely panicking right now..","So I clicked this link thinking it was an official notification around 12:04 yesterday, and suddenly I was locked out of my account. I realized it was a total online banking fraud when my savings started moving out. I'm completely panicking right now..",clear_chronological,medium,chronological,neutral,none,False,False,False,2026-01-21,,,human_written,,unannotated,validation
NAR000520_EN,SCN000520,en,Latin,none,"The witness observed a major traffic disruption unfolding near the highway around 00:51. A driver committed a blatant traffic signal violation dispute, resulting in an immediate vehicle collision and a heated argument between the affected commuters before police arrived..","The witness observed a major traffic disruption unfolding near the highway around 00:51. A driver committed a blatant traffic signal violation dispute, resulting in an immediate vehicle collision and a heated argument between the affected commuters before police arrived..",clear_chronological,medium,chronological,neutral,none,False,False,False,2026-01-05,,,human_written,,unannotated,test
NAR000521_EN,SCN000521,en,Latin,none,"A swift incident of vehicle theft took place at the local garage during peak hours. The victim lost valuable items instantly, and the unidentified suspect fled immediately before any bystanders could intervene..","A swift incident of vehicle theft took place at the local garage during peak hours. The victim lost valuable items instantly, and the unidentified suspect fled immediately before any bystanders could intervene..",clear_chronological,medium,chronological,neutral,none,False,False,False,2026-01-14,,,human_written,,unannotated,train
NAR000522_EN,SCN000522,en,Latin,none,"Dear Consumer Forum Support, I am writing to formally register a merchant complaint regarding a severe instance of defective product delivery that occurred at House on 2026-07-12 at 20:17 hours. Despite multiple amicable requests, the management refused to honor the standard consumer guarantees..","Dear Consumer Forum Support, I am writing to formally register a merchant complaint regarding a severe instance of defective product delivery that occurred at House on 2026-07-12 at 20:17 hours. Despite multiple amicable requests, the management refused to honor the standard consumer guarantees..",clear_chronological,medium,chronological,neutral,none,False,False,False,2026-02-04,,,human_written,,unannotated,train
NAR000523_EN,SCN000523,en,Latin,none,"Complainant states that on 2026-07-13 at approximately 12:32 hours, a severe case of domestic dispute transpired at Apartment. The accused allegedly engaged in hostile behavior, posing immediate threat to the victim. Medical examination conducted where applicable..","Complainant states that on 2026-07-13 at approximately 12:32 hours, a severe case of domestic dispute transpired at Apartment. The accused allegedly engaged in hostile behavior, posing immediate threat to the victim. Medical examination conducted where applicable..",clear_chronological,medium,chronological,neutral,none,False,False,False,2026-01-24,,,human_written,,unannotated,train
NAR000524_EN,SCN000524,en,Latin,none,"An incident involving sudden domestic dispute broke out at the house around 01:13. The aggressor initiated intense physical or verbal hostility against the victim, forcing bystanders to intervene to prevent further escalation..","An incident involving sudden domestic dispute broke out at the house around 01:13. The aggressor initiated intense physical or verbal hostility against the victim, forcing bystanders to intervene to prevent further escalation..",clear_chronological,medium,chronological,neutral,none,False,False,False,2026-01-17,,,human_written,,unannotated,validation
NAR000525_EN,SCN000525,en,Latin,none,"So I clicked this link thinking it was an official notification around 18:27 yesterday, and suddenly I was locked out of my account. I realized it was a total phishing scam when my savings started moving out. I'm completely panicking right now..","So I clicked this link thinking it was an official notification around 18:27 yesterday, and suddenly I was locked out of my account. I realized it was a total phishing scam when my savings started moving out. I'm completely panicking right now..",clear_chronological,medium,chronological,neutral,none,False,False,False,2026-01-23,,,human_written,,unannotated,challenge
NAR000526_EN,SCN000526,en,Latin,none,"A swift incident of vehicle theft took place at the local parking lot during peak hours. The victim lost valuable items instantly, and the unidentified suspect fled immediately before any bystanders could intervene..","A swift incident of vehicle theft took place at the local parking lot during peak hours. The victim lost valuable items instantly, and the unidentified suspect fled immediately before any bystanders could intervene..",clear_chronological,medium,chronological,neutral,none,False,False,False,2026-02-03,,,human_written,,unannotated,validation
NAR000527_EN,SCN000527,en,Latin,none,"Dear Nodal Officer / Bank Authority, I am writing to formally log an emergency grievance regarding an severe case of credit card cloning executed against my portfolio through the Online platform. The breach occurred on 2026-06-29 at 03:54 hours, violating standard security checks and clearing mechanisms..","Dear Nodal Officer / Bank Authority, I am writing to formally log an emergency grievance regarding an severe case of credit card cloning executed against my portfolio through the Online platform. The breach occurred on 2026-06-29 at 03:54 hours, violating standard security checks and clearing mechanisms..",clear_chronological,medium,chronological,neutral,none,False,False,False,2026-01-15,,,human_written,,unannotated,challenge
NAR000528_EN,SCN000528,en,Latin,none,"Dear Cyber Crime Portal, I am writing to register an official cybercrime incident regarding cyberstalking that targets my system. At 10:01 on 2026-07-20, illegal server access was achieved through the Hostel, leading to severe data breach and financial compromise..","Dear Cyber Crime Portal, I am writing to register an official cybercrime incident regarding cyberstalking that targets my system. At 10:01 on 2026-07-20, illegal server access was achieved through the Hostel, leading to severe data breach and financial compromise..",clear_chronological,medium,chronological,neutral,none,False,False,False,2026-01-17,,,human_written,,unannotated,train
NAR000529_EN,SCN000529,en,Latin,none,"The neighbor reported hearing intense shouting and objects breaking from the adjacent apartment around 22:36. Upon investigating, it appeared to be a severe case of economic deprivation transpiring within the household, prompting the neighbor to intervene and call for assistance..","The neighbor reported hearing intense shouting and objects breaking from the adjacent apartment around 22:36. Upon investigating, it appeared to be a severe case of economic deprivation transpiring within the household, prompting the neighbor to intervene and call for assistance..",clear_chronological,medium,chronological,neutral,none,False,False,False,2026-01-31,,,human_written,,unannotated,validation
NAR000530_EN,SCN000530,en,Latin,none,pls help someone is targeting me with road rage assault right now at the Road!! they are threatening to hit me or worse. happened around 06:56. is anyone nearby who can come stay with me? urgent.,pls help someone is targeting me with road rage assault right now at the Road!! they are threatening to hit me or worse. happened around 06:56. is anyone nearby who can come stay with me? urgent.,clear_chronological,medium,chronological,neutral,none,False,False,False,2026-02-07,,,human_written,,unannotated,challenge
NAR000531_EN,SCN000531,en,Latin,none,"A family civil dispute categorized as restitution of conjugal rights manifested within a private residence at 11:32. The incident centers around contested guardianship or maintenance rights, necessitating institutional mediation under family law statues..","A family civil dispute categorized as restitution of conjugal rights manifested within a private residence at 11:32. The incident centers around contested guardianship or maintenance rights, necessitating institutional mediation under family law statues..",clear_chronological,medium,chronological,neutral,none,False,False,False,2026-01-30,,,human_written,,unannotated,test
NAR000532_EN,SCN000532,en,Latin,none,"A family civil dispute categorized as divorce proceedings conflict manifested within a private residence at 15:54. The incident centers around contested guardianship or maintenance rights, necessitating institutional mediation under family law statues..","A family civil dispute categorized as divorce proceedings conflict manifested within a private residence at 15:54. The incident centers around contested guardianship or maintenance rights, necessitating institutional mediation under family law statues..",clear_chronological,medium,chronological,neutral,none,False,False,False,2026-02-14,,,human_written,,unannotated,test
NAR000533_EN,SCN000533,en,Latin,none,"Dear Human Resources and Labor Commissioner, I am writing to formally lodge a grievance regarding the ongoing pattern of safe working conditions violation within the Factory. The definitive breach transpired on 2026-06-28 at 21:06 hours, violating explicit terms of my employment contract and local statutory codes..","Dear Human Resources and Labor Commissioner, I am writing to formally lodge a grievance regarding the ongoing pattern of safe working conditions violation within the Factory. The definitive breach transpired on 2026-06-28 at 21:06 hours, violating explicit terms of my employment contract and local statutory codes..",clear_chronological,medium,chronological,neutral,none,False,False,False,2026-01-28,,,human_written,,unannotated,validation
NAR000534_EN,SCN000534,en,Latin,none,"On the afternoon of 2026-07-13, a long-standing land friction culminated in an explicit case of inheritance property claim at the designated plot around 04:54 hours. The incident involved rival claimants attempting physical occupation or structural modification without valid legal injunctions. Local law enforcement intervened to mandate a status quo until the appropriate regional civil courts review the structural registration parameters and revenue maps under the state jurisdiction..","On the afternoon of 2026-07-13, a long-standing land friction culminated in an explicit case of inheritance property claim at the designated plot around 04:54 hours. The incident involved rival claimants attempting physical occupation or structural modification without valid legal injunctions. Local law enforcement intervened to mandate a status quo until the appropriate regional civil courts review the structural registration parameters and revenue maps under the state jurisdiction..",clear_chronological,medium,chronological,neutral,none,False,False,False,2026-02-01,,,human_written,,unannotated,challenge
NAR000535_EN,SCN000535,en,Latin,none,"Complainant reports a structural civil grievance regarding tenant-landlord conflict at the site located in house. On 2026-06-22 at 09:59 hours, opposing parties gathered and attempted unauthorized physical alterations. Property ownership documents have been submitted for verification..","Complainant reports a structural civil grievance regarding tenant-landlord conflict at the site located in house. On 2026-06-22 at 09:59 hours, opposing parties gathered and attempted unauthorized physical alterations. Property ownership documents have been submitted for verification..",clear_chronological,medium,chronological,neutral,none,False,False,False,2026-02-08,,,human_written,,unannotated,validation
NAR000536_EN,SCN000536,en,Latin,none,"The witness observed a major traffic disruption unfolding near the highway around 12:02. A driver committed a blatant drunk driving accident, resulting in an immediate vehicle collision and a heated argument between the affected commuters before police arrived..","The witness observed a major traffic disruption unfolding near the highway around 12:02. A driver committed a blatant drunk driving accident, resulting in an immediate vehicle collision and a heated argument between the affected commuters before police arrived..",clear_chronological,medium,chronological,neutral,none,False,False,False,2026-02-27,,,human_written,,unannotated,test
NAR000537_EN,SCN000537,en,Latin,none,"I've been working at this office for months, and around 06:09 yesterday, things hit a breaking point with a massive workplace harassment. They literally refused to settle what was rightfully owed to me and told me to just leave if I didn't like it. I'm so stressed about how I'm going to pay my rent..","I've been working at this office for months, and around 06:09 yesterday, things hit a breaking point with a massive workplace harassment. They literally refused to settle what was rightfully owed to me and told me to just leave if I didn't like it. I'm so stressed about how I'm going to pay my rent..",clear_chronological,medium,chronological,neutral,none,False,False,False,2026-02-25,,,human_written,,unannotated,train
NAR000538_EN,SCN000538,en,Latin,none,"It happened again at home around 04:13. Things escalated so quickly and it turned into full-blown dowry harassment. I was locked inside the room and couldn't even reach out to anyone until now. I honestly don't know what to do anymore, I am so scared..","It happened again at home around 04:13. Things escalated so quickly and it turned into full-blown dowry harassment. I was locked inside the room and couldn't even reach out to anyone until now. I honestly don't know what to do anymore, I am so scared..",clear_chronological,medium,chronological,neutral,none,False,False,False,2026-02-14,,,human_written,,unannotated,test
NAR000539_EN,SCN000539,en,Latin,none,"On the date of 2026-06-27, an advanced threat actor initiated an exploit categorized under social media hacking targeting remote infrastructures at approximately 16:51. The intrusion vectors reveal highly organized techniques using social engineering methods or brute-force automation to penetrate authorization systems on the Online platform. Immediate isolation of the network endpoints was executed to limit exposure within the regional jurisdiction..","On the date of 2026-06-27, an advanced threat actor initiated an exploit categorized under social media hacking targeting remote infrastructures at approximately 16:51. The intrusion vectors reveal highly organized techniques using social engineering methods or brute-force automation to penetrate authorization systems on the Online platform. Immediate isolation of the network endpoints was executed to limit exposure within the regional jurisdiction..",clear_chronological,medium,chronological,neutral,none,False,False,False,2026-02-27,,,human_written,,unannotated,challenge
NAR000540_EN,SCN000540,en,Latin,none,"Complainant registers a general municipal or public service notification regarding stray animal hazard at the location of road. The incident transpired on 2026-07-08 at approximately 14:00 hours, causing minor public inconvenience or operational disruption. Log entries have been completed..","Complainant registers a general municipal or public service notification regarding stray animal hazard at the location of road. The incident transpired on 2026-07-08 at approximately 14:00 hours, causing minor public inconvenience or operational disruption. Log entries have been completed..",clear_chronological,medium,chronological,neutral,none,False,False,False,2026-02-28,,,human_written,,unannotated,train
NAR000541_EN,SCN000541,en,Latin,none,"Complainant reports a structural civil grievance regarding tenant-landlord conflict at the site located in house. On 2026-06-23 at 02:36 hours, opposing parties gathered and attempted unauthorized physical alterations. Property ownership documents have been submitted for verification..","Complainant reports a structural civil grievance regarding tenant-landlord conflict at the site located in house. On 2026-06-23 at 02:36 hours, opposing parties gathered and attempted unauthorized physical alterations. Property ownership documents have been submitted for verification..",clear_chronological,medium,chronological,neutral,none,False,False,False,2026-03-07,,,human_written,,unannotated,validation
NAR000542_EN,SCN000542,en,Latin,none,guys heads up do NOT buy anything from that Online platform!! just experienced a massive refusal of service refund around 19:10 today. they completely cheated me on the transaction and refused a refund. super sketchy service watch out.,guys heads up do NOT buy anything from that Online platform!! just experienced a massive refusal of service refund around 19:10 today. they completely cheated me on the transaction and refused a refund. super sketchy service watch out.,clear_chronological,medium,chronological,neutral,none,False,False,False,2026-02-27,,,human_written,,unannotated,challenge
NAR000543_EN,SCN000543,en,Latin,none,"The observer noted a minor public disturbance developing near the local plot around 09:32. The situation involved a distinct minor civic infrastructure issue, drawing the attention of passing commuters before local municipal workers arrived on site..","The observer noted a minor public disturbance developing near the local plot around 09:32. The situation involved a distinct minor civic infrastructure issue, drawing the attention of passing commuters before local municipal workers arrived on site..",clear_chronological,medium,chronological,neutral,none,False,False,False,2026-02-24,,,human_written,,unannotated,test
NAR000544_EN,SCN000544,en,Latin,none,"I was just minding my own business at the residential street around 00:28, when this aggressive person started shouting at me out of nowhere. Then it escalated into a complete verbal intimidation and they said they'd hurt me if they saw me again. Genuinely terrified..","I was just minding my own business at the residential street around 00:28, when this aggressive person started shouting at me out of nowhere. Then it escalated into a complete verbal intimidation and they said they'd hurt me if they saw me again. Genuinely terrified..",clear_chronological,medium,chronological,neutral,none,False,False,False,2026-03-14,,,human_written,,unannotated,validation
NAR000545_EN,SCN000545,en,Latin,none,"So I was just standing at the online platform around 00:44 yesterday, checking my phone, when this guy suddenly rushed past me and grabbed my belongings out of nowhere! I didn't even have time to react or see his face properly. Totally shocked..","So I was just standing at the online platform around 00:44 yesterday, checking my phone, when this guy suddenly rushed past me and grabbed my belongings out of nowhere! I didn't even have time to react or see his face properly. Totally shocked..",clear_chronological,medium,chronological,neutral,none,False,False,False,2026-03-04,,,human_written,,unannotated,validation
NAR000546_EN,SCN000546,en,Latin,none,"On the date of 2026-07-04, a formal consumer conflict classified as defective product delivery manifested during a commercial interaction at the designated house around 00:05. The transaction parameters reveal an explicit deviation from advertising claims or legal standards, directly compromising buyer safety and financial protection. Standard operational dispute channels were exhausted without success, prompting an escalation to statutory regulatory oversight mechanisms..","On the date of 2026-07-04, a formal consumer conflict classified as defective product delivery manifested during a commercial interaction at the designated house around 00:05. The transaction parameters reveal an explicit deviation from advertising claims or legal standards, directly compromising buyer safety and financial protection. Standard operational dispute channels were exhausted without success, prompting an escalation to statutory regulatory oversight mechanisms..",clear_chronological,medium,chronological,neutral,none,False,False,False,2026-03-08,,,human_written,,unannotated,validation
NAR000547_EN,SCN000547,en,Latin,none,"An incident of domestic distress categorized as dowry harassment occurred inside a residential premises at 08:40. The dispute caused a severe breach of domestic peace, requiring immediate support and mediation for the affected individuals..","An incident of domestic distress categorized as dowry harassment occurred inside a residential premises at 08:40. The dispute caused a severe breach of domestic peace, requiring immediate support and mediation for the affected individuals..",clear_chronological,medium,chronological,neutral,none,False,False,False,2026-03-17,,,human_written,,unannotated,challenge
NAR000548_EN,SCN000548,en,Latin,none,"On the afternoon of 2026-06-24, an escalating conflict classified under verbal intimidation manifested at the specified shop. Initial verbal friction rapidly degenerated into targeted hostility, establishing clear intent of intimidation and potential bodily harm. The victim sought refuge immediately while nearby witnesses attempted to de-escalate the situation. Security personnel were subsequently informed to review the breach of safety within the jurisdiction..","On the afternoon of 2026-06-24, an escalating conflict classified under verbal intimidation manifested at the specified shop. Initial verbal friction rapidly degenerated into targeted hostility, establishing clear intent of intimidation and potential bodily harm. The victim sought refuge immediately while nearby witnesses attempted to de-escalate the situation. Security personnel were subsequently informed to review the breach of safety within the jurisdiction..",clear_chronological,medium,chronological,neutral,none,False,False,False,2026-03-26,,,human_written,,unannotated,train
NAR000549_EN,SCN000549,en,Latin,none,"Complainant states that on 2026-07-19 at approximately 18:12 hours, an incident of vehicle theft occurred at Roadside. The perpetrator description matches a male individual height approx 5'8"". Property loss reported. Case registered under relevant sections..","Complainant states that on 2026-07-19 at approximately 18:12 hours, an incident of vehicle theft occurred at Roadside. The perpetrator description matches a male individual height approx 5'8"". Property loss reported. Case registered under relevant sections..",clear_chronological,medium,chronological,neutral,none,False,False,False,2026-04-03,,,human_written,,unannotated,train
NAR000550_EN,SCN000550,en,Latin,none,"Complainant reports a structural civil grievance regarding land encroachment at the site located in agricultural land. On 2026-07-12 at 17:48 hours, opposing parties gathered and attempted unauthorized physical alterations. Property ownership documents have been submitted for verification..","Complainant reports a structural civil grievance regarding land encroachment at the site located in agricultural land. On 2026-07-12 at 17:48 hours, opposing parties gathered and attempted unauthorized physical alterations. Property ownership documents have been submitted for verification..",clear_chronological,medium,chronological,neutral,none,False,False,False,2026-03-18,,,human_written,,unannotated,validation
NAR000551_EN,SCN000551,en,Latin,none,"On the afternoon of 2026-07-08, a long-standing land friction culminated in an explicit case of tenant-landlord conflict at the designated shop around 00:54 hours. The incident involved rival claimants attempting physical occupation or structural modification without valid legal injunctions. Local law enforcement intervened to mandate a status quo until the appropriate regional civil courts review the structural registration parameters and revenue maps under the state jurisdiction..","On the afternoon of 2026-07-08, a long-standing land friction culminated in an explicit case of tenant-landlord conflict at the designated shop around 00:54 hours. The incident involved rival claimants attempting physical occupation or structural modification without valid legal injunctions. Local law enforcement intervened to mandate a status quo until the appropriate regional civil courts review the structural registration parameters and revenue maps under the state jurisdiction..",clear_chronological,medium,chronological,neutral,none,False,False,False,2026-03-09,,,human_written,,unannotated,test
NAR000552_EN,SCN000552,en,Latin,none,guys heads up do NOT buy anything from that Showroom!! just experienced a massive false advertising and misrepresentation around 10:50 today. they completely cheated me on the transaction and refused a refund. super sketchy service watch out.,guys heads up do NOT buy anything from that Showroom!! just experienced a massive false advertising and misrepresentation around 10:50 today. they completely cheated me on the transaction and refused a refund. super sketchy service watch out.,clear_chronological,medium,chronological,neutral,none,False,False,False,2026-04-04,,,human_written,,unannotated,challenge
NAR000553_EN,SCN000553,en,Latin,none,"A high-value financial dispute categorized as loan approval scam was registered at the online platform at 14:15. The incident involves deliberate corporate misrepresentation or instrument forgery, requiring specialized forensic financial review..","A high-value financial dispute categorized as loan approval scam was registered at the online platform at 14:15. The incident involves deliberate corporate misrepresentation or instrument forgery, requiring specialized forensic financial review..",clear_chronological,medium,chronological,neutral,none,False,False,False,2026-04-01,,,human_written,,unannotated,train
NAR000554_EN,SCN000554,en,Latin,none,"Complainant registers a family matter notification involving an active child custody dispute at the premises. On 2026-07-10 at approximately 21:16 hours, an escalation occurred regarding legal compliance or child visitation parameters. Relevant documentation has been requested for family court presentation..","Complainant registers a family matter notification involving an active child custody dispute at the premises. On 2026-07-10 at approximately 21:16 hours, an escalation occurred regarding legal compliance or child visitation parameters. Relevant documentation has been requested for family court presentation..",clear_chronological,medium,chronological,neutral,none,False,False,False,2026-03-26,,,human_written,,unannotated,train
NAR000555_EN,SCN000555,en,Latin,none,"A high-value financial dispute categorized as credit card cloning was registered at the atm at 18:04. The incident involves deliberate corporate misrepresentation or instrument forgery, requiring specialized forensic financial review..","A high-value financial dispute categorized as credit card cloning was registered at the atm at 18:04. The incident involves deliberate corporate misrepresentation or instrument forgery, requiring specialized forensic financial review..",clear_chronological,medium,chronological,neutral,none,False,False,False,2026-04-10,,,human_written,,unannotated,test
NAR000556_EN,SCN000556,en,Latin,none,"I've been working at this factory for months, and around 05:48 yesterday, things hit a breaking point with a massive safe working conditions violation. They literally refused to settle what was rightfully owed to me and told me to just leave if I didn't like it. I'm so stressed about how I'm going to pay my rent..","I've been working at this factory for months, and around 05:48 yesterday, things hit a breaking point with a massive safe working conditions violation. They literally refused to settle what was rightfully owed to me and told me to just leave if I didn't like it. I'm so stressed about how I'm going to pay my rent..",clear_chronological,medium,chronological,neutral,none,False,False,False,2026-03-15,,,human_written,,unannotated,train
NAR000557_EN,SCN000557,en,Latin,none,"On the afternoon of 2026-06-22, an escalating conflict classified under physical altercation manifested at the specified hostel. Initial verbal friction rapidly degenerated into targeted hostility, establishing clear intent of intimidation and potential bodily harm. The victim sought refuge immediately while nearby witnesses attempted to de-escalate the situation. Security personnel were subsequently informed to review the breach of safety within the jurisdiction..","On the afternoon of 2026-06-22, an escalating conflict classified under physical altercation manifested at the specified hostel. Initial verbal friction rapidly degenerated into targeted hostility, establishing clear intent of intimidation and potential bodily harm. The victim sought refuge immediately while nearby witnesses attempted to de-escalate the situation. Security personnel were subsequently informed to review the breach of safety within the jurisdiction..",clear_chronological,medium,chronological,neutral,none,False,False,False,2026-04-16,,,human_written,,unannotated,validation
NAR000558_EN,SCN000558,en,Latin,none,"Dear Legal Counsel / Mediation Cell, I am writing to formally report a non-compliance issue regarding our ongoing guardianship dispute at the residence. The definitive breach occurred on 2026-07-15 at 00:14 hours, wherein the counter-party unilaterally altered agreed-upon familial or financial maintenance parameters..","Dear Legal Counsel / Mediation Cell, I am writing to formally report a non-compliance issue regarding our ongoing guardianship dispute at the residence. The definitive breach occurred on 2026-07-15 at 00:14 hours, wherein the counter-party unilaterally altered agreed-upon familial or financial maintenance parameters..",clear_chronological,medium,chronological,neutral,none,False,False,False,2026-04-17,,,human_written,,unannotated,train
NAR000559_EN,SCN000559,en,Latin,none,"Complainant registers a general municipal or public service notification regarding stray animal hazard at the location of road. The incident transpired on 2026-07-08 at approximately 17:21 hours, causing minor public inconvenience or operational disruption. Log entries have been completed..","Complainant registers a general municipal or public service notification regarding stray animal hazard at the location of road. The incident transpired on 2026-07-08 at approximately 17:21 hours, causing minor public inconvenience or operational disruption. Log entries have been completed..",clear_chronological,medium,chronological,neutral,none,False,False,False,2026-04-04,,,human_written,,unannotated,train
NAR000560_EN,SCN000560,en,Latin,none,"An employment dispute involving breach of employment contract escalated at the office at 15:53. The worker alleged severe breach of workplace regulations, seeking administrative or legal intervention to recover standard dues or ensure workplace safety..","An employment dispute involving breach of employment contract escalated at the office at 15:53. The worker alleged severe breach of workplace regulations, seeking administrative or legal intervention to recover standard dues or ensure workplace safety..",clear_chronological,medium,chronological,neutral,none,False,False,False,2026-04-05,,,human_written,,unannotated,challenge
NAR000561_EN,SCN000561,en,Latin,none,"Dear Cyber Crime Portal, I am writing to register an official cybercrime incident regarding ransomware attack that targets my system. At 10:55 on 2026-06-28, illegal server access was achieved through the Shop, leading to severe data breach and financial compromise..","Dear Cyber Crime Portal, I am writing to register an official cybercrime incident regarding ransomware attack that targets my system. At 10:55 on 2026-06-28, illegal server access was achieved through the Shop, leading to severe data breach and financial compromise..",clear_chronological,medium,chronological,neutral,none,False,False,False,2026-04-09,,,human_written,,unannotated,train
NAR000562_EN,SCN000562,en,Latin,none,"On the date of 2026-06-24, a serious municipal roadway incident manifesting as illegal parking blockage transpired on the specified road at approximately 20:41 hours. The collision metrics indicate high impact speeds or deliberate disregard for active traffic control mechanisms, resulting in secondary vehicle damage. Local emergency response teams arrived on site to manage structural debris and administer medical assistance where relevant, while investigating officers initiated standard vehicle documentation checks within the state jurisdiction..","On the date of 2026-06-24, a serious municipal roadway incident manifesting as illegal parking blockage transpired on the specified road at approximately 20:41 hours. The collision metrics indicate high impact speeds or deliberate disregard for active traffic control mechanisms, resulting in secondary vehicle damage. Local emergency response teams arrived on site to manage structural debris and administer medical assistance where relevant, while investigating officers initiated standard vehicle documentation checks within the state jurisdiction..",clear_chronological,medium,chronological,neutral,none,False,False,False,2026-04-04,,,human_written,,unannotated,validation
NAR000563_EN,SCN000563,en,Latin,none,"Dear Authority, I am writing to formally lodge a complaint regarding a armed robbery incident that transpired at the Highway on 2026-07-08. The incident occurred around 16:38, resulting in the unauthorized taking of my personal property. I request your immediate intervention to review CCTV footage..","Dear Authority, I am writing to formally lodge a complaint regarding a armed robbery incident that transpired at the Highway on 2026-07-08. The incident occurred around 16:38, resulting in the unauthorized taking of my personal property. I request your immediate intervention to review CCTV footage..",clear_chronological,medium,chronological,neutral,none,False,False,False,2026-05-01,,,human_written,,unannotated,challenge
NAR000564_EN,SCN000564,en,Latin,none,"Dear Traffic Police Commissioner, I am writing to formally report an escalating safety issue, specifically a recent illegal parking blockage that occurred at the Alleyway. The incident took place on 2026-07-17 at 16:54 hours, creating significant hazards for other motorists..","Dear Traffic Police Commissioner, I am writing to formally report an escalating safety issue, specifically a recent illegal parking blockage that occurred at the Alleyway. The incident took place on 2026-07-17 at 16:54 hours, creating significant hazards for other motorists..",clear_chronological,medium,chronological,neutral,none,False,False,False,2026-04-13,,,human_written,,unannotated,train
NAR000565_EN,SCN000565,en,Latin,none,omg someone just took my things at the Mobile app!!! occurred just now around 05:11 hours. anyone nearby please help or tell me where the nearest police booth is asap!! lost everything inside my bag.,omg someone just took my things at the Mobile app!!! occurred just now around 05:11 hours. anyone nearby please help or tell me where the nearest police booth is asap!! lost everything inside my bag.,clear_chronological,medium,chronological,neutral,none,False,False,False,2026-04-18,,,human_written,,unannotated,train
NAR000566_EN,SCN000566,en,Latin,none,"hey guys bad news. just had a huge fight with HR at the Workplace regarding safe working conditions violation around 00:09 today. they are trying to cheat us out of our terms or fire people arbitrarily. check your emails immediately, we need to stand together on this.","hey guys bad news. just had a huge fight with HR at the Workplace regarding safe working conditions violation around 00:09 today. they are trying to cheat us out of our terms or fire people arbitrarily. check your emails immediately, we need to stand together on this.",clear_chronological,medium,chronological,neutral,none,False,False,False,2026-04-12,,,human_written,,unannotated,validation
NAR000567_EN,SCN000567,en,Latin,none,"The witness observed a major traffic disruption unfolding near the highway around 19:58. A driver committed a blatant traffic signal violation dispute, resulting in an immediate vehicle collision and a heated argument between the affected commuters before police arrived..","The witness observed a major traffic disruption unfolding near the highway around 19:58. A driver committed a blatant traffic signal violation dispute, resulting in an immediate vehicle collision and a heated argument between the affected commuters before police arrived..",clear_chronological,medium,chronological,neutral,none,False,False,False,2026-04-20,,,human_written,,unannotated,train
NAR000568_EN,SCN000568,en,Latin,none,"On the date of 2026-06-22, an advanced threat actor initiated an exploit categorized under social media hacking targeting remote infrastructures at approximately 19:48. The intrusion vectors reveal highly organized techniques using social engineering methods or brute-force automation to penetrate authorization systems on the Online platform. Immediate isolation of the network endpoints was executed to limit exposure within the regional jurisdiction..","On the date of 2026-06-22, an advanced threat actor initiated an exploit categorized under social media hacking targeting remote infrastructures at approximately 19:48. The intrusion vectors reveal highly organized techniques using social engineering methods or brute-force automation to penetrate authorization systems on the Online platform. Immediate isolation of the network endpoints was executed to limit exposure within the regional jurisdiction..",clear_chronological,medium,chronological,neutral,none,False,False,False,2026-04-13,,,human_written,,unannotated,test
NAR000569_EN,SCN000569,en,Latin,none,"On the afternoon of 2026-06-20, a long-standing land friction culminated in an explicit case of illegal property possession at the designated shop around 04:26 hours. The incident involved rival claimants attempting physical occupation or structural modification without valid legal injunctions. Local law enforcement intervened to mandate a status quo until the appropriate regional civil courts review the structural registration parameters and revenue maps under the state jurisdiction..","On the afternoon of 2026-06-20, a long-standing land friction culminated in an explicit case of illegal property possession at the designated shop around 04:26 hours. The incident involved rival claimants attempting physical occupation or structural modification without valid legal injunctions. Local law enforcement intervened to mandate a status quo until the appropriate regional civil courts review the structural registration parameters and revenue maps under the state jurisdiction..",clear_chronological,medium,chronological,neutral,none,False,False,False,2026-04-19,,,human_written,,unannotated,train
NAR000570_EN,SCN000570,en,Latin,none,"The observer noticed two suspicious individuals loitering near the shop around 00:42. Shortly after, they approached the victim from behind, forcefully committed shopbreaking, and fled the scene on a two-wheeler heading north..","The observer noticed two suspicious individuals loitering near the shop around 00:42. Shortly after, they approached the victim from behind, forcefully committed shopbreaking, and fled the scene on a two-wheeler heading north..",clear_chronological,medium,chronological,neutral,none,False,False,False,2026-04-14,,,human_written,,unannotated,test
NAR000571_EN,SCN000571,en,Latin,none,"A property conflict classified under illegal property possession was documented at the shop at 11:42. The dispute involves contested boundaries and ownership titles, requiring civil or criminal mediation to preserve public order..","A property conflict classified under illegal property possession was documented at the shop at 11:42. The dispute involves contested boundaries and ownership titles, requiring civil or criminal mediation to preserve public order..",clear_chronological,medium,chronological,neutral,none,False,False,False,2026-04-27,,,human_written,,unannotated,challenge
NAR000572_EN,SCN000572,en,Latin,none,"The bystander reported observing a heated argument developing near the house around 21:43. The confrontation quickly turned into a domestic dispute, with one individual visibly projecting physical intimidation towards the other party before crowds gathered to separate them..","The bystander reported observing a heated argument developing near the house around 21:43. The confrontation quickly turned into a domestic dispute, with one individual visibly projecting physical intimidation towards the other party before crowds gathered to separate them..",clear_chronological,medium,chronological,neutral,none,False,False,False,2026-04-19,,,human_written,,unannotated,test
NAR000573_EN,SCN000573,en,Latin,none,"On 2026-06-25 at approximately 07:40 hours, a vehicular incident classified as drunk driving accident occurred on the designated road. The offending vehicle failed to yield, causing impact and substantial structural damage. Case logged under regional motor vehicle acts..","On 2026-06-25 at approximately 07:40 hours, a vehicular incident classified as drunk driving accident occurred on the designated road. The offending vehicle failed to yield, causing impact and substantial structural damage. Case logged under regional motor vehicle acts..",clear_chronological,medium,chronological,neutral,none,False,False,False,2026-05-12,,,human_written,,unannotated,train
NAR000574_EN,SCN000574,en,Latin,none,"An employment dispute involving breach of employment contract escalated at the online platform at 04:31. The worker alleged severe breach of workplace regulations, seeking administrative or legal intervention to recover standard dues or ensure workplace safety..","An employment dispute involving breach of employment contract escalated at the online platform at 04:31. The worker alleged severe breach of workplace regulations, seeking administrative or legal intervention to recover standard dues or ensure workplace safety..",clear_chronological,medium,chronological,neutral,none,False,False,False,2026-05-02,,,human_written,,unannotated,challenge
NAR000575_EN,SCN000575,en,Latin,none,"Complainant states that on 2026-07-16 at approximately 11:19 hours, a severe case of domestic dispute transpired at House. The accused allegedly engaged in hostile behavior, posing immediate threat to the victim. Medical examination conducted where applicable..","Complainant states that on 2026-07-16 at approximately 11:19 hours, a severe case of domestic dispute transpired at House. The accused allegedly engaged in hostile behavior, posing immediate threat to the victim. Medical examination conducted where applicable..",clear_chronological,medium,chronological,neutral,none,False,False,False,2026-05-17,,,human_written,,unannotated,challenge
NAR000576_EN,SCN000576,en,Latin,none,"The observer noted a highly emotional confrontation between two estranged family members outside the house around 05:05. The argument was explicitly regarding a severe case of alimony and maintenance claim, with both sides loudly contesting rights before local residents requested calm..","The observer noted a highly emotional confrontation between two estranged family members outside the house around 05:05. The argument was explicitly regarding a severe case of alimony and maintenance claim, with both sides loudly contesting rights before local residents requested calm..",clear_chronological,medium,chronological,neutral,none,False,False,False,2026-05-24,,,human_written,,unannotated,validation
NAR000577_EN,SCN000577,en,Latin,none,"Dear Revenue Officer / Police Commissioner, I am writing to register an urgent complaint regarding a critical instance of tenant-landlord conflict affecting my Apartment. The unlawful activity intensified on 2026-07-09 at 02:23 hours, causing direct infringement on my registered property rights..","Dear Revenue Officer / Police Commissioner, I am writing to register an urgent complaint regarding a critical instance of tenant-landlord conflict affecting my Apartment. The unlawful activity intensified on 2026-07-09 at 02:23 hours, causing direct infringement on my registered property rights..",clear_chronological,medium,chronological,neutral,none,False,False,False,2026-05-13,,,human_written,,unannotated,challenge
NAR000578_EN,SCN000578,en,Latin,none,"An incident of social media hacking compromised security systems across the specified Online platform at 14:11. Electronic credentials were manipulated remotely by unknown malicious actors, triggering secondary security protocols..","An incident of social media hacking compromised security systems across the specified Online platform at 14:11. Electronic credentials were manipulated remotely by unknown malicious actors, triggering secondary security protocols..",clear_chronological,medium,chronological,neutral,none,False,False,False,2026-06-07,,,human_written,,unannotated,challenge
NAR000579_EN,SCN000579,en,Latin,none,"I've been working at this workplace for months, and around 23:56 yesterday, things hit a breaking point with a massive unpaid wage dispute. They literally refused to settle what was rightfully owed to me and told me to just leave if I didn't like it. I'm so stressed about how I'm going to pay my rent..","I've been working at this workplace for months, and around 23:56 yesterday, things hit a breaking point with a massive unpaid wage dispute. They literally refused to settle what was rightfully owed to me and told me to just leave if I didn't like it. I'm so stressed about how I'm going to pay my rent..",clear_chronological,medium,chronological,neutral,none,False,False,False,2026-05-15,,,human_written,,unannotated,challenge
NAR000580_EN,SCN000580,en,Latin,none,"So I clicked this link thinking it was an official notification around 21:45 yesterday, and suddenly I was locked out of my account. I realized it was a total identity theft when my savings started moving out. I'm completely panicking right now..","So I clicked this link thinking it was an official notification around 21:45 yesterday, and suddenly I was locked out of my account. I realized it was a total identity theft when my savings started moving out. I'm completely panicking right now..",clear_chronological,medium,chronological,neutral,none,False,False,False,2026-05-24,,,human_written,,unannotated,challenge
NAR000581_EN,SCN000581,en,Latin,none,"A civic or localized incident classified under noise pollution grievance manifested at the designated house at 05:01. The matter represents a general public inconvenience rather than a high-severity crime, requiring standard regulatory oversight..","A civic or localized incident classified under noise pollution grievance manifested at the designated house at 05:01. The matter represents a general public inconvenience rather than a high-severity crime, requiring standard regulatory oversight..",clear_chronological,medium,chronological,neutral,none,False,False,False,2026-05-15,,,human_written,,unannotated,train
NAR000582_EN,SCN000582,en,Latin,none,"A civic or localized incident classified under lost item reporting manifested at the designated railway station at 15:05. The matter represents a general public inconvenience rather than a high-severity crime, requiring standard regulatory oversight..","A civic or localized incident classified under lost item reporting manifested at the designated railway station at 15:05. The matter represents a general public inconvenience rather than a high-severity crime, requiring standard regulatory oversight..",clear_chronological,medium,chronological,neutral,none,False,False,False,2026-05-26,,,human_written,,unannotated,train
NAR000583_EN,SCN000583,en,Latin,none,"Dear Authority, I am writing to formally lodge a complaint regarding a online phishing theft incident that transpired at the Mobile app on 2026-07-18. The incident occurred around 03:11, resulting in the unauthorized taking of my personal property. I request your immediate intervention to review CCTV footage..","Dear Authority, I am writing to formally lodge a complaint regarding a online phishing theft incident that transpired at the Mobile app on 2026-07-18. The incident occurred around 03:11, resulting in the unauthorized taking of my personal property. I request your immediate intervention to review CCTV footage..",clear_chronological,medium,chronological,neutral,none,False,False,False,2026-05-20,,,human_written,,unannotated,validation
NAR000584_EN,SCN000584,en,Latin,none,"guys freeze your accounts if you used that ATM recently!! just discovered a major credit card cloning happened around 00:07 today. unauthorized charges are showing up on multiple profiles, notify your branch manager asap.","guys freeze your accounts if you used that ATM recently!! just discovered a major credit card cloning happened around 00:07 today. unauthorized charges are showing up on multiple profiles, notify your branch manager asap.",clear_chronological,medium,chronological,neutral,none,False,False,False,2026-05-21,,,human_written,,unannotated,test
NAR000585_EN,SCN000585,en,Latin,none,"Dear Legal Counsel / Mediation Cell, I am writing to formally report a non-compliance issue regarding our ongoing alimony and maintenance claim at the residence. The definitive breach occurred on 2026-06-29 at 01:07 hours, wherein the counter-party unilaterally altered agreed-upon familial or financial maintenance parameters..","Dear Legal Counsel / Mediation Cell, I am writing to formally report a non-compliance issue regarding our ongoing alimony and maintenance claim at the residence. The definitive breach occurred on 2026-06-29 at 01:07 hours, wherein the counter-party unilaterally altered agreed-upon familial or financial maintenance parameters..",clear_chronological,medium,chronological,neutral,none,False,False,False,2026-05-28,,,human_written,,unannotated,challenge
NAR000586_EN,SCN000586,en,Latin,none,hey guys warning someone hacked my account via cyberstalking just now around 16:50!! if u get any weird text or payment requests from me DO NOT transfer any money it is a fraud scam click nothing.,hey guys warning someone hacked my account via cyberstalking just now around 16:50!! if u get any weird text or payment requests from me DO NOT transfer any money it is a fraud scam click nothing.,clear_chronological,medium,chronological,neutral,none,False,False,False,2026-05-30,,,human_written,,unannotated,validation
NAR000587_EN,SCN000587,en,Latin,none,"Dear Consumer Forum Support, I am writing to formally register a merchant complaint regarding a severe instance of expired or contaminated goods sale that occurred at Shop on 2026-07-10 at 14:58 hours. Despite multiple amicable requests, the management refused to honor the standard consumer guarantees..","Dear Consumer Forum Support, I am writing to formally register a merchant complaint regarding a severe instance of expired or contaminated goods sale that occurred at Shop on 2026-07-10 at 14:58 hours. Despite multiple amicable requests, the management refused to honor the standard consumer guarantees..",clear_chronological,medium,chronological,neutral,none,False,False,False,2026-06-20,,,human_written,,unannotated,train
NAR000588_EN,SCN000588,en,Latin,none,"Dear Nodal Officer / Bank Authority, I am writing to formally log an emergency grievance regarding an severe case of loan approval scam executed against my portfolio through the Online platform. The breach occurred on 2026-06-24 at 12:22 hours, violating standard security checks and clearing mechanisms..","Dear Nodal Officer / Bank Authority, I am writing to formally log an emergency grievance regarding an severe case of loan approval scam executed against my portfolio through the Online platform. The breach occurred on 2026-06-24 at 12:22 hours, violating standard security checks and clearing mechanisms..",clear_chronological,medium,chronological,neutral,none,False,False,False,2026-05-28,,,human_written,,unannotated,validation
NAR000589_EN,SCN000589,en,Latin,none,"On the date of 2026-06-30, a formal consumer conflict classified as false advertising and misrepresentation manifested during a commercial interaction at the designated online platform around 08:35. The transaction parameters reveal an explicit deviation from advertising claims or legal standards, directly compromising buyer safety and financial protection. Standard operational dispute channels were exhausted without success, prompting an escalation to statutory regulatory oversight mechanisms..","On the date of 2026-06-30, a formal consumer conflict classified as false advertising and misrepresentation manifested during a commercial interaction at the designated online platform around 08:35. The transaction parameters reveal an explicit deviation from advertising claims or legal standards, directly compromising buyer safety and financial protection. Standard operational dispute channels were exhausted without success, prompting an escalation to statutory regulatory oversight mechanisms..",clear_chronological,medium,chronological,neutral,none,False,False,False,2026-06-14,,,human_written,,unannotated,train
NAR000590_EN,SCN000590,en,Latin,none,guys please help they are trying to take over the Shop right now!! experiencing a severe illegal property possession since 01:10. they brought workers and are breaking down boundaries. please check if anyone can come over fast.,guys please help they are trying to take over the Shop right now!! experiencing a severe illegal property possession since 01:10. they brought workers and are breaking down boundaries. please check if anyone can come over fast.,clear_chronological,medium,chronological,neutral,none,False,False,False,2026-06-20,,,human_written,,unannotated,train
NAR000591_EN,SCN000591,en,Latin,none,"A family civil dispute categorized as child custody dispute manifested within a private residence at 18:45. The incident centers around contested guardianship or maintenance rights, necessitating institutional mediation under family law statues..","A family civil dispute categorized as child custody dispute manifested within a private residence at 18:45. The incident centers around contested guardianship or maintenance rights, necessitating institutional mediation under family law statues..",clear_chronological,medium,chronological,neutral,none,False,False,False,2026-06-06,,,human_written,,unannotated,train
NAR000592_EN,SCN000592,en,Latin,none,"Complainant reports ongoing domestic grievances at the shared residence. On 2026-07-13 at 13:32 hours, a severe incident involving dowry harassment occurred, resulting in immediate emotional and physical distress. Intervention was requested by the victim's family members..","Complainant reports ongoing domestic grievances at the shared residence. On 2026-07-13 at 13:32 hours, a severe incident involving dowry harassment occurred, resulting in immediate emotional and physical distress. Intervention was requested by the victim's family members..",clear_chronological,medium,chronological,neutral,none,False,False,False,2026-06-20,,,human_written,,unannotated,train
NAR000593_EN,SCN000593,en,Latin,none,"Dear Revenue Officer / Police Commissioner, I am writing to register an urgent complaint regarding a critical instance of boundary wall dispute affecting my House. The unlawful activity intensified on 2026-07-10 at 14:28 hours, causing direct infringement on my registered property rights..","Dear Revenue Officer / Police Commissioner, I am writing to register an urgent complaint regarding a critical instance of boundary wall dispute affecting my House. The unlawful activity intensified on 2026-07-10 at 14:28 hours, causing direct infringement on my registered property rights..",clear_chronological,medium,chronological,neutral,none,False,False,False,2026-06-20,,,human_written,,unannotated,test
NAR000594_EN,SCN000594,en,Latin,none,"So I clicked this link thinking it was an official notification around 10:21 yesterday, and suddenly I was locked out of my account. I realized it was a total social media hacking when my savings started moving out. I'm completely panicking right now..","So I clicked this link thinking it was an official notification around 10:21 yesterday, and suddenly I was locked out of my account. I realized it was a total social media hacking when my savings started moving out. I'm completely panicking right now..",clear_chronological,medium,chronological,neutral,none,False,False,False,2026-06-20,,,human_written,,unannotated,challenge
NAR000595_EN,SCN000595,en,Latin,none,"On the afternoon of 2026-06-20, an escalating conflict classified under verbal intimidation manifested at the specified shop. Initial verbal friction rapidly degenerated into targeted hostility, establishing clear intent of intimidation and potential bodily harm. The victim sought refuge immediately while nearby witnesses attempted to de-escalate the situation. Security personnel were subsequently informed to review the breach of safety within the jurisdiction..","On the afternoon of 2026-06-20, an escalating conflict classified under verbal intimidation manifested at the specified shop. Initial verbal friction rapidly degenerated into targeted hostility, establishing clear intent of intimidation and potential bodily harm. The victim sought refuge immediately while nearby witnesses attempted to de-escalate the situation. Security personnel were subsequently informed to review the breach of safety within the jurisdiction..",clear_chronological,medium,chronological,neutral,none,False,False,False,2026-06-15,,,human_written,,unannotated,challenge
NAR000596_EN,SCN000596,en,Latin,none,"Dear Consumer Forum Support, I am writing to formally register a merchant complaint regarding a severe instance of false advertising and misrepresentation that occurred at Shop on 2026-06-20 at 12:28 hours. Despite multiple amicable requests, the management refused to honor the standard consumer guarantees..","Dear Consumer Forum Support, I am writing to formally register a merchant complaint regarding a severe instance of false advertising and misrepresentation that occurred at Shop on 2026-06-20 at 12:28 hours. Despite multiple amicable requests, the management refused to honor the standard consumer guarantees..",clear_chronological,medium,chronological,neutral,none,False,False,False,2026-06-20,,,human_written,,unannotated,challenge
NAR000597_EN,SCN000597,en,Latin,none,"Dear Consumer Forum Support, I am writing to formally register a merchant complaint regarding a severe instance of expired or contaminated goods sale that occurred at Kirana store on 2026-06-25 at 15:57 hours. Despite multiple amicable requests, the management refused to honor the standard consumer guarantees..","Dear Consumer Forum Support, I am writing to formally register a merchant complaint regarding a severe instance of expired or contaminated goods sale that occurred at Kirana store on 2026-06-25 at 15:57 hours. Despite multiple amicable requests, the management refused to honor the standard consumer guarantees..",clear_chronological,medium,chronological,neutral,none,False,False,False,2026-06-18,,,human_written,,unannotated,test
NAR000598_EN,SCN000598,en,Latin,none,"The observer witnessed an intense disagreement between the management and an employee inside the office around 05:34. The context of the dispute was clearly a severe case of unpaid wage dispute, with the supervisor dismissing the employee's legitimate safety or financial claims arbitrarily..","The observer witnessed an intense disagreement between the management and an employee inside the office around 05:34. The context of the dispute was clearly a severe case of unpaid wage dispute, with the supervisor dismissing the employee's legitimate safety or financial claims arbitrarily..",clear_chronological,medium,chronological,neutral,none,False,False,False,2026-06-20,,,human_written,,unannotated,test
NAR000599_EN,SCN000599,en,Latin,none,"So I went out to check my villa around 09:27 today, and I saw they were actively setting up structures on my side! When I confronted them about this blatant boundary wall dispute, they straight up threatened me and refused to move back. I am so stressed out right now..","So I went out to check my villa around 09:27 today, and I saw they were actively setting up structures on my side! When I confronted them about this blatant boundary wall dispute, they straight up threatened me and refused to move back. I am so stressed out right now..",clear_chronological,medium,chronological,neutral,none,False,False,False,2026-06-20,,,human_written,,unannotated,train
NAR000600_EN,SCN000600,en,Latin,none,"Complainant states that on 2026-07-13 at approximately 21:53 hours, a transaction dispute involving overcharging and hidden fees occurred at Restaurant. The vendor reportedly engaged in unfair trade practices, failing to resolve the commercial non-compliance. Relevant purchase invoices have been logged..","Complainant states that on 2026-07-13 at approximately 21:53 hours, a transaction dispute involving overcharging and hidden fees occurred at Restaurant. The vendor reportedly engaged in unfair trade practices, failing to resolve the commercial non-compliance. Relevant purchase invoices have been logged..",clear_chronological,medium,chronological,neutral,none,False,False,False,2026-06-20,,,human_written,,unannotated,challenge
