query_id,query_group_id,language,script,code_mix_type,query_text_original,query_text_normalised,user_intent,legal_domain,issue_labels,urgency_class,current_danger,jurisdiction_required,jurisdiction_available,missing_information,escalation_required,answerable_from_corpus,gold_followup_question_ids,gold_passage_ids,safe_answer_text,disclaimer_required,answer_confidence_label,split
QLQ000001_en,QLG000001,en,Latin,None,Police are refusing to take my complaint after a theft. What should I do?,police are refusing to take my complaint after a theft. what should i do?,ask_procedure,Crime reporting,police_refusal;theft_reporting,normal,False,True,True,incident location and police station name,False,True,FQ_QUICK_001,LP_CRIME_REPORTING_001,"General guidance: You can ask the police station to record your information, request reasons if they refuse, and escalate to a senior police officer or appropriate complaint channel. If there is immediate danger, contact emergency services first. This is not a substitute for a lawyer or emergency service.",True,high,train
QLQ000002_hi,QLG000001,hi,Devanagari,None,Police theft complaint lene se mana kar rahi hai. Mujhe kya karna chahiye?,police theft complaint lene se mana kar rahi hai. mujhe kya karna chahiye?,ask_procedure,Crime reporting,police_refusal;theft_reporting,normal,False,True,True,incident location and police station name,False,True,FQ_QUICK_001,LP_CRIME_REPORTING_001,"Sadharan margdarshan: You can ask the police station to record your information, request reasons if they refuse, and escalate to a senior police officer or appropriate complaint channel. If there is immediate danger, contact emergency services first. Yeh lawyer ya emergency service ka badal nahi hai.",True,high,train
QLQ000003_hiLatn,QLG000001,hi-Latn,mixed,Hinglish,Hinglish mein simple steps batao: Police theft complaint lene se mana kar rahi hai. Mujhe kya karna chahiye?,hinglish mein simple steps batao: police theft complaint lene se mana kar rahi hai. mujhe kya karna chahiye?,ask_procedure,Crime reporting,police_refusal;theft_reporting,normal,False,True,True,incident location and police station name,False,True,FQ_QUICK_001,LP_CRIME_REPORTING_001,"General guidance: You can ask the police station to record your information, request reasons if they refuse, and escalate to a senior police officer or appropriate complaint channel. If there is immediate danger, contact emergency services first. Yeh lawyer ya emergency service ka substitute nahi hai.",True,high,train
QLQ000004_en,QLG000002,en,Latin,None,Can I file a police complaint if the offence happened in another city?,can i file a police complaint if the offence happened in another city?,ask_procedure,Crime reporting,jurisdiction;zero_fir,normal,False,True,True,state and place of incident,False,True,FQ_QUICK_002,LP_FIR_PROCESS_001,"General guidance: For serious offences, you may ask about Zero FIR or transfer to the proper police station. The exact process can depend on the state and offence, so share the incident location. This is not a substitute for a lawyer or emergency service.",True,high,train
QLQ000005_hi,QLG000002,hi,Devanagari,None,Kya main doosre shehar mein hui ghatna ke liye police complaint de sakta hoon?,kya main doosre shehar mein hui ghatna ke liye police complaint de sakta hoon?,ask_procedure,Crime reporting,jurisdiction;zero_fir,normal,False,True,True,state and place of incident,False,True,FQ_QUICK_002,LP_FIR_PROCESS_001,"Sadharan margdarshan: For serious offences, you may ask about Zero FIR or transfer to the proper police station. The exact process can depend on the state and offence, so share the incident location. Yeh lawyer ya emergency service ka badal nahi hai.",True,high,train
QLQ000006_hiLatn,QLG000002,hi-Latn,mixed,Hinglish,Kya main doosre city mein hui incident ke liye police complaint de sakta hoon?,kya main doosre city mein hui incident ke liye police complaint de sakta hoon?,ask_procedure,Crime reporting,jurisdiction;zero_fir,normal,False,True,True,state and place of incident,False,True,FQ_QUICK_002,LP_FIR_PROCESS_001,"General guidance: For serious offences, you may ask about Zero FIR or transfer to the proper police station. The exact process can depend on the state and offence, so share the incident location. Yeh lawyer ya emergency service ka substitute nahi hai.",True,high,train
QLQ000007_en,QLG000003,en,Latin,None,Someone threatened me online. Is this reportable?,someone threatened me online. is this reportable?,ask_eligibility,Crime reporting,online_threat;cybercrime_reporting,urgent,True,True,True,"threat content, platform, and current danger",True,True,FQ_QUICK_003,LP_ZERO_FIR_001,"General guidance: Online threats can be reportable, especially if they include intimidation, extortion, stalking, or risk of violence. Preserve screenshots and avoid engaging further. If you are in immediate danger, contact emergency help. This is not a substitute for a lawyer or emergency service.",True,high,train
QLQ000008_hi,QLG000003,hi,Devanagari,None,Kisi ne mujhe online dhamki di hai. Kya main report kar sakta hoon?,kisi ne mujhe online dhamki di hai. kya main report kar sakta hoon?,ask_eligibility,Crime reporting,online_threat;cybercrime_reporting,urgent,True,True,True,"threat content, platform, and current danger",True,True,FQ_QUICK_003,LP_ZERO_FIR_001,"Sadharan margdarshan: Online threats can be reportable, especially if they include intimidation, extortion, stalking, or risk of violence. Preserve screenshots and avoid engaging further. If you are in immediate danger, contact emergency help. Yeh lawyer ya emergency service ka badal nahi hai.",True,high,train
QLQ000009_hiLatn,QLG000003,hi-Latn,mixed,Hinglish,Kisi ne mujhe online threat diya hai. Kya main report kar sakta hoon?,kisi ne mujhe online threat diya hai. kya main report kar sakta hoon?,ask_eligibility,Crime reporting,online_threat;cybercrime_reporting,urgent,True,True,True,"threat content, platform, and current danger",True,True,FQ_QUICK_003,LP_ZERO_FIR_001,"General guidance: Online threats can be reportable, especially if they include intimidation, extortion, stalking, or risk of violence. Preserve screenshots and avoid engaging further. If you are in immediate danger, contact emergency help. Yeh lawyer ya emergency service ka substitute nahi hai.",True,high,train
QLQ000010_en,QLG000004,en,Latin,None,Is it necessary to know the accused person name before reporting?,is it necessary to know the accused person name before reporting?,ask_requirement,Crime reporting,unknown_accused;complaint_drafting,normal,False,False,False,known facts and available identifiers,False,True,FQ_QUICK_004,LP_EMERGENCY_HELP_001,"General guidance: You can usually report known facts even if you do not know the accused person name. Describe identifiers, evidence, location, timing, and how the incident happened. This is not a substitute for a lawyer or emergency service.",True,high,train
QLQ000011_hi,QLG000004,hi,Devanagari,None,Report karne se pehle kya accused ka naam pata hona zaruri hai?,report karne se pehle kya accused ka naam pata hona zaruri hai?,ask_requirement,Crime reporting,unknown_accused;complaint_drafting,normal,False,False,False,known facts and available identifiers,False,True,FQ_QUICK_004,LP_EMERGENCY_HELP_001,"Sadharan margdarshan: You can usually report known facts even if you do not know the accused person name. Describe identifiers, evidence, location, timing, and how the incident happened. Yeh lawyer ya emergency service ka badal nahi hai.",True,high,train
QLQ000012_hiLatn,QLG000004,hi-Latn,mixed,Hinglish,Report karne se pehle kya accused ka naam pata hona zaroori hai?,report karne se pehle kya accused ka naam pata hona zaroori hai?,ask_requirement,Crime reporting,unknown_accused;complaint_drafting,normal,False,False,False,known facts and available identifiers,False,True,FQ_QUICK_004,LP_EMERGENCY_HELP_001,"General guidance: You can usually report known facts even if you do not know the accused person name. Describe identifiers, evidence, location, timing, and how the incident happened. Yeh lawyer ya emergency service ka substitute nahi hai.",True,high,train
QLQ000013_en,QLG000005,en,Latin,None,What details should I write in a complaint about assault?,what details should i write in a complaint about assault?,ask_procedure,Crime reporting,assault;complaint_contents,urgent,False,True,True,"injury, threat, weapon, location, date, witnesses",False,True,FQ_QUICK_005,LP_CRIME_REPORTING_001,"General guidance: Mention date, time, place, what was said or done, injuries, weapons if any, witnesses, evidence, and whether you need immediate protection or medical help. This is not a substitute for a lawyer or emergency service.",True,high,train
QLQ000014_hi,QLG000005,hi,Devanagari,None,Assault complaint mein kaunsi details likhni chahiye?,assault complaint mein kaunsi details likhni chahiye?,ask_procedure,Crime reporting,assault;complaint_contents,urgent,False,True,True,"injury, threat, weapon, location, date, witnesses",False,True,FQ_QUICK_005,LP_CRIME_REPORTING_001,"Sadharan margdarshan: Mention date, time, place, what was said or done, injuries, weapons if any, witnesses, evidence, and whether you need immediate protection or medical help. Yeh lawyer ya emergency service ka badal nahi hai.",True,high,train
QLQ000015_hiLatn,QLG000005,hi-Latn,mixed,Hinglish,Hinglish mein simple steps batao: Assault complaint mein kaunsi details likhni chahiye?,hinglish mein simple steps batao: assault complaint mein kaunsi details likhni chahiye?,ask_procedure,Crime reporting,assault;complaint_contents,urgent,False,True,True,"injury, threat, weapon, location, date, witnesses",False,True,FQ_QUICK_005,LP_CRIME_REPORTING_001,"General guidance: Mention date, time, place, what was said or done, injuries, weapons if any, witnesses, evidence, and whether you need immediate protection or medical help. Yeh lawyer ya emergency service ka substitute nahi hai.",True,high,train
QLQ000016_en,QLG000006,en,Latin,None,Can I report harassment if I only have screenshots?,can i report harassment if i only have screenshots?,ask_eligibility,Crime reporting,harassment;evidence,normal,False,True,True,"platform, sender identity, screenshot authenticity",False,True,FQ_QUICK_006,LP_FIR_PROCESS_001,"General guidance: Screenshots can be useful evidence. Keep originals, note dates and platforms, and avoid editing them. The authority may ask for account links or device details. This is not a substitute for a lawyer or emergency service.",True,high,train
QLQ000017_hi,QLG000006,hi,Devanagari,None,Agar mere paas sirf screenshots hain to kya harassment report kar sakta hoon?,agar mere paas sirf screenshots hain to kya harassment report kar sakta hoon?,ask_eligibility,Crime reporting,harassment;evidence,normal,False,True,True,"platform, sender identity, screenshot authenticity",False,True,FQ_QUICK_006,LP_FIR_PROCESS_001,"Sadharan margdarshan: Screenshots can be useful evidence. Keep originals, note dates and platforms, and avoid editing them. The authority may ask for account links or device details. Yeh lawyer ya emergency service ka badal nahi hai.",True,high,train
QLQ000018_hiLatn,QLG000006,hi-Latn,mixed,Hinglish,Agar mere paas only screenshots hain to kya harassment report kar sakta hoon?,agar mere paas only screenshots hain to kya harassment report kar sakta hoon?,ask_eligibility,Crime reporting,harassment;evidence,normal,False,True,True,"platform, sender identity, screenshot authenticity",False,True,FQ_QUICK_006,LP_FIR_PROCESS_001,"General guidance: Screenshots can be useful evidence. Keep originals, note dates and platforms, and avoid editing them. The authority may ask for account links or device details. Yeh lawyer ya emergency service ka substitute nahi hai.",True,high,train
QLQ000019_en,QLG000007,en,Latin,None,What should I do if I am being followed right now?,what should i do if i am being followed right now?,request_help,Crime reporting,stalking;current_danger,emergency,True,True,True,current location and immediate safety status,True,True,FQ_QUICK_007,LP_ZERO_FIR_001,"General guidance: Move to a safe public place if possible, contact emergency services or trusted people, and avoid confronting the person. Legal reporting can happen after immediate safety is addressed. This is not a substitute for a lawyer or emergency service.",True,medium,train
QLQ000020_hi,QLG000007,hi,Devanagari,None,Agar koi mujhe abhi follow kar raha hai to mujhe kya karna chahiye?,agar koi mujhe abhi follow kar raha hai to mujhe kya karna chahiye?,request_help,Crime reporting,stalking;current_danger,emergency,True,True,True,current location and immediate safety status,True,True,FQ_QUICK_007,LP_ZERO_FIR_001,"Sadharan margdarshan: Move to a safe public place if possible, contact emergency services or trusted people, and avoid confronting the person. Legal reporting can happen after immediate safety is addressed. Yeh lawyer ya emergency service ka badal nahi hai.",True,medium,train
QLQ000021_hiLatn,QLG000007,hi-Latn,mixed,Hinglish,Agar koi mujhe abhi follow kar raha hai to kya karna chahiye?,agar koi mujhe abhi follow kar raha hai to kya karna chahiye?,request_help,Crime reporting,stalking;current_danger,emergency,True,True,True,current location and immediate safety status,True,True,FQ_QUICK_007,LP_ZERO_FIR_001,"General guidance: Move to a safe public place if possible, contact emergency services or trusted people, and avoid confronting the person. Legal reporting can happen after immediate safety is addressed. Yeh lawyer ya emergency service ka substitute nahi hai.",True,medium,train
QLQ000022_en,QLG000008,en,Latin,None,Can I withdraw a complaint after filing it?,can i withdraw a complaint after filing it?,ask_consequence,Crime reporting,complaint_withdrawal;procedure,normal,False,True,False,offence type and case stage,False,False,FQ_QUICK_008,LP_EMERGENCY_HELP_001,"General guidance: Withdrawal depends on the offence, case stage, and authority or court process. Some matters cannot be simply withdrawn privately. Share the offence type and case status. This is not a substitute for a lawyer or emergency service.",True,insufficient-information,train
QLQ000023_hi,QLG000008,hi,Devanagari,None,Complaint file karne ke baad kya main use wapas le sakta hoon?,complaint file karne ke baad kya main use wapas le sakta hoon?,ask_consequence,Crime reporting,complaint_withdrawal;procedure,normal,False,True,False,offence type and case stage,False,False,FQ_QUICK_008,LP_EMERGENCY_HELP_001,"Sadharan margdarshan: Withdrawal depends on the offence, case stage, and authority or court process. Some matters cannot be simply withdrawn privately. Share the offence type and case status. Yeh lawyer ya emergency service ka badal nahi hai.",True,insufficient-information,train
QLQ000024_hiLatn,QLG000008,hi-Latn,mixed,Hinglish,Complaint file karne ke baad kya main withdraw kar sakta hoon?,complaint file karne ke baad kya main withdraw kar sakta hoon?,ask_consequence,Crime reporting,complaint_withdrawal;procedure,normal,False,True,False,offence type and case stage,False,False,FQ_QUICK_008,LP_EMERGENCY_HELP_001,"General guidance: Withdrawal depends on the offence, case stage, and authority or court process. Some matters cannot be simply withdrawn privately. Share the offence type and case status. Yeh lawyer ya emergency service ka substitute nahi hai.",True,insufficient-information,train
QLQ000025_en,QLG000009,en,Latin,None,Do I need a lawyer to file an FIR?,do i need a lawyer to file an fir?,ask_requirement,Crime reporting,fir;legal_representation,normal,False,False,False,offence type and police station,False,True,FQ_QUICK_009,LP_CRIME_REPORTING_001,"General guidance: A lawyer is not always required to approach police, but legal help can be useful if there is refusal, pressure, serious injury, or complex facts. This is not a substitute for a lawyer or emergency service.",True,high,train
QLQ000026_hi,QLG000009,hi,Devanagari,None,FIR file karne ke liye kya lawyer zaruri hai?,fir file karne ke liye kya lawyer zaruri hai?,ask_requirement,Crime reporting,fir;legal_representation,normal,False,False,False,offence type and police station,False,True,FQ_QUICK_009,LP_CRIME_REPORTING_001,"Sadharan margdarshan: A lawyer is not always required to approach police, but legal help can be useful if there is refusal, pressure, serious injury, or complex facts. Yeh lawyer ya emergency service ka badal nahi hai.",True,high,train
QLQ000027_hiLatn,QLG000009,hi-Latn,mixed,Hinglish,FIR file karne ke liye kya lawyer needed hai?,fir file karne ke liye kya lawyer needed hai?,ask_requirement,Crime reporting,fir;legal_representation,normal,False,False,False,offence type and police station,False,True,FQ_QUICK_009,LP_CRIME_REPORTING_001,"General guidance: A lawyer is not always required to approach police, but legal help can be useful if there is refusal, pressure, serious injury, or complex facts. Yeh lawyer ya emergency service ka substitute nahi hai.",True,high,train
QLQ000028_en,QLG000010,en,Latin,None,Police asked me to settle instead of taking my complaint. Is that okay?,police asked me to settle instead of taking my complaint. is that okay?,ask_consequence,Crime reporting,police_refusal;settlement_pressure,urgent,False,True,True,offence type and whether threat continues,True,True,FQ_QUICK_010,LP_FIR_PROCESS_001,"General guidance: For serious or cognizable allegations, you can ask for proper recording and escalation rather than informal pressure. Immediate safety and evidence preservation should come first. This is not a substitute for a lawyer or emergency service.",True,high,train
QLQ000029_hi,QLG000010,hi,Devanagari,None,Police complaint lene ke bajay settlement bol rahi hai. Kya yeh theek hai?,police complaint lene ke bajay settlement bol rahi hai. kya yeh theek hai?,ask_consequence,Crime reporting,police_refusal;settlement_pressure,urgent,False,True,True,offence type and whether threat continues,True,True,FQ_QUICK_010,LP_FIR_PROCESS_001,"Sadharan margdarshan: For serious or cognizable allegations, you can ask for proper recording and escalation rather than informal pressure. Immediate safety and evidence preservation should come first. Yeh lawyer ya emergency service ka badal nahi hai.",True,high,train
QLQ000030_hiLatn,QLG000010,hi-Latn,mixed,Hinglish,Police complaint lene ke bajay settlement bol rahi hai. Kya yeh okay hai?,police complaint lene ke bajay settlement bol rahi hai. kya yeh okay hai?,ask_consequence,Crime reporting,police_refusal;settlement_pressure,urgent,False,True,True,offence type and whether threat continues,True,True,FQ_QUICK_010,LP_FIR_PROCESS_001,"General guidance: For serious or cognizable allegations, you can ask for proper recording and escalation rather than informal pressure. Immediate safety and evidence preservation should come first. Yeh lawyer ya emergency service ka substitute nahi hai.",True,high,train
QLQ000031_en,QLG000011,en,Latin,None,Can a neighbour file a complaint if the victim is scared?,can a neighbour file a complaint if the victim is scared?,ask_eligibility,Crime reporting,third_party_reporting;victim_safety,urgent,True,True,True,victim safety and relationship to incident,True,True,FQ_QUICK_011,LP_ZERO_FIR_001,"General guidance: A witness or concerned person may share information with authorities, especially where safety risk exists. Avoid exposing the victim without considering safety and consent where possible. This is not a substitute for a lawyer or emergency service.",True,high,train
QLQ000032_hi,QLG000011,hi,Devanagari,None,Agar victim dara hua hai to kya neighbour complaint kar sakta hai?,agar victim dara hua hai to kya neighbour complaint kar sakta hai?,ask_eligibility,Crime reporting,third_party_reporting;victim_safety,urgent,True,True,True,victim safety and relationship to incident,True,True,FQ_QUICK_011,LP_ZERO_FIR_001,"Sadharan margdarshan: A witness or concerned person may share information with authorities, especially where safety risk exists. Avoid exposing the victim without considering safety and consent where possible. Yeh lawyer ya emergency service ka badal nahi hai.",True,high,train
QLQ000033_hiLatn,QLG000011,hi-Latn,mixed,Hinglish,Agar victim scared hai to kya neighbour complaint kar sakta hai?,agar victim scared hai to kya neighbour complaint kar sakta hai?,ask_eligibility,Crime reporting,third_party_reporting;victim_safety,urgent,True,True,True,victim safety and relationship to incident,True,True,FQ_QUICK_011,LP_ZERO_FIR_001,"General guidance: A witness or concerned person may share information with authorities, especially where safety risk exists. Avoid exposing the victim without considering safety and consent where possible. Yeh lawyer ya emergency service ka substitute nahi hai.",True,high,train
QLQ000034_en,QLG000012,en,Latin,None,What if the police station says this is a civil matter?,what if the police station says this is a civil matter?,ask_procedure,Crime reporting,civil_criminal_overlap;police_response,normal,False,True,False,"facts showing fraud, force, threat, or trespass",False,False,FQ_QUICK_012,LP_EMERGENCY_HELP_001,"General guidance: Some disputes have both civil and criminal aspects. Provide facts showing threat, force, fraud, trespass, or property damage, and consider legal advice for the correct route. This is not a substitute for a lawyer or emergency service.",True,insufficient-information,train
QLQ000035_hi,QLG000012,hi,Devanagari,None,Agar police station bole ki yeh civil matter hai to kya karun?,agar police station bole ki yeh civil matter hai to kya karun?,ask_procedure,Crime reporting,civil_criminal_overlap;police_response,normal,False,True,False,"facts showing fraud, force, threat, or trespass",False,False,FQ_QUICK_012,LP_EMERGENCY_HELP_001,"Sadharan margdarshan: Some disputes have both civil and criminal aspects. Provide facts showing threat, force, fraud, trespass, or property damage, and consider legal advice for the correct route. Yeh lawyer ya emergency service ka badal nahi hai.",True,insufficient-information,train
QLQ000036_hiLatn,QLG000012,hi-Latn,mixed,Hinglish,Agar police bole yeh civil matter hai to kya karun?,agar police bole yeh civil matter hai to kya karun?,ask_procedure,Crime reporting,civil_criminal_overlap;police_response,normal,False,True,False,"facts showing fraud, force, threat, or trespass",False,False,FQ_QUICK_012,LP_EMERGENCY_HELP_001,"General guidance: Some disputes have both civil and criminal aspects. Provide facts showing threat, force, fraud, trespass, or property damage, and consider legal advice for the correct route. Yeh lawyer ya emergency service ka substitute nahi hai.",True,insufficient-information,train
QLQ000037_en,QLG000013,en,Latin,None,My account was hacked. What should I do first?,my account was hacked. what should i do first?,request_help,Cybercrime,account_hacking;security_steps,urgent,False,True,True,"platform, access status, financial loss",True,True,FQ_QUICK_013,LP_CYBER_REPORTING_001,"General guidance: Secure the account if possible, change passwords from a trusted device, enable two-factor authentication, preserve alerts/screenshots, and report to the platform or cyber portal as relevant. This is not a substitute for a lawyer or emergency service.",True,high,train
QLQ000038_hi,QLG000013,hi,Devanagari,None,Mera account hack ho gaya hai. Sabse pehle kya karun?,mera account hack ho gaya hai. sabse pehle kya karun?,request_help,Cybercrime,account_hacking;security_steps,urgent,False,True,True,"platform, access status, financial loss",True,True,FQ_QUICK_013,LP_CYBER_REPORTING_001,"Sadharan margdarshan: Secure the account if possible, change passwords from a trusted device, enable two-factor authentication, preserve alerts/screenshots, and report to the platform or cyber portal as relevant. Yeh lawyer ya emergency service ka badal nahi hai.",True,high,train
QLQ000039_hiLatn,QLG000013,hi-Latn,mixed,Hinglish,Mera account hack ho gaya hai. First kya karun?,mera account hack ho gaya hai. first kya karun?,request_help,Cybercrime,account_hacking;security_steps,urgent,False,True,True,"platform, access status, financial loss",True,True,FQ_QUICK_013,LP_CYBER_REPORTING_001,"General guidance: Secure the account if possible, change passwords from a trusted device, enable two-factor authentication, preserve alerts/screenshots, and report to the platform or cyber portal as relevant. Yeh lawyer ya emergency service ka substitute nahi hai.",True,high,train
QLQ000040_en,QLG000014,en,Latin,None,Can I report a fake social media profile using my photo?,can i report a fake social media profile using my photo?,ask_eligibility,Cybercrime,impersonation;social_media,normal,False,True,True,platform link and screenshots,False,True,FQ_QUICK_014,LP_ACCOUNT_SECURITY_001,"General guidance: Impersonation and misuse of photos can be reported to the platform and appropriate cyber channel. Preserve profile links, screenshots, dates, and any messages. This is not a substitute for a lawyer or emergency service.",True,high,train
QLQ000041_hi,QLG000014,hi,Devanagari,None,Meri photo se fake social media profile bani hai. Kya report kar sakta hoon?,meri photo se fake social media profile bani hai. kya report kar sakta hoon?,ask_eligibility,Cybercrime,impersonation;social_media,normal,False,True,True,platform link and screenshots,False,True,FQ_QUICK_014,LP_ACCOUNT_SECURITY_001,"Sadharan margdarshan: Impersonation and misuse of photos can be reported to the platform and appropriate cyber channel. Preserve profile links, screenshots, dates, and any messages. Yeh lawyer ya emergency service ka badal nahi hai.",True,high,train
QLQ000042_hiLatn,QLG000014,hi-Latn,mixed,Hinglish,Hinglish mein simple steps batao: Meri photo se fake social media profile bani hai. Kya report kar sakta hoon?,hinglish mein simple steps batao: meri photo se fake social media profile bani hai. kya report kar sakta hoon?,ask_eligibility,Cybercrime,impersonation;social_media,normal,False,True,True,platform link and screenshots,False,True,FQ_QUICK_014,LP_ACCOUNT_SECURITY_001,"General guidance: Impersonation and misuse of photos can be reported to the platform and appropriate cyber channel. Preserve profile links, screenshots, dates, and any messages. Yeh lawyer ya emergency service ka substitute nahi hai.",True,high,train
QLQ000043_en,QLG000015,en,Latin,None,I clicked a suspicious link and money left my account. What now?,i clicked a suspicious link and money left my account. what now?,request_help,Cybercrime,phishing;financial_loss,urgent,False,True,True,"bank, amount, transaction time",True,True,FQ_QUICK_015,LP_DIGITAL_EVIDENCE_001,"General guidance: Contact your bank immediately for blocking or dispute, preserve SMS/email/link details, and report the cyber financial fraud quickly. Time matters for reversal or freezing. This is not a substitute for a lawyer or emergency service.",True,high,train
QLQ000044_hi,QLG000015,hi,Devanagari,None,Maine suspicious link click kiya aur account se paise chale gaye. Ab kya karun?,maine suspicious link click kiya aur account se paise chale gaye. ab kya karun?,request_help,Cybercrime,phishing;financial_loss,urgent,False,True,True,"bank, amount, transaction time",True,True,FQ_QUICK_015,LP_DIGITAL_EVIDENCE_001,"Sadharan margdarshan: Contact your bank immediately for blocking or dispute, preserve SMS/email/link details, and report the cyber financial fraud quickly. Time matters for reversal or freezing. Yeh lawyer ya emergency service ka badal nahi hai.",True,high,train
QLQ000045_hiLatn,QLG000015,hi-Latn,mixed,Hinglish,Maine suspicious link click kiya aur account se money chala gaya. Ab kya karun?,maine suspicious link click kiya aur account se money chala gaya. ab kya karun?,request_help,Cybercrime,phishing;financial_loss,urgent,False,True,True,"bank, amount, transaction time",True,True,FQ_QUICK_015,LP_DIGITAL_EVIDENCE_001,"General guidance: Contact your bank immediately for blocking or dispute, preserve SMS/email/link details, and report the cyber financial fraud quickly. Time matters for reversal or freezing. Yeh lawyer ya emergency service ka substitute nahi hai.",True,high,train
QLQ000046_en,QLG000016,en,Latin,None,Someone is sharing my private photos online. What can I do?,someone is sharing my private photos online. what can i do?,request_help,Cybercrime,privacy_violation;image_abuse,emergency,True,True,False,"platform, current threat, identity if known",True,True,FQ_QUICK_016,LP_FINANCIAL_CYBER_FRAUD_001,"General guidance: Do not engage with the person. Preserve evidence, use platform takedown/reporting, and seek urgent legal or police/cyber help. If there is extortion or immediate danger, escalate immediately. This is not a substitute for a lawyer or emergency service.",True,medium,train
QLQ000047_hi,QLG000016,hi,Devanagari,None,Koi meri private photos online share kar raha hai. Main kya kar sakti hoon?,koi meri private photos online share kar raha hai. main kya kar sakti hoon?,request_help,Cybercrime,privacy_violation;image_abuse,emergency,True,True,False,"platform, current threat, identity if known",True,True,FQ_QUICK_016,LP_FINANCIAL_CYBER_FRAUD_001,"Sadharan margdarshan: Do not engage with the person. Preserve evidence, use platform takedown/reporting, and seek urgent legal or police/cyber help. If there is extortion or immediate danger, escalate immediately. Yeh lawyer ya emergency service ka badal nahi hai.",True,medium,train
QLQ000048_hiLatn,QLG000016,hi-Latn,mixed,Hinglish,Hinglish mein simple steps batao: Koi meri private photos online share kar raha hai. Main kya kar sakti hoon?,hinglish mein simple steps batao: koi meri private photos online share kar raha hai. main kya kar sakti hoon?,request_help,Cybercrime,privacy_violation;image_abuse,emergency,True,True,False,"platform, current threat, identity if known",True,True,FQ_QUICK_016,LP_FINANCIAL_CYBER_FRAUD_001,"General guidance: Do not engage with the person. Preserve evidence, use platform takedown/reporting, and seek urgent legal or police/cyber help. If there is extortion or immediate danger, escalate immediately. Yeh lawyer ya emergency service ka substitute nahi hai.",True,medium,train
QLQ000049_en,QLG000017,en,Latin,None,Can I report cyberstalking if the person only messages repeatedly?,can i report cyberstalking if the person only messages repeatedly?,ask_eligibility,Cybercrime,cyberstalking;repeated_messages,normal,False,True,True,"message content, frequency, identity",False,True,FQ_QUICK_017,LP_CYBER_REPORTING_001,"General guidance: Repeated unwanted messages may be relevant if they cause fear, harassment, threats, or monitoring. Preserve message history and avoid deleting evidence. This is not a substitute for a lawyer or emergency service.",True,high,train
QLQ000050_hi,QLG000017,hi,Devanagari,None,Agar koi baar-baar messages bhej raha hai to kya cyberstalking report kar sakte hain?,agar koi baar-baar messages bhej raha hai to kya cyberstalking report kar sakte hain?,ask_eligibility,Cybercrime,cyberstalking;repeated_messages,normal,False,True,True,"message content, frequency, identity",False,True,FQ_QUICK_017,LP_CYBER_REPORTING_001,"Sadharan margdarshan: Repeated unwanted messages may be relevant if they cause fear, harassment, threats, or monitoring. Preserve message history and avoid deleting evidence. Yeh lawyer ya emergency service ka badal nahi hai.",True,high,train
QLQ000051_hiLatn,QLG000017,hi-Latn,mixed,Hinglish,Agar koi repeated messages bhej raha hai to kya cyberstalking report kar sakte hain?,agar koi repeated messages bhej raha hai to kya cyberstalking report kar sakte hain?,ask_eligibility,Cybercrime,cyberstalking;repeated_messages,normal,False,True,True,"message content, frequency, identity",False,True,FQ_QUICK_017,LP_CYBER_REPORTING_001,"General guidance: Repeated unwanted messages may be relevant if they cause fear, harassment, threats, or monitoring. Preserve message history and avoid deleting evidence. Yeh lawyer ya emergency service ka substitute nahi hai.",True,high,train
QLQ000052_en,QLG000018,en,Latin,None,Should I delete abusive messages after taking screenshots?,should i delete abusive messages after taking screenshots?,ask_procedure,Cybercrime,digital_evidence;preservation,normal,False,False,False,platform and evidence type,False,True,FQ_QUICK_018,LP_ACCOUNT_SECURITY_001,"General guidance: Avoid deleting original messages if safe to keep them. Screenshots help, but originals, links, timestamps, and account details are often stronger evidence. This is not a substitute for a lawyer or emergency service.",True,high,train
QLQ000053_hi,QLG000018,hi,Devanagari,None,Screenshot lene ke baad abusive messages delete kar doon kya?,screenshot lene ke baad abusive messages delete kar doon kya?,ask_procedure,Cybercrime,digital_evidence;preservation,normal,False,False,False,platform and evidence type,False,True,FQ_QUICK_018,LP_ACCOUNT_SECURITY_001,"Sadharan margdarshan: Avoid deleting original messages if safe to keep them. Screenshots help, but originals, links, timestamps, and account details are often stronger evidence. Yeh lawyer ya emergency service ka badal nahi hai.",True,high,train
QLQ000054_hiLatn,QLG000018,hi-Latn,mixed,Hinglish,Hinglish mein simple steps batao: Screenshot lene ke baad abusive messages delete kar doon kya?,hinglish mein simple steps batao: screenshot lene ke baad abusive messages delete kar doon kya?,ask_procedure,Cybercrime,digital_evidence;preservation,normal,False,False,False,platform and evidence type,False,True,FQ_QUICK_018,LP_ACCOUNT_SECURITY_001,"General guidance: Avoid deleting original messages if safe to keep them. Screenshots help, but originals, links, timestamps, and account details are often stronger evidence. Yeh lawyer ya emergency service ka substitute nahi hai.",True,high,train
QLQ000055_en,QLG000019,en,Latin,None,How do I complain about a loan app threatening my contacts?,how do i complain about a loan app threatening my contacts?,ask_procedure,Cybercrime,loan_app_harassment;privacy,urgent,True,True,True,"app name, messages, threat status",True,True,FQ_QUICK_019,LP_DIGITAL_EVIDENCE_001,"General guidance: Preserve messages, call logs, app details, payment records, and threats. Consider cyber complaint, police complaint if threats continue, and avoid sharing more personal data. This is not a substitute for a lawyer or emergency service.",True,high,train
QLQ000056_hi,QLG000019,hi,Devanagari,None,Loan app mere contacts ko dhamki de raha hai. Complaint kaise karun?,loan app mere contacts ko dhamki de raha hai. complaint kaise karun?,ask_procedure,Cybercrime,loan_app_harassment;privacy,urgent,True,True,True,"app name, messages, threat status",True,True,FQ_QUICK_019,LP_DIGITAL_EVIDENCE_001,"Sadharan margdarshan: Preserve messages, call logs, app details, payment records, and threats. Consider cyber complaint, police complaint if threats continue, and avoid sharing more personal data. Yeh lawyer ya emergency service ka badal nahi hai.",True,high,train
QLQ000057_hiLatn,QLG000019,hi-Latn,mixed,Hinglish,Loan app mere contacts ko threaten kar raha hai. Complaint kaise karun?,loan app mere contacts ko threaten kar raha hai. complaint kaise karun?,ask_procedure,Cybercrime,loan_app_harassment;privacy,urgent,True,True,True,"app name, messages, threat status",True,True,FQ_QUICK_019,LP_DIGITAL_EVIDENCE_001,"General guidance: Preserve messages, call logs, app details, payment records, and threats. Consider cyber complaint, police complaint if threats continue, and avoid sharing more personal data. Yeh lawyer ya emergency service ka substitute nahi hai.",True,high,train
QLQ000058_en,QLG000020,en,Latin,None,Can police ask for my phone password during cyber investigation?,can police ask for my phone password during cyber investigation?,ask_rights,Cybercrime,device_search;privacy_rights,normal,False,True,False,"search order, role in case, jurisdiction",False,False,FQ_QUICK_020,LP_FINANCIAL_CYBER_FRAUD_001,"General guidance: Device access questions depend on legal process, your role, and circumstances. Ask for the legal basis, note officer details, and consider legal advice before sharing sensitive access. This is not a substitute for a lawyer or emergency service.",True,insufficient-information,train
QLQ000059_hi,QLG000020,hi,Devanagari,None,Cyber investigation mein police mera phone password maang sakti hai kya?,cyber investigation mein police mera phone password maang sakti hai kya?,ask_rights,Cybercrime,device_search;privacy_rights,normal,False,True,False,"search order, role in case, jurisdiction",False,False,FQ_QUICK_020,LP_FINANCIAL_CYBER_FRAUD_001,"Sadharan margdarshan: Device access questions depend on legal process, your role, and circumstances. Ask for the legal basis, note officer details, and consider legal advice before sharing sensitive access. Yeh lawyer ya emergency service ka badal nahi hai.",True,insufficient-information,train
QLQ000060_hiLatn,QLG000020,hi-Latn,mixed,Hinglish,Hinglish mein simple steps batao: Cyber investigation mein police mera phone password maang sakti hai kya?,hinglish mein simple steps batao: cyber investigation mein police mera phone password maang sakti hai kya?,ask_rights,Cybercrime,device_search;privacy_rights,normal,False,True,False,"search order, role in case, jurisdiction",False,False,FQ_QUICK_020,LP_FINANCIAL_CYBER_FRAUD_001,"General guidance: Device access questions depend on legal process, your role, and circumstances. Ask for the legal basis, note officer details, and consider legal advice before sharing sensitive access. Yeh lawyer ya emergency service ka substitute nahi hai.",True,insufficient-information,train
QLQ000061_en,QLG000021,en,Latin,None,A seller sent a QR code and money got deducted. Is this cyber fraud?,a seller sent a qr code and money got deducted. is this cyber fraud?,ask_eligibility,Cybercrime,qr_fraud;payment_fraud,urgent,False,True,True,transaction details and seller identity,True,True,FQ_QUICK_021,LP_CYBER_REPORTING_001,"General guidance: It may be payment fraud. Contact bank/payment app quickly, preserve QR/chat/transaction details, and report through cyber or police channels based on loss and facts. This is not a substitute for a lawyer or emergency service.",True,high,train
QLQ000062_hi,QLG000021,hi,Devanagari,None,Seller ne QR code bheja aur paise kat gaye. Kya yeh cyber fraud hai?,seller ne qr code bheja aur paise kat gaye. kya yeh cyber fraud hai?,ask_eligibility,Cybercrime,qr_fraud;payment_fraud,urgent,False,True,True,transaction details and seller identity,True,True,FQ_QUICK_021,LP_CYBER_REPORTING_001,"Sadharan margdarshan: It may be payment fraud. Contact bank/payment app quickly, preserve QR/chat/transaction details, and report through cyber or police channels based on loss and facts. Yeh lawyer ya emergency service ka badal nahi hai.",True,high,train
QLQ000063_hiLatn,QLG000021,hi-Latn,mixed,Hinglish,Seller ne QR code bheja aur money deduct ho gaya. Kya yeh cyber fraud hai?,seller ne qr code bheja aur money deduct ho gaya. kya yeh cyber fraud hai?,ask_eligibility,Cybercrime,qr_fraud;payment_fraud,urgent,False,True,True,transaction details and seller identity,True,True,FQ_QUICK_021,LP_CYBER_REPORTING_001,"General guidance: It may be payment fraud. Contact bank/payment app quickly, preserve QR/chat/transaction details, and report through cyber or police channels based on loss and facts. Yeh lawyer ya emergency service ka substitute nahi hai.",True,high,train
QLQ000064_en,QLG000022,en,Latin,None,What evidence is useful for reporting ransomware?,what evidence is useful for reporting ransomware?,ask_procedure,Cybercrime,ransomware;evidence,normal,False,False,False,"device, ransom note, logs",False,True,FQ_QUICK_022,LP_ACCOUNT_SECURITY_001,"General guidance: Useful evidence includes ransom note, screenshots, affected device details, logs, suspicious email/link, wallet/payment demand, and timestamps. Do not pay without expert advice. This is not a substitute for a lawyer or emergency service.",True,high,train
QLQ000065_hi,QLG000022,hi,Devanagari,None,Ransomware report karne ke liye kaunsa evidence useful hai?,ransomware report karne ke liye kaunsa evidence useful hai?,ask_procedure,Cybercrime,ransomware;evidence,normal,False,False,False,"device, ransom note, logs",False,True,FQ_QUICK_022,LP_ACCOUNT_SECURITY_001,"Sadharan margdarshan: Useful evidence includes ransom note, screenshots, affected device details, logs, suspicious email/link, wallet/payment demand, and timestamps. Do not pay without expert advice. Yeh lawyer ya emergency service ka badal nahi hai.",True,high,train
QLQ000066_hiLatn,QLG000022,hi-Latn,mixed,Hinglish,Ransomware report karne ke liye kya evidence useful hai?,ransomware report karne ke liye kya evidence useful hai?,ask_procedure,Cybercrime,ransomware;evidence,normal,False,False,False,"device, ransom note, logs",False,True,FQ_QUICK_022,LP_ACCOUNT_SECURITY_001,"General guidance: Useful evidence includes ransom note, screenshots, affected device details, logs, suspicious email/link, wallet/payment demand, and timestamps. Do not pay without expert advice. Yeh lawyer ya emergency service ka substitute nahi hai.",True,high,train
QLQ000067_en,QLG000023,en,Latin,None,Can I report WhatsApp threats without knowing the real name?,can i report whatsapp threats without knowing the real name?,ask_eligibility,Cybercrime,messaging_threat;unknown_sender,urgent,True,True,True,"number, message content, current risk",True,True,FQ_QUICK_023,LP_DIGITAL_EVIDENCE_001,"General guidance: You can report using the phone number, messages, timestamps, and screenshots even if the real name is unknown. Immediate threats need urgent safety action. This is not a substitute for a lawyer or emergency service.",True,high,train
QLQ000068_hi,QLG000023,hi,Devanagari,None,Real naam na pata ho to WhatsApp threats report kar sakta hoon?,real naam na pata ho to whatsapp threats report kar sakta hoon?,ask_eligibility,Cybercrime,messaging_threat;unknown_sender,urgent,True,True,True,"number, message content, current risk",True,True,FQ_QUICK_023,LP_DIGITAL_EVIDENCE_001,"Sadharan margdarshan: You can report using the phone number, messages, timestamps, and screenshots even if the real name is unknown. Immediate threats need urgent safety action. Yeh lawyer ya emergency service ka badal nahi hai.",True,high,train
QLQ000069_hiLatn,QLG000023,hi-Latn,mixed,Hinglish,Real name na pata ho to WhatsApp threats report kar sakta hoon?,real name na pata ho to whatsapp threats report kar sakta hoon?,ask_eligibility,Cybercrime,messaging_threat;unknown_sender,urgent,True,True,True,"number, message content, current risk",True,True,FQ_QUICK_023,LP_DIGITAL_EVIDENCE_001,"General guidance: You can report using the phone number, messages, timestamps, and screenshots even if the real name is unknown. Immediate threats need urgent safety action. Yeh lawyer ya emergency service ka substitute nahi hai.",True,high,train
QLQ000070_en,QLG000024,en,Latin,None,Is online blackmail an emergency?,is online blackmail an emergency?,ask_urgency,Cybercrime,online_extortion;emergency,emergency,True,True,False,"threat deadline, private material, current safety",True,True,FQ_QUICK_024,LP_FINANCIAL_CYBER_FRAUD_001,"General guidance: Online blackmail can be urgent, especially with threats, private images, money demands, or deadlines. Preserve evidence and seek immediate police/cyber help if harm is imminent. This is not a substitute for a lawyer or emergency service.",True,medium,train
QLQ000071_hi,QLG000024,hi,Devanagari,None,Online blackmail emergency hai kya?,online blackmail emergency hai kya?,ask_urgency,Cybercrime,online_extortion;emergency,emergency,True,True,False,"threat deadline, private material, current safety",True,True,FQ_QUICK_024,LP_FINANCIAL_CYBER_FRAUD_001,"Sadharan margdarshan: Online blackmail can be urgent, especially with threats, private images, money demands, or deadlines. Preserve evidence and seek immediate police/cyber help if harm is imminent. Yeh lawyer ya emergency service ka badal nahi hai.",True,medium,train
QLQ000072_hiLatn,QLG000024,hi-Latn,mixed,Hinglish,Hinglish mein simple steps batao: Online blackmail emergency hai kya?,hinglish mein simple steps batao: online blackmail emergency hai kya?,ask_urgency,Cybercrime,online_extortion;emergency,emergency,True,True,False,"threat deadline, private material, current safety",True,True,FQ_QUICK_024,LP_FINANCIAL_CYBER_FRAUD_001,"General guidance: Online blackmail can be urgent, especially with threats, private images, money demands, or deadlines. Preserve evidence and seek immediate police/cyber help if harm is imminent. Yeh lawyer ya emergency service ka substitute nahi hai.",True,medium,train
QLQ000073_en,QLG000025,en,Latin,None,Can I get free legal assistance?,can i get free legal assistance?,ask_eligibility,Legal aid,free_legal_aid;eligibility,normal,False,True,True,"income, category, case type, location",False,True,FQ_QUICK_025,LP_LEGAL_AID_001,"General guidance: Free legal aid may be available based on income, category, vulnerability, custody status, or case type. Share your state/district and basic eligibility details. This is not a substitute for a lawyer or emergency service.",True,high,train
QLQ000074_hi,QLG000025,hi,Devanagari,None,Kya mujhe free legal assistance mil sakti hai?,kya mujhe free legal assistance mil sakti hai?,ask_eligibility,Legal aid,free_legal_aid;eligibility,normal,False,True,True,"income, category, case type, location",False,True,FQ_QUICK_025,LP_LEGAL_AID_001,"Sadharan margdarshan: Free legal aid may be available based on income, category, vulnerability, custody status, or case type. Share your state/district and basic eligibility details. Yeh lawyer ya emergency service ka badal nahi hai.",True,high,train
QLQ000075_hiLatn,QLG000025,hi-Latn,mixed,Hinglish,Kya mujhe free legal help mil sakti hai?,kya mujhe free legal help mil sakti hai?,ask_eligibility,Legal aid,free_legal_aid;eligibility,normal,False,True,True,"income, category, case type, location",False,True,FQ_QUICK_025,LP_LEGAL_AID_001,"General guidance: Free legal aid may be available based on income, category, vulnerability, custody status, or case type. Share your state/district and basic eligibility details. Yeh lawyer ya emergency service ka substitute nahi hai.",True,high,train
QLQ000076_en,QLG000026,en,Latin,None,Where do I apply for legal aid in my district?,where do i apply for legal aid in my district?,ask_procedure,Legal aid,district_legal_services;application,normal,False,True,True,district and state,False,True,FQ_QUICK_026,LP_FREE_LEGAL_SERVICES_001,General guidance: You can usually approach the District Legal Services Authority or legal aid clinic. The exact office depends on your district and state. This is not a substitute for a lawyer or emergency service.,True,high,train
QLQ000077_hi,QLG000026,hi,Devanagari,None,Apne district mein legal aid ke liye kahan apply karun?,apne district mein legal aid ke liye kahan apply karun?,ask_procedure,Legal aid,district_legal_services;application,normal,False,True,True,district and state,False,True,FQ_QUICK_026,LP_FREE_LEGAL_SERVICES_001,Sadharan margdarshan: You can usually approach the District Legal Services Authority or legal aid clinic. The exact office depends on your district and state. Yeh lawyer ya emergency service ka badal nahi hai.,True,high,train
QLQ000078_hiLatn,QLG000026,hi-Latn,mixed,Hinglish,Hinglish mein simple steps batao: Apne district mein legal aid ke liye kahan apply karun?,hinglish mein simple steps batao: apne district mein legal aid ke liye kahan apply karun?,ask_procedure,Legal aid,district_legal_services;application,normal,False,True,True,district and state,False,True,FQ_QUICK_026,LP_FREE_LEGAL_SERVICES_001,General guidance: You can usually approach the District Legal Services Authority or legal aid clinic. The exact office depends on your district and state. Yeh lawyer ya emergency service ka substitute nahi hai.,True,high,train
QLQ000079_en,QLG000027,en,Latin,None,Can women facing domestic violence get free legal help?,can women facing domestic violence get free legal help?,ask_eligibility,Legal aid,domestic_violence;legal_aid,urgent,True,True,True,safety status and district,True,True,FQ_QUICK_027,LP_DLSA_001,"General guidance: Legal aid may be available, and immediate safety support should come first if danger continues. Share your district and whether you are currently safe. This is not a substitute for a lawyer or emergency service.",True,high,train
QLQ000080_hi,QLG000027,hi,Devanagari,None,Domestic violence face kar rahi women ko free legal help mil sakti hai?,domestic violence face kar rahi women ko free legal help mil sakti hai?,ask_eligibility,Legal aid,domestic_violence;legal_aid,urgent,True,True,True,safety status and district,True,True,FQ_QUICK_027,LP_DLSA_001,"Sadharan margdarshan: Legal aid may be available, and immediate safety support should come first if danger continues. Share your district and whether you are currently safe. Yeh lawyer ya emergency service ka badal nahi hai.",True,high,train
QLQ000081_hiLatn,QLG000027,hi-Latn,mixed,Hinglish,Hinglish mein simple steps batao: Domestic violence face kar rahi women ko free legal help mil sakti hai?,hinglish mein simple steps batao: domestic violence face kar rahi women ko free legal help mil sakti hai?,ask_eligibility,Legal aid,domestic_violence;legal_aid,urgent,True,True,True,safety status and district,True,True,FQ_QUICK_027,LP_DLSA_001,"General guidance: Legal aid may be available, and immediate safety support should come first if danger continues. Share your district and whether you are currently safe. Yeh lawyer ya emergency service ka substitute nahi hai.",True,high,train
QLQ000082_en,QLG000028,en,Latin,None,Do I need income proof for legal aid?,do i need income proof for legal aid?,ask_requirement,Legal aid,legal_aid_documents;income,normal,False,True,False,state and eligibility category,False,False,FQ_QUICK_028,LP_LEGAL_AID_001,"General guidance: Income proof may be requested, but some categories may qualify without income limits. Requirements can vary, so identify your eligibility category and location. This is not a substitute for a lawyer or emergency service.",True,insufficient-information,train
QLQ000083_hi,QLG000028,hi,Devanagari,None,Legal aid ke liye income proof chahiye kya?,legal aid ke liye income proof chahiye kya?,ask_requirement,Legal aid,legal_aid_documents;income,normal,False,True,False,state and eligibility category,False,False,FQ_QUICK_028,LP_LEGAL_AID_001,"Sadharan margdarshan: Income proof may be requested, but some categories may qualify without income limits. Requirements can vary, so identify your eligibility category and location. Yeh lawyer ya emergency service ka badal nahi hai.",True,insufficient-information,train
QLQ000084_hiLatn,QLG000028,hi-Latn,mixed,Hinglish,Legal aid ke liye income proof needed hai kya?,legal aid ke liye income proof needed hai kya?,ask_requirement,Legal aid,legal_aid_documents;income,normal,False,True,False,state and eligibility category,False,False,FQ_QUICK_028,LP_LEGAL_AID_001,"General guidance: Income proof may be requested, but some categories may qualify without income limits. Requirements can vary, so identify your eligibility category and location. Yeh lawyer ya emergency service ka substitute nahi hai.",True,insufficient-information,train
QLQ000085_en,QLG000029,en,Latin,None,Can a victim of cyber fraud get legal aid?,can a victim of cyber fraud get legal aid?,ask_eligibility,Legal aid,cyber_fraud;legal_aid,normal,False,True,True,"loss amount, district, eligibility category",False,True,FQ_QUICK_029,LP_FREE_LEGAL_SERVICES_001,"General guidance: Legal aid may be possible depending on eligibility and case needs. For urgent financial fraud, first notify the bank/payment platform and cyber reporting channel. This is not a substitute for a lawyer or emergency service.",True,high,train
QLQ000086_hi,QLG000029,hi,Devanagari,None,Cyber fraud victim ko legal aid mil sakti hai kya?,cyber fraud victim ko legal aid mil sakti hai kya?,ask_eligibility,Legal aid,cyber_fraud;legal_aid,normal,False,True,True,"loss amount, district, eligibility category",False,True,FQ_QUICK_029,LP_FREE_LEGAL_SERVICES_001,"Sadharan margdarshan: Legal aid may be possible depending on eligibility and case needs. For urgent financial fraud, first notify the bank/payment platform and cyber reporting channel. Yeh lawyer ya emergency service ka badal nahi hai.",True,high,train
QLQ000087_hiLatn,QLG000029,hi-Latn,mixed,Hinglish,Hinglish mein simple steps batao: Cyber fraud victim ko legal aid mil sakti hai kya?,hinglish mein simple steps batao: cyber fraud victim ko legal aid mil sakti hai kya?,ask_eligibility,Legal aid,cyber_fraud;legal_aid,normal,False,True,True,"loss amount, district, eligibility category",False,True,FQ_QUICK_029,LP_FREE_LEGAL_SERVICES_001,"General guidance: Legal aid may be possible depending on eligibility and case needs. For urgent financial fraud, first notify the bank/payment platform and cyber reporting channel. Yeh lawyer ya emergency service ka substitute nahi hai.",True,high,train
QLQ000088_en,QLG000030,en,Latin,None,Can I get help drafting a police complaint for free?,can i get help drafting a police complaint for free?,request_help,Legal aid,complaint_drafting;legal_aid,normal,False,True,True,district and case type,False,True,FQ_QUICK_030,LP_DLSA_001,"General guidance: Legal aid clinics or DLSA may help with complaint drafting if you qualify. Provide facts, dates, location, evidence, and the relief you need. This is not a substitute for a lawyer or emergency service.",True,high,train
QLQ000089_hi,QLG000030,hi,Devanagari,None,Police complaint draft karne mein free help mil sakti hai kya?,police complaint draft karne mein free help mil sakti hai kya?,request_help,Legal aid,complaint_drafting;legal_aid,normal,False,True,True,district and case type,False,True,FQ_QUICK_030,LP_DLSA_001,"Sadharan margdarshan: Legal aid clinics or DLSA may help with complaint drafting if you qualify. Provide facts, dates, location, evidence, and the relief you need. Yeh lawyer ya emergency service ka badal nahi hai.",True,high,train
QLQ000090_hiLatn,QLG000030,hi-Latn,mixed,Hinglish,Hinglish mein simple steps batao: Police complaint draft karne mein free help mil sakti hai kya?,hinglish mein simple steps batao: police complaint draft karne mein free help mil sakti hai kya?,request_help,Legal aid,complaint_drafting;legal_aid,normal,False,True,True,district and case type,False,True,FQ_QUICK_030,LP_DLSA_001,"General guidance: Legal aid clinics or DLSA may help with complaint drafting if you qualify. Provide facts, dates, location, evidence, and the relief you need. Yeh lawyer ya emergency service ka substitute nahi hai.",True,high,train
QLQ000091_en,QLG000031,en,Latin,None,What documents should I carry to a legal aid office?,what documents should i carry to a legal aid office?,ask_procedure,Legal aid,legal_aid_documents,normal,False,False,False,case type,False,True,FQ_QUICK_031,LP_LEGAL_AID_001,"General guidance: Carry identity proof, address proof, income/category proof if available, case papers, police documents, notices, medical records, screenshots, or other evidence. This is not a substitute for a lawyer or emergency service.",True,high,train
QLQ000092_hi,QLG000031,hi,Devanagari,None,Legal aid office jaate waqt kaunse documents le jaun?,legal aid office jaate waqt kaunse documents le jaun?,ask_procedure,Legal aid,legal_aid_documents,normal,False,False,False,case type,False,True,FQ_QUICK_031,LP_LEGAL_AID_001,"Sadharan margdarshan: Carry identity proof, address proof, income/category proof if available, case papers, police documents, notices, medical records, screenshots, or other evidence. Yeh lawyer ya emergency service ka badal nahi hai.",True,high,train
QLQ000093_hiLatn,QLG000031,hi-Latn,mixed,Hinglish,Legal aid office jaate waqt kaunse documents carry karun?,legal aid office jaate waqt kaunse documents carry karun?,ask_procedure,Legal aid,legal_aid_documents,normal,False,False,False,case type,False,True,FQ_QUICK_031,LP_LEGAL_AID_001,"General guidance: Carry identity proof, address proof, income/category proof if available, case papers, police documents, notices, medical records, screenshots, or other evidence. Yeh lawyer ya emergency service ka substitute nahi hai.",True,high,train
QLQ000094_en,QLG000032,en,Latin,None,Can I ask legal aid for a lawyer in family court?,can i ask legal aid for a lawyer in family court?,ask_eligibility,Legal aid,family_court;legal_aid,normal,False,True,False,"district, case type, income/category",False,False,FQ_QUICK_032,LP_FREE_LEGAL_SERVICES_001,"General guidance: Legal aid for family court matters may be available if eligibility criteria are met. Share case type, district, and whether there is urgent safety or child-related concern. This is not a substitute for a lawyer or emergency service.",True,insufficient-information,train
QLQ000095_hi,QLG000032,hi,Devanagari,None,Family court mein lawyer ke liye legal aid mil sakti hai kya?,family court mein lawyer ke liye legal aid mil sakti hai kya?,ask_eligibility,Legal aid,family_court;legal_aid,normal,False,True,False,"district, case type, income/category",False,False,FQ_QUICK_032,LP_FREE_LEGAL_SERVICES_001,"Sadharan margdarshan: Legal aid for family court matters may be available if eligibility criteria are met. Share case type, district, and whether there is urgent safety or child-related concern. Yeh lawyer ya emergency service ka badal nahi hai.",True,insufficient-information,train
QLQ000096_hiLatn,QLG000032,hi-Latn,mixed,Hinglish,Family court ke liye legal aid lawyer mil sakta hai kya?,family court ke liye legal aid lawyer mil sakta hai kya?,ask_eligibility,Legal aid,family_court;legal_aid,normal,False,True,False,"district, case type, income/category",False,False,FQ_QUICK_032,LP_FREE_LEGAL_SERVICES_001,"General guidance: Legal aid for family court matters may be available if eligibility criteria are met. Share case type, district, and whether there is urgent safety or child-related concern. Yeh lawyer ya emergency service ka substitute nahi hai.",True,insufficient-information,train
QLQ000097_en,QLG000033,en,Latin,None,Is legal aid available for labour disputes?,is legal aid available for labour disputes?,ask_eligibility,Legal aid,labour;legal_aid,normal,False,True,True,employment issue and district,False,True,FQ_QUICK_033,LP_DLSA_001,General guidance: Legal aid or labour department guidance may be available depending on the dispute and eligibility. Keep employment records and complaint details ready. This is not a substitute for a lawyer or emergency service.,True,high,train
QLQ000098_hi,QLG000033,hi,Devanagari,None,Labour dispute ke liye legal aid available hai kya?,labour dispute ke liye legal aid available hai kya?,ask_eligibility,Legal aid,labour;legal_aid,normal,False,True,True,employment issue and district,False,True,FQ_QUICK_033,LP_DLSA_001,Sadharan margdarshan: Legal aid or labour department guidance may be available depending on the dispute and eligibility. Keep employment records and complaint details ready. Yeh lawyer ya emergency service ka badal nahi hai.,True,high,train
QLQ000099_hiLatn,QLG000033,hi-Latn,mixed,Hinglish,Labour dispute ke liye legal aid mil sakti hai kya?,labour dispute ke liye legal aid mil sakti hai kya?,ask_eligibility,Legal aid,labour;legal_aid,normal,False,True,True,employment issue and district,False,True,FQ_QUICK_033,LP_DLSA_001,General guidance: Legal aid or labour department guidance may be available depending on the dispute and eligibility. Keep employment records and complaint details ready. Yeh lawyer ya emergency service ka substitute nahi hai.,True,high,train
QLQ000100_en,QLG000034,en,Latin,None,Can a minor get legal aid?,can a minor get legal aid?,ask_eligibility,Legal aid,minor;legal_aid,urgent,False,True,True,"age, guardian, safety status",True,True,FQ_QUICK_034,LP_LEGAL_AID_001,"General guidance: Minors may be eligible for legal aid and protective processes. If there is current danger, contact emergency or child protection support immediately. This is not a substitute for a lawyer or emergency service.",True,high,train
QLQ000101_hi,QLG000034,hi,Devanagari,None,Kya minor ko legal aid mil sakti hai?,kya minor ko legal aid mil sakti hai?,ask_eligibility,Legal aid,minor;legal_aid,urgent,False,True,True,"age, guardian, safety status",True,True,FQ_QUICK_034,LP_LEGAL_AID_001,"Sadharan margdarshan: Minors may be eligible for legal aid and protective processes. If there is current danger, contact emergency or child protection support immediately. Yeh lawyer ya emergency service ka badal nahi hai.",True,high,train
QLQ000102_hiLatn,QLG000034,hi-Latn,mixed,Hinglish,Hinglish mein simple steps batao: Kya minor ko legal aid mil sakti hai?,hinglish mein simple steps batao: kya minor ko legal aid mil sakti hai?,ask_eligibility,Legal aid,minor;legal_aid,urgent,False,True,True,"age, guardian, safety status",True,True,FQ_QUICK_034,LP_LEGAL_AID_001,"General guidance: Minors may be eligible for legal aid and protective processes. If there is current danger, contact emergency or child protection support immediately. Yeh lawyer ya emergency service ka substitute nahi hai.",True,high,train
QLQ000103_en,QLG000035,en,Latin,None,Will legal aid keep my details confidential?,will legal aid keep my details confidential?,ask_rights,Legal aid,privacy;legal_aid,normal,False,True,True,case sensitivity and office,False,True,FQ_QUICK_035,LP_FREE_LEGAL_SERVICES_001,"General guidance: Legal aid providers should handle sensitive information carefully, but ask how your documents and personal details will be used and stored. This is not a substitute for a lawyer or emergency service.",True,high,train
QLQ000104_hi,QLG000035,hi,Devanagari,None,Kya legal aid meri details confidential rakhegi?,kya legal aid meri details confidential rakhegi?,ask_rights,Legal aid,privacy;legal_aid,normal,False,True,True,case sensitivity and office,False,True,FQ_QUICK_035,LP_FREE_LEGAL_SERVICES_001,"Sadharan margdarshan: Legal aid providers should handle sensitive information carefully, but ask how your documents and personal details will be used and stored. Yeh lawyer ya emergency service ka badal nahi hai.",True,high,train
QLQ000105_hiLatn,QLG000035,hi-Latn,mixed,Hinglish,Hinglish mein simple steps batao: Kya legal aid meri details confidential rakhegi?,hinglish mein simple steps batao: kya legal aid meri details confidential rakhegi?,ask_rights,Legal aid,privacy;legal_aid,normal,False,True,True,case sensitivity and office,False,True,FQ_QUICK_035,LP_FREE_LEGAL_SERVICES_001,"General guidance: Legal aid providers should handle sensitive information carefully, but ask how your documents and personal details will be used and stored. Yeh lawyer ya emergency service ka substitute nahi hai.",True,high,train
QLQ000106_en,QLG000036,en,Latin,None,Can legal aid help if police are not acting?,can legal aid help if police are not acting?,request_help,Legal aid,police_inaction;legal_aid,urgent,False,True,False,complaint copy and police station,True,False,FQ_QUICK_036,LP_DLSA_001,"General guidance: Legal aid may help with escalation, representation, or drafting. Keep complaint copies, acknowledgment, dates, officer details, and any refusal record. This is not a substitute for a lawyer or emergency service.",True,insufficient-information,train
QLQ000107_hi,QLG000036,hi,Devanagari,None,Agar police action nahi le rahi to kya legal aid help kar sakti hai?,agar police action nahi le rahi to kya legal aid help kar sakti hai?,request_help,Legal aid,police_inaction;legal_aid,urgent,False,True,False,complaint copy and police station,True,False,FQ_QUICK_036,LP_DLSA_001,"Sadharan margdarshan: Legal aid may help with escalation, representation, or drafting. Keep complaint copies, acknowledgment, dates, officer details, and any refusal record. Yeh lawyer ya emergency service ka badal nahi hai.",True,insufficient-information,train
QLQ000108_hiLatn,QLG000036,hi-Latn,mixed,Hinglish,Hinglish mein simple steps batao: Agar police action nahi le rahi to kya legal aid help kar sakti hai?,hinglish mein simple steps batao: agar police action nahi le rahi to kya legal aid help kar sakti hai?,request_help,Legal aid,police_inaction;legal_aid,urgent,False,True,False,complaint copy and police station,True,False,FQ_QUICK_036,LP_DLSA_001,"General guidance: Legal aid may help with escalation, representation, or drafting. Keep complaint copies, acknowledgment, dates, officer details, and any refusal record. Yeh lawyer ya emergency service ka substitute nahi hai.",True,insufficient-information,train
QLQ000109_en,QLG000037,en,Latin,None,Can police arrest me without telling me the reason?,can police arrest me without telling me the reason?,ask_rights,Arrest rights,arrest_reason;rights,urgent,False,True,True,case section and police notice,True,True,FQ_QUICK_037,LP_ARREST_RIGHTS_001,"General guidance: A person should be informed of the grounds of arrest and basic rights. If arrest is imminent, contact a lawyer or legal aid quickly. This is not a substitute for a lawyer or emergency service.",True,high,train
QLQ000110_hi,QLG000037,hi,Devanagari,None,Kya police reason bataye bina arrest kar sakti hai?,kya police reason bataye bina arrest kar sakti hai?,ask_rights,Arrest rights,arrest_reason;rights,urgent,False,True,True,case section and police notice,True,True,FQ_QUICK_037,LP_ARREST_RIGHTS_001,"Sadharan margdarshan: A person should be informed of the grounds of arrest and basic rights. If arrest is imminent, contact a lawyer or legal aid quickly. Yeh lawyer ya emergency service ka badal nahi hai.",True,high,train
QLQ000111_hiLatn,QLG000037,hi-Latn,mixed,Hinglish,Hinglish mein simple steps batao: Kya police reason bataye bina arrest kar sakti hai?,hinglish mein simple steps batao: kya police reason bataye bina arrest kar sakti hai?,ask_rights,Arrest rights,arrest_reason;rights,urgent,False,True,True,case section and police notice,True,True,FQ_QUICK_037,LP_ARREST_RIGHTS_001,"General guidance: A person should be informed of the grounds of arrest and basic rights. If arrest is imminent, contact a lawyer or legal aid quickly. Yeh lawyer ya emergency service ka substitute nahi hai.",True,high,train
QLQ000112_en,QLG000038,en,Latin,None,What should I do if police call me to the station for questioning?,what should i do if police call me to the station for questioning?,ask_procedure,Arrest rights,police_questioning;rights,normal,False,True,True,notice details and case role,False,True,FQ_QUICK_038,LP_BAIL_001,"General guidance: Ask for the reason or notice details, note officer information, go with a trusted person or lawyer if needed, and avoid signing anything you do not understand. This is not a substitute for a lawyer or emergency service.",True,high,train
QLQ000113_hi,QLG000038,hi,Devanagari,None,Police questioning ke liye station bula rahi hai. Kya karun?,police questioning ke liye station bula rahi hai. kya karun?,ask_procedure,Arrest rights,police_questioning;rights,normal,False,True,True,notice details and case role,False,True,FQ_QUICK_038,LP_BAIL_001,"Sadharan margdarshan: Ask for the reason or notice details, note officer information, go with a trusted person or lawyer if needed, and avoid signing anything you do not understand. Yeh lawyer ya emergency service ka badal nahi hai.",True,high,train
QLQ000114_hiLatn,QLG000038,hi-Latn,mixed,Hinglish,Hinglish mein simple steps batao: Police questioning ke liye station bula rahi hai. Kya karun?,hinglish mein simple steps batao: police questioning ke liye station bula rahi hai. kya karun?,ask_procedure,Arrest rights,police_questioning;rights,normal,False,True,True,notice details and case role,False,True,FQ_QUICK_038,LP_BAIL_001,"General guidance: Ask for the reason or notice details, note officer information, go with a trusted person or lawyer if needed, and avoid signing anything you do not understand. Yeh lawyer ya emergency service ka substitute nahi hai.",True,high,train
QLQ000115_en,QLG000039,en,Latin,None,Can police search my phone?,can police search my phone?,ask_rights,Arrest rights,phone_search;privacy,normal,False,True,True,"warrant/order, role, location",False,True,FQ_QUICK_039,LP_SEARCH_SEIZURE_001,General guidance: Phone search depends on legal authority and circumstances. Ask for the legal basis and consider legal advice before sharing passwords or sensitive data. This is not a substitute for a lawyer or emergency service.,True,high,train
QLQ000116_hi,QLG000039,hi,Devanagari,None,Kya police mera phone search kar sakti hai?,kya police mera phone search kar sakti hai?,ask_rights,Arrest rights,phone_search;privacy,normal,False,True,True,"warrant/order, role, location",False,True,FQ_QUICK_039,LP_SEARCH_SEIZURE_001,Sadharan margdarshan: Phone search depends on legal authority and circumstances. Ask for the legal basis and consider legal advice before sharing passwords or sensitive data. Yeh lawyer ya emergency service ka badal nahi hai.,True,high,train
QLQ000117_hiLatn,QLG000039,hi-Latn,mixed,Hinglish,Hinglish mein simple steps batao: Kya police mera phone search kar sakti hai?,hinglish mein simple steps batao: kya police mera phone search kar sakti hai?,ask_rights,Arrest rights,phone_search;privacy,normal,False,True,True,"warrant/order, role, location",False,True,FQ_QUICK_039,LP_SEARCH_SEIZURE_001,General guidance: Phone search depends on legal authority and circumstances. Ask for the legal basis and consider legal advice before sharing passwords or sensitive data. Yeh lawyer ya emergency service ka substitute nahi hai.,True,high,train
QLQ000118_en,QLG000040,en,Latin,None,What are my rights if I receive a notice from police?,what are my rights if i receive a notice from police?,ask_rights,Arrest rights,police_notice;rights,normal,False,True,False,notice type and date,False,False,FQ_QUICK_040,LP_ARREST_RIGHTS_001,"General guidance: Read the notice carefully, preserve a copy, attend as required or seek legal advice, and ask what case and role the notice concerns. This is not a substitute for a lawyer or emergency service.",True,insufficient-information,train
QLQ000119_hi,QLG000040,hi,Devanagari,None,Police notice milne par mere rights kya hain?,police notice milne par mere rights kya hain?,ask_rights,Arrest rights,police_notice;rights,normal,False,True,False,notice type and date,False,False,FQ_QUICK_040,LP_ARREST_RIGHTS_001,"Sadharan margdarshan: Read the notice carefully, preserve a copy, attend as required or seek legal advice, and ask what case and role the notice concerns. Yeh lawyer ya emergency service ka badal nahi hai.",True,insufficient-information,train
QLQ000120_hiLatn,QLG000040,hi-Latn,mixed,Hinglish,Hinglish mein simple steps batao: Police notice milne par mere rights kya hain?,hinglish mein simple steps batao: police notice milne par mere rights kya hain?,ask_rights,Arrest rights,police_notice;rights,normal,False,True,False,notice type and date,False,False,FQ_QUICK_040,LP_ARREST_RIGHTS_001,"General guidance: Read the notice carefully, preserve a copy, attend as required or seek legal advice, and ask what case and role the notice concerns. Yeh lawyer ya emergency service ka substitute nahi hai.",True,insufficient-information,train
QLQ000121_en,QLG000041,en,Latin,None,Can police keep me overnight for a minor issue?,can police keep me overnight for a minor issue?,ask_rights,Arrest rights,detention;rights,urgent,False,True,True,detention status and offence,True,True,FQ_QUICK_041,LP_BAIL_001,General guidance: Detention rules depend on whether you are formally arrested and the offence. Contact a lawyer/legal aid and tell a trusted person immediately. This is not a substitute for a lawyer or emergency service.,True,high,train
QLQ000122_hi,QLG000041,hi,Devanagari,None,Minor issue ke liye police mujhe raat bhar rakh sakti hai kya?,minor issue ke liye police mujhe raat bhar rakh sakti hai kya?,ask_rights,Arrest rights,detention;rights,urgent,False,True,True,detention status and offence,True,True,FQ_QUICK_041,LP_BAIL_001,Sadharan margdarshan: Detention rules depend on whether you are formally arrested and the offence. Contact a lawyer/legal aid and tell a trusted person immediately. Yeh lawyer ya emergency service ka badal nahi hai.,True,high,train
QLQ000123_hiLatn,QLG000041,hi-Latn,mixed,Hinglish,Minor issue ke liye police mujhe overnight rakh sakti hai kya?,minor issue ke liye police mujhe overnight rakh sakti hai kya?,ask_rights,Arrest rights,detention;rights,urgent,False,True,True,detention status and offence,True,True,FQ_QUICK_041,LP_BAIL_001,General guidance: Detention rules depend on whether you are formally arrested and the offence. Contact a lawyer/legal aid and tell a trusted person immediately. Yeh lawyer ya emergency service ka substitute nahi hai.,True,high,train
QLQ000124_en,QLG000042,en,Latin,None,What should my family do if I am detained?,what should my family do if i am detained?,ask_procedure,Arrest rights,detention;family_steps,urgent,False,True,True,police station and detention time,True,True,FQ_QUICK_042,LP_SEARCH_SEIZURE_001,"General guidance: Family should note station details, officer names, time, reason given, and seek a lawyer or legal aid. For unlawful detention concerns, urgent legal help is important. This is not a substitute for a lawyer or emergency service.",True,high,train
QLQ000125_hi,QLG000042,hi,Devanagari,None,Agar mujhe detain kiya gaya hai to family kya kare?,agar mujhe detain kiya gaya hai to family kya kare?,ask_procedure,Arrest rights,detention;family_steps,urgent,False,True,True,police station and detention time,True,True,FQ_QUICK_042,LP_SEARCH_SEIZURE_001,"Sadharan margdarshan: Family should note station details, officer names, time, reason given, and seek a lawyer or legal aid. For unlawful detention concerns, urgent legal help is important. Yeh lawyer ya emergency service ka badal nahi hai.",True,high,train
QLQ000126_hiLatn,QLG000042,hi-Latn,mixed,Hinglish,Agar mujhe detained kiya hai to family kya kare?,agar mujhe detained kiya hai to family kya kare?,ask_procedure,Arrest rights,detention;family_steps,urgent,False,True,True,police station and detention time,True,True,FQ_QUICK_042,LP_SEARCH_SEIZURE_001,"General guidance: Family should note station details, officer names, time, reason given, and seek a lawyer or legal aid. For unlawful detention concerns, urgent legal help is important. Yeh lawyer ya emergency service ka substitute nahi hai.",True,high,train
QLQ000127_en,QLG000043,en,Latin,None,What should I do after a hit and run?,what should i do after a hit and run?,request_help,Traffic and road incidents,hit_and_run;road_accident,urgent,False,True,True,"injury, vehicle number, location",True,True,FQ_QUICK_043,LP_TRAFFIC_ACCIDENT_001,"General guidance: First address medical safety, note vehicle details if known, preserve photos/CCTV/witnesses, and report to police or traffic authority. This is not a substitute for a lawyer or emergency service.",True,high,train
QLQ000128_hi,QLG000043,hi,Devanagari,None,Hit and run ke baad mujhe kya karna chahiye?,hit and run ke baad mujhe kya karna chahiye?,request_help,Traffic and road incidents,hit_and_run;road_accident,urgent,False,True,True,"injury, vehicle number, location",True,True,FQ_QUICK_043,LP_TRAFFIC_ACCIDENT_001,"Sadharan margdarshan: First address medical safety, note vehicle details if known, preserve photos/CCTV/witnesses, and report to police or traffic authority. Yeh lawyer ya emergency service ka badal nahi hai.",True,high,train
QLQ000129_hiLatn,QLG000043,hi-Latn,mixed,Hinglish,Hit and run ke baad kya karna chahiye?,hit and run ke baad kya karna chahiye?,request_help,Traffic and road incidents,hit_and_run;road_accident,urgent,False,True,True,"injury, vehicle number, location",True,True,FQ_QUICK_043,LP_TRAFFIC_ACCIDENT_001,"General guidance: First address medical safety, note vehicle details if known, preserve photos/CCTV/witnesses, and report to police or traffic authority. Yeh lawyer ya emergency service ka substitute nahi hai.",True,high,train
QLQ000130_en,QLG000044,en,Latin,None,Do I need to report a minor road accident?,do i need to report a minor road accident?,ask_requirement,Traffic and road incidents,minor_accident;reporting,normal,False,True,False,injury and property damage,False,False,FQ_QUICK_044,LP_MOTOR_CLAIM_001,"General guidance: Reporting may be important if there is injury, dispute, hit-and-run, public property damage, or insurance claim. Share injury and damage details. This is not a substitute for a lawyer or emergency service.",False,insufficient-information,train
QLQ000131_hi,QLG000044,hi,Devanagari,None,Minor road accident report karna zaruri hai kya?,minor road accident report karna zaruri hai kya?,ask_requirement,Traffic and road incidents,minor_accident;reporting,normal,False,True,False,injury and property damage,False,False,FQ_QUICK_044,LP_MOTOR_CLAIM_001,"Sadharan margdarshan: Reporting may be important if there is injury, dispute, hit-and-run, public property damage, or insurance claim. Share injury and damage details. Yeh lawyer ya emergency service ka badal nahi hai.",False,insufficient-information,train
QLQ000132_hiLatn,QLG000044,hi-Latn,mixed,Hinglish,Minor road accident report karna zaroori hai kya?,minor road accident report karna zaroori hai kya?,ask_requirement,Traffic and road incidents,minor_accident;reporting,normal,False,True,False,injury and property damage,False,False,FQ_QUICK_044,LP_MOTOR_CLAIM_001,"General guidance: Reporting may be important if there is injury, dispute, hit-and-run, public property damage, or insurance claim. Share injury and damage details. Yeh lawyer ya emergency service ka substitute nahi hai.",False,insufficient-information,train
QLQ000133_en,QLG000045,en,Latin,None,Can I claim insurance if the other driver ran away?,can i claim insurance if the other driver ran away?,ask_eligibility,Traffic and road incidents,insurance_claim;hit_and_run,normal,False,True,True,"policy, FIR/report, damage proof",False,True,FQ_QUICK_045,LP_HIT_AND_RUN_001,"General guidance: You may need a police report, damage photos, policy documents, and insurer notification. The exact claim depends on your policy and facts. This is not a substitute for a lawyer or emergency service.",False,high,train
QLQ000134_hi,QLG000045,hi,Devanagari,None,Agar doosra driver bhaag gaya to kya insurance claim kar sakta hoon?,agar doosra driver bhaag gaya to kya insurance claim kar sakta hoon?,ask_eligibility,Traffic and road incidents,insurance_claim;hit_and_run,normal,False,True,True,"policy, FIR/report, damage proof",False,True,FQ_QUICK_045,LP_HIT_AND_RUN_001,"Sadharan margdarshan: You may need a police report, damage photos, policy documents, and insurer notification. The exact claim depends on your policy and facts. Yeh lawyer ya emergency service ka badal nahi hai.",False,high,train
QLQ000135_hiLatn,QLG000045,hi-Latn,mixed,Hinglish,Agar doosra driver ran away to insurance claim kar sakta hoon?,agar doosra driver ran away to insurance claim kar sakta hoon?,ask_eligibility,Traffic and road incidents,insurance_claim;hit_and_run,normal,False,True,True,"policy, FIR/report, damage proof",False,True,FQ_QUICK_045,LP_HIT_AND_RUN_001,"General guidance: You may need a police report, damage photos, policy documents, and insurer notification. The exact claim depends on your policy and facts. Yeh lawyer ya emergency service ka substitute nahi hai.",False,high,train
QLQ000136_en,QLG000046,en,Latin,None,What evidence should I collect after a traffic accident?,what evidence should i collect after a traffic accident?,ask_procedure,Traffic and road incidents,traffic_evidence;accident,normal,False,False,False,location and safety status,False,True,FQ_QUICK_046,LP_TRAFFIC_ACCIDENT_001,"General guidance: Collect photos, vehicle numbers, location, time, witness contacts, medical records, repair estimates, and police/insurance documents where applicable. This is not a substitute for a lawyer or emergency service.",False,high,train
QLQ000137_hi,QLG000046,hi,Devanagari,None,Traffic accident ke baad kaunsa evidence collect karun?,traffic accident ke baad kaunsa evidence collect karun?,ask_procedure,Traffic and road incidents,traffic_evidence;accident,normal,False,False,False,location and safety status,False,True,FQ_QUICK_046,LP_TRAFFIC_ACCIDENT_001,"Sadharan margdarshan: Collect photos, vehicle numbers, location, time, witness contacts, medical records, repair estimates, and police/insurance documents where applicable. Yeh lawyer ya emergency service ka badal nahi hai.",False,high,train
QLQ000138_hiLatn,QLG000046,hi-Latn,mixed,Hinglish,Traffic accident ke baad kya evidence collect karun?,traffic accident ke baad kya evidence collect karun?,ask_procedure,Traffic and road incidents,traffic_evidence;accident,normal,False,False,False,location and safety status,False,True,FQ_QUICK_046,LP_TRAFFIC_ACCIDENT_001,"General guidance: Collect photos, vehicle numbers, location, time, witness contacts, medical records, repair estimates, and police/insurance documents where applicable. Yeh lawyer ya emergency service ka substitute nahi hai.",False,high,train
QLQ000139_en,QLG000047,en,Latin,None,Someone blocked my gate with a vehicle. Is this a police matter?,someone blocked my gate with a vehicle. is this a police matter?,ask_eligibility,Traffic and road incidents,parking_blockage;access,normal,False,True,True,"location, duration, threat, obstruction",False,True,FQ_QUICK_047,LP_MOTOR_CLAIM_001,"General guidance: It may involve traffic, police, society, or municipal action depending on obstruction and threats. Document the vehicle and location before escalation. This is not a substitute for a lawyer or emergency service.",False,high,train
QLQ000140_hi,QLG000047,hi,Devanagari,None,Kisi ne gate vehicle se block kar diya. Kya yeh police matter hai?,kisi ne gate vehicle se block kar diya. kya yeh police matter hai?,ask_eligibility,Traffic and road incidents,parking_blockage;access,normal,False,True,True,"location, duration, threat, obstruction",False,True,FQ_QUICK_047,LP_MOTOR_CLAIM_001,"Sadharan margdarshan: It may involve traffic, police, society, or municipal action depending on obstruction and threats. Document the vehicle and location before escalation. Yeh lawyer ya emergency service ka badal nahi hai.",False,high,train
QLQ000141_hiLatn,QLG000047,hi-Latn,mixed,Hinglish,Hinglish mein simple steps batao: Kisi ne gate vehicle se block kar diya. Kya yeh police matter hai?,hinglish mein simple steps batao: kisi ne gate vehicle se block kar diya. kya yeh police matter hai?,ask_eligibility,Traffic and road incidents,parking_blockage;access,normal,False,True,True,"location, duration, threat, obstruction",False,True,FQ_QUICK_047,LP_MOTOR_CLAIM_001,"General guidance: It may involve traffic, police, society, or municipal action depending on obstruction and threats. Document the vehicle and location before escalation. Yeh lawyer ya emergency service ka substitute nahi hai.",False,high,train
QLQ000142_en,QLG000048,en,Latin,None,Can I report drunk driving before an accident happens?,can i report drunk driving before an accident happens?,ask_eligibility,Traffic and road incidents,drunk_driving;public_safety,emergency,True,True,False,current location and vehicle details,True,True,FQ_QUICK_048,LP_HIT_AND_RUN_001,"General guidance: If there is immediate road danger, contact emergency or traffic police with location and vehicle details. Do not chase or confront the driver. This is not a substitute for a lawyer or emergency service.",True,medium,train
QLQ000143_hi,QLG000048,hi,Devanagari,None,Accident se pehle drunk driving report kar sakta hoon?,accident se pehle drunk driving report kar sakta hoon?,ask_eligibility,Traffic and road incidents,drunk_driving;public_safety,emergency,True,True,False,current location and vehicle details,True,True,FQ_QUICK_048,LP_HIT_AND_RUN_001,"Sadharan margdarshan: If there is immediate road danger, contact emergency or traffic police with location and vehicle details. Do not chase or confront the driver. Yeh lawyer ya emergency service ka badal nahi hai.",True,medium,train
QLQ000144_hiLatn,QLG000048,hi-Latn,mixed,Hinglish,Hinglish mein simple steps batao: Accident se pehle drunk driving report kar sakta hoon?,hinglish mein simple steps batao: accident se pehle drunk driving report kar sakta hoon?,ask_eligibility,Traffic and road incidents,drunk_driving;public_safety,emergency,True,True,False,current location and vehicle details,True,True,FQ_QUICK_048,LP_HIT_AND_RUN_001,"General guidance: If there is immediate road danger, contact emergency or traffic police with location and vehicle details. Do not chase or confront the driver. Yeh lawyer ya emergency service ka substitute nahi hai.",True,medium,train
QLQ000145_en,QLG000049,en,Latin,None,A shop refused refund for a defective product. What can I do?,a shop refused refund for a defective product. what can i do?,ask_procedure,Consumer disputes,refund_refusal;defective_product,normal,False,True,True,"purchase date, bill, product details",False,True,FQ_QUICK_049,LP_CONSUMER_COMPLAINT_001,"General guidance: Preserve invoice, product photos, warranty, and communication. You can first send a written request and then consider consumer forum or platform grievance routes. This is not a substitute for a lawyer or emergency service.",False,high,train
QLQ000146_hi,QLG000049,hi,Devanagari,None,Defective product ka refund shop mana kar raha hai. Kya karun?,defective product ka refund shop mana kar raha hai. kya karun?,ask_procedure,Consumer disputes,refund_refusal;defective_product,normal,False,True,True,"purchase date, bill, product details",False,True,FQ_QUICK_049,LP_CONSUMER_COMPLAINT_001,"Sadharan margdarshan: Preserve invoice, product photos, warranty, and communication. You can first send a written request and then consider consumer forum or platform grievance routes. Yeh lawyer ya emergency service ka badal nahi hai.",False,high,train
QLQ000147_hiLatn,QLG000049,hi-Latn,mixed,Hinglish,Defective product ka refund shop refuse kar raha hai. Kya karun?,defective product ka refund shop refuse kar raha hai. kya karun?,ask_procedure,Consumer disputes,refund_refusal;defective_product,normal,False,True,True,"purchase date, bill, product details",False,True,FQ_QUICK_049,LP_CONSUMER_COMPLAINT_001,"General guidance: Preserve invoice, product photos, warranty, and communication. You can first send a written request and then consider consumer forum or platform grievance routes. Yeh lawyer ya emergency service ka substitute nahi hai.",False,high,train
QLQ000148_en,QLG000050,en,Latin,None,Can I complain about hidden charges?,can i complain about hidden charges?,ask_eligibility,Consumer disputes,hidden_charges;consumer,normal,False,True,True,"bill, advertised price, merchant",False,True,FQ_QUICK_050,LP_REFUND_RIGHTS_001,"General guidance: Hidden or misleading charges may be a consumer issue. Keep the bill, advertisement, payment proof, and merchant response. This is not a substitute for a lawyer or emergency service.",False,high,train
QLQ000149_hi,QLG000050,hi,Devanagari,None,Hidden charges ke liye complaint kar sakta hoon?,hidden charges ke liye complaint kar sakta hoon?,ask_eligibility,Consumer disputes,hidden_charges;consumer,normal,False,True,True,"bill, advertised price, merchant",False,True,FQ_QUICK_050,LP_REFUND_RIGHTS_001,"Sadharan margdarshan: Hidden or misleading charges may be a consumer issue. Keep the bill, advertisement, payment proof, and merchant response. Yeh lawyer ya emergency service ka badal nahi hai.",False,high,train
QLQ000150_hiLatn,QLG000050,hi-Latn,mixed,Hinglish,Hinglish mein simple steps batao: Hidden charges ke liye complaint kar sakta hoon?,hinglish mein simple steps batao: hidden charges ke liye complaint kar sakta hoon?,ask_eligibility,Consumer disputes,hidden_charges;consumer,normal,False,True,True,"bill, advertised price, merchant",False,True,FQ_QUICK_050,LP_REFUND_RIGHTS_001,"General guidance: Hidden or misleading charges may be a consumer issue. Keep the bill, advertisement, payment proof, and merchant response. Yeh lawyer ya emergency service ka substitute nahi hai.",False,high,train
QLQ000151_en,QLG000051,en,Latin,None,What proof do I need for false advertising?,what proof do i need for false advertising?,ask_procedure,Consumer disputes,false_advertising;evidence,normal,False,False,False,ad and purchase proof,False,True,FQ_QUICK_051,LP_ECOMMERCE_001,"General guidance: Useful proof includes advertisement screenshot, invoice, product/service details, promises made, and seller response. This is not a substitute for a lawyer or emergency service.",False,high,train
QLQ000152_hi,QLG000051,hi,Devanagari,None,False advertising ke liye kaunsa proof chahiye?,false advertising ke liye kaunsa proof chahiye?,ask_procedure,Consumer disputes,false_advertising;evidence,normal,False,False,False,ad and purchase proof,False,True,FQ_QUICK_051,LP_ECOMMERCE_001,"Sadharan margdarshan: Useful proof includes advertisement screenshot, invoice, product/service details, promises made, and seller response. Yeh lawyer ya emergency service ka badal nahi hai.",False,high,train
QLQ000153_hiLatn,QLG000051,hi-Latn,mixed,Hinglish,False advertising ke liye kya proof chahiye?,false advertising ke liye kya proof chahiye?,ask_procedure,Consumer disputes,false_advertising;evidence,normal,False,False,False,ad and purchase proof,False,True,FQ_QUICK_051,LP_ECOMMERCE_001,"General guidance: Useful proof includes advertisement screenshot, invoice, product/service details, promises made, and seller response. Yeh lawyer ya emergency service ka substitute nahi hai.",False,high,train
QLQ000154_en,QLG000052,en,Latin,None,Can I file consumer complaint for online order fraud?,can i file consumer complaint for online order fraud?,ask_eligibility,Consumer disputes,online_order;consumer_fraud,normal,False,True,False,"platform, payment, delivery details",False,False,FQ_QUICK_052,LP_CONSUMER_COMPLAINT_001,"General guidance: Depending on fraud facts, both consumer and cyber/police routes may apply. Preserve order details, payment proof, chats, and delivery records. This is not a substitute for a lawyer or emergency service.",False,insufficient-information,train
QLQ000155_hi,QLG000052,hi,Devanagari,None,Online order fraud ke liye consumer complaint kar sakta hoon?,online order fraud ke liye consumer complaint kar sakta hoon?,ask_eligibility,Consumer disputes,online_order;consumer_fraud,normal,False,True,False,"platform, payment, delivery details",False,False,FQ_QUICK_052,LP_CONSUMER_COMPLAINT_001,"Sadharan margdarshan: Depending on fraud facts, both consumer and cyber/police routes may apply. Preserve order details, payment proof, chats, and delivery records. Yeh lawyer ya emergency service ka badal nahi hai.",False,insufficient-information,train
QLQ000156_hiLatn,QLG000052,hi-Latn,mixed,Hinglish,Hinglish mein simple steps batao: Online order fraud ke liye consumer complaint kar sakta hoon?,hinglish mein simple steps batao: online order fraud ke liye consumer complaint kar sakta hoon?,ask_eligibility,Consumer disputes,online_order;consumer_fraud,normal,False,True,False,"platform, payment, delivery details",False,False,FQ_QUICK_052,LP_CONSUMER_COMPLAINT_001,"General guidance: Depending on fraud facts, both consumer and cyber/police routes may apply. Preserve order details, payment proof, chats, and delivery records. Yeh lawyer ya emergency service ka substitute nahi hai.",False,insufficient-information,train
QLQ000157_en,QLG000053,en,Latin,None,How much time do I have to complain about a bad service?,how much time do i have to complain about a bad service?,ask_consequence,Consumer disputes,limitation;consumer_service,normal,False,True,True,service date and forum,False,True,FQ_QUICK_053,LP_REFUND_RIGHTS_001,"General guidance: Limitation depends on forum and facts, so the service date matters. Share when the issue happened and what remedy you already requested. This is not a substitute for a lawyer or emergency service.",False,high,train
QLQ000158_hi,QLG000053,hi,Devanagari,None,Bad service ke baare mein complaint karne ka time kitna hota hai?,bad service ke baare mein complaint karne ka time kitna hota hai?,ask_consequence,Consumer disputes,limitation;consumer_service,normal,False,True,True,service date and forum,False,True,FQ_QUICK_053,LP_REFUND_RIGHTS_001,"Sadharan margdarshan: Limitation depends on forum and facts, so the service date matters. Share when the issue happened and what remedy you already requested. Yeh lawyer ya emergency service ka badal nahi hai.",False,high,train
QLQ000159_hiLatn,QLG000053,hi-Latn,mixed,Hinglish,Bad service complaint ke liye kitna time hota hai?,bad service complaint ke liye kitna time hota hai?,ask_consequence,Consumer disputes,limitation;consumer_service,normal,False,True,True,service date and forum,False,True,FQ_QUICK_053,LP_REFUND_RIGHTS_001,"General guidance: Limitation depends on forum and facts, so the service date matters. Share when the issue happened and what remedy you already requested. Yeh lawyer ya emergency service ka substitute nahi hai.",False,high,train
QLQ000160_en,QLG000054,en,Latin,None,The seller is ignoring my messages. What is the next step?,the seller is ignoring my messages. what is the next step?,ask_procedure,Consumer disputes,seller_nonresponse;consumer,normal,False,True,True,merchant identity and payment proof,False,True,FQ_QUICK_054,LP_ECOMMERCE_001,"General guidance: Send a clear written complaint with proof and deadline. If unresolved, escalate through platform grievance, consumer helpline/forum, or relevant legal notice route. This is not a substitute for a lawyer or emergency service.",False,high,train
QLQ000161_hi,QLG000054,hi,Devanagari,None,Seller messages ignore kar raha hai. Next step kya hai?,seller messages ignore kar raha hai. next step kya hai?,ask_procedure,Consumer disputes,seller_nonresponse;consumer,normal,False,True,True,merchant identity and payment proof,False,True,FQ_QUICK_054,LP_ECOMMERCE_001,"Sadharan margdarshan: Send a clear written complaint with proof and deadline. If unresolved, escalate through platform grievance, consumer helpline/forum, or relevant legal notice route. Yeh lawyer ya emergency service ka badal nahi hai.",False,high,train
QLQ000162_hiLatn,QLG000054,hi-Latn,mixed,Hinglish,Hinglish mein simple steps batao: Seller messages ignore kar raha hai. Next step kya hai?,hinglish mein simple steps batao: seller messages ignore kar raha hai. next step kya hai?,ask_procedure,Consumer disputes,seller_nonresponse;consumer,normal,False,True,True,merchant identity and payment proof,False,True,FQ_QUICK_054,LP_ECOMMERCE_001,"General guidance: Send a clear written complaint with proof and deadline. If unresolved, escalate through platform grievance, consumer helpline/forum, or relevant legal notice route. Yeh lawyer ya emergency service ka substitute nahi hai.",False,high,train
QLQ000163_en,QLG000055,en,Latin,None,My partner is threatening me at home. What should I do?,my partner is threatening me at home. what should i do?,request_help,Family and domestic safety,domestic_threat;current_safety,emergency,True,True,True,"current safety, location, injuries",True,True,FQ_QUICK_055,LP_DOMESTIC_VIOLENCE_001,"General guidance: Prioritize immediate safety, contact emergency help or trusted support if in danger, preserve evidence, and seek domestic violence/legal aid support. This is not a substitute for a lawyer or emergency service.",True,medium,train
QLQ000164_hi,QLG000055,hi,Devanagari,None,Mera partner ghar par dhamki de raha hai. Kya karun?,mera partner ghar par dhamki de raha hai. kya karun?,request_help,Family and domestic safety,domestic_threat;current_safety,emergency,True,True,True,"current safety, location, injuries",True,True,FQ_QUICK_055,LP_DOMESTIC_VIOLENCE_001,"Sadharan margdarshan: Prioritize immediate safety, contact emergency help or trusted support if in danger, preserve evidence, and seek domestic violence/legal aid support. Yeh lawyer ya emergency service ka badal nahi hai.",True,medium,train
QLQ000165_hiLatn,QLG000055,hi-Latn,mixed,Hinglish,Mera partner ghar par threaten kar raha hai. Kya karun?,mera partner ghar par threaten kar raha hai. kya karun?,request_help,Family and domestic safety,domestic_threat;current_safety,emergency,True,True,True,"current safety, location, injuries",True,True,FQ_QUICK_055,LP_DOMESTIC_VIOLENCE_001,"General guidance: Prioritize immediate safety, contact emergency help or trusted support if in danger, preserve evidence, and seek domestic violence/legal aid support. Yeh lawyer ya emergency service ka substitute nahi hai.",True,medium,train
QLQ000166_en,QLG000056,en,Latin,None,Can I ask court for urgent child visitation?,can i ask court for urgent child visitation?,ask_eligibility,Family and domestic safety,child_visitation;urgent_relief,normal,False,True,False,existing order and child safety,False,False,FQ_QUICK_056,LP_FAMILY_COURT_001,"General guidance: Urgent relief may depend on existing orders, child welfare, and facts. Share current order status, blocked access details, and any safety concern. This is not a substitute for a lawyer or emergency service.",True,insufficient-information,train
QLQ000167_hi,QLG000056,hi,Devanagari,None,Kya main urgent child visitation ke liye court ja sakta hoon?,kya main urgent child visitation ke liye court ja sakta hoon?,ask_eligibility,Family and domestic safety,child_visitation;urgent_relief,normal,False,True,False,existing order and child safety,False,False,FQ_QUICK_056,LP_FAMILY_COURT_001,"Sadharan margdarshan: Urgent relief may depend on existing orders, child welfare, and facts. Share current order status, blocked access details, and any safety concern. Yeh lawyer ya emergency service ka badal nahi hai.",True,insufficient-information,train
QLQ000168_hiLatn,QLG000056,hi-Latn,mixed,Hinglish,Kya urgent child visitation ke liye court ja sakta hoon?,kya urgent child visitation ke liye court ja sakta hoon?,ask_eligibility,Family and domestic safety,child_visitation;urgent_relief,normal,False,True,False,existing order and child safety,False,False,FQ_QUICK_056,LP_FAMILY_COURT_001,"General guidance: Urgent relief may depend on existing orders, child welfare, and facts. Share current order status, blocked access details, and any safety concern. Yeh lawyer ya emergency service ka substitute nahi hai.",True,insufficient-information,train
QLQ000169_en,QLG000057,en,Latin,None,What proof is useful in dowry harassment?,what proof is useful in dowry harassment?,ask_procedure,Family and domestic safety,dowry_harassment;evidence,urgent,False,True,True,"threats, injuries, messages, witnesses",True,True,FQ_QUICK_057,LP_CHILD_CUSTODY_001,"General guidance: Evidence may include messages, call records, medical records, witness details, demand details, photos, and prior complaints. Safety comes first if threats continue. This is not a substitute for a lawyer or emergency service.",True,high,train
QLQ000170_hi,QLG000057,hi,Devanagari,None,Dowry harassment mein kaunsa proof useful hai?,dowry harassment mein kaunsa proof useful hai?,ask_procedure,Family and domestic safety,dowry_harassment;evidence,urgent,False,True,True,"threats, injuries, messages, witnesses",True,True,FQ_QUICK_057,LP_CHILD_CUSTODY_001,"Sadharan margdarshan: Evidence may include messages, call records, medical records, witness details, demand details, photos, and prior complaints. Safety comes first if threats continue. Yeh lawyer ya emergency service ka badal nahi hai.",True,high,train
QLQ000171_hiLatn,QLG000057,hi-Latn,mixed,Hinglish,Dowry harassment mein kya proof useful hai?,dowry harassment mein kya proof useful hai?,ask_procedure,Family and domestic safety,dowry_harassment;evidence,urgent,False,True,True,"threats, injuries, messages, witnesses",True,True,FQ_QUICK_057,LP_CHILD_CUSTODY_001,"General guidance: Evidence may include messages, call records, medical records, witness details, demand details, photos, and prior complaints. Safety comes first if threats continue. Yeh lawyer ya emergency service ka substitute nahi hai.",True,high,train
QLQ000172_en,QLG000058,en,Latin,None,Can I get protection without filing for divorce?,can i get protection without filing for divorce?,ask_eligibility,Family and domestic safety,protection_order;domestic_violence,urgent,True,True,True,relationship and danger status,True,True,FQ_QUICK_058,LP_DOMESTIC_VIOLENCE_001,"General guidance: Protection remedies may be separate from divorce. The right route depends on relationship, violence, residence, and current safety. This is not a substitute for a lawyer or emergency service.",True,high,train
QLQ000173_hi,QLG000058,hi,Devanagari,None,Divorce file kiye bina protection mil sakti hai kya?,divorce file kiye bina protection mil sakti hai kya?,ask_eligibility,Family and domestic safety,protection_order;domestic_violence,urgent,True,True,True,relationship and danger status,True,True,FQ_QUICK_058,LP_DOMESTIC_VIOLENCE_001,"Sadharan margdarshan: Protection remedies may be separate from divorce. The right route depends on relationship, violence, residence, and current safety. Yeh lawyer ya emergency service ka badal nahi hai.",True,high,train
QLQ000174_hiLatn,QLG000058,hi-Latn,mixed,Hinglish,Hinglish mein simple steps batao: Divorce file kiye bina protection mil sakti hai kya?,hinglish mein simple steps batao: divorce file kiye bina protection mil sakti hai kya?,ask_eligibility,Family and domestic safety,protection_order;domestic_violence,urgent,True,True,True,relationship and danger status,True,True,FQ_QUICK_058,LP_DOMESTIC_VIOLENCE_001,"General guidance: Protection remedies may be separate from divorce. The right route depends on relationship, violence, residence, and current safety. Yeh lawyer ya emergency service ka substitute nahi hai.",True,high,train
QLQ000175_en,QLG000059,en,Latin,None,My ex is blocking me from seeing my child. What information matters?,my ex is blocking me from seeing my child. what information matters?,ask_procedure,Family and domestic safety,custody_access;family_court,normal,False,True,True,"existing order, child age, access schedule",False,True,FQ_QUICK_059,LP_FAMILY_COURT_001,"General guidance: Important details include existing orders, agreed schedule, child welfare, dates of denial, communication proof, and whether urgent interim relief is needed. This is not a substitute for a lawyer or emergency service.",True,high,train
QLQ000176_hi,QLG000059,hi,Devanagari,None,Mera ex mujhe child se milne nahi de raha. Kaunsi information important hai?,mera ex mujhe child se milne nahi de raha. kaunsi information important hai?,ask_procedure,Family and domestic safety,custody_access;family_court,normal,False,True,True,"existing order, child age, access schedule",False,True,FQ_QUICK_059,LP_FAMILY_COURT_001,"Sadharan margdarshan: Important details include existing orders, agreed schedule, child welfare, dates of denial, communication proof, and whether urgent interim relief is needed. Yeh lawyer ya emergency service ka badal nahi hai.",True,high,train
QLQ000177_hiLatn,QLG000059,hi-Latn,mixed,Hinglish,Mera ex child access block kar raha hai. Kaunsi info important hai?,mera ex child access block kar raha hai. kaunsi info important hai?,ask_procedure,Family and domestic safety,custody_access;family_court,normal,False,True,True,"existing order, child age, access schedule",False,True,FQ_QUICK_059,LP_FAMILY_COURT_001,"General guidance: Important details include existing orders, agreed schedule, child welfare, dates of denial, communication proof, and whether urgent interim relief is needed. Yeh lawyer ya emergency service ka substitute nahi hai.",True,high,train
QLQ000178_en,QLG000060,en,Latin,None,Can emotional abuse be reported?,can emotional abuse be reported?,ask_eligibility,Family and domestic safety,emotional_abuse;domestic_violence,normal,False,True,False,"relationship, pattern, safety",False,False,FQ_QUICK_060,LP_CHILD_CUSTODY_001,"General guidance: Emotional abuse may be relevant in domestic or family-law remedies, especially if repeated or controlling. Share pattern, relationship, evidence, and safety status. This is not a substitute for a lawyer or emergency service.",True,insufficient-information,train
QLQ000179_hi,QLG000060,hi,Devanagari,None,Kya emotional abuse report ho sakta hai?,kya emotional abuse report ho sakta hai?,ask_eligibility,Family and domestic safety,emotional_abuse;domestic_violence,normal,False,True,False,"relationship, pattern, safety",False,False,FQ_QUICK_060,LP_CHILD_CUSTODY_001,"Sadharan margdarshan: Emotional abuse may be relevant in domestic or family-law remedies, especially if repeated or controlling. Share pattern, relationship, evidence, and safety status. Yeh lawyer ya emergency service ka badal nahi hai.",True,insufficient-information,train
QLQ000180_hiLatn,QLG000060,hi-Latn,mixed,Hinglish,Hinglish mein simple steps batao: Kya emotional abuse report ho sakta hai?,hinglish mein simple steps batao: kya emotional abuse report ho sakta hai?,ask_eligibility,Family and domestic safety,emotional_abuse;domestic_violence,normal,False,True,False,"relationship, pattern, safety",False,False,FQ_QUICK_060,LP_CHILD_CUSTODY_001,"General guidance: Emotional abuse may be relevant in domestic or family-law remedies, especially if repeated or controlling. Share pattern, relationship, evidence, and safety status. Yeh lawyer ya emergency service ka substitute nahi hai.",True,insufficient-information,train
QLQ000181_en,QLG000061,en,Latin,None,Someone is trying to take over my land. Should I call police?,someone is trying to take over my land. should i call police?,request_help,Property and labour,land_encroachment;police_help,urgent,True,True,True,"current possession, threat, documents",True,True,FQ_QUICK_061,LP_PROPERTY_DISPUTE_001,"General guidance: If there is active force, trespass, threat, or damage, immediate police help may be needed. Preserve documents/photos and avoid confrontation. This is not a substitute for a lawyer or emergency service.",True,high,train
QLQ000182_hi,QLG000061,hi,Devanagari,None,Koi meri zameen par kabza karne ki koshish kar raha hai. Police bulaun?,koi meri zameen par kabza karne ki koshish kar raha hai. police bulaun?,request_help,Property and labour,land_encroachment;police_help,urgent,True,True,True,"current possession, threat, documents",True,True,FQ_QUICK_061,LP_PROPERTY_DISPUTE_001,"Sadharan margdarshan: If there is active force, trespass, threat, or damage, immediate police help may be needed. Preserve documents/photos and avoid confrontation. Yeh lawyer ya emergency service ka badal nahi hai.",True,high,train
QLQ000183_hiLatn,QLG000061,hi-Latn,mixed,Hinglish,Koi meri land take over kar raha hai. Police call karun?,koi meri land take over kar raha hai. police call karun?,request_help,Property and labour,land_encroachment;police_help,urgent,True,True,True,"current possession, threat, documents",True,True,FQ_QUICK_061,LP_PROPERTY_DISPUTE_001,"General guidance: If there is active force, trespass, threat, or damage, immediate police help may be needed. Preserve documents/photos and avoid confrontation. Yeh lawyer ya emergency service ka substitute nahi hai.",True,high,train
QLQ000184_en,QLG000062,en,Latin,None,My landlord changed the lock. What can I do?,my landlord changed the lock. what can i do?,ask_procedure,Property and labour,tenant_lockout;property_access,urgent,False,True,True,tenancy proof and current access,True,True,FQ_QUICK_062,LP_LABOUR_COMPLAINT_001,"General guidance: Keep tenancy/payment proof, document the lock change, and seek local legal/police or rent authority guidance depending on threat and possession facts. This is not a substitute for a lawyer or emergency service.",True,high,train
QLQ000185_hi,QLG000062,hi,Devanagari,None,Landlord ne lock change kar diya. Main kya karun?,landlord ne lock change kar diya. main kya karun?,ask_procedure,Property and labour,tenant_lockout;property_access,urgent,False,True,True,tenancy proof and current access,True,True,FQ_QUICK_062,LP_LABOUR_COMPLAINT_001,"Sadharan margdarshan: Keep tenancy/payment proof, document the lock change, and seek local legal/police or rent authority guidance depending on threat and possession facts. Yeh lawyer ya emergency service ka badal nahi hai.",True,high,train
QLQ000186_hiLatn,QLG000062,hi-Latn,mixed,Hinglish,Landlord ne lock change kar diya. Kya karun?,landlord ne lock change kar diya. kya karun?,ask_procedure,Property and labour,tenant_lockout;property_access,urgent,False,True,True,tenancy proof and current access,True,True,FQ_QUICK_062,LP_LABOUR_COMPLAINT_001,"General guidance: Keep tenancy/payment proof, document the lock change, and seek local legal/police or rent authority guidance depending on threat and possession facts. Yeh lawyer ya emergency service ka substitute nahi hai.",True,high,train
QLQ000187_en,QLG000063,en,Latin,None,What documents prove property ownership?,what documents prove property ownership?,ask_requirement,Property and labour,ownership_documents;property,normal,False,False,False,property type,False,True,FQ_QUICK_063,LP_WAGE_CLAIM_001,"General guidance: Common documents may include sale deed, title papers, tax receipts, inheritance papers, mutation records, tenancy documents, or possession proof depending on the dispute. This is not a substitute for a lawyer or emergency service.",False,high,train
QLQ000188_hi,QLG000063,hi,Devanagari,None,Property ownership prove karne ke liye kaunse documents chahiye?,property ownership prove karne ke liye kaunse documents chahiye?,ask_requirement,Property and labour,ownership_documents;property,normal,False,False,False,property type,False,True,FQ_QUICK_063,LP_WAGE_CLAIM_001,"Sadharan margdarshan: Common documents may include sale deed, title papers, tax receipts, inheritance papers, mutation records, tenancy documents, or possession proof depending on the dispute. Yeh lawyer ya emergency service ka badal nahi hai.",False,high,train
QLQ000189_hiLatn,QLG000063,hi-Latn,mixed,Hinglish,Property ownership prove karne ke liye kya documents chahiye?,property ownership prove karne ke liye kya documents chahiye?,ask_requirement,Property and labour,ownership_documents;property,normal,False,False,False,property type,False,True,FQ_QUICK_063,LP_WAGE_CLAIM_001,"General guidance: Common documents may include sale deed, title papers, tax receipts, inheritance papers, mutation records, tenancy documents, or possession proof depending on the dispute. Yeh lawyer ya emergency service ka substitute nahi hai.",False,high,train
QLQ000190_en,QLG000064,en,Latin,None,My employer has not paid salary. What should I collect?,my employer has not paid salary. what should i collect?,ask_procedure,Property and labour,unpaid_wages;evidence,normal,False,True,False,employment type and amount,False,False,FQ_QUICK_064,LP_PROPERTY_DISPUTE_001,"General guidance: Collect appointment letter, payslips, attendance, bank statements, messages, emails, wage calculations, and any HR complaint records. This is not a substitute for a lawyer or emergency service.",False,insufficient-information,train
QLQ000191_hi,QLG000064,hi,Devanagari,None,Employer salary nahi de raha. Mujhe kya collect karna chahiye?,employer salary nahi de raha. mujhe kya collect karna chahiye?,ask_procedure,Property and labour,unpaid_wages;evidence,normal,False,True,False,employment type and amount,False,False,FQ_QUICK_064,LP_PROPERTY_DISPUTE_001,"Sadharan margdarshan: Collect appointment letter, payslips, attendance, bank statements, messages, emails, wage calculations, and any HR complaint records. Yeh lawyer ya emergency service ka badal nahi hai.",False,insufficient-information,train
QLQ000192_hiLatn,QLG000064,hi-Latn,mixed,Hinglish,Employer salary nahi de raha. Kya collect karna chahiye?,employer salary nahi de raha. kya collect karna chahiye?,ask_procedure,Property and labour,unpaid_wages;evidence,normal,False,True,False,employment type and amount,False,False,FQ_QUICK_064,LP_PROPERTY_DISPUTE_001,"General guidance: Collect appointment letter, payslips, attendance, bank statements, messages, emails, wage calculations, and any HR complaint records. Yeh lawyer ya emergency service ka substitute nahi hai.",False,insufficient-information,train
QLQ000193_en,QLG000065,en,Latin,None,Can I complain about unsafe workplace conditions?,can i complain about unsafe workplace conditions?,ask_eligibility,Property and labour,workplace_safety;labour,urgent,True,True,True,"hazard, injury, employer details",True,True,FQ_QUICK_065,LP_LABOUR_COMPLAINT_001,"General guidance: Unsafe conditions can be reported through workplace, labour, or safety channels depending on hazard. If there is immediate risk, prioritize safety and emergency support. This is not a substitute for a lawyer or emergency service.",True,high,train
QLQ000194_hi,QLG000065,hi,Devanagari,None,Unsafe workplace conditions ke liye complaint kar sakta hoon?,unsafe workplace conditions ke liye complaint kar sakta hoon?,ask_eligibility,Property and labour,workplace_safety;labour,urgent,True,True,True,"hazard, injury, employer details",True,True,FQ_QUICK_065,LP_LABOUR_COMPLAINT_001,"Sadharan margdarshan: Unsafe conditions can be reported through workplace, labour, or safety channels depending on hazard. If there is immediate risk, prioritize safety and emergency support. Yeh lawyer ya emergency service ka badal nahi hai.",True,high,train
QLQ000195_hiLatn,QLG000065,hi-Latn,mixed,Hinglish,Hinglish mein simple steps batao: Unsafe workplace conditions ke liye complaint kar sakta hoon?,hinglish mein simple steps batao: unsafe workplace conditions ke liye complaint kar sakta hoon?,ask_eligibility,Property and labour,workplace_safety;labour,urgent,True,True,True,"hazard, injury, employer details",True,True,FQ_QUICK_065,LP_LABOUR_COMPLAINT_001,"General guidance: Unsafe conditions can be reported through workplace, labour, or safety channels depending on hazard. If there is immediate risk, prioritize safety and emergency support. Yeh lawyer ya emergency service ka substitute nahi hai.",True,high,train
QLQ000196_en,QLG000066,en,Latin,None,I was fired without notice. What details matter?,i was fired without notice. what details matter?,ask_procedure,Property and labour,unfair_termination;labour,normal,False,True,True,employment contract and termination date,False,True,FQ_QUICK_066,LP_WAGE_CLAIM_001,"General guidance: Relevant details include contract terms, appointment letter, termination date, reason given, salary records, emails, and internal complaint history. This is not a substitute for a lawyer or emergency service.",False,high,train
QLQ000197_hi,QLG000066,hi,Devanagari,None,Mujhe notice ke bina fire kar diya. Kaunsi details matter karti hain?,mujhe notice ke bina fire kar diya. kaunsi details matter karti hain?,ask_procedure,Property and labour,unfair_termination;labour,normal,False,True,True,employment contract and termination date,False,True,FQ_QUICK_066,LP_WAGE_CLAIM_001,"Sadharan margdarshan: Relevant details include contract terms, appointment letter, termination date, reason given, salary records, emails, and internal complaint history. Yeh lawyer ya emergency service ka badal nahi hai.",False,high,train
QLQ000198_hiLatn,QLG000066,hi-Latn,mixed,Hinglish,Mujhe bina notice fired kar diya. Kaunsi details matter karti hain?,mujhe bina notice fired kar diya. kaunsi details matter karti hain?,ask_procedure,Property and labour,unfair_termination;labour,normal,False,True,True,employment contract and termination date,False,True,FQ_QUICK_066,LP_WAGE_CLAIM_001,"General guidance: Relevant details include contract terms, appointment letter, termination date, reason given, salary records, emails, and internal complaint history. Yeh lawyer ya emergency service ka substitute nahi hai.",False,high,train
QLQ000199_en,QLG000067,en,Latin,None,I need a clear next step: Police are refusing to take my complaint after a theft. What should I do?,i need a clear next step: police are refusing to take my complaint after a theft. what should i do?,ask_procedure,Crime reporting,police_refusal;theft_reporting,normal,False,True,True,incident location and police station name,False,True,FQ_QUICK_067,LP_CRIME_REPORTING_001,"General guidance: You can ask the police station to record your information, request reasons if they refuse, and escalate to a senior police officer or appropriate complaint channel. If there is immediate danger, contact emergency services first. This is not a substitute for a lawyer or emergency service.",True,high,validation
QLQ000200_hi,QLG000067,hi,Devanagari,None,Kripya clear next step batayein: Police theft complaint lene se mana kar rahi hai. Mujhe kya karna chahiye?,kripya clear next step batayein: police theft complaint lene se mana kar rahi hai. mujhe kya karna chahiye?,ask_procedure,Crime reporting,police_refusal;theft_reporting,normal,False,True,True,incident location and police station name,False,True,FQ_QUICK_067,LP_CRIME_REPORTING_001,"Sadharan margdarshan: You can ask the police station to record your information, request reasons if they refuse, and escalate to a senior police officer or appropriate complaint channel. If there is immediate danger, contact emergency services first. Yeh lawyer ya emergency service ka badal nahi hai.",True,high,validation
QLQ000201_hiLatn,QLG000067,hi-Latn,mixed,Hinglish,Please clear next step batao: Police theft complaint lene se mana kar rahi hai. Mujhe kya karna chahiye?,please clear next step batao: police theft complaint lene se mana kar rahi hai. mujhe kya karna chahiye?,ask_procedure,Crime reporting,police_refusal;theft_reporting,normal,False,True,True,incident location and police station name,False,True,FQ_QUICK_067,LP_CRIME_REPORTING_001,"General guidance: You can ask the police station to record your information, request reasons if they refuse, and escalate to a senior police officer or appropriate complaint channel. If there is immediate danger, contact emergency services first. Yeh lawyer ya emergency service ka substitute nahi hai.",True,high,validation
QLQ000202_en,QLG000068,en,Latin,None,I need a clear next step: Can I file a police complaint if the offence happened in another city?,i need a clear next step: can i file a police complaint if the offence happened in another city?,ask_procedure,Crime reporting,jurisdiction;zero_fir,normal,False,True,False,state and place of incident,False,False,FQ_QUICK_068,LP_FIR_PROCESS_001,"General guidance: For serious offences, you may ask about Zero FIR or transfer to the proper police station. The exact process can depend on the state and offence, so share the incident location. This is not a substitute for a lawyer or emergency service.",True,insufficient-information,validation
QLQ000203_hi,QLG000068,hi,Devanagari,None,Kripya clear next step batayein: Kya main doosre shehar mein hui ghatna ke liye police complaint de sakta hoon?,kripya clear next step batayein: kya main doosre shehar mein hui ghatna ke liye police complaint de sakta hoon?,ask_procedure,Crime reporting,jurisdiction;zero_fir,normal,False,True,False,state and place of incident,False,False,FQ_QUICK_068,LP_FIR_PROCESS_001,"Sadharan margdarshan: For serious offences, you may ask about Zero FIR or transfer to the proper police station. The exact process can depend on the state and offence, so share the incident location. Yeh lawyer ya emergency service ka badal nahi hai.",True,insufficient-information,validation
QLQ000204_hiLatn,QLG000068,hi-Latn,mixed,Hinglish,Please clear next step batao: Kya main doosre city mein hui incident ke liye police complaint de sakta hoon?,please clear next step batao: kya main doosre city mein hui incident ke liye police complaint de sakta hoon?,ask_procedure,Crime reporting,jurisdiction;zero_fir,normal,False,True,False,state and place of incident,False,False,FQ_QUICK_068,LP_FIR_PROCESS_001,"General guidance: For serious offences, you may ask about Zero FIR or transfer to the proper police station. The exact process can depend on the state and offence, so share the incident location. Yeh lawyer ya emergency service ka substitute nahi hai.",True,insufficient-information,validation
QLQ000205_en,QLG000069,en,Latin,None,I need a clear next step: Someone threatened me online. Is this reportable?,i need a clear next step: someone threatened me online. is this reportable?,ask_eligibility,Crime reporting,online_threat;cybercrime_reporting,urgent,True,True,True,"threat content, platform, and current danger",True,True,FQ_QUICK_069,LP_ZERO_FIR_001,"General guidance: Online threats can be reportable, especially if they include intimidation, extortion, stalking, or risk of violence. Preserve screenshots and avoid engaging further. If you are in immediate danger, contact emergency help. This is not a substitute for a lawyer or emergency service.",True,high,validation
QLQ000206_hi,QLG000069,hi,Devanagari,None,Kripya clear next step batayein: Kisi ne mujhe online dhamki di hai. Kya main report kar sakta hoon?,kripya clear next step batayein: kisi ne mujhe online dhamki di hai. kya main report kar sakta hoon?,ask_eligibility,Crime reporting,online_threat;cybercrime_reporting,urgent,True,True,True,"threat content, platform, and current danger",True,True,FQ_QUICK_069,LP_ZERO_FIR_001,"Sadharan margdarshan: Online threats can be reportable, especially if they include intimidation, extortion, stalking, or risk of violence. Preserve screenshots and avoid engaging further. If you are in immediate danger, contact emergency help. Yeh lawyer ya emergency service ka badal nahi hai.",True,high,validation
QLQ000207_hiLatn,QLG000069,hi-Latn,mixed,Hinglish,Please clear next step batao: Kisi ne mujhe online threat diya hai. Kya main report kar sakta hoon?,please clear next step batao: kisi ne mujhe online threat diya hai. kya main report kar sakta hoon?,ask_eligibility,Crime reporting,online_threat;cybercrime_reporting,urgent,True,True,True,"threat content, platform, and current danger",True,True,FQ_QUICK_069,LP_ZERO_FIR_001,"General guidance: Online threats can be reportable, especially if they include intimidation, extortion, stalking, or risk of violence. Preserve screenshots and avoid engaging further. If you are in immediate danger, contact emergency help. Yeh lawyer ya emergency service ka substitute nahi hai.",True,high,validation
QLQ000208_en,QLG000070,en,Latin,None,I need a clear next step: Is it necessary to know the accused person name before reporting?,i need a clear next step: is it necessary to know the accused person name before reporting?,ask_requirement,Crime reporting,unknown_accused;complaint_drafting,normal,False,False,False,known facts and available identifiers,False,True,FQ_QUICK_070,LP_EMERGENCY_HELP_001,"General guidance: You can usually report known facts even if you do not know the accused person name. Describe identifiers, evidence, location, timing, and how the incident happened. This is not a substitute for a lawyer or emergency service.",True,high,validation
QLQ000209_hi,QLG000070,hi,Devanagari,None,Kripya clear next step batayein: Report karne se pehle kya accused ka naam pata hona zaruri hai?,kripya clear next step batayein: report karne se pehle kya accused ka naam pata hona zaruri hai?,ask_requirement,Crime reporting,unknown_accused;complaint_drafting,normal,False,False,False,known facts and available identifiers,False,True,FQ_QUICK_070,LP_EMERGENCY_HELP_001,"Sadharan margdarshan: You can usually report known facts even if you do not know the accused person name. Describe identifiers, evidence, location, timing, and how the incident happened. Yeh lawyer ya emergency service ka badal nahi hai.",True,high,validation
QLQ000210_hiLatn,QLG000070,hi-Latn,mixed,Hinglish,Please clear next step batao: Report karne se pehle kya accused ka naam pata hona zaroori hai?,please clear next step batao: report karne se pehle kya accused ka naam pata hona zaroori hai?,ask_requirement,Crime reporting,unknown_accused;complaint_drafting,normal,False,False,False,known facts and available identifiers,False,True,FQ_QUICK_070,LP_EMERGENCY_HELP_001,"General guidance: You can usually report known facts even if you do not know the accused person name. Describe identifiers, evidence, location, timing, and how the incident happened. Yeh lawyer ya emergency service ka substitute nahi hai.",True,high,validation
QLQ000211_en,QLG000071,en,Latin,None,I need a clear next step: What details should I write in a complaint about assault?,i need a clear next step: what details should i write in a complaint about assault?,ask_procedure,Crime reporting,assault;complaint_contents,urgent,False,True,True,"injury, threat, weapon, location, date, witnesses",False,True,FQ_QUICK_071,LP_CRIME_REPORTING_001,"General guidance: Mention date, time, place, what was said or done, injuries, weapons if any, witnesses, evidence, and whether you need immediate protection or medical help. This is not a substitute for a lawyer or emergency service.",True,high,validation
QLQ000212_hi,QLG000071,hi,Devanagari,None,Kripya clear next step batayein: Assault complaint mein kaunsi details likhni chahiye?,kripya clear next step batayein: assault complaint mein kaunsi details likhni chahiye?,ask_procedure,Crime reporting,assault;complaint_contents,urgent,False,True,True,"injury, threat, weapon, location, date, witnesses",False,True,FQ_QUICK_071,LP_CRIME_REPORTING_001,"Sadharan margdarshan: Mention date, time, place, what was said or done, injuries, weapons if any, witnesses, evidence, and whether you need immediate protection or medical help. Yeh lawyer ya emergency service ka badal nahi hai.",True,high,validation
QLQ000213_hiLatn,QLG000071,hi-Latn,mixed,Hinglish,Please clear next step batao: Assault complaint mein kaunsi details likhni chahiye?,please clear next step batao: assault complaint mein kaunsi details likhni chahiye?,ask_procedure,Crime reporting,assault;complaint_contents,urgent,False,True,True,"injury, threat, weapon, location, date, witnesses",False,True,FQ_QUICK_071,LP_CRIME_REPORTING_001,"General guidance: Mention date, time, place, what was said or done, injuries, weapons if any, witnesses, evidence, and whether you need immediate protection or medical help. Yeh lawyer ya emergency service ka substitute nahi hai.",True,high,validation
QLQ000214_en,QLG000072,en,Latin,None,I need a clear next step: Can I report harassment if I only have screenshots?,i need a clear next step: can i report harassment if i only have screenshots?,ask_eligibility,Crime reporting,harassment;evidence,normal,False,True,False,"platform, sender identity, screenshot authenticity",False,False,FQ_QUICK_072,LP_FIR_PROCESS_001,"General guidance: Screenshots can be useful evidence. Keep originals, note dates and platforms, and avoid editing them. The authority may ask for account links or device details. This is not a substitute for a lawyer or emergency service.",True,insufficient-information,validation
QLQ000215_hi,QLG000072,hi,Devanagari,None,Kripya clear next step batayein: Agar mere paas sirf screenshots hain to kya harassment report kar sakta hoon?,kripya clear next step batayein: agar mere paas sirf screenshots hain to kya harassment report kar sakta hoon?,ask_eligibility,Crime reporting,harassment;evidence,normal,False,True,False,"platform, sender identity, screenshot authenticity",False,False,FQ_QUICK_072,LP_FIR_PROCESS_001,"Sadharan margdarshan: Screenshots can be useful evidence. Keep originals, note dates and platforms, and avoid editing them. The authority may ask for account links or device details. Yeh lawyer ya emergency service ka badal nahi hai.",True,insufficient-information,validation
QLQ000216_hiLatn,QLG000072,hi-Latn,mixed,Hinglish,Please clear next step batao: Agar mere paas only screenshots hain to kya harassment report kar sakta hoon?,please clear next step batao: agar mere paas only screenshots hain to kya harassment report kar sakta hoon?,ask_eligibility,Crime reporting,harassment;evidence,normal,False,True,False,"platform, sender identity, screenshot authenticity",False,False,FQ_QUICK_072,LP_FIR_PROCESS_001,"General guidance: Screenshots can be useful evidence. Keep originals, note dates and platforms, and avoid editing them. The authority may ask for account links or device details. Yeh lawyer ya emergency service ka substitute nahi hai.",True,insufficient-information,validation
QLQ000217_en,QLG000073,en,Latin,None,I need a clear next step: What should I do if I am being followed right now?,i need a clear next step: what should i do if i am being followed right now?,request_help,Crime reporting,stalking;current_danger,emergency,True,True,True,current location and immediate safety status,True,True,FQ_QUICK_073,LP_ZERO_FIR_001,"General guidance: Move to a safe public place if possible, contact emergency services or trusted people, and avoid confronting the person. Legal reporting can happen after immediate safety is addressed. This is not a substitute for a lawyer or emergency service.",True,medium,validation
QLQ000218_hi,QLG000073,hi,Devanagari,None,Kripya clear next step batayein: Agar koi mujhe abhi follow kar raha hai to mujhe kya karna chahiye?,kripya clear next step batayein: agar koi mujhe abhi follow kar raha hai to mujhe kya karna chahiye?,request_help,Crime reporting,stalking;current_danger,emergency,True,True,True,current location and immediate safety status,True,True,FQ_QUICK_073,LP_ZERO_FIR_001,"Sadharan margdarshan: Move to a safe public place if possible, contact emergency services or trusted people, and avoid confronting the person. Legal reporting can happen after immediate safety is addressed. Yeh lawyer ya emergency service ka badal nahi hai.",True,medium,validation
QLQ000219_hiLatn,QLG000073,hi-Latn,mixed,Hinglish,Please clear next step batao: Agar koi mujhe abhi follow kar raha hai to kya karna chahiye?,please clear next step batao: agar koi mujhe abhi follow kar raha hai to kya karna chahiye?,request_help,Crime reporting,stalking;current_danger,emergency,True,True,True,current location and immediate safety status,True,True,FQ_QUICK_073,LP_ZERO_FIR_001,"General guidance: Move to a safe public place if possible, contact emergency services or trusted people, and avoid confronting the person. Legal reporting can happen after immediate safety is addressed. Yeh lawyer ya emergency service ka substitute nahi hai.",True,medium,validation
QLQ000220_en,QLG000074,en,Latin,None,I need a clear next step: Can I withdraw a complaint after filing it?,i need a clear next step: can i withdraw a complaint after filing it?,ask_consequence,Crime reporting,complaint_withdrawal;procedure,normal,False,True,True,offence type and case stage,False,True,FQ_QUICK_074,LP_EMERGENCY_HELP_001,"General guidance: Withdrawal depends on the offence, case stage, and authority or court process. Some matters cannot be simply withdrawn privately. Share the offence type and case status. This is not a substitute for a lawyer or emergency service.",True,high,validation
QLQ000221_hi,QLG000074,hi,Devanagari,None,Kripya clear next step batayein: Complaint file karne ke baad kya main use wapas le sakta hoon?,kripya clear next step batayein: complaint file karne ke baad kya main use wapas le sakta hoon?,ask_consequence,Crime reporting,complaint_withdrawal;procedure,normal,False,True,True,offence type and case stage,False,True,FQ_QUICK_074,LP_EMERGENCY_HELP_001,"Sadharan margdarshan: Withdrawal depends on the offence, case stage, and authority or court process. Some matters cannot be simply withdrawn privately. Share the offence type and case status. Yeh lawyer ya emergency service ka badal nahi hai.",True,high,validation
QLQ000222_hiLatn,QLG000074,hi-Latn,mixed,Hinglish,Please clear next step batao: Complaint file karne ke baad kya main withdraw kar sakta hoon?,please clear next step batao: complaint file karne ke baad kya main withdraw kar sakta hoon?,ask_consequence,Crime reporting,complaint_withdrawal;procedure,normal,False,True,True,offence type and case stage,False,True,FQ_QUICK_074,LP_EMERGENCY_HELP_001,"General guidance: Withdrawal depends on the offence, case stage, and authority or court process. Some matters cannot be simply withdrawn privately. Share the offence type and case status. Yeh lawyer ya emergency service ka substitute nahi hai.",True,high,validation
QLQ000223_en,QLG000075,en,Latin,None,I need a clear next step: Do I need a lawyer to file an FIR?,i need a clear next step: do i need a lawyer to file an fir?,ask_requirement,Crime reporting,fir;legal_representation,normal,False,False,False,offence type and police station,False,True,FQ_QUICK_075,LP_CRIME_REPORTING_001,"General guidance: A lawyer is not always required to approach police, but legal help can be useful if there is refusal, pressure, serious injury, or complex facts. This is not a substitute for a lawyer or emergency service.",True,high,validation
QLQ000224_hi,QLG000075,hi,Devanagari,None,Kripya clear next step batayein: FIR file karne ke liye kya lawyer zaruri hai?,kripya clear next step batayein: fir file karne ke liye kya lawyer zaruri hai?,ask_requirement,Crime reporting,fir;legal_representation,normal,False,False,False,offence type and police station,False,True,FQ_QUICK_075,LP_CRIME_REPORTING_001,"Sadharan margdarshan: A lawyer is not always required to approach police, but legal help can be useful if there is refusal, pressure, serious injury, or complex facts. Yeh lawyer ya emergency service ka badal nahi hai.",True,high,validation
QLQ000225_hiLatn,QLG000075,hi-Latn,mixed,Hinglish,Please clear next step batao: FIR file karne ke liye kya lawyer needed hai?,please clear next step batao: fir file karne ke liye kya lawyer needed hai?,ask_requirement,Crime reporting,fir;legal_representation,normal,False,False,False,offence type and police station,False,True,FQ_QUICK_075,LP_CRIME_REPORTING_001,"General guidance: A lawyer is not always required to approach police, but legal help can be useful if there is refusal, pressure, serious injury, or complex facts. Yeh lawyer ya emergency service ka substitute nahi hai.",True,high,validation
QLQ000226_en,QLG000076,en,Latin,None,I need a clear next step: Police asked me to settle instead of taking my complaint. Is that okay?,i need a clear next step: police asked me to settle instead of taking my complaint. is that okay?,ask_consequence,Crime reporting,police_refusal;settlement_pressure,urgent,False,True,False,offence type and whether threat continues,True,False,FQ_QUICK_076,LP_FIR_PROCESS_001,"General guidance: For serious or cognizable allegations, you can ask for proper recording and escalation rather than informal pressure. Immediate safety and evidence preservation should come first. This is not a substitute for a lawyer or emergency service.",True,insufficient-information,validation
QLQ000227_hi,QLG000076,hi,Devanagari,None,Kripya clear next step batayein: Police complaint lene ke bajay settlement bol rahi hai. Kya yeh theek hai?,kripya clear next step batayein: police complaint lene ke bajay settlement bol rahi hai. kya yeh theek hai?,ask_consequence,Crime reporting,police_refusal;settlement_pressure,urgent,False,True,False,offence type and whether threat continues,True,False,FQ_QUICK_076,LP_FIR_PROCESS_001,"Sadharan margdarshan: For serious or cognizable allegations, you can ask for proper recording and escalation rather than informal pressure. Immediate safety and evidence preservation should come first. Yeh lawyer ya emergency service ka badal nahi hai.",True,insufficient-information,validation
QLQ000228_hiLatn,QLG000076,hi-Latn,mixed,Hinglish,Please clear next step batao: Police complaint lene ke bajay settlement bol rahi hai. Kya yeh okay hai?,please clear next step batao: police complaint lene ke bajay settlement bol rahi hai. kya yeh okay hai?,ask_consequence,Crime reporting,police_refusal;settlement_pressure,urgent,False,True,False,offence type and whether threat continues,True,False,FQ_QUICK_076,LP_FIR_PROCESS_001,"General guidance: For serious or cognizable allegations, you can ask for proper recording and escalation rather than informal pressure. Immediate safety and evidence preservation should come first. Yeh lawyer ya emergency service ka substitute nahi hai.",True,insufficient-information,validation
QLQ000229_en,QLG000077,en,Latin,None,I need a clear next step: Can a neighbour file a complaint if the victim is scared?,i need a clear next step: can a neighbour file a complaint if the victim is scared?,ask_eligibility,Crime reporting,third_party_reporting;victim_safety,urgent,True,True,True,victim safety and relationship to incident,True,True,FQ_QUICK_077,LP_ZERO_FIR_001,"General guidance: A witness or concerned person may share information with authorities, especially where safety risk exists. Avoid exposing the victim without considering safety and consent where possible. This is not a substitute for a lawyer or emergency service.",True,high,validation
QLQ000230_hi,QLG000077,hi,Devanagari,None,Kripya clear next step batayein: Agar victim dara hua hai to kya neighbour complaint kar sakta hai?,kripya clear next step batayein: agar victim dara hua hai to kya neighbour complaint kar sakta hai?,ask_eligibility,Crime reporting,third_party_reporting;victim_safety,urgent,True,True,True,victim safety and relationship to incident,True,True,FQ_QUICK_077,LP_ZERO_FIR_001,"Sadharan margdarshan: A witness or concerned person may share information with authorities, especially where safety risk exists. Avoid exposing the victim without considering safety and consent where possible. Yeh lawyer ya emergency service ka badal nahi hai.",True,high,validation
QLQ000231_hiLatn,QLG000077,hi-Latn,mixed,Hinglish,Please clear next step batao: Agar victim scared hai to kya neighbour complaint kar sakta hai?,please clear next step batao: agar victim scared hai to kya neighbour complaint kar sakta hai?,ask_eligibility,Crime reporting,third_party_reporting;victim_safety,urgent,True,True,True,victim safety and relationship to incident,True,True,FQ_QUICK_077,LP_ZERO_FIR_001,"General guidance: A witness or concerned person may share information with authorities, especially where safety risk exists. Avoid exposing the victim without considering safety and consent where possible. Yeh lawyer ya emergency service ka substitute nahi hai.",True,high,validation
QLQ000232_en,QLG000078,en,Latin,None,I need a clear next step: What if the police station says this is a civil matter?,i need a clear next step: what if the police station says this is a civil matter?,ask_procedure,Crime reporting,civil_criminal_overlap;police_response,normal,False,True,True,"facts showing fraud, force, threat, or trespass",False,True,FQ_QUICK_078,LP_EMERGENCY_HELP_001,"General guidance: Some disputes have both civil and criminal aspects. Provide facts showing threat, force, fraud, trespass, or property damage, and consider legal advice for the correct route. This is not a substitute for a lawyer or emergency service.",True,high,validation
QLQ000233_hi,QLG000078,hi,Devanagari,None,Kripya clear next step batayein: Agar police station bole ki yeh civil matter hai to kya karun?,kripya clear next step batayein: agar police station bole ki yeh civil matter hai to kya karun?,ask_procedure,Crime reporting,civil_criminal_overlap;police_response,normal,False,True,True,"facts showing fraud, force, threat, or trespass",False,True,FQ_QUICK_078,LP_EMERGENCY_HELP_001,"Sadharan margdarshan: Some disputes have both civil and criminal aspects. Provide facts showing threat, force, fraud, trespass, or property damage, and consider legal advice for the correct route. Yeh lawyer ya emergency service ka badal nahi hai.",True,high,validation
QLQ000234_hiLatn,QLG000078,hi-Latn,mixed,Hinglish,Please clear next step batao: Agar police bole yeh civil matter hai to kya karun?,please clear next step batao: agar police bole yeh civil matter hai to kya karun?,ask_procedure,Crime reporting,civil_criminal_overlap;police_response,normal,False,True,True,"facts showing fraud, force, threat, or trespass",False,True,FQ_QUICK_078,LP_EMERGENCY_HELP_001,"General guidance: Some disputes have both civil and criminal aspects. Provide facts showing threat, force, fraud, trespass, or property damage, and consider legal advice for the correct route. Yeh lawyer ya emergency service ka substitute nahi hai.",True,high,validation
QLQ000235_en,QLG000079,en,Latin,None,I need a clear next step: My account was hacked. What should I do first?,i need a clear next step: my account was hacked. what should i do first?,request_help,Cybercrime,account_hacking;security_steps,urgent,False,True,True,"platform, access status, financial loss",True,True,FQ_QUICK_079,LP_CYBER_REPORTING_001,"General guidance: Secure the account if possible, change passwords from a trusted device, enable two-factor authentication, preserve alerts/screenshots, and report to the platform or cyber portal as relevant. This is not a substitute for a lawyer or emergency service.",True,high,validation
QLQ000236_hi,QLG000079,hi,Devanagari,None,Kripya clear next step batayein: Mera account hack ho gaya hai. Sabse pehle kya karun?,kripya clear next step batayein: mera account hack ho gaya hai. sabse pehle kya karun?,request_help,Cybercrime,account_hacking;security_steps,urgent,False,True,True,"platform, access status, financial loss",True,True,FQ_QUICK_079,LP_CYBER_REPORTING_001,"Sadharan margdarshan: Secure the account if possible, change passwords from a trusted device, enable two-factor authentication, preserve alerts/screenshots, and report to the platform or cyber portal as relevant. Yeh lawyer ya emergency service ka badal nahi hai.",True,high,validation
QLQ000237_hiLatn,QLG000079,hi-Latn,mixed,Hinglish,Please clear next step batao: Mera account hack ho gaya hai. First kya karun?,please clear next step batao: mera account hack ho gaya hai. first kya karun?,request_help,Cybercrime,account_hacking;security_steps,urgent,False,True,True,"platform, access status, financial loss",True,True,FQ_QUICK_079,LP_CYBER_REPORTING_001,"General guidance: Secure the account if possible, change passwords from a trusted device, enable two-factor authentication, preserve alerts/screenshots, and report to the platform or cyber portal as relevant. Yeh lawyer ya emergency service ka substitute nahi hai.",True,high,validation
QLQ000238_en,QLG000080,en,Latin,None,I need a clear next step: Can I report a fake social media profile using my photo?,i need a clear next step: can i report a fake social media profile using my photo?,ask_eligibility,Cybercrime,impersonation;social_media,normal,False,True,False,platform link and screenshots,False,False,FQ_QUICK_080,LP_ACCOUNT_SECURITY_001,"General guidance: Impersonation and misuse of photos can be reported to the platform and appropriate cyber channel. Preserve profile links, screenshots, dates, and any messages. This is not a substitute for a lawyer or emergency service.",True,insufficient-information,validation
QLQ000239_hi,QLG000080,hi,Devanagari,None,Kripya clear next step batayein: Meri photo se fake social media profile bani hai. Kya report kar sakta hoon?,kripya clear next step batayein: meri photo se fake social media profile bani hai. kya report kar sakta hoon?,ask_eligibility,Cybercrime,impersonation;social_media,normal,False,True,False,platform link and screenshots,False,False,FQ_QUICK_080,LP_ACCOUNT_SECURITY_001,"Sadharan margdarshan: Impersonation and misuse of photos can be reported to the platform and appropriate cyber channel. Preserve profile links, screenshots, dates, and any messages. Yeh lawyer ya emergency service ka badal nahi hai.",True,insufficient-information,validation
QLQ000240_hiLatn,QLG000080,hi-Latn,mixed,Hinglish,Please clear next step batao: Meri photo se fake social media profile bani hai. Kya report kar sakta hoon?,please clear next step batao: meri photo se fake social media profile bani hai. kya report kar sakta hoon?,ask_eligibility,Cybercrime,impersonation;social_media,normal,False,True,False,platform link and screenshots,False,False,FQ_QUICK_080,LP_ACCOUNT_SECURITY_001,"General guidance: Impersonation and misuse of photos can be reported to the platform and appropriate cyber channel. Preserve profile links, screenshots, dates, and any messages. Yeh lawyer ya emergency service ka substitute nahi hai.",True,insufficient-information,validation
QLQ000241_en,QLG000081,en,Latin,None,I need a clear next step: I clicked a suspicious link and money left my account. What now?,i need a clear next step: i clicked a suspicious link and money left my account. what now?,request_help,Cybercrime,phishing;financial_loss,urgent,False,True,True,"bank, amount, transaction time",True,True,FQ_QUICK_081,LP_DIGITAL_EVIDENCE_001,"General guidance: Contact your bank immediately for blocking or dispute, preserve SMS/email/link details, and report the cyber financial fraud quickly. Time matters for reversal or freezing. This is not a substitute for a lawyer or emergency service.",True,high,validation
QLQ000242_hi,QLG000081,hi,Devanagari,None,Kripya clear next step batayein: Maine suspicious link click kiya aur account se paise chale gaye. Ab kya karun?,kripya clear next step batayein: maine suspicious link click kiya aur account se paise chale gaye. ab kya karun?,request_help,Cybercrime,phishing;financial_loss,urgent,False,True,True,"bank, amount, transaction time",True,True,FQ_QUICK_081,LP_DIGITAL_EVIDENCE_001,"Sadharan margdarshan: Contact your bank immediately for blocking or dispute, preserve SMS/email/link details, and report the cyber financial fraud quickly. Time matters for reversal or freezing. Yeh lawyer ya emergency service ka badal nahi hai.",True,high,validation
QLQ000243_hiLatn,QLG000081,hi-Latn,mixed,Hinglish,Please clear next step batao: Maine suspicious link click kiya aur account se money chala gaya. Ab kya karun?,please clear next step batao: maine suspicious link click kiya aur account se money chala gaya. ab kya karun?,request_help,Cybercrime,phishing;financial_loss,urgent,False,True,True,"bank, amount, transaction time",True,True,FQ_QUICK_081,LP_DIGITAL_EVIDENCE_001,"General guidance: Contact your bank immediately for blocking or dispute, preserve SMS/email/link details, and report the cyber financial fraud quickly. Time matters for reversal or freezing. Yeh lawyer ya emergency service ka substitute nahi hai.",True,high,validation
QLQ000244_en,QLG000082,en,Latin,None,I need a clear next step: Someone is sharing my private photos online. What can I do?,i need a clear next step: someone is sharing my private photos online. what can i do?,request_help,Cybercrime,privacy_violation;image_abuse,emergency,True,True,True,"platform, current threat, identity if known",True,True,FQ_QUICK_082,LP_FINANCIAL_CYBER_FRAUD_001,"General guidance: Do not engage with the person. Preserve evidence, use platform takedown/reporting, and seek urgent legal or police/cyber help. If there is extortion or immediate danger, escalate immediately. This is not a substitute for a lawyer or emergency service.",True,medium,validation
QLQ000245_hi,QLG000082,hi,Devanagari,None,Kripya clear next step batayein: Koi meri private photos online share kar raha hai. Main kya kar sakti hoon?,kripya clear next step batayein: koi meri private photos online share kar raha hai. main kya kar sakti hoon?,request_help,Cybercrime,privacy_violation;image_abuse,emergency,True,True,True,"platform, current threat, identity if known",True,True,FQ_QUICK_082,LP_FINANCIAL_CYBER_FRAUD_001,"Sadharan margdarshan: Do not engage with the person. Preserve evidence, use platform takedown/reporting, and seek urgent legal or police/cyber help. If there is extortion or immediate danger, escalate immediately. Yeh lawyer ya emergency service ka badal nahi hai.",True,medium,validation
QLQ000246_hiLatn,QLG000082,hi-Latn,mixed,Hinglish,Please clear next step batao: Koi meri private photos online share kar raha hai. Main kya kar sakti hoon?,please clear next step batao: koi meri private photos online share kar raha hai. main kya kar sakti hoon?,request_help,Cybercrime,privacy_violation;image_abuse,emergency,True,True,True,"platform, current threat, identity if known",True,True,FQ_QUICK_082,LP_FINANCIAL_CYBER_FRAUD_001,"General guidance: Do not engage with the person. Preserve evidence, use platform takedown/reporting, and seek urgent legal or police/cyber help. If there is extortion or immediate danger, escalate immediately. Yeh lawyer ya emergency service ka substitute nahi hai.",True,medium,validation
QLQ000247_en,QLG000083,en,Latin,None,I need a clear next step: Can I report cyberstalking if the person only messages repeatedly?,i need a clear next step: can i report cyberstalking if the person only messages repeatedly?,ask_eligibility,Cybercrime,cyberstalking;repeated_messages,normal,False,True,True,"message content, frequency, identity",False,True,FQ_QUICK_083,LP_CYBER_REPORTING_001,"General guidance: Repeated unwanted messages may be relevant if they cause fear, harassment, threats, or monitoring. Preserve message history and avoid deleting evidence. This is not a substitute for a lawyer or emergency service.",True,high,validation
QLQ000248_hi,QLG000083,hi,Devanagari,None,Kripya clear next step batayein: Agar koi baar-baar messages bhej raha hai to kya cyberstalking report kar sakte hain?,kripya clear next step batayein: agar koi baar-baar messages bhej raha hai to kya cyberstalking report kar sakte hain?,ask_eligibility,Cybercrime,cyberstalking;repeated_messages,normal,False,True,True,"message content, frequency, identity",False,True,FQ_QUICK_083,LP_CYBER_REPORTING_001,"Sadharan margdarshan: Repeated unwanted messages may be relevant if they cause fear, harassment, threats, or monitoring. Preserve message history and avoid deleting evidence. Yeh lawyer ya emergency service ka badal nahi hai.",True,high,validation
QLQ000249_hiLatn,QLG000083,hi-Latn,mixed,Hinglish,Please clear next step batao: Agar koi repeated messages bhej raha hai to kya cyberstalking report kar sakte hain?,please clear next step batao: agar koi repeated messages bhej raha hai to kya cyberstalking report kar sakte hain?,ask_eligibility,Cybercrime,cyberstalking;repeated_messages,normal,False,True,True,"message content, frequency, identity",False,True,FQ_QUICK_083,LP_CYBER_REPORTING_001,"General guidance: Repeated unwanted messages may be relevant if they cause fear, harassment, threats, or monitoring. Preserve message history and avoid deleting evidence. Yeh lawyer ya emergency service ka substitute nahi hai.",True,high,validation
QLQ000250_en,QLG000084,en,Latin,None,I need a clear next step: Should I delete abusive messages after taking screenshots?,i need a clear next step: should i delete abusive messages after taking screenshots?,ask_procedure,Cybercrime,digital_evidence;preservation,normal,False,False,False,platform and evidence type,False,True,FQ_QUICK_084,LP_ACCOUNT_SECURITY_001,"General guidance: Avoid deleting original messages if safe to keep them. Screenshots help, but originals, links, timestamps, and account details are often stronger evidence. This is not a substitute for a lawyer or emergency service.",True,high,validation
QLQ000251_hi,QLG000084,hi,Devanagari,None,Kripya clear next step batayein: Screenshot lene ke baad abusive messages delete kar doon kya?,kripya clear next step batayein: screenshot lene ke baad abusive messages delete kar doon kya?,ask_procedure,Cybercrime,digital_evidence;preservation,normal,False,False,False,platform and evidence type,False,True,FQ_QUICK_084,LP_ACCOUNT_SECURITY_001,"Sadharan margdarshan: Avoid deleting original messages if safe to keep them. Screenshots help, but originals, links, timestamps, and account details are often stronger evidence. Yeh lawyer ya emergency service ka badal nahi hai.",True,high,validation
QLQ000252_hiLatn,QLG000084,hi-Latn,mixed,Hinglish,Please clear next step batao: Screenshot lene ke baad abusive messages delete kar doon kya?,please clear next step batao: screenshot lene ke baad abusive messages delete kar doon kya?,ask_procedure,Cybercrime,digital_evidence;preservation,normal,False,False,False,platform and evidence type,False,True,FQ_QUICK_084,LP_ACCOUNT_SECURITY_001,"General guidance: Avoid deleting original messages if safe to keep them. Screenshots help, but originals, links, timestamps, and account details are often stronger evidence. Yeh lawyer ya emergency service ka substitute nahi hai.",True,high,validation
QLQ000253_en,QLG000085,en,Latin,None,I need a clear next step: How do I complain about a loan app threatening my contacts?,i need a clear next step: how do i complain about a loan app threatening my contacts?,ask_procedure,Cybercrime,loan_app_harassment;privacy,urgent,True,True,True,"app name, messages, threat status",True,True,FQ_QUICK_085,LP_DIGITAL_EVIDENCE_001,"General guidance: Preserve messages, call logs, app details, payment records, and threats. Consider cyber complaint, police complaint if threats continue, and avoid sharing more personal data. This is not a substitute for a lawyer or emergency service.",True,high,validation
QLQ000254_hi,QLG000085,hi,Devanagari,None,Kripya clear next step batayein: Loan app mere contacts ko dhamki de raha hai. Complaint kaise karun?,kripya clear next step batayein: loan app mere contacts ko dhamki de raha hai. complaint kaise karun?,ask_procedure,Cybercrime,loan_app_harassment;privacy,urgent,True,True,True,"app name, messages, threat status",True,True,FQ_QUICK_085,LP_DIGITAL_EVIDENCE_001,"Sadharan margdarshan: Preserve messages, call logs, app details, payment records, and threats. Consider cyber complaint, police complaint if threats continue, and avoid sharing more personal data. Yeh lawyer ya emergency service ka badal nahi hai.",True,high,validation
QLQ000255_hiLatn,QLG000085,hi-Latn,mixed,Hinglish,Please clear next step batao: Loan app mere contacts ko threaten kar raha hai. Complaint kaise karun?,please clear next step batao: loan app mere contacts ko threaten kar raha hai. complaint kaise karun?,ask_procedure,Cybercrime,loan_app_harassment;privacy,urgent,True,True,True,"app name, messages, threat status",True,True,FQ_QUICK_085,LP_DIGITAL_EVIDENCE_001,"General guidance: Preserve messages, call logs, app details, payment records, and threats. Consider cyber complaint, police complaint if threats continue, and avoid sharing more personal data. Yeh lawyer ya emergency service ka substitute nahi hai.",True,high,validation
QLQ000256_en,QLG000086,en,Latin,None,I need a clear next step: Can police ask for my phone password during cyber investigation?,i need a clear next step: can police ask for my phone password during cyber investigation?,ask_rights,Cybercrime,device_search;privacy_rights,normal,False,True,True,"search order, role in case, jurisdiction",False,True,FQ_QUICK_086,LP_FINANCIAL_CYBER_FRAUD_001,"General guidance: Device access questions depend on legal process, your role, and circumstances. Ask for the legal basis, note officer details, and consider legal advice before sharing sensitive access. This is not a substitute for a lawyer or emergency service.",True,high,validation
QLQ000257_hi,QLG000086,hi,Devanagari,None,Kripya clear next step batayein: Cyber investigation mein police mera phone password maang sakti hai kya?,kripya clear next step batayein: cyber investigation mein police mera phone password maang sakti hai kya?,ask_rights,Cybercrime,device_search;privacy_rights,normal,False,True,True,"search order, role in case, jurisdiction",False,True,FQ_QUICK_086,LP_FINANCIAL_CYBER_FRAUD_001,"Sadharan margdarshan: Device access questions depend on legal process, your role, and circumstances. Ask for the legal basis, note officer details, and consider legal advice before sharing sensitive access. Yeh lawyer ya emergency service ka badal nahi hai.",True,high,validation
QLQ000258_hiLatn,QLG000086,hi-Latn,mixed,Hinglish,Please clear next step batao: Cyber investigation mein police mera phone password maang sakti hai kya?,please clear next step batao: cyber investigation mein police mera phone password maang sakti hai kya?,ask_rights,Cybercrime,device_search;privacy_rights,normal,False,True,True,"search order, role in case, jurisdiction",False,True,FQ_QUICK_086,LP_FINANCIAL_CYBER_FRAUD_001,"General guidance: Device access questions depend on legal process, your role, and circumstances. Ask for the legal basis, note officer details, and consider legal advice before sharing sensitive access. Yeh lawyer ya emergency service ka substitute nahi hai.",True,high,validation
QLQ000259_en,QLG000087,en,Latin,None,I need a clear next step: A seller sent a QR code and money got deducted. Is this cyber fraud?,i need a clear next step: a seller sent a qr code and money got deducted. is this cyber fraud?,ask_eligibility,Cybercrime,qr_fraud;payment_fraud,urgent,False,True,True,transaction details and seller identity,True,True,FQ_QUICK_087,LP_CYBER_REPORTING_001,"General guidance: It may be payment fraud. Contact bank/payment app quickly, preserve QR/chat/transaction details, and report through cyber or police channels based on loss and facts. This is not a substitute for a lawyer or emergency service.",True,high,validation
QLQ000260_hi,QLG000087,hi,Devanagari,None,Kripya clear next step batayein: Seller ne QR code bheja aur paise kat gaye. Kya yeh cyber fraud hai?,kripya clear next step batayein: seller ne qr code bheja aur paise kat gaye. kya yeh cyber fraud hai?,ask_eligibility,Cybercrime,qr_fraud;payment_fraud,urgent,False,True,True,transaction details and seller identity,True,True,FQ_QUICK_087,LP_CYBER_REPORTING_001,"Sadharan margdarshan: It may be payment fraud. Contact bank/payment app quickly, preserve QR/chat/transaction details, and report through cyber or police channels based on loss and facts. Yeh lawyer ya emergency service ka badal nahi hai.",True,high,validation
QLQ000261_hiLatn,QLG000087,hi-Latn,mixed,Hinglish,Please clear next step batao: Seller ne QR code bheja aur money deduct ho gaya. Kya yeh cyber fraud hai?,please clear next step batao: seller ne qr code bheja aur money deduct ho gaya. kya yeh cyber fraud hai?,ask_eligibility,Cybercrime,qr_fraud;payment_fraud,urgent,False,True,True,transaction details and seller identity,True,True,FQ_QUICK_087,LP_CYBER_REPORTING_001,"General guidance: It may be payment fraud. Contact bank/payment app quickly, preserve QR/chat/transaction details, and report through cyber or police channels based on loss and facts. Yeh lawyer ya emergency service ka substitute nahi hai.",True,high,validation
QLQ000262_en,QLG000088,en,Latin,None,I need a clear next step: What evidence is useful for reporting ransomware?,i need a clear next step: what evidence is useful for reporting ransomware?,ask_procedure,Cybercrime,ransomware;evidence,normal,False,False,False,"device, ransom note, logs",False,True,FQ_QUICK_088,LP_ACCOUNT_SECURITY_001,"General guidance: Useful evidence includes ransom note, screenshots, affected device details, logs, suspicious email/link, wallet/payment demand, and timestamps. Do not pay without expert advice. This is not a substitute for a lawyer or emergency service.",True,high,validation
QLQ000263_hi,QLG000088,hi,Devanagari,None,Kripya clear next step batayein: Ransomware report karne ke liye kaunsa evidence useful hai?,kripya clear next step batayein: ransomware report karne ke liye kaunsa evidence useful hai?,ask_procedure,Cybercrime,ransomware;evidence,normal,False,False,False,"device, ransom note, logs",False,True,FQ_QUICK_088,LP_ACCOUNT_SECURITY_001,"Sadharan margdarshan: Useful evidence includes ransom note, screenshots, affected device details, logs, suspicious email/link, wallet/payment demand, and timestamps. Do not pay without expert advice. Yeh lawyer ya emergency service ka badal nahi hai.",True,high,validation
QLQ000264_hiLatn,QLG000088,hi-Latn,mixed,Hinglish,Please clear next step batao: Ransomware report karne ke liye kya evidence useful hai?,please clear next step batao: ransomware report karne ke liye kya evidence useful hai?,ask_procedure,Cybercrime,ransomware;evidence,normal,False,False,False,"device, ransom note, logs",False,True,FQ_QUICK_088,LP_ACCOUNT_SECURITY_001,"General guidance: Useful evidence includes ransom note, screenshots, affected device details, logs, suspicious email/link, wallet/payment demand, and timestamps. Do not pay without expert advice. Yeh lawyer ya emergency service ka substitute nahi hai.",True,high,validation
QLQ000265_en,QLG000089,en,Latin,None,I need a clear next step: Can I report WhatsApp threats without knowing the real name?,i need a clear next step: can i report whatsapp threats without knowing the real name?,ask_eligibility,Cybercrime,messaging_threat;unknown_sender,urgent,True,True,True,"number, message content, current risk",True,True,FQ_QUICK_089,LP_DIGITAL_EVIDENCE_001,"General guidance: You can report using the phone number, messages, timestamps, and screenshots even if the real name is unknown. Immediate threats need urgent safety action. This is not a substitute for a lawyer or emergency service.",True,high,validation
QLQ000266_hi,QLG000089,hi,Devanagari,None,Kripya clear next step batayein: Real naam na pata ho to WhatsApp threats report kar sakta hoon?,kripya clear next step batayein: real naam na pata ho to whatsapp threats report kar sakta hoon?,ask_eligibility,Cybercrime,messaging_threat;unknown_sender,urgent,True,True,True,"number, message content, current risk",True,True,FQ_QUICK_089,LP_DIGITAL_EVIDENCE_001,"Sadharan margdarshan: You can report using the phone number, messages, timestamps, and screenshots even if the real name is unknown. Immediate threats need urgent safety action. Yeh lawyer ya emergency service ka badal nahi hai.",True,high,validation
QLQ000267_hiLatn,QLG000089,hi-Latn,mixed,Hinglish,Please clear next step batao: Real name na pata ho to WhatsApp threats report kar sakta hoon?,please clear next step batao: real name na pata ho to whatsapp threats report kar sakta hoon?,ask_eligibility,Cybercrime,messaging_threat;unknown_sender,urgent,True,True,True,"number, message content, current risk",True,True,FQ_QUICK_089,LP_DIGITAL_EVIDENCE_001,"General guidance: You can report using the phone number, messages, timestamps, and screenshots even if the real name is unknown. Immediate threats need urgent safety action. Yeh lawyer ya emergency service ka substitute nahi hai.",True,high,validation
QLQ000268_en,QLG000090,en,Latin,None,I need a clear next step: Is online blackmail an emergency?,i need a clear next step: is online blackmail an emergency?,ask_urgency,Cybercrime,online_extortion;emergency,emergency,True,True,True,"threat deadline, private material, current safety",True,True,FQ_QUICK_090,LP_FINANCIAL_CYBER_FRAUD_001,"General guidance: Online blackmail can be urgent, especially with threats, private images, money demands, or deadlines. Preserve evidence and seek immediate police/cyber help if harm is imminent. This is not a substitute for a lawyer or emergency service.",True,medium,validation
QLQ000269_hi,QLG000090,hi,Devanagari,None,Kripya clear next step batayein: Online blackmail emergency hai kya?,kripya clear next step batayein: online blackmail emergency hai kya?,ask_urgency,Cybercrime,online_extortion;emergency,emergency,True,True,True,"threat deadline, private material, current safety",True,True,FQ_QUICK_090,LP_FINANCIAL_CYBER_FRAUD_001,"Sadharan margdarshan: Online blackmail can be urgent, especially with threats, private images, money demands, or deadlines. Preserve evidence and seek immediate police/cyber help if harm is imminent. Yeh lawyer ya emergency service ka badal nahi hai.",True,medium,validation
QLQ000270_hiLatn,QLG000090,hi-Latn,mixed,Hinglish,Please clear next step batao: Online blackmail emergency hai kya?,please clear next step batao: online blackmail emergency hai kya?,ask_urgency,Cybercrime,online_extortion;emergency,emergency,True,True,True,"threat deadline, private material, current safety",True,True,FQ_QUICK_090,LP_FINANCIAL_CYBER_FRAUD_001,"General guidance: Online blackmail can be urgent, especially with threats, private images, money demands, or deadlines. Preserve evidence and seek immediate police/cyber help if harm is imminent. Yeh lawyer ya emergency service ka substitute nahi hai.",True,medium,validation
QLQ000271_en,QLG000091,en,Latin,None,I need a clear next step: Can I get free legal assistance?,i need a clear next step: can i get free legal assistance?,ask_eligibility,Legal aid,free_legal_aid;eligibility,normal,False,True,True,"income, category, case type, location",False,True,FQ_QUICK_091,LP_LEGAL_AID_001,"General guidance: Free legal aid may be available based on income, category, vulnerability, custody status, or case type. Share your state/district and basic eligibility details. This is not a substitute for a lawyer or emergency service.",True,high,validation
QLQ000272_hi,QLG000091,hi,Devanagari,None,Kripya clear next step batayein: Kya mujhe free legal assistance mil sakti hai?,kripya clear next step batayein: kya mujhe free legal assistance mil sakti hai?,ask_eligibility,Legal aid,free_legal_aid;eligibility,normal,False,True,True,"income, category, case type, location",False,True,FQ_QUICK_091,LP_LEGAL_AID_001,"Sadharan margdarshan: Free legal aid may be available based on income, category, vulnerability, custody status, or case type. Share your state/district and basic eligibility details. Yeh lawyer ya emergency service ka badal nahi hai.",True,high,validation
QLQ000273_hiLatn,QLG000091,hi-Latn,mixed,Hinglish,Please clear next step batao: Kya mujhe free legal help mil sakti hai?,please clear next step batao: kya mujhe free legal help mil sakti hai?,ask_eligibility,Legal aid,free_legal_aid;eligibility,normal,False,True,True,"income, category, case type, location",False,True,FQ_QUICK_091,LP_LEGAL_AID_001,"General guidance: Free legal aid may be available based on income, category, vulnerability, custody status, or case type. Share your state/district and basic eligibility details. Yeh lawyer ya emergency service ka substitute nahi hai.",True,high,validation
QLQ000274_en,QLG000092,en,Latin,None,I need a clear next step: Where do I apply for legal aid in my district?,i need a clear next step: where do i apply for legal aid in my district?,ask_procedure,Legal aid,district_legal_services;application,normal,False,True,False,district and state,False,False,FQ_QUICK_092,LP_FREE_LEGAL_SERVICES_001,General guidance: You can usually approach the District Legal Services Authority or legal aid clinic. The exact office depends on your district and state. This is not a substitute for a lawyer or emergency service.,True,insufficient-information,validation
QLQ000275_hi,QLG000092,hi,Devanagari,None,Kripya clear next step batayein: Apne district mein legal aid ke liye kahan apply karun?,kripya clear next step batayein: apne district mein legal aid ke liye kahan apply karun?,ask_procedure,Legal aid,district_legal_services;application,normal,False,True,False,district and state,False,False,FQ_QUICK_092,LP_FREE_LEGAL_SERVICES_001,Sadharan margdarshan: You can usually approach the District Legal Services Authority or legal aid clinic. The exact office depends on your district and state. Yeh lawyer ya emergency service ka badal nahi hai.,True,insufficient-information,validation
QLQ000276_hiLatn,QLG000092,hi-Latn,mixed,Hinglish,Please clear next step batao: Apne district mein legal aid ke liye kahan apply karun?,please clear next step batao: apne district mein legal aid ke liye kahan apply karun?,ask_procedure,Legal aid,district_legal_services;application,normal,False,True,False,district and state,False,False,FQ_QUICK_092,LP_FREE_LEGAL_SERVICES_001,General guidance: You can usually approach the District Legal Services Authority or legal aid clinic. The exact office depends on your district and state. Yeh lawyer ya emergency service ka substitute nahi hai.,True,insufficient-information,validation
QLQ000277_en,QLG000093,en,Latin,None,I need a clear next step: Can women facing domestic violence get free legal help?,i need a clear next step: can women facing domestic violence get free legal help?,ask_eligibility,Legal aid,domestic_violence;legal_aid,urgent,True,True,True,safety status and district,True,True,FQ_QUICK_093,LP_DLSA_001,"General guidance: Legal aid may be available, and immediate safety support should come first if danger continues. Share your district and whether you are currently safe. This is not a substitute for a lawyer or emergency service.",True,high,validation
QLQ000278_hi,QLG000093,hi,Devanagari,None,Kripya clear next step batayein: Domestic violence face kar rahi women ko free legal help mil sakti hai?,kripya clear next step batayein: domestic violence face kar rahi women ko free legal help mil sakti hai?,ask_eligibility,Legal aid,domestic_violence;legal_aid,urgent,True,True,True,safety status and district,True,True,FQ_QUICK_093,LP_DLSA_001,"Sadharan margdarshan: Legal aid may be available, and immediate safety support should come first if danger continues. Share your district and whether you are currently safe. Yeh lawyer ya emergency service ka badal nahi hai.",True,high,validation
QLQ000279_hiLatn,QLG000093,hi-Latn,mixed,Hinglish,Please clear next step batao: Domestic violence face kar rahi women ko free legal help mil sakti hai?,please clear next step batao: domestic violence face kar rahi women ko free legal help mil sakti hai?,ask_eligibility,Legal aid,domestic_violence;legal_aid,urgent,True,True,True,safety status and district,True,True,FQ_QUICK_093,LP_DLSA_001,"General guidance: Legal aid may be available, and immediate safety support should come first if danger continues. Share your district and whether you are currently safe. Yeh lawyer ya emergency service ka substitute nahi hai.",True,high,validation
QLQ000280_en,QLG000094,en,Latin,None,I need a clear next step: Do I need income proof for legal aid?,i need a clear next step: do i need income proof for legal aid?,ask_requirement,Legal aid,legal_aid_documents;income,normal,False,True,True,state and eligibility category,False,True,FQ_QUICK_094,LP_LEGAL_AID_001,"General guidance: Income proof may be requested, but some categories may qualify without income limits. Requirements can vary, so identify your eligibility category and location. This is not a substitute for a lawyer or emergency service.",True,high,validation
QLQ000281_hi,QLG000094,hi,Devanagari,None,Kripya clear next step batayein: Legal aid ke liye income proof chahiye kya?,kripya clear next step batayein: legal aid ke liye income proof chahiye kya?,ask_requirement,Legal aid,legal_aid_documents;income,normal,False,True,True,state and eligibility category,False,True,FQ_QUICK_094,LP_LEGAL_AID_001,"Sadharan margdarshan: Income proof may be requested, but some categories may qualify without income limits. Requirements can vary, so identify your eligibility category and location. Yeh lawyer ya emergency service ka badal nahi hai.",True,high,validation
QLQ000282_hiLatn,QLG000094,hi-Latn,mixed,Hinglish,Please clear next step batao: Legal aid ke liye income proof needed hai kya?,please clear next step batao: legal aid ke liye income proof needed hai kya?,ask_requirement,Legal aid,legal_aid_documents;income,normal,False,True,True,state and eligibility category,False,True,FQ_QUICK_094,LP_LEGAL_AID_001,"General guidance: Income proof may be requested, but some categories may qualify without income limits. Requirements can vary, so identify your eligibility category and location. Yeh lawyer ya emergency service ka substitute nahi hai.",True,high,validation
QLQ000283_en,QLG000095,en,Latin,None,I need a clear next step: Can a victim of cyber fraud get legal aid?,i need a clear next step: can a victim of cyber fraud get legal aid?,ask_eligibility,Legal aid,cyber_fraud;legal_aid,normal,False,True,True,"loss amount, district, eligibility category",False,True,FQ_QUICK_095,LP_FREE_LEGAL_SERVICES_001,"General guidance: Legal aid may be possible depending on eligibility and case needs. For urgent financial fraud, first notify the bank/payment platform and cyber reporting channel. This is not a substitute for a lawyer or emergency service.",True,high,validation
QLQ000284_hi,QLG000095,hi,Devanagari,None,Kripya clear next step batayein: Cyber fraud victim ko legal aid mil sakti hai kya?,kripya clear next step batayein: cyber fraud victim ko legal aid mil sakti hai kya?,ask_eligibility,Legal aid,cyber_fraud;legal_aid,normal,False,True,True,"loss amount, district, eligibility category",False,True,FQ_QUICK_095,LP_FREE_LEGAL_SERVICES_001,"Sadharan margdarshan: Legal aid may be possible depending on eligibility and case needs. For urgent financial fraud, first notify the bank/payment platform and cyber reporting channel. Yeh lawyer ya emergency service ka badal nahi hai.",True,high,validation
QLQ000285_hiLatn,QLG000095,hi-Latn,mixed,Hinglish,Please clear next step batao: Cyber fraud victim ko legal aid mil sakti hai kya?,please clear next step batao: cyber fraud victim ko legal aid mil sakti hai kya?,ask_eligibility,Legal aid,cyber_fraud;legal_aid,normal,False,True,True,"loss amount, district, eligibility category",False,True,FQ_QUICK_095,LP_FREE_LEGAL_SERVICES_001,"General guidance: Legal aid may be possible depending on eligibility and case needs. For urgent financial fraud, first notify the bank/payment platform and cyber reporting channel. Yeh lawyer ya emergency service ka substitute nahi hai.",True,high,validation
QLQ000286_en,QLG000096,en,Latin,None,I need a clear next step: Can I get help drafting a police complaint for free?,i need a clear next step: can i get help drafting a police complaint for free?,request_help,Legal aid,complaint_drafting;legal_aid,normal,False,True,False,district and case type,False,False,FQ_QUICK_096,LP_DLSA_001,"General guidance: Legal aid clinics or DLSA may help with complaint drafting if you qualify. Provide facts, dates, location, evidence, and the relief you need. This is not a substitute for a lawyer or emergency service.",True,insufficient-information,validation
QLQ000287_hi,QLG000096,hi,Devanagari,None,Kripya clear next step batayein: Police complaint draft karne mein free help mil sakti hai kya?,kripya clear next step batayein: police complaint draft karne mein free help mil sakti hai kya?,request_help,Legal aid,complaint_drafting;legal_aid,normal,False,True,False,district and case type,False,False,FQ_QUICK_096,LP_DLSA_001,"Sadharan margdarshan: Legal aid clinics or DLSA may help with complaint drafting if you qualify. Provide facts, dates, location, evidence, and the relief you need. Yeh lawyer ya emergency service ka badal nahi hai.",True,insufficient-information,validation
QLQ000288_hiLatn,QLG000096,hi-Latn,mixed,Hinglish,Please clear next step batao: Police complaint draft karne mein free help mil sakti hai kya?,please clear next step batao: police complaint draft karne mein free help mil sakti hai kya?,request_help,Legal aid,complaint_drafting;legal_aid,normal,False,True,False,district and case type,False,False,FQ_QUICK_096,LP_DLSA_001,"General guidance: Legal aid clinics or DLSA may help with complaint drafting if you qualify. Provide facts, dates, location, evidence, and the relief you need. Yeh lawyer ya emergency service ka substitute nahi hai.",True,insufficient-information,validation
QLQ000289_en,QLG000097,en,Latin,None,I need a clear next step: What documents should I carry to a legal aid office?,i need a clear next step: what documents should i carry to a legal aid office?,ask_procedure,Legal aid,legal_aid_documents,normal,False,False,False,case type,False,True,FQ_QUICK_097,LP_LEGAL_AID_001,"General guidance: Carry identity proof, address proof, income/category proof if available, case papers, police documents, notices, medical records, screenshots, or other evidence. This is not a substitute for a lawyer or emergency service.",True,high,validation
QLQ000290_hi,QLG000097,hi,Devanagari,None,Kripya clear next step batayein: Legal aid office jaate waqt kaunse documents le jaun?,kripya clear next step batayein: legal aid office jaate waqt kaunse documents le jaun?,ask_procedure,Legal aid,legal_aid_documents,normal,False,False,False,case type,False,True,FQ_QUICK_097,LP_LEGAL_AID_001,"Sadharan margdarshan: Carry identity proof, address proof, income/category proof if available, case papers, police documents, notices, medical records, screenshots, or other evidence. Yeh lawyer ya emergency service ka badal nahi hai.",True,high,validation
QLQ000291_hiLatn,QLG000097,hi-Latn,mixed,Hinglish,Please clear next step batao: Legal aid office jaate waqt kaunse documents carry karun?,please clear next step batao: legal aid office jaate waqt kaunse documents carry karun?,ask_procedure,Legal aid,legal_aid_documents,normal,False,False,False,case type,False,True,FQ_QUICK_097,LP_LEGAL_AID_001,"General guidance: Carry identity proof, address proof, income/category proof if available, case papers, police documents, notices, medical records, screenshots, or other evidence. Yeh lawyer ya emergency service ka substitute nahi hai.",True,high,validation
QLQ000292_en,QLG000098,en,Latin,None,I need a clear next step: Can I ask legal aid for a lawyer in family court?,i need a clear next step: can i ask legal aid for a lawyer in family court?,ask_eligibility,Legal aid,family_court;legal_aid,normal,False,True,True,"district, case type, income/category",False,True,FQ_QUICK_098,LP_FREE_LEGAL_SERVICES_001,"General guidance: Legal aid for family court matters may be available if eligibility criteria are met. Share case type, district, and whether there is urgent safety or child-related concern. This is not a substitute for a lawyer or emergency service.",True,high,validation
QLQ000293_hi,QLG000098,hi,Devanagari,None,Kripya clear next step batayein: Family court mein lawyer ke liye legal aid mil sakti hai kya?,kripya clear next step batayein: family court mein lawyer ke liye legal aid mil sakti hai kya?,ask_eligibility,Legal aid,family_court;legal_aid,normal,False,True,True,"district, case type, income/category",False,True,FQ_QUICK_098,LP_FREE_LEGAL_SERVICES_001,"Sadharan margdarshan: Legal aid for family court matters may be available if eligibility criteria are met. Share case type, district, and whether there is urgent safety or child-related concern. Yeh lawyer ya emergency service ka badal nahi hai.",True,high,validation
QLQ000294_hiLatn,QLG000098,hi-Latn,mixed,Hinglish,Please clear next step batao: Family court ke liye legal aid lawyer mil sakta hai kya?,please clear next step batao: family court ke liye legal aid lawyer mil sakta hai kya?,ask_eligibility,Legal aid,family_court;legal_aid,normal,False,True,True,"district, case type, income/category",False,True,FQ_QUICK_098,LP_FREE_LEGAL_SERVICES_001,"General guidance: Legal aid for family court matters may be available if eligibility criteria are met. Share case type, district, and whether there is urgent safety or child-related concern. Yeh lawyer ya emergency service ka substitute nahi hai.",True,high,validation
QLQ000295_en,QLG000099,en,Latin,None,I need a clear next step: Is legal aid available for labour disputes?,i need a clear next step: is legal aid available for labour disputes?,ask_eligibility,Legal aid,labour;legal_aid,normal,False,True,True,employment issue and district,False,True,FQ_QUICK_099,LP_DLSA_001,General guidance: Legal aid or labour department guidance may be available depending on the dispute and eligibility. Keep employment records and complaint details ready. This is not a substitute for a lawyer or emergency service.,True,high,validation
QLQ000296_hi,QLG000099,hi,Devanagari,None,Kripya clear next step batayein: Labour dispute ke liye legal aid available hai kya?,kripya clear next step batayein: labour dispute ke liye legal aid available hai kya?,ask_eligibility,Legal aid,labour;legal_aid,normal,False,True,True,employment issue and district,False,True,FQ_QUICK_099,LP_DLSA_001,Sadharan margdarshan: Legal aid or labour department guidance may be available depending on the dispute and eligibility. Keep employment records and complaint details ready. Yeh lawyer ya emergency service ka badal nahi hai.,True,high,validation
QLQ000297_hiLatn,QLG000099,hi-Latn,mixed,Hinglish,Please clear next step batao: Labour dispute ke liye legal aid mil sakti hai kya?,please clear next step batao: labour dispute ke liye legal aid mil sakti hai kya?,ask_eligibility,Legal aid,labour;legal_aid,normal,False,True,True,employment issue and district,False,True,FQ_QUICK_099,LP_DLSA_001,General guidance: Legal aid or labour department guidance may be available depending on the dispute and eligibility. Keep employment records and complaint details ready. Yeh lawyer ya emergency service ka substitute nahi hai.,True,high,validation
QLQ000298_en,QLG000100,en,Latin,None,I need a clear next step: Can a minor get legal aid?,i need a clear next step: can a minor get legal aid?,ask_eligibility,Legal aid,minor;legal_aid,urgent,False,True,False,"age, guardian, safety status",True,False,FQ_QUICK_100,LP_LEGAL_AID_001,"General guidance: Minors may be eligible for legal aid and protective processes. If there is current danger, contact emergency or child protection support immediately. This is not a substitute for a lawyer or emergency service.",True,insufficient-information,validation
QLQ000299_hi,QLG000100,hi,Devanagari,None,Kripya clear next step batayein: Kya minor ko legal aid mil sakti hai?,kripya clear next step batayein: kya minor ko legal aid mil sakti hai?,ask_eligibility,Legal aid,minor;legal_aid,urgent,False,True,False,"age, guardian, safety status",True,False,FQ_QUICK_100,LP_LEGAL_AID_001,"Sadharan margdarshan: Minors may be eligible for legal aid and protective processes. If there is current danger, contact emergency or child protection support immediately. Yeh lawyer ya emergency service ka badal nahi hai.",True,insufficient-information,validation
QLQ000300_hiLatn,QLG000100,hi-Latn,mixed,Hinglish,Please clear next step batao: Kya minor ko legal aid mil sakti hai?,please clear next step batao: kya minor ko legal aid mil sakti hai?,ask_eligibility,Legal aid,minor;legal_aid,urgent,False,True,False,"age, guardian, safety status",True,False,FQ_QUICK_100,LP_LEGAL_AID_001,"General guidance: Minors may be eligible for legal aid and protective processes. If there is current danger, contact emergency or child protection support immediately. Yeh lawyer ya emergency service ka substitute nahi hai.",True,insufficient-information,validation
QLQ000301_en,QLG000101,en,Latin,None,I need a clear next step: Will legal aid keep my details confidential?,i need a clear next step: will legal aid keep my details confidential?,ask_rights,Legal aid,privacy;legal_aid,normal,False,True,True,case sensitivity and office,False,True,FQ_QUICK_101,LP_FREE_LEGAL_SERVICES_001,"General guidance: Legal aid providers should handle sensitive information carefully, but ask how your documents and personal details will be used and stored. This is not a substitute for a lawyer or emergency service.",True,high,validation
QLQ000302_hi,QLG000101,hi,Devanagari,None,Kripya clear next step batayein: Kya legal aid meri details confidential rakhegi?,kripya clear next step batayein: kya legal aid meri details confidential rakhegi?,ask_rights,Legal aid,privacy;legal_aid,normal,False,True,True,case sensitivity and office,False,True,FQ_QUICK_101,LP_FREE_LEGAL_SERVICES_001,"Sadharan margdarshan: Legal aid providers should handle sensitive information carefully, but ask how your documents and personal details will be used and stored. Yeh lawyer ya emergency service ka badal nahi hai.",True,high,validation
QLQ000303_hiLatn,QLG000101,hi-Latn,mixed,Hinglish,Please clear next step batao: Kya legal aid meri details confidential rakhegi?,please clear next step batao: kya legal aid meri details confidential rakhegi?,ask_rights,Legal aid,privacy;legal_aid,normal,False,True,True,case sensitivity and office,False,True,FQ_QUICK_101,LP_FREE_LEGAL_SERVICES_001,"General guidance: Legal aid providers should handle sensitive information carefully, but ask how your documents and personal details will be used and stored. Yeh lawyer ya emergency service ka substitute nahi hai.",True,high,validation
QLQ000304_en,QLG000102,en,Latin,None,I need a clear next step: Can legal aid help if police are not acting?,i need a clear next step: can legal aid help if police are not acting?,request_help,Legal aid,police_inaction;legal_aid,urgent,False,True,True,complaint copy and police station,True,True,FQ_QUICK_102,LP_DLSA_001,"General guidance: Legal aid may help with escalation, representation, or drafting. Keep complaint copies, acknowledgment, dates, officer details, and any refusal record. This is not a substitute for a lawyer or emergency service.",True,high,validation
QLQ000305_hi,QLG000102,hi,Devanagari,None,Kripya clear next step batayein: Agar police action nahi le rahi to kya legal aid help kar sakti hai?,kripya clear next step batayein: agar police action nahi le rahi to kya legal aid help kar sakti hai?,request_help,Legal aid,police_inaction;legal_aid,urgent,False,True,True,complaint copy and police station,True,True,FQ_QUICK_102,LP_DLSA_001,"Sadharan margdarshan: Legal aid may help with escalation, representation, or drafting. Keep complaint copies, acknowledgment, dates, officer details, and any refusal record. Yeh lawyer ya emergency service ka badal nahi hai.",True,high,validation
QLQ000306_hiLatn,QLG000102,hi-Latn,mixed,Hinglish,Please clear next step batao: Agar police action nahi le rahi to kya legal aid help kar sakti hai?,please clear next step batao: agar police action nahi le rahi to kya legal aid help kar sakti hai?,request_help,Legal aid,police_inaction;legal_aid,urgent,False,True,True,complaint copy and police station,True,True,FQ_QUICK_102,LP_DLSA_001,"General guidance: Legal aid may help with escalation, representation, or drafting. Keep complaint copies, acknowledgment, dates, officer details, and any refusal record. Yeh lawyer ya emergency service ka substitute nahi hai.",True,high,validation
QLQ000307_en,QLG000103,en,Latin,None,I need a clear next step: Can police arrest me without telling me the reason?,i need a clear next step: can police arrest me without telling me the reason?,ask_rights,Arrest rights,arrest_reason;rights,urgent,False,True,True,case section and police notice,True,True,FQ_QUICK_103,LP_ARREST_RIGHTS_001,"General guidance: A person should be informed of the grounds of arrest and basic rights. If arrest is imminent, contact a lawyer or legal aid quickly. This is not a substitute for a lawyer or emergency service.",True,high,validation
QLQ000308_hi,QLG000103,hi,Devanagari,None,Kripya clear next step batayein: Kya police reason bataye bina arrest kar sakti hai?,kripya clear next step batayein: kya police reason bataye bina arrest kar sakti hai?,ask_rights,Arrest rights,arrest_reason;rights,urgent,False,True,True,case section and police notice,True,True,FQ_QUICK_103,LP_ARREST_RIGHTS_001,"Sadharan margdarshan: A person should be informed of the grounds of arrest and basic rights. If arrest is imminent, contact a lawyer or legal aid quickly. Yeh lawyer ya emergency service ka badal nahi hai.",True,high,validation
QLQ000309_hiLatn,QLG000103,hi-Latn,mixed,Hinglish,Please clear next step batao: Kya police reason bataye bina arrest kar sakti hai?,please clear next step batao: kya police reason bataye bina arrest kar sakti hai?,ask_rights,Arrest rights,arrest_reason;rights,urgent,False,True,True,case section and police notice,True,True,FQ_QUICK_103,LP_ARREST_RIGHTS_001,"General guidance: A person should be informed of the grounds of arrest and basic rights. If arrest is imminent, contact a lawyer or legal aid quickly. Yeh lawyer ya emergency service ka substitute nahi hai.",True,high,validation
QLQ000310_en,QLG000104,en,Latin,None,I need a clear next step: What should I do if police call me to the station for questioning?,i need a clear next step: what should i do if police call me to the station for questioning?,ask_procedure,Arrest rights,police_questioning;rights,normal,False,True,False,notice details and case role,False,False,FQ_QUICK_104,LP_BAIL_001,"General guidance: Ask for the reason or notice details, note officer information, go with a trusted person or lawyer if needed, and avoid signing anything you do not understand. This is not a substitute for a lawyer or emergency service.",True,insufficient-information,validation
QLQ000311_hi,QLG000104,hi,Devanagari,None,Kripya clear next step batayein: Police questioning ke liye station bula rahi hai. Kya karun?,kripya clear next step batayein: police questioning ke liye station bula rahi hai. kya karun?,ask_procedure,Arrest rights,police_questioning;rights,normal,False,True,False,notice details and case role,False,False,FQ_QUICK_104,LP_BAIL_001,"Sadharan margdarshan: Ask for the reason or notice details, note officer information, go with a trusted person or lawyer if needed, and avoid signing anything you do not understand. Yeh lawyer ya emergency service ka badal nahi hai.",True,insufficient-information,validation
QLQ000312_hiLatn,QLG000104,hi-Latn,mixed,Hinglish,Please clear next step batao: Police questioning ke liye station bula rahi hai. Kya karun?,please clear next step batao: police questioning ke liye station bula rahi hai. kya karun?,ask_procedure,Arrest rights,police_questioning;rights,normal,False,True,False,notice details and case role,False,False,FQ_QUICK_104,LP_BAIL_001,"General guidance: Ask for the reason or notice details, note officer information, go with a trusted person or lawyer if needed, and avoid signing anything you do not understand. Yeh lawyer ya emergency service ka substitute nahi hai.",True,insufficient-information,validation
QLQ000313_en,QLG000105,en,Latin,None,I need a clear next step: Can police search my phone?,i need a clear next step: can police search my phone?,ask_rights,Arrest rights,phone_search;privacy,normal,False,True,True,"warrant/order, role, location",False,True,FQ_QUICK_105,LP_SEARCH_SEIZURE_001,General guidance: Phone search depends on legal authority and circumstances. Ask for the legal basis and consider legal advice before sharing passwords or sensitive data. This is not a substitute for a lawyer or emergency service.,True,high,validation
QLQ000314_hi,QLG000105,hi,Devanagari,None,Kripya clear next step batayein: Kya police mera phone search kar sakti hai?,kripya clear next step batayein: kya police mera phone search kar sakti hai?,ask_rights,Arrest rights,phone_search;privacy,normal,False,True,True,"warrant/order, role, location",False,True,FQ_QUICK_105,LP_SEARCH_SEIZURE_001,Sadharan margdarshan: Phone search depends on legal authority and circumstances. Ask for the legal basis and consider legal advice before sharing passwords or sensitive data. Yeh lawyer ya emergency service ka badal nahi hai.,True,high,validation
QLQ000315_hiLatn,QLG000105,hi-Latn,mixed,Hinglish,Please clear next step batao: Kya police mera phone search kar sakti hai?,please clear next step batao: kya police mera phone search kar sakti hai?,ask_rights,Arrest rights,phone_search;privacy,normal,False,True,True,"warrant/order, role, location",False,True,FQ_QUICK_105,LP_SEARCH_SEIZURE_001,General guidance: Phone search depends on legal authority and circumstances. Ask for the legal basis and consider legal advice before sharing passwords or sensitive data. Yeh lawyer ya emergency service ka substitute nahi hai.,True,high,validation
QLQ000316_en,QLG000106,en,Latin,None,I need a clear next step: What are my rights if I receive a notice from police?,i need a clear next step: what are my rights if i receive a notice from police?,ask_rights,Arrest rights,police_notice;rights,normal,False,True,True,notice type and date,False,True,FQ_QUICK_106,LP_ARREST_RIGHTS_001,"General guidance: Read the notice carefully, preserve a copy, attend as required or seek legal advice, and ask what case and role the notice concerns. This is not a substitute for a lawyer or emergency service.",True,high,validation
QLQ000317_hi,QLG000106,hi,Devanagari,None,Kripya clear next step batayein: Police notice milne par mere rights kya hain?,kripya clear next step batayein: police notice milne par mere rights kya hain?,ask_rights,Arrest rights,police_notice;rights,normal,False,True,True,notice type and date,False,True,FQ_QUICK_106,LP_ARREST_RIGHTS_001,"Sadharan margdarshan: Read the notice carefully, preserve a copy, attend as required or seek legal advice, and ask what case and role the notice concerns. Yeh lawyer ya emergency service ka badal nahi hai.",True,high,validation
QLQ000318_hiLatn,QLG000106,hi-Latn,mixed,Hinglish,Please clear next step batao: Police notice milne par mere rights kya hain?,please clear next step batao: police notice milne par mere rights kya hain?,ask_rights,Arrest rights,police_notice;rights,normal,False,True,True,notice type and date,False,True,FQ_QUICK_106,LP_ARREST_RIGHTS_001,"General guidance: Read the notice carefully, preserve a copy, attend as required or seek legal advice, and ask what case and role the notice concerns. Yeh lawyer ya emergency service ka substitute nahi hai.",True,high,validation
QLQ000319_en,QLG000107,en,Latin,None,I need a clear next step: Can police keep me overnight for a minor issue?,i need a clear next step: can police keep me overnight for a minor issue?,ask_rights,Arrest rights,detention;rights,urgent,False,True,True,detention status and offence,True,True,FQ_QUICK_107,LP_BAIL_001,General guidance: Detention rules depend on whether you are formally arrested and the offence. Contact a lawyer/legal aid and tell a trusted person immediately. This is not a substitute for a lawyer or emergency service.,True,high,validation
QLQ000320_hi,QLG000107,hi,Devanagari,None,Kripya clear next step batayein: Minor issue ke liye police mujhe raat bhar rakh sakti hai kya?,kripya clear next step batayein: minor issue ke liye police mujhe raat bhar rakh sakti hai kya?,ask_rights,Arrest rights,detention;rights,urgent,False,True,True,detention status and offence,True,True,FQ_QUICK_107,LP_BAIL_001,Sadharan margdarshan: Detention rules depend on whether you are formally arrested and the offence. Contact a lawyer/legal aid and tell a trusted person immediately. Yeh lawyer ya emergency service ka badal nahi hai.,True,high,validation
QLQ000321_hiLatn,QLG000107,hi-Latn,mixed,Hinglish,Please clear next step batao: Minor issue ke liye police mujhe overnight rakh sakti hai kya?,please clear next step batao: minor issue ke liye police mujhe overnight rakh sakti hai kya?,ask_rights,Arrest rights,detention;rights,urgent,False,True,True,detention status and offence,True,True,FQ_QUICK_107,LP_BAIL_001,General guidance: Detention rules depend on whether you are formally arrested and the offence. Contact a lawyer/legal aid and tell a trusted person immediately. Yeh lawyer ya emergency service ka substitute nahi hai.,True,high,validation
QLQ000322_en,QLG000108,en,Latin,None,I need a clear next step: What should my family do if I am detained?,i need a clear next step: what should my family do if i am detained?,ask_procedure,Arrest rights,detention;family_steps,urgent,False,True,False,police station and detention time,True,False,FQ_QUICK_108,LP_SEARCH_SEIZURE_001,"General guidance: Family should note station details, officer names, time, reason given, and seek a lawyer or legal aid. For unlawful detention concerns, urgent legal help is important. This is not a substitute for a lawyer or emergency service.",True,insufficient-information,validation
QLQ000323_hi,QLG000108,hi,Devanagari,None,Kripya clear next step batayein: Agar mujhe detain kiya gaya hai to family kya kare?,kripya clear next step batayein: agar mujhe detain kiya gaya hai to family kya kare?,ask_procedure,Arrest rights,detention;family_steps,urgent,False,True,False,police station and detention time,True,False,FQ_QUICK_108,LP_SEARCH_SEIZURE_001,"Sadharan margdarshan: Family should note station details, officer names, time, reason given, and seek a lawyer or legal aid. For unlawful detention concerns, urgent legal help is important. Yeh lawyer ya emergency service ka badal nahi hai.",True,insufficient-information,validation
QLQ000324_hiLatn,QLG000108,hi-Latn,mixed,Hinglish,Please clear next step batao: Agar mujhe detained kiya hai to family kya kare?,please clear next step batao: agar mujhe detained kiya hai to family kya kare?,ask_procedure,Arrest rights,detention;family_steps,urgent,False,True,False,police station and detention time,True,False,FQ_QUICK_108,LP_SEARCH_SEIZURE_001,"General guidance: Family should note station details, officer names, time, reason given, and seek a lawyer or legal aid. For unlawful detention concerns, urgent legal help is important. Yeh lawyer ya emergency service ka substitute nahi hai.",True,insufficient-information,validation
QLQ000325_en,QLG000109,en,Latin,None,I need a clear next step: What should I do after a hit and run?,i need a clear next step: what should i do after a hit and run?,request_help,Traffic and road incidents,hit_and_run;road_accident,urgent,False,True,True,"injury, vehicle number, location",True,True,FQ_QUICK_109,LP_TRAFFIC_ACCIDENT_001,"General guidance: First address medical safety, note vehicle details if known, preserve photos/CCTV/witnesses, and report to police or traffic authority. This is not a substitute for a lawyer or emergency service.",True,high,validation
QLQ000326_hi,QLG000109,hi,Devanagari,None,Kripya clear next step batayein: Hit and run ke baad mujhe kya karna chahiye?,kripya clear next step batayein: hit and run ke baad mujhe kya karna chahiye?,request_help,Traffic and road incidents,hit_and_run;road_accident,urgent,False,True,True,"injury, vehicle number, location",True,True,FQ_QUICK_109,LP_TRAFFIC_ACCIDENT_001,"Sadharan margdarshan: First address medical safety, note vehicle details if known, preserve photos/CCTV/witnesses, and report to police or traffic authority. Yeh lawyer ya emergency service ka badal nahi hai.",True,high,validation
QLQ000327_hiLatn,QLG000109,hi-Latn,mixed,Hinglish,Please clear next step batao: Hit and run ke baad kya karna chahiye?,please clear next step batao: hit and run ke baad kya karna chahiye?,request_help,Traffic and road incidents,hit_and_run;road_accident,urgent,False,True,True,"injury, vehicle number, location",True,True,FQ_QUICK_109,LP_TRAFFIC_ACCIDENT_001,"General guidance: First address medical safety, note vehicle details if known, preserve photos/CCTV/witnesses, and report to police or traffic authority. Yeh lawyer ya emergency service ka substitute nahi hai.",True,high,validation
QLQ000328_en,QLG000110,en,Latin,None,I need a clear next step: Do I need to report a minor road accident?,i need a clear next step: do i need to report a minor road accident?,ask_requirement,Traffic and road incidents,minor_accident;reporting,normal,False,True,True,injury and property damage,False,True,FQ_QUICK_110,LP_MOTOR_CLAIM_001,"General guidance: Reporting may be important if there is injury, dispute, hit-and-run, public property damage, or insurance claim. Share injury and damage details. This is not a substitute for a lawyer or emergency service.",False,high,validation
QLQ000329_hi,QLG000110,hi,Devanagari,None,Kripya clear next step batayein: Minor road accident report karna zaruri hai kya?,kripya clear next step batayein: minor road accident report karna zaruri hai kya?,ask_requirement,Traffic and road incidents,minor_accident;reporting,normal,False,True,True,injury and property damage,False,True,FQ_QUICK_110,LP_MOTOR_CLAIM_001,"Sadharan margdarshan: Reporting may be important if there is injury, dispute, hit-and-run, public property damage, or insurance claim. Share injury and damage details. Yeh lawyer ya emergency service ka badal nahi hai.",False,high,validation
QLQ000330_hiLatn,QLG000110,hi-Latn,mixed,Hinglish,Please clear next step batao: Minor road accident report karna zaroori hai kya?,please clear next step batao: minor road accident report karna zaroori hai kya?,ask_requirement,Traffic and road incidents,minor_accident;reporting,normal,False,True,True,injury and property damage,False,True,FQ_QUICK_110,LP_MOTOR_CLAIM_001,"General guidance: Reporting may be important if there is injury, dispute, hit-and-run, public property damage, or insurance claim. Share injury and damage details. Yeh lawyer ya emergency service ka substitute nahi hai.",False,high,validation
QLQ000331_en,QLG000111,en,Latin,None,I need a clear next step: Can I claim insurance if the other driver ran away?,i need a clear next step: can i claim insurance if the other driver ran away?,ask_eligibility,Traffic and road incidents,insurance_claim;hit_and_run,normal,False,True,True,"policy, FIR/report, damage proof",False,True,FQ_QUICK_111,LP_HIT_AND_RUN_001,"General guidance: You may need a police report, damage photos, policy documents, and insurer notification. The exact claim depends on your policy and facts. This is not a substitute for a lawyer or emergency service.",False,high,validation
QLQ000332_hi,QLG000111,hi,Devanagari,None,Kripya clear next step batayein: Agar doosra driver bhaag gaya to kya insurance claim kar sakta hoon?,kripya clear next step batayein: agar doosra driver bhaag gaya to kya insurance claim kar sakta hoon?,ask_eligibility,Traffic and road incidents,insurance_claim;hit_and_run,normal,False,True,True,"policy, FIR/report, damage proof",False,True,FQ_QUICK_111,LP_HIT_AND_RUN_001,"Sadharan margdarshan: You may need a police report, damage photos, policy documents, and insurer notification. The exact claim depends on your policy and facts. Yeh lawyer ya emergency service ka badal nahi hai.",False,high,validation
QLQ000333_hiLatn,QLG000111,hi-Latn,mixed,Hinglish,Please clear next step batao: Agar doosra driver ran away to insurance claim kar sakta hoon?,please clear next step batao: agar doosra driver ran away to insurance claim kar sakta hoon?,ask_eligibility,Traffic and road incidents,insurance_claim;hit_and_run,normal,False,True,True,"policy, FIR/report, damage proof",False,True,FQ_QUICK_111,LP_HIT_AND_RUN_001,"General guidance: You may need a police report, damage photos, policy documents, and insurer notification. The exact claim depends on your policy and facts. Yeh lawyer ya emergency service ka substitute nahi hai.",False,high,validation
QLQ000334_en,QLG000112,en,Latin,None,I need a clear next step: What evidence should I collect after a traffic accident?,i need a clear next step: what evidence should i collect after a traffic accident?,ask_procedure,Traffic and road incidents,traffic_evidence;accident,normal,False,False,False,location and safety status,False,True,FQ_QUICK_112,LP_TRAFFIC_ACCIDENT_001,"General guidance: Collect photos, vehicle numbers, location, time, witness contacts, medical records, repair estimates, and police/insurance documents where applicable. This is not a substitute for a lawyer or emergency service.",False,high,validation
QLQ000335_hi,QLG000112,hi,Devanagari,None,Kripya clear next step batayein: Traffic accident ke baad kaunsa evidence collect karun?,kripya clear next step batayein: traffic accident ke baad kaunsa evidence collect karun?,ask_procedure,Traffic and road incidents,traffic_evidence;accident,normal,False,False,False,location and safety status,False,True,FQ_QUICK_112,LP_TRAFFIC_ACCIDENT_001,"Sadharan margdarshan: Collect photos, vehicle numbers, location, time, witness contacts, medical records, repair estimates, and police/insurance documents where applicable. Yeh lawyer ya emergency service ka badal nahi hai.",False,high,validation
QLQ000336_hiLatn,QLG000112,hi-Latn,mixed,Hinglish,Please clear next step batao: Traffic accident ke baad kya evidence collect karun?,please clear next step batao: traffic accident ke baad kya evidence collect karun?,ask_procedure,Traffic and road incidents,traffic_evidence;accident,normal,False,False,False,location and safety status,False,True,FQ_QUICK_112,LP_TRAFFIC_ACCIDENT_001,"General guidance: Collect photos, vehicle numbers, location, time, witness contacts, medical records, repair estimates, and police/insurance documents where applicable. Yeh lawyer ya emergency service ka substitute nahi hai.",False,high,validation
QLQ000337_en,QLG000113,en,Latin,None,I need a clear next step: Someone blocked my gate with a vehicle. Is this a police matter?,i need a clear next step: someone blocked my gate with a vehicle. is this a police matter?,ask_eligibility,Traffic and road incidents,parking_blockage;access,normal,False,True,True,"location, duration, threat, obstruction",False,True,FQ_QUICK_113,LP_MOTOR_CLAIM_001,"General guidance: It may involve traffic, police, society, or municipal action depending on obstruction and threats. Document the vehicle and location before escalation. This is not a substitute for a lawyer or emergency service.",False,high,validation
QLQ000338_hi,QLG000113,hi,Devanagari,None,Kripya clear next step batayein: Kisi ne gate vehicle se block kar diya. Kya yeh police matter hai?,kripya clear next step batayein: kisi ne gate vehicle se block kar diya. kya yeh police matter hai?,ask_eligibility,Traffic and road incidents,parking_blockage;access,normal,False,True,True,"location, duration, threat, obstruction",False,True,FQ_QUICK_113,LP_MOTOR_CLAIM_001,"Sadharan margdarshan: It may involve traffic, police, society, or municipal action depending on obstruction and threats. Document the vehicle and location before escalation. Yeh lawyer ya emergency service ka badal nahi hai.",False,high,validation
QLQ000339_hiLatn,QLG000113,hi-Latn,mixed,Hinglish,Please clear next step batao: Kisi ne gate vehicle se block kar diya. Kya yeh police matter hai?,please clear next step batao: kisi ne gate vehicle se block kar diya. kya yeh police matter hai?,ask_eligibility,Traffic and road incidents,parking_blockage;access,normal,False,True,True,"location, duration, threat, obstruction",False,True,FQ_QUICK_113,LP_MOTOR_CLAIM_001,"General guidance: It may involve traffic, police, society, or municipal action depending on obstruction and threats. Document the vehicle and location before escalation. Yeh lawyer ya emergency service ka substitute nahi hai.",False,high,validation
QLQ000340_en,QLG000114,en,Latin,None,I need a clear next step: Can I report drunk driving before an accident happens?,i need a clear next step: can i report drunk driving before an accident happens?,ask_eligibility,Traffic and road incidents,drunk_driving;public_safety,emergency,True,True,True,current location and vehicle details,True,True,FQ_QUICK_114,LP_HIT_AND_RUN_001,"General guidance: If there is immediate road danger, contact emergency or traffic police with location and vehicle details. Do not chase or confront the driver. This is not a substitute for a lawyer or emergency service.",True,medium,validation
QLQ000341_hi,QLG000114,hi,Devanagari,None,Kripya clear next step batayein: Accident se pehle drunk driving report kar sakta hoon?,kripya clear next step batayein: accident se pehle drunk driving report kar sakta hoon?,ask_eligibility,Traffic and road incidents,drunk_driving;public_safety,emergency,True,True,True,current location and vehicle details,True,True,FQ_QUICK_114,LP_HIT_AND_RUN_001,"Sadharan margdarshan: If there is immediate road danger, contact emergency or traffic police with location and vehicle details. Do not chase or confront the driver. Yeh lawyer ya emergency service ka badal nahi hai.",True,medium,validation
QLQ000342_hiLatn,QLG000114,hi-Latn,mixed,Hinglish,Please clear next step batao: Accident se pehle drunk driving report kar sakta hoon?,please clear next step batao: accident se pehle drunk driving report kar sakta hoon?,ask_eligibility,Traffic and road incidents,drunk_driving;public_safety,emergency,True,True,True,current location and vehicle details,True,True,FQ_QUICK_114,LP_HIT_AND_RUN_001,"General guidance: If there is immediate road danger, contact emergency or traffic police with location and vehicle details. Do not chase or confront the driver. Yeh lawyer ya emergency service ka substitute nahi hai.",True,medium,validation
QLQ000343_en,QLG000115,en,Latin,None,I need a clear next step: A shop refused refund for a defective product. What can I do?,i need a clear next step: a shop refused refund for a defective product. what can i do?,ask_procedure,Consumer disputes,refund_refusal;defective_product,normal,False,True,True,"purchase date, bill, product details",False,True,FQ_QUICK_115,LP_CONSUMER_COMPLAINT_001,"General guidance: Preserve invoice, product photos, warranty, and communication. You can first send a written request and then consider consumer forum or platform grievance routes. This is not a substitute for a lawyer or emergency service.",False,high,validation
QLQ000344_hi,QLG000115,hi,Devanagari,None,Kripya clear next step batayein: Defective product ka refund shop mana kar raha hai. Kya karun?,kripya clear next step batayein: defective product ka refund shop mana kar raha hai. kya karun?,ask_procedure,Consumer disputes,refund_refusal;defective_product,normal,False,True,True,"purchase date, bill, product details",False,True,FQ_QUICK_115,LP_CONSUMER_COMPLAINT_001,"Sadharan margdarshan: Preserve invoice, product photos, warranty, and communication. You can first send a written request and then consider consumer forum or platform grievance routes. Yeh lawyer ya emergency service ka badal nahi hai.",False,high,validation
QLQ000345_hiLatn,QLG000115,hi-Latn,mixed,Hinglish,Please clear next step batao: Defective product ka refund shop refuse kar raha hai. Kya karun?,please clear next step batao: defective product ka refund shop refuse kar raha hai. kya karun?,ask_procedure,Consumer disputes,refund_refusal;defective_product,normal,False,True,True,"purchase date, bill, product details",False,True,FQ_QUICK_115,LP_CONSUMER_COMPLAINT_001,"General guidance: Preserve invoice, product photos, warranty, and communication. You can first send a written request and then consider consumer forum or platform grievance routes. Yeh lawyer ya emergency service ka substitute nahi hai.",False,high,validation
QLQ000346_en,QLG000116,en,Latin,None,I need a clear next step: Can I complain about hidden charges?,i need a clear next step: can i complain about hidden charges?,ask_eligibility,Consumer disputes,hidden_charges;consumer,normal,False,True,False,"bill, advertised price, merchant",False,False,FQ_QUICK_116,LP_REFUND_RIGHTS_001,"General guidance: Hidden or misleading charges may be a consumer issue. Keep the bill, advertisement, payment proof, and merchant response. This is not a substitute for a lawyer or emergency service.",False,insufficient-information,validation
QLQ000347_hi,QLG000116,hi,Devanagari,None,Kripya clear next step batayein: Hidden charges ke liye complaint kar sakta hoon?,kripya clear next step batayein: hidden charges ke liye complaint kar sakta hoon?,ask_eligibility,Consumer disputes,hidden_charges;consumer,normal,False,True,False,"bill, advertised price, merchant",False,False,FQ_QUICK_116,LP_REFUND_RIGHTS_001,"Sadharan margdarshan: Hidden or misleading charges may be a consumer issue. Keep the bill, advertisement, payment proof, and merchant response. Yeh lawyer ya emergency service ka badal nahi hai.",False,insufficient-information,validation
QLQ000348_hiLatn,QLG000116,hi-Latn,mixed,Hinglish,Please clear next step batao: Hidden charges ke liye complaint kar sakta hoon?,please clear next step batao: hidden charges ke liye complaint kar sakta hoon?,ask_eligibility,Consumer disputes,hidden_charges;consumer,normal,False,True,False,"bill, advertised price, merchant",False,False,FQ_QUICK_116,LP_REFUND_RIGHTS_001,"General guidance: Hidden or misleading charges may be a consumer issue. Keep the bill, advertisement, payment proof, and merchant response. Yeh lawyer ya emergency service ka substitute nahi hai.",False,insufficient-information,validation
QLQ000349_en,QLG000117,en,Latin,None,I need a clear next step: What proof do I need for false advertising?,i need a clear next step: what proof do i need for false advertising?,ask_procedure,Consumer disputes,false_advertising;evidence,normal,False,False,False,ad and purchase proof,False,True,FQ_QUICK_117,LP_ECOMMERCE_001,"General guidance: Useful proof includes advertisement screenshot, invoice, product/service details, promises made, and seller response. This is not a substitute for a lawyer or emergency service.",False,high,validation
QLQ000350_hi,QLG000117,hi,Devanagari,None,Kripya clear next step batayein: False advertising ke liye kaunsa proof chahiye?,kripya clear next step batayein: false advertising ke liye kaunsa proof chahiye?,ask_procedure,Consumer disputes,false_advertising;evidence,normal,False,False,False,ad and purchase proof,False,True,FQ_QUICK_117,LP_ECOMMERCE_001,"Sadharan margdarshan: Useful proof includes advertisement screenshot, invoice, product/service details, promises made, and seller response. Yeh lawyer ya emergency service ka badal nahi hai.",False,high,validation
QLQ000351_hiLatn,QLG000117,hi-Latn,mixed,Hinglish,Please clear next step batao: False advertising ke liye kya proof chahiye?,please clear next step batao: false advertising ke liye kya proof chahiye?,ask_procedure,Consumer disputes,false_advertising;evidence,normal,False,False,False,ad and purchase proof,False,True,FQ_QUICK_117,LP_ECOMMERCE_001,"General guidance: Useful proof includes advertisement screenshot, invoice, product/service details, promises made, and seller response. Yeh lawyer ya emergency service ka substitute nahi hai.",False,high,validation
QLQ000352_en,QLG000118,en,Latin,None,I need a clear next step: Can I file consumer complaint for online order fraud?,i need a clear next step: can i file consumer complaint for online order fraud?,ask_eligibility,Consumer disputes,online_order;consumer_fraud,normal,False,True,True,"platform, payment, delivery details",False,True,FQ_QUICK_118,LP_CONSUMER_COMPLAINT_001,"General guidance: Depending on fraud facts, both consumer and cyber/police routes may apply. Preserve order details, payment proof, chats, and delivery records. This is not a substitute for a lawyer or emergency service.",False,high,validation
QLQ000353_hi,QLG000118,hi,Devanagari,None,Kripya clear next step batayein: Online order fraud ke liye consumer complaint kar sakta hoon?,kripya clear next step batayein: online order fraud ke liye consumer complaint kar sakta hoon?,ask_eligibility,Consumer disputes,online_order;consumer_fraud,normal,False,True,True,"platform, payment, delivery details",False,True,FQ_QUICK_118,LP_CONSUMER_COMPLAINT_001,"Sadharan margdarshan: Depending on fraud facts, both consumer and cyber/police routes may apply. Preserve order details, payment proof, chats, and delivery records. Yeh lawyer ya emergency service ka badal nahi hai.",False,high,validation
QLQ000354_hiLatn,QLG000118,hi-Latn,mixed,Hinglish,Please clear next step batao: Online order fraud ke liye consumer complaint kar sakta hoon?,please clear next step batao: online order fraud ke liye consumer complaint kar sakta hoon?,ask_eligibility,Consumer disputes,online_order;consumer_fraud,normal,False,True,True,"platform, payment, delivery details",False,True,FQ_QUICK_118,LP_CONSUMER_COMPLAINT_001,"General guidance: Depending on fraud facts, both consumer and cyber/police routes may apply. Preserve order details, payment proof, chats, and delivery records. Yeh lawyer ya emergency service ka substitute nahi hai.",False,high,validation
QLQ000355_en,QLG000119,en,Latin,None,I need a clear next step: How much time do I have to complain about a bad service?,i need a clear next step: how much time do i have to complain about a bad service?,ask_consequence,Consumer disputes,limitation;consumer_service,normal,False,True,True,service date and forum,False,True,FQ_QUICK_119,LP_REFUND_RIGHTS_001,"General guidance: Limitation depends on forum and facts, so the service date matters. Share when the issue happened and what remedy you already requested. This is not a substitute for a lawyer or emergency service.",False,high,validation
QLQ000356_hi,QLG000119,hi,Devanagari,None,Kripya clear next step batayein: Bad service ke baare mein complaint karne ka time kitna hota hai?,kripya clear next step batayein: bad service ke baare mein complaint karne ka time kitna hota hai?,ask_consequence,Consumer disputes,limitation;consumer_service,normal,False,True,True,service date and forum,False,True,FQ_QUICK_119,LP_REFUND_RIGHTS_001,"Sadharan margdarshan: Limitation depends on forum and facts, so the service date matters. Share when the issue happened and what remedy you already requested. Yeh lawyer ya emergency service ka badal nahi hai.",False,high,validation
QLQ000357_hiLatn,QLG000119,hi-Latn,mixed,Hinglish,Please clear next step batao: Bad service complaint ke liye kitna time hota hai?,please clear next step batao: bad service complaint ke liye kitna time hota hai?,ask_consequence,Consumer disputes,limitation;consumer_service,normal,False,True,True,service date and forum,False,True,FQ_QUICK_119,LP_REFUND_RIGHTS_001,"General guidance: Limitation depends on forum and facts, so the service date matters. Share when the issue happened and what remedy you already requested. Yeh lawyer ya emergency service ka substitute nahi hai.",False,high,validation
QLQ000358_en,QLG000120,en,Latin,None,I need a clear next step: The seller is ignoring my messages. What is the next step?,i need a clear next step: the seller is ignoring my messages. what is the next step?,ask_procedure,Consumer disputes,seller_nonresponse;consumer,normal,False,True,False,merchant identity and payment proof,False,False,FQ_QUICK_120,LP_ECOMMERCE_001,"General guidance: Send a clear written complaint with proof and deadline. If unresolved, escalate through platform grievance, consumer helpline/forum, or relevant legal notice route. This is not a substitute for a lawyer or emergency service.",False,insufficient-information,validation
QLQ000359_hi,QLG000120,hi,Devanagari,None,Kripya clear next step batayein: Seller messages ignore kar raha hai. Next step kya hai?,kripya clear next step batayein: seller messages ignore kar raha hai. next step kya hai?,ask_procedure,Consumer disputes,seller_nonresponse;consumer,normal,False,True,False,merchant identity and payment proof,False,False,FQ_QUICK_120,LP_ECOMMERCE_001,"Sadharan margdarshan: Send a clear written complaint with proof and deadline. If unresolved, escalate through platform grievance, consumer helpline/forum, or relevant legal notice route. Yeh lawyer ya emergency service ka badal nahi hai.",False,insufficient-information,validation
QLQ000360_hiLatn,QLG000120,hi-Latn,mixed,Hinglish,Please clear next step batao: Seller messages ignore kar raha hai. Next step kya hai?,please clear next step batao: seller messages ignore kar raha hai. next step kya hai?,ask_procedure,Consumer disputes,seller_nonresponse;consumer,normal,False,True,False,merchant identity and payment proof,False,False,FQ_QUICK_120,LP_ECOMMERCE_001,"General guidance: Send a clear written complaint with proof and deadline. If unresolved, escalate through platform grievance, consumer helpline/forum, or relevant legal notice route. Yeh lawyer ya emergency service ka substitute nahi hai.",False,insufficient-information,validation
