scenario_id,scenario_title,primary_incident_family,secondary_issue_labels,scenario_facts,reference_date,incident_date,incident_time,incident_setting,location_type,jurisdiction_country,jurisdiction_state,ongoing_or_past,current_danger_status,injury_present,threat_present,property_involved,police_contacted,legal_help_requested,expected_participant_count,expected_event_count,source_type,created_by,reviewed_by,privacy_status,split
SCN000001,They literally ripped me off with false advertising and misrepresentation,Consumer Disputes,False advertising and misrepresentation,"So I went to this shop around 20:41 and explicitly paid for premium service, but I faced absolute false advertising and misrepresentation instead. When I asked the manager to fix it or give my money back, they were super rude and completely brushed me off. Never buying from here again.",2023-01-30,2023-01-01,20:41,Physical,Shop,India,Uttar Pradesh,recent_past,No,False,True,True,True,False,3,1,human_written,USR993,REV849,synthetic_no_pii,validation
SCN000002,Formal Grievance: Urgent Resolution Required for Noise pollution grievance,Miscellaneous,Noise pollution grievance,"Dear Municipal Authorities, I am writing to formally log a civic grievance regarding the ongoing pattern of noise pollution grievance at the Residential street. The latest escalation occurred on 2026-07-17 at 23:20 hours, causing localized hazards that require immediate civic attention.",2023-01-11,2023-01-01,23:20,Physical,Residential street,India,Maharashtra,recent_past,No,False,False,True,True,False,3,2,expert_authored,USR559,REV549,synthetic_no_pii,challenge
SCN000003,Roadways disruption via drunk driving accident,Traffic & Road Incidents,Drunk driving accident,A vehicular incident involving drunk driving accident occurred on the local highway at 06:27. The collision or blockage led to structural vehicular property damage and caused a severe traffic bottleneck requiring immediate clearing.,2023-01-23,2023-01-07,06:27,Physical,Highway,India,Maharashtra,recent_past,No,True,False,True,True,False,2,3,synthetic_reviewed,USR402,REV328,synthetic_no_pii,challenge
SCN000004,avoid this place fraud false advertising and misrepresentation,Consumer Disputes,False advertising and misrepresentation,guys heads up do NOT buy anything from that Showroom!! just experienced a massive false advertising and misrepresentation around 07:45 today. they completely cheated me on the transaction and refused a refund. super sketchy service watch out,2023-01-23,2023-01-11,07:45,Physical,Showroom,India,Karnataka,past,No,False,False,True,False,True,3,3,expert_authored,USR369,REV705,synthetic_no_pii,train
SCN000005,Digital breach via social media hacking,Cybercrime,Social media hacking,"An incident of social media hacking compromised security systems across the specified Online platform at 17:10. Electronic credentials were manipulated remotely by unknown malicious actors, triggering secondary security protocols.",2023-02-10,2023-01-12,17:10,Online,Online platform,India,Tamil Nadu,past,No,False,False,True,True,True,3,2,human_written,USR975,REV537,synthetic_no_pii,test
SCN000006,Coworker testimony on safe working conditions violation,Employment/Labour,Safe working conditions violation,"The observer witnessed an intense disagreement between the management and an employee inside the workplace around 21:28. The context of the dispute was clearly a severe case of safe working conditions violation, with the supervisor dismissing the employee's legitimate safety or financial claims arbitrarily.",2023-02-09,2023-01-16,21:28,Physical,Workplace,India,Gujarat,recent_past,No,True,False,False,False,False,5,1,expert_authored,USR822,REV242,synthetic_no_pii,train
SCN000007,need help asap threat at Apartment,Assault & Threats,Domestic dispute,pls help someone is targeting me with domestic dispute right now at the Apartment!! they are threatening to hit me or worse. happened around 21:31. is anyone nearby who can come stay with me? urgent,2023-02-06,2023-01-18,21:31,Physical,Apartment,India,Karnataka,past,No,False,True,True,False,True,2,2,human_written,USR850,REV842,synthetic_no_pii,validation
SCN000008,Reported property conflict involving tenant-landlord conflict,Property Disputes,Tenant-landlord conflict,"Complainant reports a structural civil grievance regarding tenant-landlord conflict at the site located in shop. On 2026-06-22 at 09:08 hours, opposing parties gathered and attempted unauthorized physical alterations. Property ownership documents have been submitted for verification.",2023-02-11,2023-01-19,09:08,Physical,Shop,India,Gujarat,recent_past,No,False,True,True,True,True,2,3,synthetic_reviewed,USR679,REV220,synthetic_no_pii,test
SCN000009,Formal Grievance: Unfair Trade Practice & Overcharging and hidden fees,Consumer Disputes,Overcharging and hidden fees,"Dear Consumer Forum Support, I am writing to formally register a merchant complaint regarding a severe instance of overcharging and hidden fees that occurred at Restaurant on 2026-07-05 at 04:50 hours. Despite multiple amicable requests, the management refused to honor the standard consumer guarantees.",2023-02-16,2023-01-21,04:50,Physical,Restaurant,India,Karnataka,past,No,False,False,True,False,True,2,4,synthetic_reviewed,USR968,REV887,synthetic_no_pii,test
SCN000010,Accountant observation of credit card cloning,Financial Fraud,Credit card cloning,"The internal auditor observed highly irregular transaction entries passing through the shop around 09:18. Closer inspection confirmed a premeditated instance of credit card cloning, with the perpetrator executing unauthorized balance transfers using fraudulent credentials before logging out.",2023-01-24,2023-01-22,09:18,Physical,Shop,India,Tamil Nadu,recent_past,No,False,False,True,True,True,2,4,human_written,USR518,REV622,synthetic_no_pii,train
SCN000011,Comprehensive review of online harassment & threats event,Assault & Threats,Online harassment & threats,"On the afternoon of 2026-07-01, an escalating conflict classified under online harassment & threats manifested at the specified social media. Initial verbal friction rapidly degenerated into targeted hostility, establishing clear intent of intimidation and potential bodily harm. The victim sought refuge immediately while nearby witnesses attempted to de-escalate the situation. Security personnel were subsequently informed to review the breach of safety within the jurisdiction.",2023-02-10,2023-01-25,17:56,Online,Social media,India,Maharashtra,recent_past,No,False,True,False,False,False,2,2,human_written,USR399,REV751,synthetic_no_pii,validation
SCN000012,Bystander report of a customer-vendor dispute,Consumer Disputes,Expired or contaminated goods sale,"The observer noted a clear altercation developing at the counter of the shop around 02:32. A customer was contesting a distinct case of expired or contaminated goods sale, showing clear evidence to the merchant, who continuously refused liability or proper resolution.",2023-02-06,2023-01-25,02:32,Physical,Shop,India,Gujarat,recent_past,No,False,False,True,True,True,3,1,synthetic_reviewed,USR233,REV805,synthetic_no_pii,train
SCN000013,Reported consumer grievance regarding overcharging and hidden fees,Consumer Disputes,Overcharging and hidden fees,"Complainant states that on 2026-06-26 at approximately 03:09 hours, a transaction dispute involving overcharging and hidden fees occurred at Shop. The vendor reportedly engaged in unfair trade practices, failing to resolve the commercial non-compliance. Relevant purchase invoices have been logged.",2023-02-18,2023-01-25,03:09,Physical,Shop,India,Gujarat,past,No,False,False,True,True,False,2,2,synthetic_reviewed,USR929,REV882,synthetic_no_pii,challenge
SCN000014,Motor vehicle accident report involving reckless driving confrontation,Traffic & Road Incidents,Reckless driving confrontation,"On 2026-06-25 at approximately 18:17 hours, a vehicular incident classified as reckless driving confrontation occurred on the designated road. The offending vehicle failed to yield, causing impact and substantial structural damage. Case logged under regional motor vehicle acts.",2023-01-27,2023-01-26,18:17,Physical,Road,India,Telangana,past,No,True,True,True,True,False,3,2,expert_authored,USR414,REV352,synthetic_no_pii,challenge
SCN000015,I just lost my savings to a complete insurance claim fraud,Financial Fraud,Insurance claim fraud,"So I went down to the online platform around 17:39 to check my balance, and I realized I was a victim of a massive insurance claim fraud. They completely forged my details and cleared out the pending funds out of nowhere. I don't even know how I'm going to manage this month's expenses.",2023-02-22,2023-01-28,17:39,Online,Online platform,India,Uttar Pradesh,recent_past,No,False,True,True,False,True,1,1,human_written,USR333,REV881,synthetic_no_pii,validation
SCN000016,Detailed documentation of economic deprivation case,Domestic Violence,Economic deprivation,"On the date of 2026-06-27, a highly contentious domestic incident manifesting as economic deprivation occurred within the private residence. The conflict reportedly originated from long-standing domestic pressures and rapidly intensified into aggressive behavior around 05:45. The victim sustained significant psychological and physical strain before external family structures could be notified. Local authorities are reviewing the continuous pattern of behavior under the protection laws of the jurisdiction.",2023-02-22,2023-01-29,05:45,Physical,Apartment,India,Tamil Nadu,past,No,False,True,False,False,True,2,1,human_written,USR185,REV504,synthetic_no_pii,challenge
SCN000017,Witness statement regarding domestic dispute,Assault & Threats,Domestic dispute,"The bystander reported observing a heated argument developing near the apartment around 06:00. The confrontation quickly turned into a domestic dispute, with one individual visibly projecting physical intimidation towards the other party before crowds gathered to separate them.",2023-02-16,2023-02-01,06:00,Physical,Apartment,India,Telangana,recent_past,No,False,True,False,False,True,3,2,synthetic_reviewed,USR318,REV126,synthetic_no_pii,challenge
SCN000018,I think my accounts just got wiped out by a ransomware attack,Cybercrime,Ransomware attack,"So I clicked this link thinking it was an official notification around 16:02 yesterday, and suddenly I was locked out of my account. I realized it was a total ransomware attack when my savings started moving out. I'm completely panicking right now.",2023-02-21,2023-02-03,16:02,Online,Shop,India,Telangana,past,No,False,True,True,True,True,3,4,synthetic_reviewed,USR665,REV685,synthetic_no_pii,test
SCN000019,Domestic incident involving dowry harassment,Domestic Violence,Dowry harassment,"An incident of domestic distress categorized as dowry harassment occurred inside a residential premises at 16:38. The dispute caused a severe breach of domestic peace, requiring immediate support and mediation for the affected individuals.",2023-02-03,2023-02-03,16:38,Physical,Workplace,India,Maharashtra,ongoing,Yes,False,True,False,True,True,4,3,expert_authored,USR963,REV672,synthetic_no_pii,train
SCN000020,Commercial dispute involving expired or contaminated goods sale,Consumer Disputes,Expired or contaminated goods sale,"A transactional incident concerning expired or contaminated goods sale broke out at the local kirana store at 23:11. The buyer alleged a direct breach of contractual terms regarding product quality or billing accuracy, resulting in an active consumer dispute.",2023-03-08,2023-02-06,23:11,Physical,Kirana store,India,Tamil Nadu,past,No,False,False,True,True,True,3,1,expert_authored,USR303,REV766,synthetic_no_pii,challenge
SCN000021,Witness statement regarding domestic dispute,Assault & Threats,Domestic dispute,"The bystander reported observing a heated argument developing near the apartment around 01:26. The confrontation quickly turned into a domestic dispute, with one individual visibly projecting physical intimidation towards the other party before crowds gathered to separate them.",2023-02-28,2023-02-08,01:26,Physical,Apartment,India,Tamil Nadu,recent_past,No,False,True,True,True,True,5,2,synthetic_reviewed,USR606,REV641,synthetic_no_pii,test
SCN000022,Detailed structural brief on regional reckless driving confrontation occurrence,Traffic & Road Incidents,Reckless driving confrontation,"On the date of 2026-07-07, a serious municipal roadway incident manifesting as reckless driving confrontation transpired on the specified road at approximately 18:01 hours. The collision metrics indicate high impact speeds or deliberate disregard for active traffic control mechanisms, resulting in secondary vehicle damage. Local emergency response teams arrived on site to manage structural debris and administer medical assistance where relevant, while investigating officers initiated standard vehicle documentation checks within the state jurisdiction.",2023-03-06,2023-02-13,18:01,Physical,Road,India,Karnataka,recent_past,No,True,True,False,False,False,3,1,human_written,USR332,REV518,synthetic_no_pii,challenge
SCN000023,Detailed analysis of vehicle theft occurrence,Theft and robbery,Vehicle theft,"On the date of 2026-07-11, a major incidence of vehicle theft was executed at the designated roadside under complex environmental circumstances. The perpetrator leveraged the crowded nature of the location to approach undetected, exploiting a momentary lapse in security vigilance. Following the commission of the act, the individual navigated through the exit corridors effectively evading immediate pursuit. Emergency services were notified subsequently, initiating a localized investigation into the security vulnerabilities of this particular jurisdiction.",2023-02-26,2023-02-15,07:24,Physical,Roadside,India,Tamil Nadu,past,No,False,False,True,True,True,2,1,expert_authored,USR616,REV957,synthetic_no_pii,test
SCN000024,Someone just committed a drunk driving accident right in front of me,Traffic & Road Incidents,Drunk driving accident,"So I was driving along the road around 11:42 today, when this car suddenly sped out and caused a complete drunk driving accident! The driver didn't even stop to check if anyone was hurt, they just accelerated away immediately. I'm still shaking from the shock.",2023-03-01,2023-02-19,11:42,Physical,Road,India,Maharashtra,past,No,False,False,True,True,False,4,3,human_written,USR300,REV139,synthetic_no_pii,test
SCN000025,Reported financial irregularity involving insurance claim fraud,Financial Fraud,Insurance claim fraud,"Complainant reports a structured financial offense falling under the category of insurance claim fraud at the workplace. The incident occurred on 2026-06-30 at approximately 10:05 hours, wherein deceptive documentation was presented to misappropriate corporate or individual monetary assets. Audit trails have been preserved.",2023-03-11,2023-02-20,10:05,Hybrid,Workplace,India,Tamil Nadu,recent_past,No,False,False,True,True,True,2,2,synthetic_reviewed,USR373,REV988,synthetic_no_pii,test
SCN000026,urgent help needed online phishing theft,Theft and robbery,Online phishing theft,omg someone just took my things at the Mobile app!!! occurred just now around 05:18 hours. anyone nearby please help or tell me where the nearest police booth is asap!! lost everything inside my bag,2023-03-21,2023-02-24,05:18,Online,Mobile app,India,Tamil Nadu,recent_past,No,False,False,True,False,True,4,3,expert_authored,USR497,REV371,synthetic_no_pii,validation
SCN000027,Commercial dispute involving refusal of service refund,Consumer Disputes,Refusal of service refund,"A transactional incident concerning refusal of service refund broke out at the local online platform at 01:01. The buyer alleged a direct breach of contractual terms regarding product quality or billing accuracy, resulting in an active consumer dispute.",2023-03-26,2023-02-24,01:01,Online,Online platform,India,Gujarat,recent_past,No,False,False,True,True,True,3,2,human_written,USR196,REV246,synthetic_no_pii,challenge
SCN000028,I think my accounts just got wiped out by a ransomware attack,Cybercrime,Ransomware attack,"So I clicked this link thinking it was an official notification around 16:31 yesterday, and suddenly I was locked out of my account. I realized it was a total ransomware attack when my savings started moving out. I'm completely panicking right now.",2023-03-02,2023-02-25,16:31,Online,Online platform,India,Karnataka,recent_past,No,False,True,True,False,True,1,4,human_written,USR995,REV323,synthetic_no_pii,train
SCN000029,Detailed analysis of chain snatching occurrence,Theft and robbery,Chain snatching,"On the date of 2026-06-20, a major incidence of chain snatching was executed at the designated road under complex environmental circumstances. The perpetrator leveraged the crowded nature of the location to approach undetected, exploiting a momentary lapse in security vigilance. Following the commission of the act, the individual navigated through the exit corridors effectively evading immediate pursuit. Emergency services were notified subsequently, initiating a localized investigation into the security vulnerabilities of this particular jurisdiction.",2023-03-20,2023-02-26,03:28,Physical,Road,India,Telangana,recent_past,No,False,True,True,False,False,1,3,human_written,USR635,REV390,synthetic_no_pii,validation
SCN000030,urgent property issue inheritance property claim,Property Disputes,Inheritance property claim,guys please help they are trying to take over the House right now!! experiencing a severe inheritance property claim since 13:38. they brought workers and are breaking down boundaries. please check if anyone can come over fast,2023-03-15,2023-02-28,13:38,Physical,House,India,West Bengal,recent_past,No,False,False,True,True,True,6,3,human_written,USR381,REV645,synthetic_no_pii,train
SCN000031,Motor vehicle accident report involving traffic signal violation dispute,Traffic & Road Incidents,Traffic signal violation dispute,"On 2026-07-11 at approximately 11:15 hours, a vehicular incident classified as traffic signal violation dispute occurred on the designated road. The offending vehicle failed to yield, causing impact and substantial structural damage. Case logged under regional motor vehicle acts.",2023-03-03,2023-03-01,11:15,Physical,Road,India,Delhi,past,No,False,False,False,False,True,2,2,human_written,USR543,REV650,synthetic_no_pii,test
SCN000032,I think my accounts just got wiped out by a online banking fraud,Cybercrime,Online banking fraud,"So I clicked this link thinking it was an official notification around 22:48 yesterday, and suddenly I was locked out of my account. I realized it was a total online banking fraud when my savings started moving out. I'm completely panicking right now.",2023-03-09,2023-03-04,22:48,Online,Mobile app,India,Uttar Pradesh,past,No,False,False,True,False,False,3,2,expert_authored,USR820,REV663,synthetic_no_pii,validation
SCN000033,They literally ripped me off with false advertising and misrepresentation,Consumer Disputes,False advertising and misrepresentation,"So I went to this showroom around 16:27 and explicitly paid for premium service, but I faced absolute false advertising and misrepresentation instead. When I asked the manager to fix it or give my money back, they were super rude and completely brushed me off. Never buying from here again.",2023-03-27,2023-03-09,16:27,Online,Showroom,India,Telangana,past,No,False,True,True,False,True,2,4,synthetic_reviewed,USR646,REV103,synthetic_no_pii,challenge
SCN000034,management issue workplace harassment,Employment/Labour,Workplace harassment,"hey guys bad news. just had a huge fight with HR at the Showroom regarding workplace harassment around 07:33 today. they are trying to cheat us out of our terms or fire people arbitrarily. check your emails immediately, we need to stand together on this",2023-04-04,2023-03-13,07:33,Physical,Showroom,India,West Bengal,past,No,False,True,True,False,True,4,1,synthetic_reviewed,USR757,REV326,synthetic_no_pii,challenge
SCN000035,IT specialist observation of phishing scam,Cybercrime,Phishing scam,"The system administrator observed anomalous traffic originating from unauthorized servers around 15:20, confirming a systemwide phishing scam. The victim was actively manipulated into bypassing authentication protocols on the Mobile app platform.",2023-03-17,2023-03-15,15:20,Online,Mobile app,India,Karnataka,past,No,False,True,True,True,True,2,2,synthetic_reviewed,USR915,REV688,synthetic_no_pii,train
SCN000036,Real estate dispute involving illegal property possession,Property Disputes,Illegal property possession,"A property conflict classified under illegal property possession was documented at the shop at 04:01. The dispute involves contested boundaries and ownership titles, requiring civil or criminal mediation to preserve public order.",2023-03-29,2023-03-15,04:01,Physical,Shop,India,West Bengal,recent_past,No,False,False,True,False,True,2,4,human_written,USR406,REV800,synthetic_no_pii,train
SCN000037,Digital breach via cyberstalking,Cybercrime,Cyberstalking,"An incident of cyberstalking compromised security systems across the specified House at 16:59. Electronic credentials were manipulated remotely by unknown malicious actors, triggering secondary security protocols.",2023-04-04,2023-03-17,16:59,Hybrid,House,India,West Bengal,recent_past,No,False,True,False,True,False,3,4,expert_authored,USR475,REV560,synthetic_no_pii,challenge
SCN000038,Reported case of pickpocketing at marketplace,Theft and robbery,Pickpocketing,"Complainant states that on 2026-07-02 at approximately 23:47 hours, an incident of pickpocketing occurred at Marketplace. The perpetrator description matches a male individual height approx 5'8"". Property loss reported. Case registered under relevant sections.",2023-04-02,2023-03-18,23:47,Physical,Marketplace,India,Tamil Nadu,past,No,False,False,True,True,True,4,5,synthetic_reviewed,USR188,REV888,synthetic_no_pii,train
SCN000039,Reported property conflict involving boundary wall dispute,Property Disputes,Boundary wall dispute,"Complainant reports a structural civil grievance regarding boundary wall dispute at the site located in plot. On 2026-07-07 at 12:32 hours, opposing parties gathered and attempted unauthorized physical alterations. Property ownership documents have been submitted for verification.",2023-03-19,2023-03-18,12:32,Physical,Plot,India,Maharashtra,recent_past,No,False,True,True,False,True,4,1,human_written,USR167,REV368,synthetic_no_pii,challenge
SCN000040,Reported labor dispute regarding unfair termination,Employment/Labour,Unfair termination,"Complainant registers a formal grievance concerning employer violations under the category of unfair termination at the designated online platform. The incident occurred on 2026-07-02 at approximately 21:36 hours, wherein the management failed to comply with statutory labor provisions. Corporate payroll and logs have been requested.",2023-04-06,2023-03-25,21:36,Online,Online platform,India,Karnataka,recent_past,No,False,False,False,False,True,4,3,expert_authored,USR861,REV613,synthetic_no_pii,validation
SCN000041,massive warning fraud alert ponzi scheme investment fraud,Financial Fraud,Ponzi scheme investment fraud,"guys freeze your accounts if you used that Online platform recently!! just discovered a major ponzi scheme investment fraud happened around 05:16 today. unauthorized charges are showing up on multiple profiles, notify your branch manager asap",2023-04-17,2023-03-30,05:16,Hybrid,Online platform,India,Uttar Pradesh,past,No,False,False,True,False,False,2,4,expert_authored,USR613,REV709,synthetic_no_pii,train
SCN000042,This person literally threatened me at the hostel,Assault & Threats,Physical altercation,"I was just minding my own business at the hostel around 08:11, when this aggressive person started shouting at me out of nowhere. Then it escalated into a complete physical altercation and they said they'd hurt me if they saw me again. Genuinely terrified.",2023-04-09,2023-04-01,08:11,Physical,Hostel,India,Telangana,past,No,False,True,False,False,True,3,1,expert_authored,USR605,REV745,synthetic_no_pii,challenge
SCN000043,House burglary at House,Theft and robbery,House burglary,"A swift incident of house burglary took place at the local house during peak hours. The victim lost valuable items instantly, and the unidentified suspect fled immediately before any bystanders could intervene.",2023-04-14,2023-04-01,10:34,Physical,House,India,Tamil Nadu,recent_past,No,False,False,True,True,True,4,2,synthetic_reviewed,USR166,REV781,synthetic_no_pii,test
SCN000044,massive traffic block traffic signal violation dispute,Traffic & Road Incidents,Traffic signal violation dispute,guys stay away from the Highway right now! just witnessed a crazy traffic signal violation dispute around 20:34 hours. cars are badly damaged and traffic is completely backed up. emergency services are arriving just now,2023-04-11,2023-04-04,20:34,Physical,Highway,India,Uttar Pradesh,recent_past,No,False,False,False,False,True,3,1,human_written,USR565,REV971,synthetic_no_pii,test
SCN000045,need help asap threat at House,Assault & Threats,Domestic dispute,pls help someone is targeting me with domestic dispute right now at the House!! they are threatening to hit me or worse. happened around 22:13. is anyone nearby who can come stay with me? urgent,2023-04-27,2023-04-05,22:13,Physical,House,India,Tamil Nadu,recent_past,No,False,True,True,False,True,2,2,human_written,USR195,REV126,synthetic_no_pii,validation
SCN000046,Detailed cyber forensic summary of social media hacking exploit,Cybercrime,Social media hacking,"On the date of 2026-06-27, an advanced threat actor initiated an exploit categorized under social media hacking targeting remote infrastructures at approximately 14:01. The intrusion vectors reveal highly organized techniques using social engineering methods or brute-force automation to penetrate authorization systems on the Online platform. Immediate isolation of the network endpoints was executed to limit exposure within the regional jurisdiction.",2023-04-07,2023-04-06,14:01,Online,Online platform,India,Delhi,past,No,False,True,False,False,False,3,4,human_written,USR194,REV665,synthetic_no_pii,validation
SCN000047,Formal Complaint: Unauthorized Boundary wall dispute at Premises,Property Disputes,Boundary wall dispute,"Dear Revenue Officer / Police Commissioner, I am writing to register an urgent complaint regarding a critical instance of boundary wall dispute affecting my House. The unlawful activity intensified on 2026-07-07 at 19:31 hours, causing direct infringement on my registered property rights.",2023-04-24,2023-04-07,19:31,Physical,House,India,Karnataka,recent_past,No,False,True,True,False,True,5,2,synthetic_reviewed,USR423,REV961,synthetic_no_pii,challenge
SCN000048,Bystander report of a customer-vendor dispute,Consumer Disputes,Defective product delivery,"The observer noted a clear altercation developing at the counter of the house around 02:28. A customer was contesting a distinct case of defective product delivery, showing clear evidence to the merchant, who continuously refused liability or proper resolution.",2023-04-18,2023-04-12,02:28,Physical,House,India,West Bengal,recent_past,No,False,False,True,True,False,2,2,expert_authored,USR702,REV259,synthetic_no_pii,test
SCN000049,avoid this place fraud refusal of service refund,Consumer Disputes,Refusal of service refund,guys heads up do NOT buy anything from that Online platform!! just experienced a massive refusal of service refund around 01:38 today. they completely cheated me on the transaction and refused a refund. super sketchy service watch out,2023-04-21,2023-04-14,01:38,Online,Online platform,India,Gujarat,past,No,False,False,True,True,True,3,2,human_written,USR503,REV123,synthetic_no_pii,challenge
SCN000050,urgent help needed armed robbery,Theft and robbery,Armed robbery,omg someone just took my things at the Fuel station!!! occurred just now around 09:37 hours. anyone nearby please help or tell me where the nearest police booth is asap!! lost everything inside my bag,2023-04-24,2023-04-15,09:37,Physical,Fuel station,India,Karnataka,past,No,True,True,True,False,True,4,2,expert_authored,USR300,REV111,synthetic_no_pii,train
SCN000051,Labor non-compliance involving breach of employment contract,Employment/Labour,Breach of employment contract,"An employment dispute involving breach of employment contract escalated at the online platform at 02:40. The worker alleged severe breach of workplace regulations, seeking administrative or legal intervention to recover standard dues or ensure workplace safety.",2023-04-25,2023-04-16,02:40,Online,Online platform,India,Uttar Pradesh,recent_past,No,False,False,True,False,True,2,2,human_written,USR973,REV364,synthetic_no_pii,challenge
SCN000052,My company is putting me through safe working conditions violation,Employment/Labour,Safe working conditions violation,"I've been working at this factory for months, and around 02:15 yesterday, things hit a breaking point with a massive safe working conditions violation. They literally refused to settle what was rightfully owed to me and told me to just leave if I didn't like it. I'm so stressed about how I'm going to pay my rent.",2023-04-24,2023-04-19,02:15,Physical,Factory,India,West Bengal,recent_past,No,True,False,True,False,False,4,2,expert_authored,USR702,REV930,synthetic_no_pii,test
SCN000053,Comprehensive review of commercial defective product delivery claim,Consumer Disputes,Defective product delivery,"On the date of 2026-07-03, a formal consumer conflict classified as defective product delivery manifested during a commercial interaction at the designated house around 01:19. The transaction parameters reveal an explicit deviation from advertising claims or legal standards, directly compromising buyer safety and financial protection. Standard operational dispute channels were exhausted without success, prompting an escalation to statutory regulatory oversight mechanisms.",2023-05-04,2023-04-19,01:19,Physical,House,India,Delhi,past,No,False,False,True,False,True,2,2,synthetic_reviewed,USR200,REV931,synthetic_no_pii,train
SCN000054,Vehicle theft at Parking lot,Theft and robbery,Vehicle theft,"A swift incident of vehicle theft took place at the local parking lot during peak hours. The victim lost valuable items instantly, and the unidentified suspect fled immediately before any bystanders could intervene.",2023-05-14,2023-04-20,16:28,Physical,Parking lot,India,Maharashtra,recent_past,No,False,False,True,True,True,3,2,synthetic_reviewed,USR302,REV193,synthetic_no_pii,train
SCN000055,massive traffic block reckless driving confrontation,Traffic & Road Incidents,Reckless driving confrontation,guys stay away from the Parking lot right now! just witnessed a crazy reckless driving confrontation around 03:22 hours. cars are badly damaged and traffic is completely backed up. emergency services are arriving just now,2023-04-24,2023-04-22,03:22,Physical,Parking lot,India,Karnataka,past,No,False,False,True,False,False,3,3,expert_authored,USR720,REV901,synthetic_no_pii,train
SCN000056,Accountant observation of insurance claim fraud,Financial Fraud,Insurance claim fraud,"The internal auditor observed highly irregular transaction entries passing through the workplace around 07:50. Closer inspection confirmed a premeditated instance of insurance claim fraud, with the perpetrator executing unauthorized balance transfers using fraudulent credentials before logging out.",2023-05-21,2023-04-25,07:50,Online,Workplace,India,Karnataka,past,No,False,False,True,False,True,4,3,expert_authored,USR884,REV227,synthetic_no_pii,test
SCN000057,Neighbor's report of a domestic dispute,Domestic Violence,Spousal physical abuse,"The neighbor reported hearing intense shouting and objects breaking from the adjacent apartment around 16:24. Upon investigating, it appeared to be a severe case of spousal physical abuse transpiring within the household, prompting the neighbor to intervene and call for assistance.",2023-05-05,2023-04-27,16:24,Physical,Apartment,India,Tamil Nadu,ongoing,Yes,True,True,True,False,False,3,5,synthetic_reviewed,USR269,REV715,synthetic_no_pii,challenge
SCN000058,alert dont open links phishing scam,Cybercrime,Phishing scam,hey guys warning someone hacked my account via phishing scam just now around 20:02!! if u get any weird text or payment requests from me DO NOT transfer any money it is a fraud scam click nothing,2023-05-21,2023-04-27,20:02,Online,Mobile app,India,Karnataka,past,No,False,True,True,True,True,1,4,synthetic_reviewed,USR442,REV583,synthetic_no_pii,validation
SCN000059,alert dont open links identity theft,Cybercrime,Identity theft,hey guys warning someone hacked my account via identity theft just now around 15:03!! if u get any weird text or payment requests from me DO NOT transfer any money it is a fraud scam click nothing,2023-05-10,2023-04-29,15:03,Online,Workplace,India,Telangana,past,No,False,False,True,True,True,1,1,human_written,USR489,REV725,synthetic_no_pii,test
SCN000060,Digital breach via online banking fraud,Cybercrime,Online banking fraud,"An incident of online banking fraud compromised security systems across the specified Mobile app at 12:33. Electronic credentials were manipulated remotely by unknown malicious actors, triggering secondary security protocols.",2023-05-31,2023-05-04,12:33,Online,Mobile app,India,Delhi,past,No,False,False,True,True,True,3,1,human_written,USR884,REV648,synthetic_no_pii,challenge
SCN000061,Bystander report of a customer-vendor dispute,Consumer Disputes,Overcharging and hidden fees,"The observer noted a clear altercation developing at the counter of the hotel around 05:10. A customer was contesting a distinct case of overcharging and hidden fees, showing clear evidence to the merchant, who continuously refused liability or proper resolution.",2023-05-22,2023-05-05,05:10,Physical,Hotel,India,West Bengal,past,No,False,False,True,False,False,2,3,expert_authored,USR459,REV830,synthetic_no_pii,challenge
SCN000062,Cyber cell report regarding identity theft,Cybercrime,Identity theft,"Complainant reports unauthorized digital breach under identity theft framework. On 2026-07-14 at approx 02:45 hours, malicious payloads or fraudulent links were deployed to misappropriate assets or credentials via Online platform. Digital logs preserved for forensic analysis.",2023-05-13,2023-05-06,02:45,Online,Online platform,India,West Bengal,past,No,False,False,False,False,False,3,2,synthetic_reviewed,USR118,REV305,synthetic_no_pii,test
SCN000063,Formal Legal Request: Violation of Family Court Orders - Restitution of conjugal rights,Family Law,Restitution of conjugal rights,"Dear Legal Counsel / Mediation Cell, I am writing to formally report a non-compliance issue regarding our ongoing restitution of conjugal rights at the residence. The definitive breach occurred on 2026-07-18 at 22:59 hours, wherein the counter-party unilaterally altered agreed-upon familial or financial maintenance parameters.",2023-05-19,2023-05-10,22:59,Physical,Apartment,India,Telangana,past,No,False,False,True,True,True,3,2,synthetic_reviewed,USR638,REV460,synthetic_no_pii,test
SCN000064,Reported case of online phishing theft at mobile app,Theft and robbery,Online phishing theft,"Complainant states that on 2026-07-02 at approximately 22:40 hours, an incident of online phishing theft occurred at Mobile app. The perpetrator description matches a male individual height approx 5'8"". Property loss reported. Case registered under relevant sections.",2023-06-11,2023-05-12,22:40,Hybrid,Mobile app,India,Uttar Pradesh,recent_past,No,False,False,True,True,False,3,3,synthetic_reviewed,USR590,REV922,synthetic_no_pii,test
SCN000065,avoid this place fraud overcharging and hidden fees,Consumer Disputes,Overcharging and hidden fees,guys heads up do NOT buy anything from that Hotel!! just experienced a massive overcharging and hidden fees around 21:34 today. they completely cheated me on the transaction and refused a refund. super sketchy service watch out,2023-05-19,2023-05-19,21:34,Physical,Hotel,India,Uttar Pradesh,past,No,False,False,True,True,False,2,4,human_written,USR909,REV802,synthetic_no_pii,validation
SCN000066,Online phishing theft at Mobile app,Theft and robbery,Online phishing theft,"A swift incident of online phishing theft took place at the local mobile app during peak hours. The victim lost valuable items instantly, and the unidentified suspect fled immediately before any bystanders could intervene.",2023-06-08,2023-05-19,20:45,Online,Mobile app,India,Gujarat,past,No,False,True,True,False,True,3,2,synthetic_reviewed,USR686,REV714,synthetic_no_pii,test
SCN000067,Someone just committed a hit and run collision right in front of me,Traffic & Road Incidents,Hit and run collision,"So I was driving along the highway around 22:15 today, when this car suddenly sped out and caused a complete hit and run collision! The driver didn't even stop to check if anyone was hurt, they just accelerated away immediately. I'm still shaking from the shock.",2023-05-25,2023-05-22,22:15,Physical,Highway,India,Telangana,past,No,True,False,True,False,False,2,2,expert_authored,USR569,REV127,synthetic_no_pii,challenge
SCN000068,Someone just committed a illegal parking blockage right in front of me,Traffic & Road Incidents,Illegal parking blockage,"So I was driving along the alleyway around 19:29 today, when this car suddenly sped out and caused a complete illegal parking blockage! The driver didn't even stop to check if anyone was hurt, they just accelerated away immediately. I'm still shaking from the shock.",2023-06-05,2023-05-25,19:29,Physical,Alleyway,India,Delhi,past,No,False,False,True,True,False,3,1,expert_authored,USR968,REV985,synthetic_no_pii,challenge
SCN000069,Reported consumer grievance regarding false advertising and misrepresentation,Consumer Disputes,False advertising and misrepresentation,"Complainant states that on 2026-06-26 at approximately 17:06 hours, a transaction dispute involving false advertising and misrepresentation occurred at Online platform. The vendor reportedly engaged in unfair trade practices, failing to resolve the commercial non-compliance. Relevant purchase invoices have been logged.",2023-06-22,2023-05-26,17:06,Online,Online platform,India,Gujarat,recent_past,No,False,False,True,True,False,3,4,synthetic_reviewed,USR574,REV401,synthetic_no_pii,challenge
SCN000070,Matrimonial conflict involving child custody dispute,Family Law,Child custody dispute,"A family civil dispute categorized as child custody dispute manifested within a private residence at 15:35. The incident centers around contested guardianship or maintenance rights, necessitating institutional mediation under family law statues.",2023-05-30,2023-05-27,15:35,Hybrid,House,India,Maharashtra,recent_past,No,False,False,True,False,True,4,4,synthetic_reviewed,USR114,REV744,synthetic_no_pii,challenge
SCN000071,Reported matrimonial/family grievance regarding alimony and maintenance claim,Family Law,Alimony and maintenance claim,"Complainant registers a family matter notification involving an active alimony and maintenance claim at the premises. On 2026-07-09 at approximately 21:26 hours, an escalation occurred regarding legal compliance or child visitation parameters. Relevant documentation has been requested for family court presentation.",2023-06-26,2023-05-29,21:26,Online,Office,India,Delhi,past,No,False,False,True,True,True,2,2,synthetic_reviewed,USR624,REV233,synthetic_no_pii,challenge
SCN000072,Comprehensive review of online harassment & threats event,Assault & Threats,Online harassment & threats,"On the afternoon of 2026-06-30, an escalating conflict classified under online harassment & threats manifested at the specified online platform. Initial verbal friction rapidly degenerated into targeted hostility, establishing clear intent of intimidation and potential bodily harm. The victim sought refuge immediately while nearby witnesses attempted to de-escalate the situation. Security personnel were subsequently informed to review the breach of safety within the jurisdiction.",2023-06-16,2023-05-30,20:21,Online,Online platform,India,Gujarat,recent_past,No,False,True,False,False,True,3,3,expert_authored,USR468,REV249,synthetic_no_pii,train
SCN000073,urgent property issue land encroachment,Property Disputes,Land encroachment,guys please help they are trying to take over the Agricultural land right now!! experiencing a severe land encroachment since 03:11. they brought workers and are breaking down boundaries. please check if anyone can come over fast,2023-06-27,2023-05-31,03:11,Physical,Agricultural land,India,Tamil Nadu,past,No,False,False,True,True,True,3,4,synthetic_reviewed,USR911,REV195,synthetic_no_pii,challenge
SCN000074,Detailed corporate brief on localized insurance claim fraud detection,Financial Fraud,Insurance claim fraud,"On the morning of 2026-07-17, a sophisticated financial manipulation strategy matching the parameters of insurance claim fraud was discovered at the designated office around 15:27 hours. The transaction logs indicate that highly specialized methods were utilized to manipulate verification nodes, enabling the illicit diversion of capital. Internal risk assets teams have initiated emergency containment protocols while formal complaints are being forwarded to statutory economic offenses wings within the state jurisdiction.",2023-06-20,2023-05-31,15:27,Hybrid,Office,India,Maharashtra,past,No,False,False,True,False,True,3,2,expert_authored,USR855,REV876,synthetic_no_pii,challenge
SCN000075,Bystander report of a boundary dispute,Property Disputes,Illegal property possession,"The observer witnessed an intense community argument unfolding near the house around 13:06. Several individuals were actively contesting an instance of illegal property possession, with local residents stepping in to prevent physical escalation before authorities were notified.",2023-07-04,2023-06-07,13:06,Physical,House,India,Tamil Nadu,past,No,False,True,True,True,True,6,4,expert_authored,USR769,REV851,synthetic_no_pii,train
SCN000076,Someone stole my stuff at the marketplace,Theft and robbery,Pickpocketing,"So I was just standing at the marketplace around 12:35 yesterday, checking my phone, when this guy suddenly rushed past me and grabbed my belongings out of nowhere! I didn't even have time to react or see his face properly. Totally shocked.",2023-06-26,2023-06-09,12:35,Physical,Marketplace,India,Maharashtra,past,No,False,False,True,True,True,4,1,expert_authored,USR330,REV233,synthetic_no_pii,validation
SCN000077,Dealing with a messy guardianship dispute,Family Law,Guardianship dispute,"So I was waiting at the apartment around 13:34 today for my scheduled meeting, when my ex turned up and started an absolute argument over our guardianship dispute. They completely refused to abide by what the court originally decided. I'm just so drained by this ongoing legal battle.",2023-07-03,2023-06-12,13:34,Hybrid,Apartment,India,Tamil Nadu,recent_past,No,False,False,True,True,True,2,1,expert_authored,USR874,REV536,synthetic_no_pii,train
SCN000078,please help me domestic dispute urgent,Domestic Violence,Dowry harassment,he is screaming and throwing things again it's really bad dowry harassment right now at home since 03:03 hours. please call someone or come over i am hiding in the washroom right now text me back please,2023-06-25,2023-06-12,03:03,Hybrid,House,India,West Bengal,past,No,False,True,False,True,False,3,2,synthetic_reviewed,USR455,REV693,synthetic_no_pii,test
SCN000079,Witness account of chain snatching,Theft and robbery,Chain snatching,"The observer noticed two suspicious individuals loitering near the road around 08:06. Shortly after, they approached the victim from behind, forcefully committed chain snatching, and fled the scene on a two-wheeler heading north.",2023-06-16,2023-06-14,08:06,Physical,Road,India,Gujarat,recent_past,No,False,True,True,True,True,4,4,synthetic_reviewed,USR897,REV368,synthetic_no_pii,train
SCN000080,Real estate dispute involving inheritance property claim,Property Disputes,Inheritance property claim,"A property conflict classified under inheritance property claim was documented at the plot at 10:41. The dispute involves contested boundaries and ownership titles, requiring civil or criminal mediation to preserve public order.",2023-06-27,2023-06-16,10:41,Hybrid,Plot,India,Maharashtra,recent_past,No,False,True,True,False,True,6,3,synthetic_reviewed,USR201,REV637,synthetic_no_pii,test
SCN000081,Formal Grievance: Violation of Labor Rights - Breach of employment contract,Employment/Labour,Breach of employment contract,"Dear Human Resources and Labor Commissioner, I am writing to formally lodge a grievance regarding the ongoing pattern of breach of employment contract within the Online platform. The definitive breach transpired on 2026-07-06 at 04:43 hours, violating explicit terms of my employment contract and local statutory codes.",2023-07-05,2023-06-17,04:43,Online,Online platform,India,Tamil Nadu,recent_past,No,False,False,True,True,False,2,1,synthetic_reviewed,USR145,REV188,synthetic_no_pii,validation
SCN000082,Comprehensive administrative brief on tenant-landlord conflict escalation,Property Disputes,Tenant-landlord conflict,"On the afternoon of 2026-06-28, a long-standing land friction culminated in an explicit case of tenant-landlord conflict at the designated house around 23:37 hours. The incident involved rival claimants attempting physical occupation or structural modification without valid legal injunctions. Local law enforcement intervened to mandate a status quo until the appropriate regional civil courts review the structural registration parameters and revenue maps under the state jurisdiction.",2023-07-11,2023-06-18,23:37,Hybrid,House,India,Telangana,past,No,False,False,True,True,True,6,2,human_written,USR612,REV401,synthetic_no_pii,challenge
SCN000083,massive traffic block illegal parking blockage,Traffic & Road Incidents,Illegal parking blockage,guys stay away from the Alleyway right now! just witnessed a crazy illegal parking blockage around 02:39 hours. cars are badly damaged and traffic is completely backed up. emergency services are arriving just now,2023-06-24,2023-06-21,02:39,Physical,Alleyway,India,West Bengal,recent_past,No,False,False,True,False,True,4,3,synthetic_reviewed,USR426,REV511,synthetic_no_pii,validation
SCN000084,Comprehensive review of commercial false advertising and misrepresentation claim,Consumer Disputes,False advertising and misrepresentation,"On the date of 2026-07-03, a formal consumer conflict classified as false advertising and misrepresentation manifested during a commercial interaction at the designated showroom around 01:34. The transaction parameters reveal an explicit deviation from advertising claims or legal standards, directly compromising buyer safety and financial protection. Standard operational dispute channels were exhausted without success, prompting an escalation to statutory regulatory oversight mechanisms.",2023-07-23,2023-06-29,01:34,Physical,Showroom,India,Uttar Pradesh,past,No,False,False,True,False,True,3,4,synthetic_reviewed,USR230,REV991,synthetic_no_pii,train
SCN000085,Reported financial irregularity involving insurance claim fraud,Financial Fraud,Insurance claim fraud,"Complainant reports a structured financial offense falling under the category of insurance claim fraud at the office. The incident occurred on 2026-07-18 at approximately 07:31 hours, wherein deceptive documentation was presented to misappropriate corporate or individual monetary assets. Audit trails have been preserved.",2023-07-21,2023-06-29,07:31,Online,Office,India,Telangana,past,No,False,False,True,True,True,3,2,expert_authored,USR431,REV355,synthetic_no_pii,train
SCN000086,Urgent Complaint: Incident of Physical altercation at Road,Assault & Threats,Physical altercation,"Dear Management, I am writing to formally log a grievance regarding a distressing incident of physical altercation that occurred today at approximately 11:34 within the Road. The aggressive posturing and direct threats have created an incredibly hostile and unsafe environment.",2023-07-04,2023-06-30,11:34,Physical,Road,India,West Bengal,past,No,True,True,False,False,True,5,3,expert_authored,USR162,REV538,synthetic_no_pii,challenge
SCN000087,Cyber cell report regarding phishing scam,Cybercrime,Phishing scam,"Complainant reports unauthorized digital breach under phishing scam framework. On 2026-07-05 at approx 17:14 hours, malicious payloads or fraudulent links were deployed to misappropriate assets or credentials via Online platform. Digital logs preserved for forensic analysis.",2023-07-11,2023-07-01,17:14,Online,Online platform,India,Karnataka,past,No,False,True,True,True,True,2,2,human_written,USR751,REV470,synthetic_no_pii,challenge
SCN000088,Formal Complaint & Request for Protection: Intimate partner violence,Domestic Violence,Intimate partner violence,"Dear Protection Officer, I am writing to formally report an escalating pattern of domestic violence, specifically intimate partner violence, at my residence. The latest major confrontation took place on 2026-06-28 around 19:44. I urgently request legal assistance and protective measures.",2023-07-06,2023-07-01,19:44,Physical,Hostel,India,Karnataka,past,No,False,True,False,True,False,4,1,synthetic_reviewed,USR679,REV703,synthetic_no_pii,challenge
SCN000089,Accountant observation of loan approval scam,Financial Fraud,Loan approval scam,"The internal auditor observed highly irregular transaction entries passing through the office around 06:20. Closer inspection confirmed a premeditated instance of loan approval scam, with the perpetrator executing unauthorized balance transfers using fraudulent credentials before logging out.",2023-07-15,2023-07-03,06:20,Online,Office,India,Karnataka,recent_past,No,False,False,True,True,True,4,2,human_written,USR281,REV328,synthetic_no_pii,train
SCN000090,please help me domestic dispute urgent,Domestic Violence,Dowry harassment,he is screaming and throwing things again it's really bad dowry harassment right now at home since 01:06 hours. please call someone or come over i am hiding in the washroom right now text me back please,2023-07-30,2023-07-08,01:06,Physical,House,India,Delhi,past,No,False,True,False,False,True,4,1,expert_authored,USR802,REV804,synthetic_no_pii,train
SCN000091,Reported case of domestic violence involving spousal physical abuse,Domestic Violence,Spousal physical abuse,"Complainant reports ongoing domestic grievances at the shared residence. On 2026-07-07 at 03:42 hours, a severe incident involving spousal physical abuse occurred, resulting in immediate emotional and physical distress. Intervention was requested by the victim's family members.",2023-07-10,2023-07-08,03:42,Physical,House,India,West Bengal,recent_past,No,True,True,True,True,False,2,4,synthetic_reviewed,USR575,REV820,synthetic_no_pii,test
SCN000092,urgent help needed pickpocketing,Theft and robbery,Pickpocketing,omg someone just took my things at the Marketplace!!! occurred just now around 03:24 hours. anyone nearby please help or tell me where the nearest police booth is asap!! lost everything inside my bag,2023-08-03,2023-07-11,03:24,Physical,Marketplace,India,Tamil Nadu,past,No,False,True,True,False,True,1,2,synthetic_reviewed,USR768,REV764,synthetic_no_pii,validation
SCN000093,Reported consumer grievance regarding refusal of service refund,Consumer Disputes,Refusal of service refund,"Complainant states that on 2026-07-12 at approximately 17:07 hours, a transaction dispute involving refusal of service refund occurred at Workplace. The vendor reportedly engaged in unfair trade practices, failing to resolve the commercial non-compliance. Relevant purchase invoices have been logged.",2023-07-14,2023-07-12,17:07,Online,Workplace,India,Delhi,past,No,False,True,True,True,False,3,4,expert_authored,USR488,REV458,synthetic_no_pii,test
SCN000094,need advice on divorce proceedings conflict,Family Law,Divorce proceedings conflict,"hey guys, my ex just blocked me from seeing the kids / resolving the divorce proceedings conflict at the Apartment around 09:43 today. completely violating the current terms. does anyone know a reliable family court lawyer who can file an urgent motion tomorrow?",2023-07-31,2023-07-15,09:43,Physical,Apartment,India,Telangana,past,No,False,True,True,False,True,4,4,human_written,USR871,REV285,synthetic_no_pii,challenge
SCN000095,Labor non-compliance involving breach of employment contract,Employment/Labour,Breach of employment contract,"An employment dispute involving breach of employment contract escalated at the online platform at 22:26. The worker alleged severe breach of workplace regulations, seeking administrative or legal intervention to recover standard dues or ensure workplace safety.",2023-08-11,2023-07-20,22:26,Hybrid,Online platform,India,Uttar Pradesh,past,No,False,False,True,False,True,4,1,synthetic_reviewed,USR920,REV260,synthetic_no_pii,test
SCN000096,Labor non-compliance involving safe working conditions violation,Employment/Labour,Safe working conditions violation,"An employment dispute involving safe working conditions violation escalated at the construction site at 11:39. The worker alleged severe breach of workplace regulations, seeking administrative or legal intervention to recover standard dues or ensure workplace safety.",2023-08-14,2023-07-22,11:39,Physical,Construction site,India,Gujarat,past,No,False,False,False,False,False,2,3,human_written,USR618,REV537,synthetic_no_pii,challenge
SCN000097,Reported case of domestic violence involving economic deprivation,Domestic Violence,Economic deprivation,"Complainant reports ongoing domestic grievances at the shared residence. On 2026-06-23 at 18:16 hours, a severe incident involving economic deprivation occurred, resulting in immediate emotional and physical distress. Intervention was requested by the victim's family members.",2023-08-05,2023-07-22,18:16,Physical,Apartment,India,West Bengal,past,No,False,True,True,True,True,2,1,synthetic_reviewed,USR589,REV620,synthetic_no_pii,train
SCN000098,Urgent Complaint: Incident of Physical altercation at Hostel,Assault & Threats,Physical altercation,"Dear Management, I am writing to formally log a grievance regarding a distressing incident of physical altercation that occurred today at approximately 00:18 within the Hostel. The aggressive posturing and direct threats have created an incredibly hostile and unsafe environment.",2023-08-19,2023-07-23,00:18,Physical,Hostel,India,Tamil Nadu,past,No,True,True,True,False,True,5,2,expert_authored,USR384,REV574,synthetic_no_pii,test
SCN000099,Formal Grievance: Urgent Resolution Required for Minor civic infrastructure issue,Miscellaneous,Minor civic infrastructure issue,"Dear Municipal Authorities, I am writing to formally log a civic grievance regarding the ongoing pattern of minor civic infrastructure issue at the Alleyway. The latest escalation occurred on 2026-07-18 at 10:23 hours, causing localized hazards that require immediate civic attention.",2023-07-31,2023-07-28,10:23,Physical,Alleyway,India,Telangana,recent_past,No,False,False,True,False,False,2,1,expert_authored,USR599,REV273,synthetic_no_pii,test
SCN000100,Bystander report of a customer-vendor dispute,Consumer Disputes,Refusal of service refund,"The observer noted a clear altercation developing at the counter of the shop around 05:38. A customer was contesting a distinct case of refusal of service refund, showing clear evidence to the merchant, who continuously refused liability or proper resolution.",2023-08-17,2023-07-30,05:38,Online,Shop,India,Delhi,past,No,False,False,True,True,True,3,3,human_written,USR335,REV961,synthetic_no_pii,train
SCN000101,Bystander report of a customer-vendor dispute,Consumer Disputes,Refusal of service refund,"The observer noted a clear altercation developing at the counter of the online platform around 15:46. A customer was contesting a distinct case of refusal of service refund, showing clear evidence to the merchant, who continuously refused liability or proper resolution.",2023-08-22,2023-07-30,15:46,Hybrid,Online platform,India,Gujarat,recent_past,No,False,False,True,True,True,2,1,synthetic_reviewed,USR781,REV198,synthetic_no_pii,validation
SCN000102,I don't feel safe in my own home because of emotional and verbal abuse,Domestic Violence,Emotional and verbal abuse,"It happened again at home around 12:48. Things escalated so quickly and it turned into full-blown emotional and verbal abuse. I was locked inside the room and couldn't even reach out to anyone until now. I honestly don't know what to do anymore, I am so scared.",2023-08-27,2023-08-04,12:48,Physical,Residential street,India,Uttar Pradesh,recent_past,No,False,True,True,True,False,3,1,human_written,USR321,REV934,synthetic_no_pii,challenge
SCN000103,Witness account of shopbreaking,Theft and robbery,Shopbreaking,"The observer noticed two suspicious individuals loitering near the shop around 10:55. Shortly after, they approached the victim from behind, forcefully committed shopbreaking, and fled the scene on a two-wheeler heading north.",2023-08-12,2023-08-05,10:55,Physical,Shop,India,Telangana,recent_past,No,False,True,True,False,True,1,3,synthetic_reviewed,USR926,REV599,synthetic_no_pii,challenge
SCN000104,need advice on guardianship dispute,Family Law,Guardianship dispute,"hey guys, my ex just blocked me from seeing the kids / resolving the guardianship dispute at the House around 00:43 today. completely violating the current terms. does anyone know a reliable family court lawyer who can file an urgent motion tomorrow?",2023-08-14,2023-08-09,00:43,Hybrid,House,India,Karnataka,recent_past,No,False,False,True,False,True,2,3,human_written,USR104,REV956,synthetic_no_pii,validation
SCN000105,Commercial dispute involving defective product delivery,Consumer Disputes,Defective product delivery,"A transactional incident concerning defective product delivery broke out at the local online platform at 19:41. The buyer alleged a direct breach of contractual terms regarding product quality or billing accuracy, resulting in an active consumer dispute.",2023-08-21,2023-08-10,19:41,Hybrid,Online platform,India,Tamil Nadu,ongoing,No,False,False,True,True,True,2,4,human_written,USR891,REV264,synthetic_no_pii,validation
SCN000106,Reported property conflict involving boundary wall dispute,Property Disputes,Boundary wall dispute,"Complainant reports a structural civil grievance regarding boundary wall dispute at the site located in house. On 2026-07-02 at 06:38 hours, opposing parties gathered and attempted unauthorized physical alterations. Property ownership documents have been submitted for verification.",2023-08-20,2023-08-12,06:38,Physical,House,India,Uttar Pradesh,past,No,True,False,True,False,True,2,2,human_written,USR612,REV536,synthetic_no_pii,test
SCN000107,Detailed cyber forensic summary of ransomware attack exploit,Cybercrime,Ransomware attack,"On the date of 2026-07-11, an advanced threat actor initiated an exploit categorized under ransomware attack targeting remote infrastructures at approximately 10:11. The intrusion vectors reveal highly organized techniques using social engineering methods or brute-force automation to penetrate authorization systems on the Workplace. Immediate isolation of the network endpoints was executed to limit exposure within the regional jurisdiction.",2023-08-27,2023-08-13,10:11,Online,Workplace,India,Maharashtra,past,No,False,True,True,False,False,1,2,human_written,USR884,REV571,synthetic_no_pii,challenge
SCN000108,Detailed evaluation of institutional breach of employment contract violation,Employment/Labour,Breach of employment contract,"On the date of 2026-07-10, a major institutional friction classified as breach of employment contract materialized at the specified office at approximately 23:22. The circumstances indicate structured operational non-compliance by the management regarding standard working protocols or financial settlements, directly compromising employee protections. Internal grievance workflows were completely bypassed by leadership, compelling the affected party to seek statutory legal remedies through regional labor councils.",2023-08-21,2023-08-13,23:22,Online,Office,India,Telangana,past,No,False,False,True,True,True,5,3,human_written,USR148,REV568,synthetic_no_pii,challenge
SCN000109,Reported labor dispute regarding safe working conditions violation,Employment/Labour,Safe working conditions violation,"Complainant registers a formal grievance concerning employer violations under the category of safe working conditions violation at the designated workplace. The incident occurred on 2026-07-20 at approximately 08:38 hours, wherein the management failed to comply with statutory labor provisions. Corporate payroll and logs have been requested.",2023-08-21,2023-08-16,08:38,Physical,Workplace,India,Tamil Nadu,ongoing,No,True,False,False,False,True,5,4,synthetic_reviewed,USR262,REV645,synthetic_no_pii,challenge
SCN000110,Comprehensive review of regional public nuisance dispute notification,Miscellaneous,Public nuisance dispute,"On the date of 2026-06-29, a minor unclassified neighborhood disruption manifesting as public nuisance dispute materialized at the specified road at approximately 06:57 hours. The incident details demonstrate a clear operational or administrative failure concerning municipal upkeep or public behavior regulations, causing secondary delays for community residents. Local community leaders have logged an official complaint to expedite resolution within the state jurisdiction.",2023-08-22,2023-08-18,06:57,Physical,Road,India,Delhi,recent_past,No,False,False,False,True,False,2,2,human_written,USR168,REV550,synthetic_no_pii,train
SCN000111,IT specialist observation of phishing scam,Cybercrime,Phishing scam,"The system administrator observed anomalous traffic originating from unauthorized servers around 00:48, confirming a systemwide phishing scam. The victim was actively manipulated into bypassing authentication protocols on the Mobile app platform.",2023-08-18,2023-08-18,00:48,Online,Mobile app,India,Delhi,recent_past,No,False,False,True,False,False,2,1,expert_authored,USR259,REV155,synthetic_no_pii,train
SCN000112,Bystander report of a boundary dispute,Property Disputes,Inheritance property claim,"The observer witnessed an intense community argument unfolding near the plot around 13:04. Several individuals were actively contesting an instance of inheritance property claim, with local residents stepping in to prevent physical escalation before authorities were notified.",2023-09-09,2023-08-25,13:04,Physical,Plot,India,Maharashtra,past,No,True,True,True,True,True,6,2,synthetic_reviewed,USR882,REV999,synthetic_no_pii,train
SCN000113,Someone just committed a drunk driving accident right in front of me,Traffic & Road Incidents,Drunk driving accident,"So I was driving along the highway around 10:34 today, when this car suddenly sped out and caused a complete drunk driving accident! The driver didn't even stop to check if anyone was hurt, they just accelerated away immediately. I'm still shaking from the shock.",2023-08-28,2023-08-26,10:34,Physical,Highway,India,Uttar Pradesh,recent_past,No,False,False,True,True,True,3,3,synthetic_reviewed,USR490,REV580,synthetic_no_pii,validation
SCN000114,massive traffic block traffic signal violation dispute,Traffic & Road Incidents,Traffic signal violation dispute,guys stay away from the Road right now! just witnessed a crazy traffic signal violation dispute around 09:15 hours. cars are badly damaged and traffic is completely backed up. emergency services are arriving just now,2023-09-12,2023-08-28,09:15,Physical,Road,India,Telangana,past,No,False,False,True,False,True,3,1,synthetic_reviewed,USR711,REV571,synthetic_no_pii,challenge
SCN000115,massive warning fraud alert loan approval scam,Financial Fraud,Loan approval scam,"guys freeze your accounts if you used that Mobile app recently!! just discovered a major loan approval scam happened around 09:04 today. unauthorized charges are showing up on multiple profiles, notify your branch manager asap",2023-09-27,2023-08-29,09:04,Hybrid,Mobile app,India,Telangana,recent_past,No,False,True,True,False,True,1,1,human_written,USR745,REV665,synthetic_no_pii,train
SCN000116,Public environment matter involving public nuisance dispute,Miscellaneous,Public nuisance dispute,"A civic or localized incident classified under public nuisance dispute manifested at the designated alleyway at 13:33. The matter represents a general public inconvenience rather than a high-severity crime, requiring standard regulatory oversight.",2023-09-20,2023-08-29,13:33,Physical,Alleyway,India,Telangana,past,No,False,False,True,True,True,1,3,human_written,USR482,REV367,synthetic_no_pii,validation
SCN000117,Reported financial irregularity involving cheque forgery,Financial Fraud,Cheque forgery,"Complainant reports a structured financial offense falling under the category of cheque forgery at the office. The incident occurred on 2026-06-28 at approximately 23:53 hours, wherein deceptive documentation was presented to misappropriate corporate or individual monetary assets. Audit trails have been preserved.",2023-09-05,2023-09-02,23:53,Physical,Office,India,Maharashtra,past,No,False,False,True,False,True,3,1,human_written,USR336,REV903,synthetic_no_pii,test
SCN000118,Cyber cell report regarding social media hacking,Cybercrime,Social media hacking,"Complainant reports unauthorized digital breach under social media hacking framework. On 2026-07-10 at approx 10:08 hours, malicious payloads or fraudulent links were deployed to misappropriate assets or credentials via Online platform. Digital logs preserved for forensic analysis.",2023-09-18,2023-09-03,10:08,Online,Online platform,India,Uttar Pradesh,past,No,False,True,False,True,False,1,4,expert_authored,USR242,REV455,synthetic_no_pii,challenge
SCN000119,Reported case of online phishing theft at mobile app,Theft and robbery,Online phishing theft,"Complainant states that on 2026-06-25 at approximately 18:21 hours, an incident of online phishing theft occurred at Mobile app. The perpetrator description matches a male individual height approx 5'8"". Property loss reported. Case registered under relevant sections.",2023-09-15,2023-09-03,18:21,Hybrid,Mobile app,India,Karnataka,recent_past,No,False,False,True,False,False,4,3,synthetic_reviewed,USR800,REV523,synthetic_no_pii,validation
SCN000120,Real estate dispute involving land encroachment,Property Disputes,Land encroachment,"A property conflict classified under land encroachment was documented at the plot at 04:00. The dispute involves contested boundaries and ownership titles, requiring civil or criminal mediation to preserve public order.",2023-09-15,2023-09-07,04:00,Physical,Plot,India,Karnataka,past,No,False,False,True,False,True,4,3,expert_authored,USR752,REV291,synthetic_no_pii,train
SCN000121,Witness statement regarding domestic dispute,Assault & Threats,Domestic dispute,"The bystander reported observing a heated argument developing near the apartment around 04:41. The confrontation quickly turned into a domestic dispute, with one individual visibly projecting physical intimidation towards the other party before crowds gathered to separate them.",2023-10-09,2023-09-11,04:41,Physical,Apartment,India,Gujarat,past,No,False,True,True,True,False,3,4,expert_authored,USR766,REV158,synthetic_no_pii,test
SCN000122,Formal Grievance: Cyber Fraud and Identity theft Incident,Cybercrime,Identity theft,"Dear Cyber Crime Portal, I am writing to register an official cybercrime incident regarding identity theft that targets my system. At 03:58 on 2026-06-23, illegal server access was achieved through the Workplace, leading to severe data breach and financial compromise.",2023-10-11,2023-09-11,03:58,Hybrid,Workplace,India,Delhi,past,No,False,False,False,True,True,1,4,synthetic_reviewed,USR867,REV984,synthetic_no_pii,train
SCN000123,Reported financial irregularity involving loan approval scam,Financial Fraud,Loan approval scam,"Complainant reports a structured financial offense falling under the category of loan approval scam at the online platform. The incident occurred on 2026-07-01 at approximately 17:39 hours, wherein deceptive documentation was presented to misappropriate corporate or individual monetary assets. Audit trails have been preserved.",2023-09-17,2023-09-16,17:39,Hybrid,Online platform,India,Karnataka,past,No,False,False,True,False,True,4,4,expert_authored,USR586,REV916,synthetic_no_pii,test
SCN000124,Someone stole my stuff at the road,Theft and robbery,Chain snatching,"So I was just standing at the road around 12:45 yesterday, checking my phone, when this guy suddenly rushed past me and grabbed my belongings out of nowhere! I didn't even have time to react or see his face properly. Totally shocked.",2023-10-11,2023-09-18,12:45,Physical,Road,India,Tamil Nadu,past,No,False,True,True,False,False,1,1,synthetic_reviewed,USR575,REV148,synthetic_no_pii,test
SCN000125,Digital breach via phishing scam,Cybercrime,Phishing scam,"An incident of phishing scam compromised security systems across the specified Online platform at 06:42. Electronic credentials were manipulated remotely by unknown malicious actors, triggering secondary security protocols.",2023-09-22,2023-09-19,06:42,Online,Online platform,India,Tamil Nadu,recent_past,No,False,True,True,True,True,1,2,human_written,USR929,REV468,synthetic_no_pii,challenge
SCN000126,Formal Grievance: Cyber Fraud and Ransomware attack Incident,Cybercrime,Ransomware attack,"Dear Cyber Crime Portal, I am writing to register an official cybercrime incident regarding ransomware attack that targets my system. At 04:18 on 2026-07-15, illegal server access was achieved through the Online platform, leading to severe data breach and financial compromise.",2023-10-13,2023-09-21,04:18,Online,Online platform,India,Maharashtra,recent_past,No,False,True,True,False,True,3,1,expert_authored,USR900,REV309,synthetic_no_pii,validation
SCN000127,Roadways disruption via hit and run collision,Traffic & Road Incidents,Hit and run collision,A vehicular incident involving hit and run collision occurred on the local highway at 12:29. The collision or blockage led to structural vehicular property damage and caused a severe traffic bottleneck requiring immediate clearing.,2023-10-09,2023-09-26,12:29,Physical,Highway,India,West Bengal,ongoing,Yes,True,False,True,False,False,4,1,human_written,USR121,REV413,synthetic_no_pii,validation
SCN000128,Dealing with a messy guardianship dispute,Family Law,Guardianship dispute,"So I was waiting at the hostel around 20:42 today for my scheduled meeting, when my ex turned up and started an absolute argument over our guardianship dispute. They completely refused to abide by what the court originally decided. I'm just so drained by this ongoing legal battle.",2023-10-14,2023-09-28,20:42,Physical,Hostel,India,West Bengal,recent_past,No,False,False,False,False,True,4,3,human_written,USR819,REV747,synthetic_no_pii,test
SCN000129,Roadways disruption via traffic signal violation dispute,Traffic & Road Incidents,Traffic signal violation dispute,A vehicular incident involving traffic signal violation dispute occurred on the local road at 12:43. The collision or blockage led to structural vehicular property damage and caused a severe traffic bottleneck requiring immediate clearing.,2023-10-12,2023-09-28,12:43,Physical,Road,India,Delhi,recent_past,No,False,False,False,True,True,3,3,expert_authored,USR805,REV353,synthetic_no_pii,validation
SCN000130,Real estate dispute involving tenant-landlord conflict,Property Disputes,Tenant-landlord conflict,"A property conflict classified under tenant-landlord conflict was documented at the apartment at 16:07. The dispute involves contested boundaries and ownership titles, requiring civil or criminal mediation to preserve public order.",2023-10-15,2023-09-30,16:07,Hybrid,Apartment,India,Telangana,past,No,False,True,True,True,True,2,2,synthetic_reviewed,USR935,REV933,synthetic_no_pii,challenge
SCN000131,avoid this place fraud expired or contaminated goods sale,Consumer Disputes,Expired or contaminated goods sale,guys heads up do NOT buy anything from that Kirana store!! just experienced a massive expired or contaminated goods sale around 07:25 today. they completely cheated me on the transaction and refused a refund. super sketchy service watch out,2023-10-06,2023-10-01,07:25,Physical,Kirana store,India,Gujarat,past,No,True,False,True,True,True,2,2,synthetic_reviewed,USR371,REV152,synthetic_no_pii,train
SCN000132,Formal Complaint: Urgent Traffic Safety Violation - Reckless driving confrontation,Traffic & Road Incidents,Reckless driving confrontation,"Dear Traffic Police Commissioner, I am writing to formally report an escalating safety issue, specifically a recent reckless driving confrontation that occurred at the Highway. The incident took place on 2026-07-14 at 09:15 hours, creating significant hazards for other motorists.",2023-10-24,2023-10-04,09:15,Physical,Highway,India,Delhi,recent_past,No,False,False,True,True,False,3,2,human_written,USR131,REV103,synthetic_no_pii,train
SCN000133,I think my accounts just got wiped out by a ransomware attack,Cybercrime,Ransomware attack,"So I clicked this link thinking it was an official notification around 16:54 yesterday, and suddenly I was locked out of my account. I realized it was a total ransomware attack when my savings started moving out. I'm completely panicking right now.",2023-10-12,2023-10-06,16:54,Online,Shop,India,Delhi,past,No,False,True,True,True,False,2,4,expert_authored,USR992,REV477,synthetic_no_pii,validation
SCN000134,Digital breach via phishing scam,Cybercrime,Phishing scam,"An incident of phishing scam compromised security systems across the specified Online platform at 23:11. Electronic credentials were manipulated remotely by unknown malicious actors, triggering secondary security protocols.",2023-10-07,2023-10-07,23:11,Online,Online platform,India,Tamil Nadu,past,No,False,True,True,True,True,1,4,human_written,USR239,REV908,synthetic_no_pii,train
SCN000135,Formal Complaint: Unauthorized Land encroachment at Premises,Property Disputes,Land encroachment,"Dear Revenue Officer / Police Commissioner, I am writing to register an urgent complaint regarding a critical instance of land encroachment affecting my House. The unlawful activity intensified on 2026-06-30 at 13:49 hours, causing direct infringement on my registered property rights.",2023-11-08,2023-10-09,13:49,Physical,House,India,Telangana,recent_past,No,False,True,True,False,True,6,4,synthetic_reviewed,USR377,REV173,synthetic_no_pii,train
SCN000136,Detailed cyber forensic summary of online banking fraud exploit,Cybercrime,Online banking fraud,"On the date of 2026-07-02, an advanced threat actor initiated an exploit categorized under online banking fraud targeting remote infrastructures at approximately 15:42. The intrusion vectors reveal highly organized techniques using social engineering methods or brute-force automation to penetrate authorization systems on the Online platform. Immediate isolation of the network endpoints was executed to limit exposure within the regional jurisdiction.",2023-11-05,2023-10-11,15:42,Online,Online platform,India,Gujarat,recent_past,No,False,True,True,True,False,2,3,expert_authored,USR748,REV117,synthetic_no_pii,test
SCN000137,They literally ripped me off with refusal of service refund,Consumer Disputes,Refusal of service refund,"So I went to this online platform around 09:47 and explicitly paid for premium service, but I faced absolute refusal of service refund instead. When I asked the manager to fix it or give my money back, they were super rude and completely brushed me off. Never buying from here again.",2023-10-26,2023-10-12,09:47,Online,Online platform,India,West Bengal,ongoing,No,False,False,True,True,True,3,4,expert_authored,USR695,REV365,synthetic_no_pii,train
SCN000138,Formal Grievance: Unfair Trade Practice & False advertising and misrepresentation,Consumer Disputes,False advertising and misrepresentation,"Dear Consumer Forum Support, I am writing to formally register a merchant complaint regarding a severe instance of false advertising and misrepresentation that occurred at Shop on 2026-06-22 at 18:56 hours. Despite multiple amicable requests, the management refused to honor the standard consumer guarantees.",2023-11-02,2023-10-17,18:56,Physical,Shop,India,Karnataka,recent_past,No,False,False,True,True,True,2,2,synthetic_reviewed,USR277,REV832,synthetic_no_pii,test
SCN000139,Detailed administrative summary of divorce proceedings conflict litigation status,Family Law,Divorce proceedings conflict,"On the date of 2026-06-22, a major civil friction classified under divorce proceedings conflict escalated during a familial meeting at the designated house at approximately 07:37 hours. The dispute involves competing claims regarding maintenance allocations or custody arrangements, leading to severe communication breakdown between the principal parties. The current circumstances indicate an immediate requirement for legal intervention to mandate adherence to statutory family frameworks within the state jurisdiction.",2023-11-11,2023-10-22,07:37,Hybrid,House,India,Gujarat,past,No,False,False,True,False,True,4,2,synthetic_reviewed,USR814,REV218,synthetic_no_pii,validation
SCN000140,They literally ripped me off with defective product delivery,Consumer Disputes,Defective product delivery,"So I went to this shop around 14:25 and explicitly paid for premium service, but I faced absolute defective product delivery instead. When I asked the manager to fix it or give my money back, they were super rude and completely brushed me off. Never buying from here again.",2023-11-17,2023-10-23,14:25,Hybrid,Shop,India,Telangana,past,No,False,False,True,False,True,2,4,human_written,USR524,REV569,synthetic_no_pii,train
SCN000141,Formal Complaint & Request for Protection: Emotional and verbal abuse,Domestic Violence,Emotional and verbal abuse,"Dear Protection Officer, I am writing to formally report an escalating pattern of domestic violence, specifically emotional and verbal abuse, at my residence. The latest major confrontation took place on 2026-07-03 around 20:49. I urgently request legal assistance and protective measures.",2023-10-27,2023-10-24,20:49,Physical,House,India,Gujarat,recent_past,No,False,True,False,True,True,4,2,human_written,USR665,REV688,synthetic_no_pii,challenge
SCN000142,This person literally threatened me at the road,Assault & Threats,Physical altercation,"I was just minding my own business at the road around 15:29, when this aggressive person started shouting at me out of nowhere. Then it escalated into a complete physical altercation and they said they'd hurt me if they saw me again. Genuinely terrified.",2023-11-07,2023-10-24,15:29,Physical,Road,India,Maharashtra,recent_past,No,True,True,True,True,False,2,3,human_written,USR331,REV616,synthetic_no_pii,train
SCN000143,alert dont open links cyberstalking,Cybercrime,Cyberstalking,hey guys warning someone hacked my account via cyberstalking just now around 12:58!! if u get any weird text or payment requests from me DO NOT transfer any money it is a fraud scam click nothing,2023-11-26,2023-10-31,12:58,Online,House,India,Karnataka,past,No,False,True,False,False,True,3,1,expert_authored,USR164,REV136,synthetic_no_pii,test
SCN000144,Reported consumer grievance regarding refusal of service refund,Consumer Disputes,Refusal of service refund,"Complainant states that on 2026-07-04 at approximately 20:11 hours, a transaction dispute involving refusal of service refund occurred at Shop. The vendor reportedly engaged in unfair trade practices, failing to resolve the commercial non-compliance. Relevant purchase invoices have been logged.",2023-11-19,2023-10-31,20:11,Hybrid,Shop,India,Maharashtra,past,No,False,False,True,True,False,2,3,human_written,USR841,REV888,synthetic_no_pii,validation
SCN000145,urgent help needed vehicle theft,Theft and robbery,Vehicle theft,omg someone just took my things at the Parking lot!!! occurred just now around 02:46 hours. anyone nearby please help or tell me where the nearest police booth is asap!! lost everything inside my bag,2023-11-19,2023-11-02,02:46,Physical,Parking lot,India,Telangana,ongoing,No,False,True,True,False,False,4,5,synthetic_reviewed,USR650,REV793,synthetic_no_pii,test
SCN000146,They literally ripped me off with overcharging and hidden fees,Consumer Disputes,Overcharging and hidden fees,"So I went to this restaurant around 10:35 and explicitly paid for premium service, but I faced absolute overcharging and hidden fees instead. When I asked the manager to fix it or give my money back, they were super rude and completely brushed me off. Never buying from here again.",2023-12-03,2023-11-05,10:35,Physical,Restaurant,India,Maharashtra,past,No,False,False,True,False,False,2,1,synthetic_reviewed,USR420,REV161,synthetic_no_pii,challenge
SCN000147,Bystander log of a lost item reporting,Miscellaneous,Lost item reporting,"The observer noted a minor public disturbance developing near the local railway station around 11:35. The situation involved a distinct lost item reporting, drawing the attention of passing commuters before local municipal workers arrived on site.",2023-11-22,2023-11-06,11:35,Physical,Railway station,India,West Bengal,past,No,False,False,True,False,True,3,1,human_written,USR879,REV438,synthetic_no_pii,test
SCN000148,Formal Grievance: Urgent Resolution Required for Public nuisance dispute,Miscellaneous,Public nuisance dispute,"Dear Municipal Authorities, I am writing to formally log a civic grievance regarding the ongoing pattern of public nuisance dispute at the Residential street. The latest escalation occurred on 2026-06-28 at 18:10 hours, causing localized hazards that require immediate civic attention.",2023-11-20,2023-11-10,18:10,Physical,Residential street,India,Delhi,recent_past,No,False,False,True,False,True,3,2,synthetic_reviewed,USR607,REV978,synthetic_no_pii,test
SCN000149,Confrontation involving physical altercation,Assault & Threats,Physical altercation,"An incident involving sudden physical altercation broke out at the bar/pub around 04:54. The aggressor initiated intense physical or verbal hostility against the victim, forcing bystanders to intervene to prevent further escalation.",2023-11-24,2023-11-10,04:54,Physical,Bar/Pub,India,Uttar Pradesh,past,No,False,True,False,True,False,2,4,human_written,USR517,REV916,synthetic_no_pii,validation
SCN000150,Roadways disruption via drunk driving accident,Traffic & Road Incidents,Drunk driving accident,A vehicular incident involving drunk driving accident occurred on the local road at 03:08. The collision or blockage led to structural vehicular property damage and caused a severe traffic bottleneck requiring immediate clearing.,2023-11-30,2023-11-14,03:08,Physical,Road,India,Uttar Pradesh,recent_past,No,True,False,True,True,False,3,2,synthetic_reviewed,USR930,REV903,synthetic_no_pii,validation
SCN000151,Reported incident of physical altercation at road,Assault & Threats,Physical altercation,"Complainant states that on 2026-06-21 at approximately 13:21 hours, a severe case of physical altercation transpired at Road. The accused allegedly engaged in hostile behavior, posing immediate threat to the victim. Medical examination conducted where applicable.",2023-12-02,2023-11-14,13:21,Physical,Road,India,Maharashtra,past,No,True,True,False,False,False,3,2,synthetic_reviewed,USR835,REV555,synthetic_no_pii,train
SCN000152,Witness account of vehicle theft,Theft and robbery,Vehicle theft,"The observer noticed two suspicious individuals loitering near the parking lot around 19:19. Shortly after, they approached the victim from behind, forcefully committed vehicle theft, and fled the scene on a two-wheeler heading north.",2023-12-06,2023-11-16,19:19,Physical,Parking lot,India,Tamil Nadu,recent_past,No,False,False,True,False,True,3,4,synthetic_reviewed,USR239,REV232,synthetic_no_pii,test
SCN000153,Detailed corporate brief on localized cheque forgery detection,Financial Fraud,Cheque forgery,"On the morning of 2026-07-06, a sophisticated financial manipulation strategy matching the parameters of cheque forgery was discovered at the designated office around 17:15 hours. The transaction logs indicate that highly specialized methods were utilized to manipulate verification nodes, enabling the illicit diversion of capital. Internal risk assets teams have initiated emergency containment protocols while formal complaints are being forwarded to statutory economic offenses wings within the state jurisdiction.",2023-12-08,2023-11-20,17:15,Physical,Office,India,Telangana,recent_past,No,False,False,True,True,True,1,2,human_written,USR825,REV533,synthetic_no_pii,train
SCN000154,Reported matrimonial/family grievance regarding restitution of conjugal rights,Family Law,Restitution of conjugal rights,"Complainant registers a family matter notification involving an active restitution of conjugal rights at the premises. On 2026-06-23 at approximately 11:16 hours, an escalation occurred regarding legal compliance or child visitation parameters. Relevant documentation has been requested for family court presentation.",2023-11-23,2023-11-21,11:16,Physical,Apartment,India,Gujarat,recent_past,No,False,False,False,True,True,3,3,synthetic_reviewed,USR465,REV676,synthetic_no_pii,challenge
SCN000155,Shopbreaking at Showroom,Theft and robbery,Shopbreaking,"A swift incident of shopbreaking took place at the local showroom during peak hours. The victim lost valuable items instantly, and the unidentified suspect fled immediately before any bystanders could intervene.",2023-11-22,2023-11-22,03:44,Physical,Showroom,India,Delhi,past,No,False,True,True,False,False,1,3,synthetic_reviewed,USR794,REV950,synthetic_no_pii,train
SCN000156,Formal Grievance: Violation of Labor Rights - Breach of employment contract,Employment/Labour,Breach of employment contract,"Dear Human Resources and Labor Commissioner, I am writing to formally lodge a grievance regarding the ongoing pattern of breach of employment contract within the Online platform. The definitive breach transpired on 2026-07-02 at 06:55 hours, violating explicit terms of my employment contract and local statutory codes.",2023-12-09,2023-11-25,06:55,Online,Online platform,India,Tamil Nadu,past,No,False,False,True,False,True,2,4,expert_authored,USR422,REV494,synthetic_no_pii,validation
SCN000157,This person literally threatened me at the shop,Assault & Threats,Verbal intimidation,"I was just minding my own business at the shop around 17:35, when this aggressive person started shouting at me out of nowhere. Then it escalated into a complete verbal intimidation and they said they'd hurt me if they saw me again. Genuinely terrified.",2023-12-23,2023-11-25,17:35,Physical,Shop,India,Telangana,past,No,False,True,False,True,False,4,3,synthetic_reviewed,USR345,REV911,synthetic_no_pii,challenge
SCN000158,Comprehensive administrative brief on illegal property possession escalation,Property Disputes,Illegal property possession,"On the afternoon of 2026-07-08, a long-standing land friction culminated in an explicit case of illegal property possession at the designated house around 22:26 hours. The incident involved rival claimants attempting physical occupation or structural modification without valid legal injunctions. Local law enforcement intervened to mandate a status quo until the appropriate regional civil courts review the structural registration parameters and revenue maps under the state jurisdiction.",2023-12-27,2023-11-28,22:26,Physical,House,India,Telangana,past,No,False,False,True,False,True,4,2,synthetic_reviewed,USR152,REV868,synthetic_no_pii,validation
SCN000159,Reported consumer grievance regarding overcharging and hidden fees,Consumer Disputes,Overcharging and hidden fees,"Complainant states that on 2026-07-16 at approximately 15:05 hours, a transaction dispute involving overcharging and hidden fees occurred at Hotel. The vendor reportedly engaged in unfair trade practices, failing to resolve the commercial non-compliance. Relevant purchase invoices have been logged.",2023-12-14,2023-11-28,15:05,Physical,Hotel,India,Telangana,recent_past,No,False,False,True,True,False,3,1,human_written,USR293,REV565,synthetic_no_pii,train
SCN000160,They literally ripped me off with overcharging and hidden fees,Consumer Disputes,Overcharging and hidden fees,"So I went to this restaurant around 23:42 and explicitly paid for premium service, but I faced absolute overcharging and hidden fees instead. When I asked the manager to fix it or give my money back, they were super rude and completely brushed me off. Never buying from here again.",2023-12-16,2023-11-29,23:42,Physical,Restaurant,India,Telangana,recent_past,No,False,True,True,True,True,2,2,synthetic_reviewed,USR795,REV406,synthetic_no_pii,train
SCN000161,Formal Grievance: Unauthorized Transaction and Cheque forgery,Financial Fraud,Cheque forgery,"Dear Nodal Officer / Bank Authority, I am writing to formally log an emergency grievance regarding an severe case of cheque forgery executed against my portfolio through the Office. The breach occurred on 2026-06-26 at 05:41 hours, violating standard security checks and clearing mechanisms.",2023-12-22,2023-12-07,05:41,Physical,Office,India,Gujarat,recent_past,No,False,False,True,True,True,3,4,expert_authored,USR614,REV935,synthetic_no_pii,validation
SCN000162,Formal Complaint & Request for Protection: Spousal physical abuse,Domestic Violence,Spousal physical abuse,"Dear Protection Officer, I am writing to formally report an escalating pattern of domestic violence, specifically spousal physical abuse, at my residence. The latest major confrontation took place on 2026-07-10 around 01:31. I urgently request legal assistance and protective measures.",2023-12-28,2023-12-09,01:31,Physical,House,India,Maharashtra,past,No,False,True,False,True,True,4,2,expert_authored,USR863,REV874,synthetic_no_pii,validation
SCN000163,Urgent Complaint: Incident of Physical altercation at Road,Assault & Threats,Physical altercation,"Dear Management, I am writing to formally log a grievance regarding a distressing incident of physical altercation that occurred today at approximately 02:53 within the Road. The aggressive posturing and direct threats have created an incredibly hostile and unsafe environment.",2023-12-11,2023-12-11,02:53,Physical,Road,India,Tamil Nadu,ongoing,Yes,True,True,True,False,False,4,2,expert_authored,USR677,REV362,synthetic_no_pii,test
SCN000164,Comprehensive review of regional noise pollution grievance notification,Miscellaneous,Noise pollution grievance,"On the date of 2026-07-10, a minor unclassified neighborhood disruption manifesting as noise pollution grievance materialized at the specified apartment at approximately 00:24 hours. The incident details demonstrate a clear operational or administrative failure concerning municipal upkeep or public behavior regulations, causing secondary delays for community residents. Local community leaders have logged an official complaint to expedite resolution within the state jurisdiction.",2024-01-02,2023-12-12,00:24,Physical,Apartment,India,Maharashtra,past,No,False,False,True,True,True,2,2,synthetic_reviewed,USR661,REV214,synthetic_no_pii,validation
SCN000165,Bystander report of a domestic family dispute,Family Law,Restitution of conjugal rights,"The observer noted a highly emotional confrontation between two estranged family members outside the house around 21:58. The argument was explicitly regarding a severe case of restitution of conjugal rights, with both sides loudly contesting rights before local residents requested calm.",2024-01-10,2023-12-12,21:58,Physical,House,India,Delhi,recent_past,No,False,False,False,True,True,2,4,expert_authored,USR927,REV547,synthetic_no_pii,validation
SCN000166,alert dont open links identity theft,Cybercrime,Identity theft,hey guys warning someone hacked my account via identity theft just now around 07:10!! if u get any weird text or payment requests from me DO NOT transfer any money it is a fraud scam click nothing,2024-01-12,2023-12-14,07:10,Online,Online platform,India,Uttar Pradesh,past,No,False,False,True,False,False,1,3,expert_authored,USR731,REV678,synthetic_no_pii,validation
SCN000167,Reported labor dispute regarding unfair termination,Employment/Labour,Unfair termination,"Complainant registers a formal grievance concerning employer violations under the category of unfair termination at the designated office. The incident occurred on 2026-06-27 at approximately 00:56 hours, wherein the management failed to comply with statutory labor provisions. Corporate payroll and logs have been requested.",2023-12-29,2023-12-15,00:56,Online,Office,India,Tamil Nadu,past,No,False,False,False,True,True,2,4,expert_authored,USR581,REV408,synthetic_no_pii,challenge
SCN000168,Chain snatching at Alleyway,Theft and robbery,Chain snatching,"A swift incident of chain snatching took place at the local alleyway during peak hours. The victim lost valuable items instantly, and the unidentified suspect fled immediately before any bystanders could intervene.",2023-12-29,2023-12-24,17:13,Physical,Alleyway,India,Uttar Pradesh,recent_past,No,False,True,True,False,True,3,5,expert_authored,USR303,REV738,synthetic_no_pii,validation
SCN000169,Detailed evaluation of institutional unfair termination violation,Employment/Labour,Unfair termination,"On the date of 2026-07-03, a major institutional friction classified as unfair termination materialized at the specified office at approximately 06:32. The circumstances indicate structured operational non-compliance by the management regarding standard working protocols or financial settlements, directly compromising employee protections. Internal grievance workflows were completely bypassed by leadership, compelling the affected party to seek statutory legal remedies through regional labor councils.",2023-12-25,2023-12-24,06:32,Online,Office,India,Gujarat,recent_past,No,False,False,True,True,False,2,1,synthetic_reviewed,USR670,REV523,synthetic_no_pii,validation
SCN000170,Detailed corporate brief on localized ponzi scheme investment fraud detection,Financial Fraud,Ponzi scheme investment fraud,"On the morning of 2026-07-08, a sophisticated financial manipulation strategy matching the parameters of ponzi scheme investment fraud was discovered at the designated house around 08:29 hours. The transaction logs indicate that highly specialized methods were utilized to manipulate verification nodes, enabling the illicit diversion of capital. Internal risk assets teams have initiated emergency containment protocols while formal complaints are being forwarded to statutory economic offenses wings within the state jurisdiction.",2023-12-25,2023-12-25,08:29,Physical,House,India,Telangana,recent_past,No,False,False,True,False,True,2,2,synthetic_reviewed,USR436,REV654,synthetic_no_pii,test
SCN000171,management issue breach of employment contract,Employment/Labour,Breach of employment contract,"hey guys bad news. just had a huge fight with HR at the Online platform regarding breach of employment contract around 08:45 today. they are trying to cheat us out of our terms or fire people arbitrarily. check your emails immediately, we need to stand together on this",2024-01-05,2023-12-26,08:45,Online,Online platform,India,Uttar Pradesh,past,No,False,False,True,False,False,2,4,synthetic_reviewed,USR283,REV485,synthetic_no_pii,validation
SCN000172,Labor non-compliance involving workplace harassment,Employment/Labour,Workplace harassment,"An employment dispute involving workplace harassment escalated at the showroom at 19:44. The worker alleged severe breach of workplace regulations, seeking administrative or legal intervention to recover standard dues or ensure workplace safety.",2024-01-05,2023-12-31,19:44,Physical,Showroom,India,West Bengal,ongoing,No,False,False,False,True,True,3,2,human_written,USR775,REV454,synthetic_no_pii,validation
SCN000173,Detailed analysis of shopbreaking occurrence,Theft and robbery,Shopbreaking,"On the date of 2026-07-08, a major incidence of shopbreaking was executed at the designated shop under complex environmental circumstances. The perpetrator leveraged the crowded nature of the location to approach undetected, exploiting a momentary lapse in security vigilance. Following the commission of the act, the individual navigated through the exit corridors effectively evading immediate pursuit. Emergency services were notified subsequently, initiating a localized investigation into the security vulnerabilities of this particular jurisdiction.",2024-01-07,2024-01-02,13:34,Physical,Shop,India,Uttar Pradesh,recent_past,No,False,False,True,False,False,3,3,expert_authored,USR816,REV499,synthetic_no_pii,train
SCN000174,Comprehensive review of regional minor civic infrastructure issue notification,Miscellaneous,Minor civic infrastructure issue,"On the date of 2026-06-22, a minor unclassified neighborhood disruption manifesting as minor civic infrastructure issue materialized at the specified alleyway at approximately 01:39 hours. The incident details demonstrate a clear operational or administrative failure concerning municipal upkeep or public behavior regulations, causing secondary delays for community residents. Local community leaders have logged an official complaint to expedite resolution within the state jurisdiction.",2024-01-16,2024-01-02,01:39,Physical,Alleyway,India,Karnataka,recent_past,No,False,False,False,False,True,2,3,expert_authored,USR269,REV187,synthetic_no_pii,test
SCN000175,Digital breach via online banking fraud,Cybercrime,Online banking fraud,"An incident of online banking fraud compromised security systems across the specified Mobile app at 02:31. Electronic credentials were manipulated remotely by unknown malicious actors, triggering secondary security protocols.",2024-01-23,2024-01-07,02:31,Online,Mobile app,India,Gujarat,past,No,False,True,True,False,False,3,4,human_written,USR651,REV205,synthetic_no_pii,challenge
SCN000176,Confrontation involving road rage assault,Assault & Threats,Road rage assault,"An incident involving sudden road rage assault broke out at the road around 00:57. The aggressor initiated intense physical or verbal hostility against the victim, forcing bystanders to intervene to prevent further escalation.",2024-02-03,2024-01-08,00:57,Physical,Road,India,Telangana,recent_past,No,False,True,True,False,True,4,1,human_written,USR275,REV330,synthetic_no_pii,challenge
SCN000177,Detailed analysis of chain snatching occurrence,Theft and robbery,Chain snatching,"On the date of 2026-07-03, a major incidence of chain snatching was executed at the designated residential street under complex environmental circumstances. The perpetrator leveraged the crowded nature of the location to approach undetected, exploiting a momentary lapse in security vigilance. Following the commission of the act, the individual navigated through the exit corridors effectively evading immediate pursuit. Emergency services were notified subsequently, initiating a localized investigation into the security vulnerabilities of this particular jurisdiction.",2024-02-01,2024-01-11,18:37,Physical,Residential street,India,Maharashtra,past,No,False,True,True,False,True,3,5,expert_authored,USR558,REV237,synthetic_no_pii,validation
SCN000178,Urgent Complaint: Incident of Road rage assault at Highway,Assault & Threats,Road rage assault,"Dear Management, I am writing to formally log a grievance regarding a distressing incident of road rage assault that occurred today at approximately 04:40 within the Highway. The aggressive posturing and direct threats have created an incredibly hostile and unsafe environment.",2024-02-08,2024-01-13,04:40,Physical,Highway,India,Telangana,recent_past,No,True,True,False,False,True,3,1,synthetic_reviewed,USR912,REV954,synthetic_no_pii,challenge
SCN000179,Commercial dispute involving refusal of service refund,Consumer Disputes,Refusal of service refund,"A transactional incident concerning refusal of service refund broke out at the local workplace at 06:31. The buyer alleged a direct breach of contractual terms regarding product quality or billing accuracy, resulting in an active consumer dispute.",2024-02-03,2024-01-14,06:31,Hybrid,Workplace,India,Gujarat,recent_past,No,False,False,True,True,True,3,4,expert_authored,USR190,REV750,synthetic_no_pii,train
SCN000180,management issue breach of employment contract,Employment/Labour,Breach of employment contract,"hey guys bad news. just had a huge fight with HR at the Online platform regarding breach of employment contract around 10:57 today. they are trying to cheat us out of our terms or fire people arbitrarily. check your emails immediately, we need to stand together on this",2024-01-19,2024-01-19,10:57,Hybrid,Online platform,India,Delhi,past,No,False,False,True,True,False,2,1,human_written,USR957,REV261,synthetic_no_pii,test
SCN000181,Comprehensive review of commercial expired or contaminated goods sale claim,Consumer Disputes,Expired or contaminated goods sale,"On the date of 2026-06-29, a formal consumer conflict classified as expired or contaminated goods sale manifested during a commercial interaction at the designated marketplace around 19:29. The transaction parameters reveal an explicit deviation from advertising claims or legal standards, directly compromising buyer safety and financial protection. Standard operational dispute channels were exhausted without success, prompting an escalation to statutory regulatory oversight mechanisms.",2024-02-01,2024-01-20,19:29,Physical,Marketplace,India,Gujarat,recent_past,No,True,False,True,True,False,3,3,synthetic_reviewed,USR682,REV598,synthetic_no_pii,validation
SCN000182,Formal Grievance: Violation of Labor Rights - Unfair termination,Employment/Labour,Unfair termination,"Dear Human Resources and Labor Commissioner, I am writing to formally lodge a grievance regarding the ongoing pattern of unfair termination within the Workplace. The definitive breach transpired on 2026-07-03 at 06:32 hours, violating explicit terms of my employment contract and local statutory codes.",2024-01-25,2024-01-20,06:32,Hybrid,Workplace,India,Maharashtra,past,No,False,False,True,False,True,5,2,synthetic_reviewed,USR821,REV209,synthetic_no_pii,challenge
SCN000183,Formal Complaint: Urgent Traffic Safety Violation - Hit and run collision,Traffic & Road Incidents,Hit and run collision,"Dear Traffic Police Commissioner, I am writing to formally report an escalating safety issue, specifically a recent hit and run collision that occurred at the Road. The incident took place on 2026-07-07 at 10:21 hours, creating significant hazards for other motorists.",2024-02-12,2024-01-23,10:21,Physical,Road,India,Karnataka,recent_past,No,True,False,True,True,False,3,1,synthetic_reviewed,USR795,REV678,synthetic_no_pii,test
SCN000184,urgent property issue land encroachment,Property Disputes,Land encroachment,guys please help they are trying to take over the Agricultural land right now!! experiencing a severe land encroachment since 08:37. they brought workers and are breaking down boundaries. please check if anyone can come over fast,2024-02-12,2024-01-23,08:37,Physical,Agricultural land,India,Delhi,recent_past,No,False,True,True,False,True,6,1,human_written,USR997,REV398,synthetic_no_pii,challenge
SCN000185,Bystander report of a boundary dispute,Property Disputes,Inheritance property claim,"The observer witnessed an intense community argument unfolding near the house around 22:24. Several individuals were actively contesting an instance of inheritance property claim, with local residents stepping in to prevent physical escalation before authorities were notified.",2024-02-11,2024-01-24,22:24,Physical,House,India,Gujarat,recent_past,No,True,False,True,False,True,4,2,synthetic_reviewed,USR797,REV667,synthetic_no_pii,validation
SCN000186,heads up civic problem lost item reporting,Miscellaneous,Lost item reporting,hey guys warning if u are passing by the Railway station right now!! there is a massive lost item reporting that happened around 15:19 today. try to take a different route if possible to avoid getting stuck or delayed,2024-01-28,2024-01-25,15:19,Physical,Railway station,India,Uttar Pradesh,recent_past,No,False,False,True,False,False,3,1,synthetic_reviewed,USR160,REV945,synthetic_no_pii,test
SCN000187,Reported public grievance regarding noise pollution grievance,Miscellaneous,Noise pollution grievance,"Complainant registers a general municipal or public service notification regarding noise pollution grievance at the location of residential street. The incident transpired on 2026-06-27 at approximately 03:51 hours, causing minor public inconvenience or operational disruption. Log entries have been completed.",2024-02-16,2024-01-30,03:51,Physical,Residential street,India,Telangana,past,No,False,False,True,False,False,2,2,human_written,USR434,REV475,synthetic_no_pii,validation
SCN000188,Reported property conflict involving boundary wall dispute,Property Disputes,Boundary wall dispute,"Complainant reports a structural civil grievance regarding boundary wall dispute at the site located in villa. On 2026-07-07 at 00:47 hours, opposing parties gathered and attempted unauthorized physical alterations. Property ownership documents have been submitted for verification.",2024-02-25,2024-01-31,00:47,Physical,Villa,India,Maharashtra,recent_past,No,True,False,True,True,True,5,3,expert_authored,USR133,REV180,synthetic_no_pii,challenge
SCN000189,Reported public grievance regarding noise pollution grievance,Miscellaneous,Noise pollution grievance,"Complainant registers a general municipal or public service notification regarding noise pollution grievance at the location of house. The incident transpired on 2026-07-02 at approximately 21:40 hours, causing minor public inconvenience or operational disruption. Log entries have been completed.",2024-02-27,2024-02-01,21:40,Physical,House,India,Telangana,recent_past,No,False,False,False,True,True,1,3,human_written,USR387,REV319,synthetic_no_pii,validation
SCN000190,Formal Grievance: Violation of Labor Rights - Unpaid wage dispute,Employment/Labour,Unpaid wage dispute,"Dear Human Resources and Labor Commissioner, I am writing to formally lodge a grievance regarding the ongoing pattern of unpaid wage dispute within the Shop. The definitive breach transpired on 2026-06-23 at 13:29 hours, violating explicit terms of my employment contract and local statutory codes.",2024-02-10,2024-02-09,13:29,Hybrid,Shop,India,Maharashtra,recent_past,No,False,False,True,False,True,3,3,human_written,USR369,REV257,synthetic_no_pii,challenge
SCN000191,Reported case of online phishing theft at online platform,Theft and robbery,Online phishing theft,"Complainant states that on 2026-06-30 at approximately 02:52 hours, an incident of online phishing theft occurred at Online platform. The perpetrator description matches a male individual height approx 5'8"". Property loss reported. Case registered under relevant sections.",2024-02-16,2024-02-10,02:52,Hybrid,Online platform,India,Maharashtra,recent_past,No,False,False,True,False,True,3,1,expert_authored,USR290,REV689,synthetic_no_pii,challenge
SCN000192,Witness account of pickpocketing,Theft and robbery,Pickpocketing,"The observer noticed two suspicious individuals loitering near the railway station around 15:20. Shortly after, they approached the victim from behind, forcefully committed pickpocketing, and fled the scene on a two-wheeler heading north.",2024-03-07,2024-02-10,15:20,Physical,Railway station,India,Maharashtra,recent_past,No,False,True,True,True,True,4,1,human_written,USR356,REV378,synthetic_no_pii,challenge
SCN000193,Bystander report of a customer-vendor dispute,Consumer Disputes,Expired or contaminated goods sale,"The observer noted a clear altercation developing at the counter of the marketplace around 22:23. A customer was contesting a distinct case of expired or contaminated goods sale, showing clear evidence to the merchant, who continuously refused liability or proper resolution.",2024-03-05,2024-02-10,22:23,Physical,Marketplace,India,Gujarat,recent_past,No,True,False,True,False,True,2,2,expert_authored,USR381,REV382,synthetic_no_pii,validation
SCN000194,please help me domestic dispute urgent,Domestic Violence,Emotional and verbal abuse,he is screaming and throwing things again it's really bad emotional and verbal abuse right now at home since 18:30 hours. please call someone or come over i am hiding in the washroom right now text me back please,2024-02-16,2024-02-10,18:30,Physical,Residential street,India,Uttar Pradesh,recent_past,No,False,True,True,True,False,3,3,synthetic_reviewed,USR390,REV868,synthetic_no_pii,challenge
SCN000195,Bystander log of a noise pollution grievance,Miscellaneous,Noise pollution grievance,"The observer noted a minor public disturbance developing near the local apartment around 18:21. The situation involved a distinct noise pollution grievance, drawing the attention of passing commuters before local municipal workers arrived on site.",2024-02-29,2024-02-12,18:21,Physical,Apartment,India,Delhi,past,No,False,False,True,False,False,2,2,expert_authored,USR542,REV203,synthetic_no_pii,test
SCN000196,management issue workplace harassment,Employment/Labour,Workplace harassment,"hey guys bad news. just had a huge fight with HR at the Showroom regarding workplace harassment around 11:52 today. they are trying to cheat us out of our terms or fire people arbitrarily. check your emails immediately, we need to stand together on this",2024-03-11,2024-02-15,11:52,Hybrid,Showroom,India,Delhi,past,No,False,False,False,False,True,5,4,synthetic_reviewed,USR814,REV335,synthetic_no_pii,train
SCN000197,urgent property issue land encroachment,Property Disputes,Land encroachment,guys please help they are trying to take over the Plot right now!! experiencing a severe land encroachment since 10:00. they brought workers and are breaking down boundaries. please check if anyone can come over fast,2024-03-07,2024-02-16,10:00,Physical,Plot,India,Maharashtra,past,No,False,True,True,True,True,3,1,expert_authored,USR980,REV791,synthetic_no_pii,validation
SCN000198,massive warning fraud alert loan approval scam,Financial Fraud,Loan approval scam,"guys freeze your accounts if you used that Office recently!! just discovered a major loan approval scam happened around 20:28 today. unauthorized charges are showing up on multiple profiles, notify your branch manager asap",2024-03-03,2024-02-16,20:28,Hybrid,Office,India,Gujarat,past,No,False,True,True,True,True,1,4,human_written,USR544,REV953,synthetic_no_pii,test
SCN000199,Someone stole my stuff at the railway station,Theft and robbery,Pickpocketing,"So I was just standing at the railway station around 16:14 yesterday, checking my phone, when this guy suddenly rushed past me and grabbed my belongings out of nowhere! I didn't even have time to react or see his face properly. Totally shocked.",2024-03-12,2024-02-23,16:14,Physical,Railway station,India,Telangana,past,No,False,True,True,False,True,2,2,expert_authored,USR517,REV297,synthetic_no_pii,train
SCN000200,I think my accounts just got wiped out by a cyberstalking,Cybercrime,Cyberstalking,"So I clicked this link thinking it was an official notification around 18:06 yesterday, and suddenly I was locked out of my account. I realized it was a total cyberstalking when my savings started moving out. I'm completely panicking right now.",2024-03-08,2024-02-25,18:06,Hybrid,Online platform,India,Tamil Nadu,recent_past,No,False,True,True,True,False,3,3,expert_authored,USR522,REV640,synthetic_no_pii,challenge
SCN000201,Formal Grievance: Cyber Fraud and Identity theft Incident,Cybercrime,Identity theft,"Dear Cyber Crime Portal, I am writing to register an official cybercrime incident regarding identity theft that targets my system. At 18:51 on 2026-07-17, illegal server access was achieved through the Online platform, leading to severe data breach and financial compromise.",2024-03-24,2024-02-25,18:51,Online,Online platform,India,Karnataka,past,No,False,False,True,False,False,2,4,expert_authored,USR422,REV599,synthetic_no_pii,train
SCN000202,My neighbors are completely committing land encroachment,Property Disputes,Land encroachment,"So I went out to check my agricultural land around 13:38 today, and I saw they were actively setting up structures on my side! When I confronted them about this blatant land encroachment, they straight up threatened me and refused to move back. I am so stressed out right now.",2024-03-02,2024-02-28,13:38,Physical,Agricultural land,India,Tamil Nadu,recent_past,No,False,False,True,True,True,2,1,human_written,USR641,REV663,synthetic_no_pii,validation
SCN000203,urgent property issue boundary wall dispute,Property Disputes,Boundary wall dispute,guys please help they are trying to take over the Plot right now!! experiencing a severe boundary wall dispute since 14:04. they brought workers and are breaking down boundaries. please check if anyone can come over fast,2024-03-18,2024-03-01,14:04,Physical,Plot,India,Uttar Pradesh,recent_past,No,False,True,True,True,True,5,1,synthetic_reviewed,USR486,REV160,synthetic_no_pii,validation
SCN000204,IT specialist observation of cyberstalking,Cybercrime,Cyberstalking,"The system administrator observed anomalous traffic originating from unauthorized servers around 07:12, confirming a systemwide cyberstalking. The victim was actively manipulated into bypassing authentication protocols on the Online platform platform.",2024-03-27,2024-03-05,07:12,Hybrid,Online platform,India,Maharashtra,past,No,False,True,True,False,False,3,3,human_written,USR766,REV742,synthetic_no_pii,test
SCN000205,Dealing with a messy child custody dispute,Family Law,Child custody dispute,"So I was waiting at the apartment around 12:20 today for my scheduled meeting, when my ex turned up and started an absolute argument over our child custody dispute. They completely refused to abide by what the court originally decided. I'm just so drained by this ongoing legal battle.",2024-03-25,2024-03-06,12:20,Physical,Apartment,India,Karnataka,recent_past,No,False,True,True,False,True,3,3,human_written,USR201,REV456,synthetic_no_pii,test
SCN000206,Detailed documentation of economic deprivation case,Domestic Violence,Economic deprivation,"On the date of 2026-07-05, a highly contentious domestic incident manifesting as economic deprivation occurred within the private residence. The conflict reportedly originated from long-standing domestic pressures and rapidly intensified into aggressive behavior around 17:57. The victim sustained significant psychological and physical strain before external family structures could be notified. Local authorities are reviewing the continuous pattern of behavior under the protection laws of the jurisdiction.",2024-03-22,2024-03-06,17:57,Hybrid,House,India,Tamil Nadu,past,No,False,True,False,False,True,2,5,human_written,USR708,REV684,synthetic_no_pii,train
SCN000207,Reported labor dispute regarding unpaid wage dispute,Employment/Labour,Unpaid wage dispute,"Complainant registers a formal grievance concerning employer violations under the category of unpaid wage dispute at the designated workplace. The incident occurred on 2026-06-22 at approximately 20:03 hours, wherein the management failed to comply with statutory labor provisions. Corporate payroll and logs have been requested.",2024-03-16,2024-03-08,20:03,Hybrid,Workplace,India,Tamil Nadu,past,No,False,False,True,False,True,2,4,synthetic_reviewed,USR663,REV236,synthetic_no_pii,train
SCN000208,Reported matrimonial/family grievance regarding restitution of conjugal rights,Family Law,Restitution of conjugal rights,"Complainant registers a family matter notification involving an active restitution of conjugal rights at the premises. On 2026-07-06 at approximately 23:59 hours, an escalation occurred regarding legal compliance or child visitation parameters. Relevant documentation has been requested for family court presentation.",2024-03-11,2024-03-10,23:59,Physical,Apartment,India,Gujarat,recent_past,No,False,False,False,False,True,2,4,synthetic_reviewed,USR318,REV971,synthetic_no_pii,test
SCN000209,Coworker testimony on workplace harassment,Employment/Labour,Workplace harassment,"The observer witnessed an intense disagreement between the management and an employee inside the workplace around 23:44. The context of the dispute was clearly a severe case of workplace harassment, with the supervisor dismissing the employee's legitimate safety or financial claims arbitrarily.",2024-03-27,2024-03-18,23:44,Hybrid,Workplace,India,Karnataka,recent_past,No,False,False,False,True,False,5,3,expert_authored,USR578,REV458,synthetic_no_pii,challenge
SCN000210,Bystander report of a boundary dispute,Property Disputes,Land encroachment,"The observer witnessed an intense community argument unfolding near the agricultural land around 18:19. Several individuals were actively contesting an instance of land encroachment, with local residents stepping in to prevent physical escalation before authorities were notified.",2024-03-28,2024-03-21,18:19,Physical,Agricultural land,India,Delhi,past,No,False,True,True,True,True,4,2,human_written,USR660,REV223,synthetic_no_pii,validation
SCN000211,Someone stole my stuff at the bank,Theft and robbery,Armed robbery,"So I was just standing at the bank around 23:33 yesterday, checking my phone, when this guy suddenly rushed past me and grabbed my belongings out of nowhere! I didn't even have time to react or see his face properly. Totally shocked.",2024-04-20,2024-03-25,23:33,Physical,Bank,India,Karnataka,ongoing,Yes,False,True,True,True,True,4,1,synthetic_reviewed,USR265,REV324,synthetic_no_pii,challenge
SCN000212,Witness account of shopbreaking,Theft and robbery,Shopbreaking,"The observer noticed two suspicious individuals loitering near the shop around 23:10. Shortly after, they approached the victim from behind, forcefully committed shopbreaking, and fled the scene on a two-wheeler heading north.",2024-04-07,2024-03-27,23:10,Physical,Shop,India,Gujarat,recent_past,No,False,True,True,False,True,2,5,synthetic_reviewed,USR603,REV535,synthetic_no_pii,challenge
SCN000213,Reported case of vehicle theft at garage,Theft and robbery,Vehicle theft,"Complainant states that on 2026-06-28 at approximately 02:30 hours, an incident of vehicle theft occurred at Garage. The perpetrator description matches a male individual height approx 5'8"". Property loss reported. Case registered under relevant sections.",2024-03-27,2024-03-27,02:30,Physical,Garage,India,Tamil Nadu,past,No,False,True,True,True,False,2,4,synthetic_reviewed,USR588,REV630,synthetic_no_pii,challenge
SCN000214,Commercial dispute involving refusal of service refund,Consumer Disputes,Refusal of service refund,"A transactional incident concerning refusal of service refund broke out at the local online platform at 01:13. The buyer alleged a direct breach of contractual terms regarding product quality or billing accuracy, resulting in an active consumer dispute.",2024-04-27,2024-03-28,01:13,Online,Online platform,India,Gujarat,recent_past,No,False,False,True,False,True,3,2,human_written,USR803,REV224,synthetic_no_pii,test
SCN000215,please help me domestic dispute urgent,Domestic Violence,Emotional and verbal abuse,he is screaming and throwing things again it's really bad emotional and verbal abuse right now at home since 17:47 hours. please call someone or come over i am hiding in the washroom right now text me back please,2024-04-23,2024-03-29,17:47,Physical,House,India,Gujarat,recent_past,No,False,True,True,False,True,4,1,synthetic_reviewed,USR475,REV950,synthetic_no_pii,test
SCN000216,Cyber cell report regarding cyberstalking,Cybercrime,Cyberstalking,"Complainant reports unauthorized digital breach under cyberstalking framework. On 2026-06-27 at approx 19:56 hours, malicious payloads or fraudulent links were deployed to misappropriate assets or credentials via Hostel. Digital logs preserved for forensic analysis.",2024-04-03,2024-03-30,19:56,Online,Hostel,India,Uttar Pradesh,past,No,False,True,True,True,True,1,2,human_written,USR437,REV913,synthetic_no_pii,test
SCN000217,Detailed administrative summary of child custody dispute litigation status,Family Law,Child custody dispute,"On the date of 2026-06-29, a major civil friction classified under child custody dispute escalated during a familial meeting at the designated house at approximately 22:48 hours. The dispute involves competing claims regarding maintenance allocations or custody arrangements, leading to severe communication breakdown between the principal parties. The current circumstances indicate an immediate requirement for legal intervention to mandate adherence to statutory family frameworks within the state jurisdiction.",2024-04-13,2024-03-31,22:48,Hybrid,House,India,Delhi,recent_past,No,False,False,True,True,True,4,2,human_written,USR402,REV643,synthetic_no_pii,validation
SCN000218,Reported incident of online harassment & threats at online platform,Assault & Threats,Online harassment & threats,"Complainant states that on 2026-06-24 at approximately 19:53 hours, a severe case of online harassment & threats transpired at Online platform. The accused allegedly engaged in hostile behavior, posing immediate threat to the victim. Medical examination conducted where applicable.",2024-04-05,2024-04-01,19:53,Online,Online platform,India,Uttar Pradesh,recent_past,No,False,True,True,False,True,3,2,expert_authored,USR125,REV684,synthetic_no_pii,validation
SCN000219,Detailed analysis of house burglary occurrence,Theft and robbery,House burglary,"On the date of 2026-07-10, a major incidence of house burglary was executed at the designated villa under complex environmental circumstances. The perpetrator leveraged the crowded nature of the location to approach undetected, exploiting a momentary lapse in security vigilance. Following the commission of the act, the individual navigated through the exit corridors effectively evading immediate pursuit. Emergency services were notified subsequently, initiating a localized investigation into the security vulnerabilities of this particular jurisdiction.",2024-04-23,2024-04-02,08:02,Physical,Villa,India,West Bengal,past,No,False,True,True,False,False,3,3,human_written,USR679,REV349,synthetic_no_pii,challenge
SCN000220,Confrontation involving verbal intimidation,Assault & Threats,Verbal intimidation,"An incident involving sudden verbal intimidation broke out at the residential street around 20:57. The aggressor initiated intense physical or verbal hostility against the victim, forcing bystanders to intervene to prevent further escalation.",2024-05-01,2024-04-05,20:57,Hybrid,Residential street,India,Uttar Pradesh,ongoing,Yes,False,True,False,False,True,3,1,expert_authored,USR946,REV590,synthetic_no_pii,train
SCN000221,alert dont open links ransomware attack,Cybercrime,Ransomware attack,hey guys warning someone hacked my account via ransomware attack just now around 15:19!! if u get any weird text or payment requests from me DO NOT transfer any money it is a fraud scam click nothing,2024-04-29,2024-04-09,15:19,Online,Shop,India,Delhi,recent_past,No,False,True,True,False,False,1,2,expert_authored,USR772,REV917,synthetic_no_pii,challenge
SCN000222,urgent property issue illegal property possession,Property Disputes,Illegal property possession,guys please help they are trying to take over the Shop right now!! experiencing a severe illegal property possession since 04:18. they brought workers and are breaking down boundaries. please check if anyone can come over fast,2024-04-16,2024-04-15,04:18,Physical,Shop,India,Tamil Nadu,past,No,False,True,True,True,True,6,1,human_written,USR477,REV569,synthetic_no_pii,validation
SCN000223,Reported incident of verbal intimidation at shop,Assault & Threats,Verbal intimidation,"Complainant states that on 2026-06-25 at approximately 15:38 hours, a severe case of verbal intimidation transpired at Shop. The accused allegedly engaged in hostile behavior, posing immediate threat to the victim. Medical examination conducted where applicable.",2024-05-14,2024-04-16,15:38,Hybrid,Shop,India,Maharashtra,past,No,False,True,False,True,False,4,4,expert_authored,USR694,REV817,synthetic_no_pii,train
SCN000224,Formal Legal Request: Violation of Family Court Orders - Restitution of conjugal rights,Family Law,Restitution of conjugal rights,"Dear Legal Counsel / Mediation Cell, I am writing to formally report a non-compliance issue regarding our ongoing restitution of conjugal rights at the residence. The definitive breach occurred on 2026-07-06 at 06:59 hours, wherein the counter-party unilaterally altered agreed-upon familial or financial maintenance parameters.",2024-04-25,2024-04-18,06:59,Physical,Apartment,India,Maharashtra,recent_past,No,False,False,False,False,True,3,3,expert_authored,USR381,REV806,synthetic_no_pii,test
SCN000225,Formal Legal Request: Violation of Family Court Orders - Divorce proceedings conflict,Family Law,Divorce proceedings conflict,"Dear Legal Counsel / Mediation Cell, I am writing to formally report a non-compliance issue regarding our ongoing divorce proceedings conflict at the residence. The definitive breach occurred on 2026-07-10 at 03:01 hours, wherein the counter-party unilaterally altered agreed-upon familial or financial maintenance parameters.",2024-04-23,2024-04-19,03:01,Physical,Apartment,India,Gujarat,recent_past,No,False,False,False,True,True,2,4,human_written,USR542,REV773,synthetic_no_pii,train
SCN000226,Bystander report of a boundary dispute,Property Disputes,Boundary wall dispute,"The observer witnessed an intense community argument unfolding near the villa around 00:57. Several individuals were actively contesting an instance of boundary wall dispute, with local residents stepping in to prevent physical escalation before authorities were notified.",2024-04-24,2024-04-21,00:57,Physical,Villa,India,West Bengal,past,No,False,True,True,False,True,5,1,expert_authored,USR266,REV112,synthetic_no_pii,train
SCN000227,Formal Legal Request: Violation of Family Court Orders - Restitution of conjugal rights,Family Law,Restitution of conjugal rights,"Dear Legal Counsel / Mediation Cell, I am writing to formally report a non-compliance issue regarding our ongoing restitution of conjugal rights at the residence. The definitive breach occurred on 2026-07-04 at 08:59 hours, wherein the counter-party unilaterally altered agreed-upon familial or financial maintenance parameters.",2024-05-20,2024-04-24,08:59,Physical,Apartment,India,Delhi,past,No,False,False,True,True,True,2,1,synthetic_reviewed,USR618,REV143,synthetic_no_pii,challenge
SCN000228,Detailed administrative summary of guardianship dispute litigation status,Family Law,Guardianship dispute,"On the date of 2026-07-09, a major civil friction classified under guardianship dispute escalated during a familial meeting at the designated apartment at approximately 01:47 hours. The dispute involves competing claims regarding maintenance allocations or custody arrangements, leading to severe communication breakdown between the principal parties. The current circumstances indicate an immediate requirement for legal intervention to mandate adherence to statutory family frameworks within the state jurisdiction.",2024-04-26,2024-04-26,01:47,Hybrid,Apartment,India,Karnataka,recent_past,No,False,False,False,False,True,2,3,expert_authored,USR342,REV287,synthetic_no_pii,test
SCN000229,Reported incident of online harassment & threats at online platform,Assault & Threats,Online harassment & threats,"Complainant states that on 2026-06-25 at approximately 22:25 hours, a severe case of online harassment & threats transpired at Online platform. The accused allegedly engaged in hostile behavior, posing immediate threat to the victim. Medical examination conducted where applicable.",2024-05-18,2024-04-30,22:25,Online,Online platform,India,Telangana,past,No,False,True,False,True,False,4,1,expert_authored,USR286,REV475,synthetic_no_pii,challenge
SCN000230,Formal Grievance: Unauthorized Transaction and Insurance claim fraud,Financial Fraud,Insurance claim fraud,"Dear Nodal Officer / Bank Authority, I am writing to formally log an emergency grievance regarding an severe case of insurance claim fraud executed against my portfolio through the Office. The breach occurred on 2026-07-08 at 16:43 hours, violating standard security checks and clearing mechanisms.",2024-05-30,2024-05-01,16:43,Hybrid,Office,India,Uttar Pradesh,recent_past,No,False,False,True,False,True,3,1,synthetic_reviewed,USR696,REV346,synthetic_no_pii,train
SCN000231,Urgent Complaint: Incident of Online harassment & threats at Social media,Assault & Threats,Online harassment & threats,"Dear Management, I am writing to formally log a grievance regarding a distressing incident of online harassment & threats that occurred today at approximately 23:25 within the Social media. The aggressive posturing and direct threats have created an incredibly hostile and unsafe environment.",2024-05-02,2024-05-02,23:25,Online,Social media,India,Telangana,past,No,False,True,True,True,True,4,2,synthetic_reviewed,USR657,REV903,synthetic_no_pii,train
SCN000232,My neighbors are completely committing tenant-landlord conflict,Property Disputes,Tenant-landlord conflict,"So I went out to check my house around 15:17 today, and I saw they were actively setting up structures on my side! When I confronted them about this blatant tenant-landlord conflict, they straight up threatened me and refused to move back. I am so stressed out right now.",2024-05-26,2024-05-04,15:17,Hybrid,House,India,Delhi,recent_past,No,False,True,True,False,True,2,3,expert_authored,USR426,REV790,synthetic_no_pii,train
SCN000233,Detailed documentation of intimate partner violence case,Domestic Violence,Intimate partner violence,"On the date of 2026-06-21, a highly contentious domestic incident manifesting as intimate partner violence occurred within the private residence. The conflict reportedly originated from long-standing domestic pressures and rapidly intensified into aggressive behavior around 06:19. The victim sustained significant psychological and physical strain before external family structures could be notified. Local authorities are reviewing the continuous pattern of behavior under the protection laws of the jurisdiction.",2024-05-30,2024-05-07,06:19,Physical,House,India,Gujarat,past,No,False,True,False,True,True,2,1,human_written,USR758,REV241,synthetic_no_pii,test
SCN000234,urgent help needed house burglary,Theft and robbery,House burglary,omg someone just took my things at the House!!! occurred just now around 07:37 hours. anyone nearby please help or tell me where the nearest police booth is asap!! lost everything inside my bag,2024-06-05,2024-05-09,07:37,Physical,House,India,Karnataka,past,No,False,False,True,False,False,4,2,expert_authored,USR605,REV847,synthetic_no_pii,test
SCN000235,Formal Complaint Regarding Armed robbery Incident,Theft and robbery,Armed robbery,"Dear Authority, I am writing to formally lodge a complaint regarding a armed robbery incident that transpired at the Highway on 2026-06-20. The incident occurred around 10:11, resulting in the unauthorized taking of my personal property. I request your immediate intervention to review CCTV footage.",2024-05-23,2024-05-10,10:11,Physical,Highway,India,Uttar Pradesh,recent_past,No,False,True,True,True,True,2,1,expert_authored,USR570,REV799,synthetic_no_pii,challenge
SCN000236,Reported incident of verbal intimidation at shop,Assault & Threats,Verbal intimidation,"Complainant states that on 2026-06-30 at approximately 16:42 hours, a severe case of verbal intimidation transpired at Shop. The accused allegedly engaged in hostile behavior, posing immediate threat to the victim. Medical examination conducted where applicable.",2024-06-04,2024-05-14,16:42,Hybrid,Shop,India,West Bengal,recent_past,No,False,True,True,True,True,2,4,expert_authored,USR941,REV576,synthetic_no_pii,test
SCN000237,Dealing with an annoying public nuisance dispute,Miscellaneous,Public nuisance dispute,"So I was just going out past the road around 11:00 today, and I ran straight into a total public nuisance dispute. It completely blocked my path and nobody around seemed to know who to call to get it fixed or sorted out. Just super frustrated.",2024-05-21,2024-05-17,11:00,Physical,Road,India,Karnataka,recent_past,No,False,False,True,True,False,3,2,synthetic_reviewed,USR675,REV123,synthetic_no_pii,train
SCN000238,Reported labor dispute regarding safe working conditions violation,Employment/Labour,Safe working conditions violation,"Complainant registers a formal grievance concerning employer violations under the category of safe working conditions violation at the designated factory. The incident occurred on 2026-07-10 at approximately 13:21 hours, wherein the management failed to comply with statutory labor provisions. Corporate payroll and logs have been requested.",2024-05-24,2024-05-18,13:21,Physical,Factory,India,West Bengal,recent_past,No,True,False,False,False,True,4,2,human_written,USR405,REV805,synthetic_no_pii,validation
SCN000239,Reported public grievance regarding public nuisance dispute,Miscellaneous,Public nuisance dispute,"Complainant registers a general municipal or public service notification regarding public nuisance dispute at the location of park. The incident transpired on 2026-06-27 at approximately 12:42 hours, causing minor public inconvenience or operational disruption. Log entries have been completed.",2024-06-01,2024-05-20,12:42,Physical,Park,India,West Bengal,past,No,False,False,True,False,False,1,1,expert_authored,USR404,REV421,synthetic_no_pii,train
SCN000240,Coworker testimony on unpaid wage dispute,Employment/Labour,Unpaid wage dispute,"The observer witnessed an intense disagreement between the management and an employee inside the shop around 18:05. The context of the dispute was clearly a severe case of unpaid wage dispute, with the supervisor dismissing the employee's legitimate safety or financial claims arbitrarily.",2024-06-01,2024-05-22,18:05,Physical,Shop,India,Karnataka,recent_past,No,False,False,True,False,True,2,1,expert_authored,USR278,REV144,synthetic_no_pii,challenge
SCN000241,Bystander log of a hit and run collision,Traffic & Road Incidents,Hit and run collision,"The witness observed a major traffic disruption unfolding near the road around 18:09. A driver committed a blatant hit and run collision, resulting in an immediate vehicle collision and a heated argument between the affected commuters before police arrived.",2024-06-13,2024-05-22,18:09,Physical,Road,India,Karnataka,past,No,True,False,True,True,True,4,2,expert_authored,USR837,REV115,synthetic_no_pii,train
SCN000242,Dealing with an annoying stray animal hazard,Miscellaneous,Stray animal hazard,"So I was just going out past the residential street around 17:54 today, and I ran straight into a total stray animal hazard. It completely blocked my path and nobody around seemed to know who to call to get it fixed or sorted out. Just super frustrated.",2024-06-12,2024-05-23,17:54,Physical,Residential street,India,Telangana,past,No,False,False,False,False,False,2,3,synthetic_reviewed,USR527,REV934,synthetic_no_pii,train
SCN000243,heads up civic problem stray animal hazard,Miscellaneous,Stray animal hazard,hey guys warning if u are passing by the Road right now!! there is a massive stray animal hazard that happened around 11:12 today. try to take a different route if possible to avoid getting stuck or delayed,2024-06-14,2024-05-24,11:12,Physical,Road,India,Telangana,past,No,False,False,True,False,True,3,2,human_written,USR279,REV313,synthetic_no_pii,validation
SCN000244,Detailed cyber forensic summary of ransomware attack exploit,Cybercrime,Ransomware attack,"On the date of 2026-07-13, an advanced threat actor initiated an exploit categorized under ransomware attack targeting remote infrastructures at approximately 20:44. The intrusion vectors reveal highly organized techniques using social engineering methods or brute-force automation to penetrate authorization systems on the Shop. Immediate isolation of the network endpoints was executed to limit exposure within the regional jurisdiction.",2024-06-23,2024-05-25,20:44,Online,Shop,India,Karnataka,past,No,False,True,True,True,True,1,2,synthetic_reviewed,USR963,REV767,synthetic_no_pii,test
SCN000245,Detailed cyber forensic summary of identity theft exploit,Cybercrime,Identity theft,"On the date of 2026-06-24, an advanced threat actor initiated an exploit categorized under identity theft targeting remote infrastructures at approximately 15:26. The intrusion vectors reveal highly organized techniques using social engineering methods or brute-force automation to penetrate authorization systems on the Workplace. Immediate isolation of the network endpoints was executed to limit exposure within the regional jurisdiction.",2024-06-02,2024-05-30,15:26,Hybrid,Workplace,India,Maharashtra,recent_past,No,False,False,True,True,True,1,2,human_written,USR129,REV691,synthetic_no_pii,validation
SCN000246,Matrimonial conflict involving alimony and maintenance claim,Family Law,Alimony and maintenance claim,"A family civil dispute categorized as alimony and maintenance claim manifested within a private residence at 12:08. The incident centers around contested guardianship or maintenance rights, necessitating institutional mediation under family law statues.",2024-06-19,2024-06-01,12:08,Online,Online platform,India,Karnataka,past,No,False,False,True,False,True,4,1,synthetic_reviewed,USR562,REV744,synthetic_no_pii,challenge
SCN000247,Formal Complaint Regarding Armed robbery Incident,Theft and robbery,Armed robbery,"Dear Authority, I am writing to formally lodge a complaint regarding a armed robbery incident that transpired at the Jewelry shop on 2026-07-16. The incident occurred around 02:58, resulting in the unauthorized taking of my personal property. I request your immediate intervention to review CCTV footage.",2024-06-10,2024-06-02,02:58,Physical,Jewelry shop,India,Maharashtra,past,No,False,True,True,True,True,3,5,synthetic_reviewed,USR401,REV928,synthetic_no_pii,test
SCN000248,Formal Complaint: Unauthorized Inheritance property claim at Premises,Property Disputes,Inheritance property claim,"Dear Revenue Officer / Police Commissioner, I am writing to register an urgent complaint regarding a critical instance of inheritance property claim affecting my House. The unlawful activity intensified on 2026-06-23 at 08:45 hours, causing direct infringement on my registered property rights.",2024-06-22,2024-06-07,08:45,Hybrid,House,India,West Bengal,past,No,False,True,True,False,True,6,4,synthetic_reviewed,USR553,REV278,synthetic_no_pii,challenge
SCN000249,Digital breach via online banking fraud,Cybercrime,Online banking fraud,"An incident of online banking fraud compromised security systems across the specified Online platform at 05:17. Electronic credentials were manipulated remotely by unknown malicious actors, triggering secondary security protocols.",2024-06-12,2024-06-10,05:17,Online,Online platform,India,Karnataka,recent_past,No,False,True,True,True,True,3,4,synthetic_reviewed,USR943,REV181,synthetic_no_pii,challenge
SCN000250,need help asap threat at Online platform,Assault & Threats,Online harassment & threats,pls help someone is targeting me with online harassment & threats right now at the Online platform!! they are threatening to hit me or worse. happened around 03:38. is anyone nearby who can come stay with me? urgent,2024-06-18,2024-06-12,03:38,Online,Online platform,India,Uttar Pradesh,past,No,False,True,False,False,False,5,2,synthetic_reviewed,USR896,REV382,synthetic_no_pii,test
SCN000251,Formal Grievance: Cyber Fraud and Phishing scam Incident,Cybercrime,Phishing scam,"Dear Cyber Crime Portal, I am writing to register an official cybercrime incident regarding phishing scam that targets my system. At 00:31 on 2026-07-17, illegal server access was achieved through the Mobile app, leading to severe data breach and financial compromise.",2024-07-09,2024-06-13,00:31,Online,Mobile app,India,Telangana,recent_past,No,False,False,True,False,False,2,1,expert_authored,USR580,REV358,synthetic_no_pii,train
SCN000252,Witness statement regarding physical altercation,Assault & Threats,Physical altercation,"The bystander reported observing a heated argument developing near the bar/pub around 03:04. The confrontation quickly turned into a physical altercation, with one individual visibly projecting physical intimidation towards the other party before crowds gathered to separate them.",2024-06-27,2024-06-13,03:04,Physical,Bar/Pub,India,Uttar Pradesh,past,No,False,True,True,True,True,5,2,synthetic_reviewed,USR447,REV788,synthetic_no_pii,test
SCN000253,Formal Grievance: Unfair Trade Practice & Overcharging and hidden fees,Consumer Disputes,Overcharging and hidden fees,"Dear Consumer Forum Support, I am writing to formally register a merchant complaint regarding a severe instance of overcharging and hidden fees that occurred at Shop on 2026-06-27 at 13:47 hours. Despite multiple amicable requests, the management refused to honor the standard consumer guarantees.",2024-06-23,2024-06-13,13:47,Physical,Shop,India,Uttar Pradesh,recent_past,No,False,False,True,True,False,2,2,human_written,USR962,REV985,synthetic_no_pii,train
SCN000254,Reported case of online phishing theft at mobile app,Theft and robbery,Online phishing theft,"Complainant states that on 2026-06-30 at approximately 22:41 hours, an incident of online phishing theft occurred at Mobile app. The perpetrator description matches a male individual height approx 5'8"". Property loss reported. Case registered under relevant sections.",2024-07-03,2024-06-14,22:41,Hybrid,Mobile app,India,Delhi,recent_past,No,False,True,True,True,True,4,5,human_written,USR585,REV690,synthetic_no_pii,train
SCN000255,Comprehensive review of commercial refusal of service refund claim,Consumer Disputes,Refusal of service refund,"On the date of 2026-06-23, a formal consumer conflict classified as refusal of service refund manifested during a commercial interaction at the designated online platform around 02:12. The transaction parameters reveal an explicit deviation from advertising claims or legal standards, directly compromising buyer safety and financial protection. Standard operational dispute channels were exhausted without success, prompting an escalation to statutory regulatory oversight mechanisms.",2024-07-21,2024-06-21,02:12,Online,Online platform,India,Gujarat,recent_past,No,False,False,True,True,True,3,4,synthetic_reviewed,USR369,REV587,synthetic_no_pii,test
SCN000256,This person literally threatened me at the house,Assault & Threats,Domestic dispute,"I was just minding my own business at the house around 20:58, when this aggressive person started shouting at me out of nowhere. Then it escalated into a complete domestic dispute and they said they'd hurt me if they saw me again. Genuinely terrified.",2024-07-21,2024-06-24,20:58,Physical,House,India,Telangana,recent_past,No,False,True,True,True,False,5,4,human_written,USR489,REV700,synthetic_no_pii,train
SCN000257,need advice on guardianship dispute,Family Law,Guardianship dispute,"hey guys, my ex just blocked me from seeing the kids / resolving the guardianship dispute at the Hostel around 10:53 today. completely violating the current terms. does anyone know a reliable family court lawyer who can file an urgent motion tomorrow?",2024-07-15,2024-06-24,10:53,Physical,Hostel,India,West Bengal,recent_past,No,False,False,False,True,True,4,2,human_written,USR677,REV141,synthetic_no_pii,validation
SCN000258,I don't feel safe in my own home because of dowry harassment,Domestic Violence,Dowry harassment,"It happened again at home around 08:28. Things escalated so quickly and it turned into full-blown dowry harassment. I was locked inside the room and couldn't even reach out to anyone until now. I honestly don't know what to do anymore, I am so scared.",2024-07-08,2024-06-27,08:28,Hybrid,Workplace,India,Telangana,past,No,False,True,False,False,False,4,3,expert_authored,USR895,REV510,synthetic_no_pii,train
SCN000259,need help asap threat at Bar/Pub,Assault & Threats,Physical altercation,pls help someone is targeting me with physical altercation right now at the Bar/Pub!! they are threatening to hit me or worse. happened around 17:22. is anyone nearby who can come stay with me? urgent,2024-07-10,2024-06-29,17:22,Physical,Bar/Pub,India,Tamil Nadu,ongoing,Yes,False,True,False,True,False,4,4,human_written,USR900,REV279,synthetic_no_pii,validation
SCN000260,Bystander report of a domestic family dispute,Family Law,Alimony and maintenance claim,"The observer noted a highly emotional confrontation between two estranged family members outside the online platform around 00:03. The argument was explicitly regarding a severe case of alimony and maintenance claim, with both sides loudly contesting rights before local residents requested calm.",2024-07-25,2024-06-30,00:03,Hybrid,Online platform,India,Gujarat,ongoing,No,False,False,True,True,True,2,4,expert_authored,USR138,REV400,synthetic_no_pii,train
SCN000261,My company is putting me through breach of employment contract,Employment/Labour,Breach of employment contract,"I've been working at this online platform for months, and around 05:00 yesterday, things hit a breaking point with a massive breach of employment contract. They literally refused to settle what was rightfully owed to me and told me to just leave if I didn't like it. I'm so stressed about how I'm going to pay my rent.",2024-07-21,2024-06-30,05:00,Online,Online platform,India,Tamil Nadu,past,No,False,False,True,False,True,3,1,synthetic_reviewed,USR698,REV379,synthetic_no_pii,test
SCN000262,Dealing with a messy restitution of conjugal rights,Family Law,Restitution of conjugal rights,"So I was waiting at the apartment around 09:36 today for my scheduled meeting, when my ex turned up and started an absolute argument over our restitution of conjugal rights. They completely refused to abide by what the court originally decided. I'm just so drained by this ongoing legal battle.",2024-07-26,2024-07-04,09:36,Physical,Apartment,India,Uttar Pradesh,ongoing,No,False,False,False,True,True,3,1,synthetic_reviewed,USR965,REV564,synthetic_no_pii,validation
SCN000263,Detailed structural brief on regional traffic signal violation dispute occurrence,Traffic & Road Incidents,Traffic signal violation dispute,"On the date of 2026-07-05, a serious municipal roadway incident manifesting as traffic signal violation dispute transpired on the specified road at approximately 12:07 hours. The collision metrics indicate high impact speeds or deliberate disregard for active traffic control mechanisms, resulting in secondary vehicle damage. Local emergency response teams arrived on site to manage structural debris and administer medical assistance where relevant, while investigating officers initiated standard vehicle documentation checks within the state jurisdiction.",2024-07-28,2024-07-07,12:07,Physical,Road,India,Maharashtra,recent_past,No,False,False,False,False,False,2,1,human_written,USR365,REV834,synthetic_no_pii,validation
SCN000264,Cyber cell report regarding cyberstalking,Cybercrime,Cyberstalking,"Complainant reports unauthorized digital breach under cyberstalking framework. On 2026-07-20 at approx 15:37 hours, malicious payloads or fraudulent links were deployed to misappropriate assets or credentials via Online platform. Digital logs preserved for forensic analysis.",2024-07-27,2024-07-08,15:37,Online,Online platform,India,Maharashtra,ongoing,No,False,True,False,True,True,1,2,synthetic_reviewed,USR335,REV871,synthetic_no_pii,train
SCN000265,Reported matrimonial/family grievance regarding restitution of conjugal rights,Family Law,Restitution of conjugal rights,"Complainant registers a family matter notification involving an active restitution of conjugal rights at the premises. On 2026-07-15 at approximately 23:40 hours, an escalation occurred regarding legal compliance or child visitation parameters. Relevant documentation has been requested for family court presentation.",2024-08-07,2024-07-08,23:40,Physical,House,India,Telangana,past,No,False,False,True,False,True,4,1,expert_authored,USR585,REV919,synthetic_no_pii,validation
SCN000266,Chain snatching at Residential street,Theft and robbery,Chain snatching,"A swift incident of chain snatching took place at the local residential street during peak hours. The victim lost valuable items instantly, and the unidentified suspect fled immediately before any bystanders could intervene.",2024-07-27,2024-07-10,22:26,Physical,Residential street,India,Delhi,past,No,False,True,True,False,False,2,2,human_written,USR955,REV491,synthetic_no_pii,test
SCN000267,management issue safe working conditions violation,Employment/Labour,Safe working conditions violation,"hey guys bad news. just had a huge fight with HR at the Construction site regarding safe working conditions violation around 08:51 today. they are trying to cheat us out of our terms or fire people arbitrarily. check your emails immediately, we need to stand together on this",2024-07-19,2024-07-11,08:51,Physical,Construction site,India,Gujarat,recent_past,No,True,False,True,True,True,4,4,synthetic_reviewed,USR985,REV108,synthetic_no_pii,test
SCN000268,Comprehensive review of commercial false advertising and misrepresentation claim,Consumer Disputes,False advertising and misrepresentation,"On the date of 2026-07-18, a formal consumer conflict classified as false advertising and misrepresentation manifested during a commercial interaction at the designated online platform around 06:28. The transaction parameters reveal an explicit deviation from advertising claims or legal standards, directly compromising buyer safety and financial protection. Standard operational dispute channels were exhausted without success, prompting an escalation to statutory regulatory oversight mechanisms.",2024-08-06,2024-07-13,06:28,Physical,Online platform,India,West Bengal,recent_past,No,False,False,True,True,True,2,2,human_written,USR995,REV434,synthetic_no_pii,validation
SCN000269,Formal Grievance: Cyber Fraud and Phishing scam Incident,Cybercrime,Phishing scam,"Dear Cyber Crime Portal, I am writing to register an official cybercrime incident regarding phishing scam that targets my system. At 17:37 on 2026-07-01, illegal server access was achieved through the Mobile app, leading to severe data breach and financial compromise.",2024-08-06,2024-07-14,17:37,Online,Mobile app,India,Maharashtra,recent_past,No,False,False,True,True,False,2,1,human_written,USR123,REV243,synthetic_no_pii,validation
SCN000270,Detailed administrative summary of restitution of conjugal rights litigation status,Family Law,Restitution of conjugal rights,"On the date of 2026-07-17, a major civil friction classified under restitution of conjugal rights escalated during a familial meeting at the designated apartment at approximately 21:36 hours. The dispute involves competing claims regarding maintenance allocations or custody arrangements, leading to severe communication breakdown between the principal parties. The current circumstances indicate an immediate requirement for legal intervention to mandate adherence to statutory family frameworks within the state jurisdiction.",2024-08-16,2024-07-24,21:36,Physical,Apartment,India,West Bengal,recent_past,No,False,False,False,False,True,3,4,human_written,USR991,REV515,synthetic_no_pii,challenge
SCN000271,need advice on restitution of conjugal rights,Family Law,Restitution of conjugal rights,"hey guys, my ex just blocked me from seeing the kids / resolving the restitution of conjugal rights at the House around 16:23 today. completely violating the current terms. does anyone know a reliable family court lawyer who can file an urgent motion tomorrow?",2024-07-28,2024-07-27,16:23,Physical,House,India,Delhi,past,No,False,False,False,True,True,4,1,expert_authored,USR560,REV592,synthetic_no_pii,challenge
SCN000272,Reported matrimonial/family grievance regarding guardianship dispute,Family Law,Guardianship dispute,"Complainant registers a family matter notification involving an active guardianship dispute at the premises. On 2026-07-11 at approximately 03:27 hours, an escalation occurred regarding legal compliance or child visitation parameters. Relevant documentation has been requested for family court presentation.",2024-08-12,2024-07-28,03:27,Physical,House,India,Tamil Nadu,past,No,False,False,False,True,True,4,1,expert_authored,USR844,REV196,synthetic_no_pii,validation
SCN000273,Confrontation involving domestic dispute,Assault & Threats,Domestic dispute,"An incident involving sudden domestic dispute broke out at the house around 20:55. The aggressor initiated intense physical or verbal hostility against the victim, forcing bystanders to intervene to prevent further escalation.",2024-08-03,2024-07-29,20:55,Physical,House,India,Telangana,recent_past,No,False,True,True,False,False,4,3,human_written,USR458,REV956,synthetic_no_pii,validation
SCN000274,need help asap threat at Apartment,Assault & Threats,Domestic dispute,pls help someone is targeting me with domestic dispute right now at the Apartment!! they are threatening to hit me or worse. happened around 00:46. is anyone nearby who can come stay with me? urgent,2024-07-29,2024-07-29,00:46,Physical,Apartment,India,Uttar Pradesh,past,No,False,True,False,True,False,2,3,expert_authored,USR277,REV529,synthetic_no_pii,train
SCN000275,Formal Grievance: Urgent Resolution Required for Stray animal hazard,Miscellaneous,Stray animal hazard,"Dear Municipal Authorities, I am writing to formally log a civic grievance regarding the ongoing pattern of stray animal hazard at the Residential street. The latest escalation occurred on 2026-06-29 at 04:26 hours, causing localized hazards that require immediate civic attention.",2024-08-31,2024-08-01,04:26,Physical,Residential street,India,Telangana,past,No,False,False,True,False,False,3,1,expert_authored,USR554,REV417,synthetic_no_pii,test
SCN000276,Bystander log of a drunk driving accident,Traffic & Road Incidents,Drunk driving accident,"The witness observed a major traffic disruption unfolding near the highway around 16:04. A driver committed a blatant drunk driving accident, resulting in an immediate vehicle collision and a heated argument between the affected commuters before police arrived.",2024-08-01,2024-08-01,16:04,Physical,Highway,India,West Bengal,past,No,False,False,True,False,True,3,2,expert_authored,USR409,REV449,synthetic_no_pii,validation
SCN000277,Comprehensive administrative brief on illegal property possession escalation,Property Disputes,Illegal property possession,"On the afternoon of 2026-07-19, a long-standing land friction culminated in an explicit case of illegal property possession at the designated house around 04:29 hours. The incident involved rival claimants attempting physical occupation or structural modification without valid legal injunctions. Local law enforcement intervened to mandate a status quo until the appropriate regional civil courts review the structural registration parameters and revenue maps under the state jurisdiction.",2024-08-04,2024-08-03,04:29,Physical,House,India,Karnataka,past,No,False,False,True,False,True,5,4,expert_authored,USR660,REV699,synthetic_no_pii,validation
SCN000278,Witness statement regarding verbal intimidation,Assault & Threats,Verbal intimidation,"The bystander reported observing a heated argument developing near the residential street around 08:18. The confrontation quickly turned into a verbal intimidation, with one individual visibly projecting physical intimidation towards the other party before crowds gathered to separate them.",2024-08-15,2024-08-07,08:18,Hybrid,Residential street,India,Karnataka,past,No,False,True,True,True,True,5,1,synthetic_reviewed,USR273,REV101,synthetic_no_pii,challenge
SCN000279,Comprehensive review of verbal intimidation event,Assault & Threats,Verbal intimidation,"On the afternoon of 2026-06-26, an escalating conflict classified under verbal intimidation manifested at the specified shop. Initial verbal friction rapidly degenerated into targeted hostility, establishing clear intent of intimidation and potential bodily harm. The victim sought refuge immediately while nearby witnesses attempted to de-escalate the situation. Security personnel were subsequently informed to review the breach of safety within the jurisdiction.",2024-08-29,2024-08-09,06:30,Hybrid,Shop,India,West Bengal,past,No,False,True,True,False,False,2,4,synthetic_reviewed,USR531,REV944,synthetic_no_pii,train
SCN000280,Roadways disruption via illegal parking blockage,Traffic & Road Incidents,Illegal parking blockage,A vehicular incident involving illegal parking blockage occurred on the local road at 14:35. The collision or blockage led to structural vehicular property damage and caused a severe traffic bottleneck requiring immediate clearing.,2024-08-26,2024-08-10,14:35,Physical,Road,India,Uttar Pradesh,recent_past,No,False,False,True,False,True,2,2,expert_authored,USR981,REV173,synthetic_no_pii,challenge
SCN000281,Reported case of armed robbery at highway,Theft and robbery,Armed robbery,"Complainant states that on 2026-06-25 at approximately 11:47 hours, an incident of armed robbery occurred at Highway. The perpetrator description matches a male individual height approx 5'8"". Property loss reported. Case registered under relevant sections.",2024-08-14,2024-08-14,11:47,Physical,Highway,India,Maharashtra,recent_past,No,True,True,True,False,False,3,3,human_written,USR951,REV343,synthetic_no_pii,challenge
SCN000282,need help asap threat at Hostel,Assault & Threats,Physical altercation,pls help someone is targeting me with physical altercation right now at the Hostel!! they are threatening to hit me or worse. happened around 02:27. is anyone nearby who can come stay with me? urgent,2024-08-28,2024-08-16,02:27,Physical,Hostel,India,Delhi,recent_past,No,True,True,False,True,False,5,4,expert_authored,USR370,REV645,synthetic_no_pii,validation
SCN000283,Detailed analysis of armed robbery occurrence,Theft and robbery,Armed robbery,"On the date of 2026-06-29, a major incidence of armed robbery was executed at the designated bank under complex environmental circumstances. The perpetrator leveraged the crowded nature of the location to approach undetected, exploiting a momentary lapse in security vigilance. Following the commission of the act, the individual navigated through the exit corridors effectively evading immediate pursuit. Emergency services were notified subsequently, initiating a localized investigation into the security vulnerabilities of this particular jurisdiction.",2024-09-14,2024-08-18,17:17,Physical,Bank,India,Karnataka,recent_past,No,True,True,True,True,False,3,3,human_written,USR326,REV577,synthetic_no_pii,validation
SCN000284,Formal Complaint: Unauthorized Illegal property possession at Premises,Property Disputes,Illegal property possession,"Dear Revenue Officer / Police Commissioner, I am writing to register an urgent complaint regarding a critical instance of illegal property possession affecting my Shop. The unlawful activity intensified on 2026-06-22 at 15:33 hours, causing direct infringement on my registered property rights.",2024-09-02,2024-08-21,15:33,Physical,Shop,India,West Bengal,recent_past,No,False,True,True,True,True,5,2,expert_authored,USR459,REV268,synthetic_no_pii,validation
SCN000285,I just lost my savings to a complete loan approval scam,Financial Fraud,Loan approval scam,"So I went down to the mobile app around 02:11 to check my balance, and I realized I was a victim of a massive loan approval scam. They completely forged my details and cleared out the pending funds out of nowhere. I don't even know how I'm going to manage this month's expenses.",2024-09-04,2024-08-24,02:11,Hybrid,Mobile app,India,Uttar Pradesh,recent_past,No,False,False,True,False,False,1,4,synthetic_reviewed,USR498,REV496,synthetic_no_pii,challenge
SCN000286,Comprehensive administrative brief on land encroachment escalation,Property Disputes,Land encroachment,"On the afternoon of 2026-07-11, a long-standing land friction culminated in an explicit case of land encroachment at the designated house around 17:05 hours. The incident involved rival claimants attempting physical occupation or structural modification without valid legal injunctions. Local law enforcement intervened to mandate a status quo until the appropriate regional civil courts review the structural registration parameters and revenue maps under the state jurisdiction.",2024-09-21,2024-08-30,17:05,Physical,House,India,Delhi,past,No,False,True,True,True,True,6,2,synthetic_reviewed,USR514,REV454,synthetic_no_pii,test
SCN000287,Matrimonial conflict involving restitution of conjugal rights,Family Law,Restitution of conjugal rights,"A family civil dispute categorized as restitution of conjugal rights manifested within a private residence at 18:15. The incident centers around contested guardianship or maintenance rights, necessitating institutional mediation under family law statues.",2024-09-04,2024-08-31,18:15,Physical,House,India,Delhi,past,No,False,False,True,False,True,4,3,expert_authored,USR278,REV767,synthetic_no_pii,challenge
SCN000288,Formal Complaint & Request for Protection: Emotional and verbal abuse,Domestic Violence,Emotional and verbal abuse,"Dear Protection Officer, I am writing to formally report an escalating pattern of domestic violence, specifically emotional and verbal abuse, at my residence. The latest major confrontation took place on 2026-06-25 around 03:01. I urgently request legal assistance and protective measures.",2024-09-03,2024-09-01,03:01,Physical,House,India,Uttar Pradesh,recent_past,No,False,True,True,False,True,4,5,synthetic_reviewed,USR300,REV175,synthetic_no_pii,validation
SCN000289,Confrontation involving verbal intimidation,Assault & Threats,Verbal intimidation,"An incident involving sudden verbal intimidation broke out at the shop around 10:03. The aggressor initiated intense physical or verbal hostility against the victim, forcing bystanders to intervene to prevent further escalation.",2024-09-10,2024-09-03,10:03,Hybrid,Shop,India,Delhi,recent_past,No,False,True,False,False,False,3,4,synthetic_reviewed,USR780,REV517,synthetic_no_pii,train
SCN000290,Formal Complaint: Unauthorized Land encroachment at Premises,Property Disputes,Land encroachment,"Dear Revenue Officer / Police Commissioner, I am writing to register an urgent complaint regarding a critical instance of land encroachment affecting my House. The unlawful activity intensified on 2026-06-21 at 04:58 hours, causing direct infringement on my registered property rights.",2024-09-20,2024-09-04,04:58,Physical,House,India,Uttar Pradesh,past,No,False,False,True,False,True,5,4,expert_authored,USR869,REV943,synthetic_no_pii,validation
SCN000291,Coworker testimony on safe working conditions violation,Employment/Labour,Safe working conditions violation,"The observer witnessed an intense disagreement between the management and an employee inside the construction site around 11:22. The context of the dispute was clearly a severe case of safe working conditions violation, with the supervisor dismissing the employee's legitimate safety or financial claims arbitrarily.",2024-09-28,2024-09-05,11:22,Physical,Construction site,India,Maharashtra,past,No,False,False,False,False,True,2,1,expert_authored,USR207,REV391,synthetic_no_pii,validation
SCN000292,This person literally threatened me at the house,Assault & Threats,Domestic dispute,"I was just minding my own business at the house around 18:35, when this aggressive person started shouting at me out of nowhere. Then it escalated into a complete domestic dispute and they said they'd hurt me if they saw me again. Genuinely terrified.",2024-09-23,2024-09-05,18:35,Physical,House,India,West Bengal,past,No,False,True,False,False,False,4,2,human_written,USR130,REV948,synthetic_no_pii,challenge
SCN000293,I don't feel safe in my own home because of economic deprivation,Domestic Violence,Economic deprivation,"It happened again at home around 21:24. Things escalated so quickly and it turned into full-blown economic deprivation. I was locked inside the room and couldn't even reach out to anyone until now. I honestly don't know what to do anymore, I am so scared.",2024-09-30,2024-09-08,21:24,Physical,Apartment,India,Maharashtra,recent_past,No,False,True,True,True,True,4,2,expert_authored,USR935,REV988,synthetic_no_pii,train
SCN000294,Witness statement regarding verbal intimidation,Assault & Threats,Verbal intimidation,"The bystander reported observing a heated argument developing near the shop around 19:11. The confrontation quickly turned into a verbal intimidation, with one individual visibly projecting physical intimidation towards the other party before crowds gathered to separate them.",2024-09-17,2024-09-10,19:11,Hybrid,Shop,India,Maharashtra,recent_past,No,False,True,False,False,False,5,3,expert_authored,USR193,REV904,synthetic_no_pii,train
SCN000295,IT specialist observation of cyberstalking,Cybercrime,Cyberstalking,"The system administrator observed anomalous traffic originating from unauthorized servers around 07:29, confirming a systemwide cyberstalking. The victim was actively manipulated into bypassing authentication protocols on the Online platform platform.",2024-09-25,2024-09-11,07:29,Online,Online platform,India,Delhi,recent_past,No,False,True,False,False,False,1,4,synthetic_reviewed,USR973,REV489,synthetic_no_pii,train
SCN000296,Neighbor's report of a domestic dispute,Domestic Violence,Economic deprivation,"The neighbor reported hearing intense shouting and objects breaking from the adjacent apartment around 01:32. Upon investigating, it appeared to be a severe case of economic deprivation transpiring within the household, prompting the neighbor to intervene and call for assistance.",2024-09-25,2024-09-14,01:32,Physical,Apartment,India,Gujarat,recent_past,No,False,True,True,False,True,2,5,expert_authored,USR386,REV445,synthetic_no_pii,validation
SCN000297,Motor vehicle accident report involving hit and run collision,Traffic & Road Incidents,Hit and run collision,"On 2026-07-16 at approximately 16:11 hours, a vehicular incident classified as hit and run collision occurred on the designated road. The offending vehicle failed to yield, causing impact and substantial structural damage. Case logged under regional motor vehicle acts.",2024-10-14,2024-09-21,16:11,Physical,Road,India,Delhi,past,No,True,False,True,True,True,3,3,expert_authored,USR677,REV763,synthetic_no_pii,challenge
SCN000298,Detailed cyber forensic summary of cyberstalking exploit,Cybercrime,Cyberstalking,"On the date of 2026-07-01, an advanced threat actor initiated an exploit categorized under cyberstalking targeting remote infrastructures at approximately 02:11. The intrusion vectors reveal highly organized techniques using social engineering methods or brute-force automation to penetrate authorization systems on the House. Immediate isolation of the network endpoints was executed to limit exposure within the regional jurisdiction.",2024-10-19,2024-09-23,02:11,Online,House,India,Delhi,past,No,False,True,False,False,True,2,2,expert_authored,USR156,REV967,synthetic_no_pii,challenge
SCN000299,Detailed analysis of pickpocketing occurrence,Theft and robbery,Pickpocketing,"On the date of 2026-06-29, a major incidence of pickpocketing was executed at the designated railway station under complex environmental circumstances. The perpetrator leveraged the crowded nature of the location to approach undetected, exploiting a momentary lapse in security vigilance. Following the commission of the act, the individual navigated through the exit corridors effectively evading immediate pursuit. Emergency services were notified subsequently, initiating a localized investigation into the security vulnerabilities of this particular jurisdiction.",2024-10-01,2024-09-24,13:21,Physical,Railway station,India,Maharashtra,recent_past,No,False,False,True,True,True,3,4,expert_authored,USR972,REV256,synthetic_no_pii,challenge
SCN000300,massive warning fraud alert loan approval scam,Financial Fraud,Loan approval scam,"guys freeze your accounts if you used that Mobile app recently!! just discovered a major loan approval scam happened around 15:26 today. unauthorized charges are showing up on multiple profiles, notify your branch manager asap",2024-09-29,2024-09-26,15:26,Hybrid,Mobile app,India,Delhi,past,No,False,True,True,True,True,3,1,human_written,USR445,REV653,synthetic_no_pii,challenge
SCN000301,Formal Grievance: Cyber Fraud and Ransomware attack Incident,Cybercrime,Ransomware attack,"Dear Cyber Crime Portal, I am writing to register an official cybercrime incident regarding ransomware attack that targets my system. At 19:27 on 2026-07-14, illegal server access was achieved through the Online platform, leading to severe data breach and financial compromise.",2024-10-11,2024-09-30,19:27,Online,Online platform,India,Delhi,past,No,False,True,True,True,True,1,2,human_written,USR540,REV848,synthetic_no_pii,train
SCN000302,Witness account of online phishing theft,Theft and robbery,Online phishing theft,"The observer noticed two suspicious individuals loitering near the mobile app around 22:29. Shortly after, they approached the victim from behind, forcefully committed online phishing theft, and fled the scene on a two-wheeler heading north.",2024-10-21,2024-10-02,22:29,Online,Mobile app,India,Gujarat,past,No,False,False,True,True,False,4,5,human_written,USR919,REV872,synthetic_no_pii,test
SCN000303,Formal Complaint: Urgent Traffic Safety Violation - Illegal parking blockage,Traffic & Road Incidents,Illegal parking blockage,"Dear Traffic Police Commissioner, I am writing to formally report an escalating safety issue, specifically a recent illegal parking blockage that occurred at the Road. The incident took place on 2026-07-14 at 16:10 hours, creating significant hazards for other motorists.",2024-10-28,2024-10-02,16:10,Physical,Road,India,Karnataka,past,No,False,False,True,True,True,4,3,human_written,USR613,REV228,synthetic_no_pii,train
SCN000304,urgent help needed armed robbery,Theft and robbery,Armed robbery,omg someone just took my things at the Highway!!! occurred just now around 10:13 hours. anyone nearby please help or tell me where the nearest police booth is asap!! lost everything inside my bag,2024-10-04,2024-10-02,10:13,Physical,Highway,India,Tamil Nadu,past,No,False,True,True,False,False,2,4,synthetic_reviewed,USR140,REV214,synthetic_no_pii,challenge
SCN000305,Reported consumer grievance regarding refusal of service refund,Consumer Disputes,Refusal of service refund,"Complainant states that on 2026-07-12 at approximately 02:15 hours, a transaction dispute involving refusal of service refund occurred at Online platform. The vendor reportedly engaged in unfair trade practices, failing to resolve the commercial non-compliance. Relevant purchase invoices have been logged.",2024-10-25,2024-10-04,02:15,Online,Online platform,India,Telangana,past,No,False,False,True,True,True,3,3,synthetic_reviewed,USR654,REV709,synthetic_no_pii,validation
SCN000306,Dealing with a messy child custody dispute,Family Law,Child custody dispute,"So I was waiting at the workplace around 11:39 today for my scheduled meeting, when my ex turned up and started an absolute argument over our child custody dispute. They completely refused to abide by what the court originally decided. I'm just so drained by this ongoing legal battle.",2024-10-21,2024-10-04,11:39,Hybrid,Workplace,India,Gujarat,past,No,False,False,False,False,True,2,3,human_written,USR759,REV427,synthetic_no_pii,train
SCN000307,Detailed cyber forensic summary of social media hacking exploit,Cybercrime,Social media hacking,"On the date of 2026-07-11, an advanced threat actor initiated an exploit categorized under social media hacking targeting remote infrastructures at approximately 04:10. The intrusion vectors reveal highly organized techniques using social engineering methods or brute-force automation to penetrate authorization systems on the Online platform. Immediate isolation of the network endpoints was executed to limit exposure within the regional jurisdiction.",2024-10-14,2024-10-06,04:10,Online,Online platform,India,Telangana,past,No,False,False,False,False,True,2,2,human_written,USR234,REV678,synthetic_no_pii,train
SCN000308,Detailed corporate brief on localized credit card cloning detection,Financial Fraud,Credit card cloning,"On the morning of 2026-07-13, a sophisticated financial manipulation strategy matching the parameters of credit card cloning was discovered at the designated atm around 10:39 hours. The transaction logs indicate that highly specialized methods were utilized to manipulate verification nodes, enabling the illicit diversion of capital. Internal risk assets teams have initiated emergency containment protocols while formal complaints are being forwarded to statutory economic offenses wings within the state jurisdiction.",2024-10-28,2024-10-10,10:39,Physical,ATM,India,Karnataka,past,No,False,False,True,True,True,4,1,synthetic_reviewed,USR200,REV819,synthetic_no_pii,train
SCN000309,Cyber cell report regarding social media hacking,Cybercrime,Social media hacking,"Complainant reports unauthorized digital breach under social media hacking framework. On 2026-06-25 at approx 17:33 hours, malicious payloads or fraudulent links were deployed to misappropriate assets or credentials via Online platform. Digital logs preserved for forensic analysis.",2024-11-08,2024-10-12,17:33,Online,Online platform,India,West Bengal,past,No,False,True,True,True,True,3,4,expert_authored,USR976,REV272,synthetic_no_pii,test
SCN000310,alert dont open links social media hacking,Cybercrime,Social media hacking,hey guys warning someone hacked my account via social media hacking just now around 13:25!! if u get any weird text or payment requests from me DO NOT transfer any money it is a fraud scam click nothing,2024-10-26,2024-10-13,13:25,Online,Online platform,India,Uttar Pradesh,past,No,False,True,True,False,False,1,4,expert_authored,USR922,REV292,synthetic_no_pii,test
SCN000311,Formal Grievance: Cyber Fraud and Ransomware attack Incident,Cybercrime,Ransomware attack,"Dear Cyber Crime Portal, I am writing to register an official cybercrime incident regarding ransomware attack that targets my system. At 15:13 on 2026-06-29, illegal server access was achieved through the Shop, leading to severe data breach and financial compromise.",2024-11-02,2024-10-17,15:13,Online,Shop,India,Uttar Pradesh,past,No,False,True,True,True,False,1,1,human_written,USR933,REV969,synthetic_no_pii,test
SCN000312,Reported case of shopbreaking at kirana store,Theft and robbery,Shopbreaking,"Complainant states that on 2026-06-21 at approximately 04:31 hours, an incident of shopbreaking occurred at Kirana store. The perpetrator description matches a male individual height approx 5'8"". Property loss reported. Case registered under relevant sections.",2024-11-10,2024-10-18,04:31,Physical,Kirana store,India,Maharashtra,recent_past,No,False,False,True,True,False,1,5,expert_authored,USR962,REV314,synthetic_no_pii,challenge
SCN000313,Detailed corporate brief on localized credit card cloning detection,Financial Fraud,Credit card cloning,"On the morning of 2026-07-02, a sophisticated financial manipulation strategy matching the parameters of credit card cloning was discovered at the designated shop around 17:40 hours. The transaction logs indicate that highly specialized methods were utilized to manipulate verification nodes, enabling the illicit diversion of capital. Internal risk assets teams have initiated emergency containment protocols while formal complaints are being forwarded to statutory economic offenses wings within the state jurisdiction.",2024-11-06,2024-10-20,17:40,Hybrid,Shop,India,Gujarat,recent_past,No,False,False,True,False,True,3,4,human_written,USR173,REV642,synthetic_no_pii,validation
SCN000314,Online phishing theft at Mobile app,Theft and robbery,Online phishing theft,"A swift incident of online phishing theft took place at the local mobile app during peak hours. The victim lost valuable items instantly, and the unidentified suspect fled immediately before any bystanders could intervene.",2024-10-22,2024-10-22,01:10,Hybrid,Mobile app,India,West Bengal,recent_past,No,False,True,True,False,True,2,4,synthetic_reviewed,USR981,REV308,synthetic_no_pii,challenge
SCN000315,Dealing with a messy guardianship dispute,Family Law,Guardianship dispute,"So I was waiting at the house around 15:22 today for my scheduled meeting, when my ex turned up and started an absolute argument over our guardianship dispute. They completely refused to abide by what the court originally decided. I'm just so drained by this ongoing legal battle.",2024-10-29,2024-10-22,15:22,Physical,House,India,West Bengal,recent_past,No,False,True,True,True,True,3,3,human_written,USR628,REV721,synthetic_no_pii,challenge
SCN000316,They literally ripped me off with overcharging and hidden fees,Consumer Disputes,Overcharging and hidden fees,"So I went to this restaurant around 00:46 and explicitly paid for premium service, but I faced absolute overcharging and hidden fees instead. When I asked the manager to fix it or give my money back, they were super rude and completely brushed me off. Never buying from here again.",2024-11-14,2024-10-29,00:46,Physical,Restaurant,India,West Bengal,recent_past,No,False,False,True,True,True,2,3,human_written,USR766,REV160,synthetic_no_pii,challenge
SCN000317,heads up civic problem noise pollution grievance,Miscellaneous,Noise pollution grievance,hey guys warning if u are passing by the Residential street right now!! there is a massive noise pollution grievance that happened around 02:25 today. try to take a different route if possible to avoid getting stuck or delayed,2024-11-07,2024-10-31,02:25,Physical,Residential street,India,Karnataka,recent_past,No,False,False,False,False,True,2,3,expert_authored,USR977,REV815,synthetic_no_pii,validation
SCN000318,Reported consumer grievance regarding false advertising and misrepresentation,Consumer Disputes,False advertising and misrepresentation,"Complainant states that on 2026-07-10 at approximately 06:10 hours, a transaction dispute involving false advertising and misrepresentation occurred at Shop. The vendor reportedly engaged in unfair trade practices, failing to resolve the commercial non-compliance. Relevant purchase invoices have been logged.",2024-11-22,2024-11-03,06:10,Online,Shop,India,Delhi,recent_past,No,False,True,True,True,True,2,2,expert_authored,USR416,REV605,synthetic_no_pii,test
SCN000319,Bystander report of a boundary dispute,Property Disputes,Inheritance property claim,"The observer witnessed an intense community argument unfolding near the house around 11:56. Several individuals were actively contesting an instance of inheritance property claim, with local residents stepping in to prevent physical escalation before authorities were notified.",2024-12-02,2024-11-04,11:56,Physical,House,India,Telangana,recent_past,No,False,True,True,False,True,6,1,expert_authored,USR727,REV313,synthetic_no_pii,challenge
SCN000320,massive traffic block reckless driving confrontation,Traffic & Road Incidents,Reckless driving confrontation,guys stay away from the Highway right now! just witnessed a crazy reckless driving confrontation around 06:02 hours. cars are badly damaged and traffic is completely backed up. emergency services are arriving just now,2024-12-02,2024-11-05,06:02,Physical,Highway,India,Uttar Pradesh,past,No,True,True,False,True,False,4,2,expert_authored,USR659,REV435,synthetic_no_pii,test
SCN000321,avoid this place fraud defective product delivery,Consumer Disputes,Defective product delivery,guys heads up do NOT buy anything from that House!! just experienced a massive defective product delivery around 08:08 today. they completely cheated me on the transaction and refused a refund. super sketchy service watch out,2024-11-15,2024-11-06,08:08,Physical,House,India,Maharashtra,recent_past,No,False,False,True,False,False,2,2,expert_authored,USR479,REV153,synthetic_no_pii,challenge
SCN000322,Bystander log of a minor civic infrastructure issue,Miscellaneous,Minor civic infrastructure issue,"The observer noted a minor public disturbance developing near the local road around 06:05. The situation involved a distinct minor civic infrastructure issue, drawing the attention of passing commuters before local municipal workers arrived on site.",2024-11-16,2024-11-07,06:05,Physical,Road,India,Karnataka,recent_past,No,False,False,True,False,False,3,3,human_written,USR971,REV270,synthetic_no_pii,validation
SCN000323,Dealing with an annoying lost item reporting,Miscellaneous,Lost item reporting,"So I was just going out past the shop around 01:18 today, and I ran straight into a total lost item reporting. It completely blocked my path and nobody around seemed to know who to call to get it fixed or sorted out. Just super frustrated.",2024-11-29,2024-11-07,01:18,Physical,Shop,India,Karnataka,past,No,False,False,True,False,True,2,1,synthetic_reviewed,USR159,REV164,synthetic_no_pii,validation
SCN000324,Someone stole my stuff at the road,Theft and robbery,Chain snatching,"So I was just standing at the road around 17:04 yesterday, checking my phone, when this guy suddenly rushed past me and grabbed my belongings out of nowhere! I didn't even have time to react or see his face properly. Totally shocked.",2024-11-15,2024-11-11,17:04,Physical,Road,India,Delhi,past,No,False,True,True,True,False,4,4,human_written,USR141,REV208,synthetic_no_pii,validation
SCN000325,Reported case of domestic violence involving dowry harassment,Domestic Violence,Dowry harassment,"Complainant reports ongoing domestic grievances at the shared residence. On 2026-07-19 at 13:54 hours, a severe incident involving dowry harassment occurred, resulting in immediate emotional and physical distress. Intervention was requested by the victim's family members.",2024-11-14,2024-11-12,13:54,Hybrid,Workplace,India,Delhi,recent_past,No,False,True,False,False,False,4,2,expert_authored,USR236,REV782,synthetic_no_pii,train
SCN000326,White-collar offense via cheque forgery,Financial Fraud,Cheque forgery,"A high-value financial dispute categorized as cheque forgery was registered at the bank at 20:27. The incident involves deliberate corporate misrepresentation or instrument forgery, requiring specialized forensic financial review.",2024-12-02,2024-11-19,20:27,Physical,Bank,India,Telangana,recent_past,No,False,False,True,False,False,2,1,human_written,USR797,REV313,synthetic_no_pii,train
SCN000327,Bystander report of a domestic family dispute,Family Law,Divorce proceedings conflict,"The observer noted a highly emotional confrontation between two estranged family members outside the apartment around 22:37. The argument was explicitly regarding a severe case of divorce proceedings conflict, with both sides loudly contesting rights before local residents requested calm.",2024-11-21,2024-11-19,22:37,Physical,Apartment,India,Maharashtra,recent_past,No,False,False,False,False,True,4,3,human_written,USR284,REV896,synthetic_no_pii,challenge
SCN000328,I just lost my savings to a complete loan approval scam,Financial Fraud,Loan approval scam,"So I went down to the mobile app around 18:23 to check my balance, and I realized I was a victim of a massive loan approval scam. They completely forged my details and cleared out the pending funds out of nowhere. I don't even know how I'm going to manage this month's expenses.",2024-12-03,2024-11-20,18:23,Hybrid,Mobile app,India,Karnataka,recent_past,No,False,False,True,False,True,2,3,synthetic_reviewed,USR622,REV668,synthetic_no_pii,test
SCN000329,heads up civic problem minor civic infrastructure issue,Miscellaneous,Minor civic infrastructure issue,hey guys warning if u are passing by the Road right now!! there is a massive minor civic infrastructure issue that happened around 01:46 today. try to take a different route if possible to avoid getting stuck or delayed,2024-11-26,2024-11-23,01:46,Physical,Road,India,Gujarat,recent_past,No,False,False,False,True,True,1,3,synthetic_reviewed,USR336,REV900,synthetic_no_pii,challenge
SCN000330,This person literally threatened me at the online platform,Assault & Threats,Online harassment & threats,"I was just minding my own business at the online platform around 06:44, when this aggressive person started shouting at me out of nowhere. Then it escalated into a complete online harassment & threats and they said they'd hurt me if they saw me again. Genuinely terrified.",2024-12-23,2024-11-25,06:44,Online,Online platform,India,Karnataka,recent_past,No,False,True,True,False,True,2,3,human_written,USR519,REV335,synthetic_no_pii,validation
SCN000331,Accountant observation of insurance claim fraud,Financial Fraud,Insurance claim fraud,"The internal auditor observed highly irregular transaction entries passing through the office around 22:59. Closer inspection confirmed a premeditated instance of insurance claim fraud, with the perpetrator executing unauthorized balance transfers using fraudulent credentials before logging out.",2024-12-19,2024-11-26,22:59,Online,Office,India,Maharashtra,recent_past,No,False,False,True,False,False,4,1,synthetic_reviewed,USR876,REV239,synthetic_no_pii,validation
SCN000332,This person literally threatened me at the workplace,Assault & Threats,Verbal intimidation,"I was just minding my own business at the workplace around 12:05, when this aggressive person started shouting at me out of nowhere. Then it escalated into a complete verbal intimidation and they said they'd hurt me if they saw me again. Genuinely terrified.",2024-12-12,2024-12-02,12:05,Hybrid,Workplace,India,West Bengal,recent_past,No,False,True,False,True,True,5,2,expert_authored,USR524,REV420,synthetic_no_pii,train
SCN000333,Digital breach via phishing scam,Cybercrime,Phishing scam,"An incident of phishing scam compromised security systems across the specified Online platform at 07:19. Electronic credentials were manipulated remotely by unknown malicious actors, triggering secondary security protocols.",2024-12-08,2024-12-03,07:19,Online,Online platform,India,Tamil Nadu,past,No,False,True,True,True,False,2,1,human_written,USR666,REV469,synthetic_no_pii,test
SCN000334,Detailed administrative summary of alimony and maintenance claim litigation status,Family Law,Alimony and maintenance claim,"On the date of 2026-07-05, a major civil friction classified under alimony and maintenance claim escalated during a familial meeting at the designated online platform at approximately 03:44 hours. The dispute involves competing claims regarding maintenance allocations or custody arrangements, leading to severe communication breakdown between the principal parties. The current circumstances indicate an immediate requirement for legal intervention to mandate adherence to statutory family frameworks within the state jurisdiction.",2024-12-15,2024-12-05,03:44,Hybrid,Online platform,India,Tamil Nadu,past,No,False,False,True,False,True,4,3,synthetic_reviewed,USR655,REV423,synthetic_no_pii,challenge
SCN000335,Detailed evaluation of institutional safe working conditions violation violation,Employment/Labour,Safe working conditions violation,"On the date of 2026-06-27, a major institutional friction classified as safe working conditions violation materialized at the specified construction site at approximately 17:49. The circumstances indicate structured operational non-compliance by the management regarding standard working protocols or financial settlements, directly compromising employee protections. Internal grievance workflows were completely bypassed by leadership, compelling the affected party to seek statutory legal remedies through regional labor councils.",2025-01-03,2024-12-05,17:49,Physical,Construction site,India,Gujarat,past,No,True,False,True,False,True,5,3,expert_authored,USR444,REV516,synthetic_no_pii,challenge
SCN000336,Detailed analysis of house burglary occurrence,Theft and robbery,House burglary,"On the date of 2026-07-14, a major incidence of house burglary was executed at the designated house under complex environmental circumstances. The perpetrator leveraged the crowded nature of the location to approach undetected, exploiting a momentary lapse in security vigilance. Following the commission of the act, the individual navigated through the exit corridors effectively evading immediate pursuit. Emergency services were notified subsequently, initiating a localized investigation into the security vulnerabilities of this particular jurisdiction.",2024-12-28,2024-12-10,04:40,Physical,House,India,West Bengal,recent_past,No,False,True,True,True,False,3,1,expert_authored,USR445,REV929,synthetic_no_pii,validation
SCN000337,need help asap threat at Social media,Assault & Threats,Online harassment & threats,pls help someone is targeting me with online harassment & threats right now at the Social media!! they are threatening to hit me or worse. happened around 05:08. is anyone nearby who can come stay with me? urgent,2024-12-28,2024-12-13,05:08,Online,Social media,India,Tamil Nadu,past,No,False,True,False,False,False,5,3,human_written,USR372,REV295,synthetic_no_pii,validation
SCN000338,Bystander report of a customer-vendor dispute,Consumer Disputes,False advertising and misrepresentation,"The observer noted a clear altercation developing at the counter of the showroom around 22:03. A customer was contesting a distinct case of false advertising and misrepresentation, showing clear evidence to the merchant, who continuously refused liability or proper resolution.",2024-12-26,2024-12-16,22:03,Online,Showroom,India,Maharashtra,past,No,False,False,True,True,True,3,1,expert_authored,USR527,REV537,synthetic_no_pii,test
SCN000339,Accountant observation of loan approval scam,Financial Fraud,Loan approval scam,"The internal auditor observed highly irregular transaction entries passing through the online platform around 03:11. Closer inspection confirmed a premeditated instance of loan approval scam, with the perpetrator executing unauthorized balance transfers using fraudulent credentials before logging out.",2024-12-26,2024-12-18,03:11,Online,Online platform,India,Gujarat,recent_past,No,False,False,True,True,True,2,1,expert_authored,USR764,REV320,synthetic_no_pii,test
SCN000340,Reported financial irregularity involving credit card cloning,Financial Fraud,Credit card cloning,"Complainant reports a structured financial offense falling under the category of credit card cloning at the shop. The incident occurred on 2026-07-08 at approximately 03:56 hours, wherein deceptive documentation was presented to misappropriate corporate or individual monetary assets. Audit trails have been preserved.",2025-01-17,2024-12-18,03:56,Hybrid,Shop,India,Gujarat,past,No,False,False,True,False,True,4,1,expert_authored,USR630,REV501,synthetic_no_pii,challenge
SCN000341,My company is putting me through unpaid wage dispute,Employment/Labour,Unpaid wage dispute,"I've been working at this office for months, and around 12:37 yesterday, things hit a breaking point with a massive unpaid wage dispute. They literally refused to settle what was rightfully owed to me and told me to just leave if I didn't like it. I'm so stressed about how I'm going to pay my rent.",2024-12-21,2024-12-18,12:37,Physical,Office,India,Gujarat,past,No,False,False,True,False,True,4,4,human_written,USR839,REV980,synthetic_no_pii,test
SCN000342,urgent help needed shopbreaking,Theft and robbery,Shopbreaking,omg someone just took my things at the Shop!!! occurred just now around 17:38 hours. anyone nearby please help or tell me where the nearest police booth is asap!! lost everything inside my bag,2025-01-17,2024-12-22,17:38,Physical,Shop,India,Maharashtra,recent_past,No,False,True,True,False,True,2,5,synthetic_reviewed,USR309,REV245,synthetic_no_pii,test
SCN000343,Reported matrimonial/family grievance regarding restitution of conjugal rights,Family Law,Restitution of conjugal rights,"Complainant registers a family matter notification involving an active restitution of conjugal rights at the premises. On 2026-07-04 at approximately 13:39 hours, an escalation occurred regarding legal compliance or child visitation parameters. Relevant documentation has been requested for family court presentation.",2024-12-30,2024-12-23,13:39,Physical,Apartment,India,Uttar Pradesh,recent_past,No,False,False,False,False,True,3,2,expert_authored,USR296,REV202,synthetic_no_pii,challenge
SCN000344,IT specialist observation of social media hacking,Cybercrime,Social media hacking,"The system administrator observed anomalous traffic originating from unauthorized servers around 03:13, confirming a systemwide social media hacking. The victim was actively manipulated into bypassing authentication protocols on the Online platform platform.",2025-01-11,2024-12-25,03:13,Online,Online platform,India,Maharashtra,recent_past,No,False,False,False,True,True,1,1,expert_authored,USR513,REV304,synthetic_no_pii,challenge
SCN000345,urgent help needed shopbreaking,Theft and robbery,Shopbreaking,omg someone just took my things at the Kirana store!!! occurred just now around 10:59 hours. anyone nearby please help or tell me where the nearest police booth is asap!! lost everything inside my bag,2025-01-19,2024-12-31,10:59,Physical,Kirana store,India,Karnataka,recent_past,No,False,True,True,False,False,3,3,human_written,USR415,REV246,synthetic_no_pii,train
SCN000346,Labor non-compliance involving breach of employment contract,Employment/Labour,Breach of employment contract,"An employment dispute involving breach of employment contract escalated at the office at 09:20. The worker alleged severe breach of workplace regulations, seeking administrative or legal intervention to recover standard dues or ensure workplace safety.",2025-01-12,2024-12-31,09:20,Online,Office,India,Maharashtra,past,No,False,False,True,True,True,3,2,synthetic_reviewed,USR350,REV932,synthetic_no_pii,challenge
SCN000347,Someone stole my stuff at the apartment,Theft and robbery,House burglary,"So I was just standing at the apartment around 13:53 yesterday, checking my phone, when this guy suddenly rushed past me and grabbed my belongings out of nowhere! I didn't even have time to react or see his face properly. Totally shocked.",2025-01-04,2025-01-02,13:53,Physical,Apartment,India,Tamil Nadu,recent_past,No,False,True,True,False,False,2,2,synthetic_reviewed,USR999,REV295,synthetic_no_pii,train
SCN000348,need help asap threat at Online platform,Assault & Threats,Online harassment & threats,pls help someone is targeting me with online harassment & threats right now at the Online platform!! they are threatening to hit me or worse. happened around 07:34. is anyone nearby who can come stay with me? urgent,2025-01-15,2025-01-04,07:34,Online,Online platform,India,Karnataka,recent_past,No,False,True,True,True,False,4,3,human_written,USR989,REV249,synthetic_no_pii,challenge
SCN000349,Formal Complaint: Unauthorized Illegal property possession at Premises,Property Disputes,Illegal property possession,"Dear Revenue Officer / Police Commissioner, I am writing to register an urgent complaint regarding a critical instance of illegal property possession affecting my Shop. The unlawful activity intensified on 2026-07-02 at 07:38 hours, causing direct infringement on my registered property rights.",2025-01-19,2025-01-05,07:38,Physical,Shop,India,Uttar Pradesh,past,No,False,True,True,True,True,3,2,human_written,USR555,REV668,synthetic_no_pii,test
SCN000350,need advice on divorce proceedings conflict,Family Law,Divorce proceedings conflict,"hey guys, my ex just blocked me from seeing the kids / resolving the divorce proceedings conflict at the House around 04:18 today. completely violating the current terms. does anyone know a reliable family court lawyer who can file an urgent motion tomorrow?",2025-02-04,2025-01-08,04:18,Physical,House,India,Maharashtra,recent_past,No,False,False,False,False,True,3,4,expert_authored,USR734,REV995,synthetic_no_pii,train
SCN000351,I think my accounts just got wiped out by a social media hacking,Cybercrime,Social media hacking,"So I clicked this link thinking it was an official notification around 05:33 yesterday, and suddenly I was locked out of my account. I realized it was a total social media hacking when my savings started moving out. I'm completely panicking right now.",2025-01-20,2025-01-11,05:33,Online,Online platform,India,Uttar Pradesh,past,No,False,False,False,False,False,3,1,human_written,USR708,REV366,synthetic_no_pii,train
SCN000352,I just lost my savings to a complete credit card cloning,Financial Fraud,Credit card cloning,"So I went down to the online platform around 23:19 to check my balance, and I realized I was a victim of a massive credit card cloning. They completely forged my details and cleared out the pending funds out of nowhere. I don't even know how I'm going to manage this month's expenses.",2025-02-04,2025-01-14,23:19,Physical,Online platform,India,Maharashtra,recent_past,No,False,True,True,True,True,2,4,human_written,USR290,REV327,synthetic_no_pii,train
SCN000353,Digital breach via cyberstalking,Cybercrime,Cyberstalking,"An incident of cyberstalking compromised security systems across the specified Online platform at 12:33. Electronic credentials were manipulated remotely by unknown malicious actors, triggering secondary security protocols.",2025-01-16,2025-01-15,12:33,Hybrid,Online platform,India,Telangana,past,No,False,True,True,False,True,3,3,expert_authored,USR221,REV125,synthetic_no_pii,test
SCN000354,My neighbors are completely committing land encroachment,Property Disputes,Land encroachment,"So I went out to check my plot around 23:45 today, and I saw they were actively setting up structures on my side! When I confronted them about this blatant land encroachment, they straight up threatened me and refused to move back. I am so stressed out right now.",2025-02-10,2025-01-16,23:45,Physical,Plot,India,Tamil Nadu,recent_past,No,False,True,True,False,True,2,1,expert_authored,USR950,REV994,synthetic_no_pii,test
SCN000355,Detailed cyber forensic summary of online banking fraud exploit,Cybercrime,Online banking fraud,"On the date of 2026-07-04, an advanced threat actor initiated an exploit categorized under online banking fraud targeting remote infrastructures at approximately 06:05. The intrusion vectors reveal highly organized techniques using social engineering methods or brute-force automation to penetrate authorization systems on the Mobile app. Immediate isolation of the network endpoints was executed to limit exposure within the regional jurisdiction.",2025-01-30,2025-01-22,06:05,Online,Mobile app,India,West Bengal,recent_past,No,False,False,True,False,True,1,3,human_written,USR492,REV733,synthetic_no_pii,train
SCN000356,urgent help needed chain snatching,Theft and robbery,Chain snatching,omg someone just took my things at the Residential street!!! occurred just now around 07:24 hours. anyone nearby please help or tell me where the nearest police booth is asap!! lost everything inside my bag,2025-02-16,2025-01-22,07:24,Physical,Residential street,India,Karnataka,recent_past,No,False,True,True,True,False,4,1,human_written,USR343,REV413,synthetic_no_pii,test
SCN000357,Reported property conflict involving boundary wall dispute,Property Disputes,Boundary wall dispute,"Complainant reports a structural civil grievance regarding boundary wall dispute at the site located in house. On 2026-07-02 at 17:21 hours, opposing parties gathered and attempted unauthorized physical alterations. Property ownership documents have been submitted for verification.",2025-02-16,2025-01-23,17:21,Physical,House,India,Delhi,recent_past,No,True,False,True,False,True,4,2,expert_authored,USR200,REV633,synthetic_no_pii,challenge
SCN000358,I just lost my savings to a complete cheque forgery,Financial Fraud,Cheque forgery,"So I went down to the shop around 21:09 to check my balance, and I realized I was a victim of a massive cheque forgery. They completely forged my details and cleared out the pending funds out of nowhere. I don't even know how I'm going to manage this month's expenses.",2025-02-07,2025-01-23,21:09,Physical,Shop,India,Delhi,recent_past,No,False,True,True,True,True,2,4,expert_authored,USR284,REV651,synthetic_no_pii,challenge
SCN000359,Reported matrimonial/family grievance regarding alimony and maintenance claim,Family Law,Alimony and maintenance claim,"Complainant registers a family matter notification involving an active alimony and maintenance claim at the premises. On 2026-07-04 at approximately 15:23 hours, an escalation occurred regarding legal compliance or child visitation parameters. Relevant documentation has been requested for family court presentation.",2025-02-13,2025-01-24,15:23,Online,Office,India,Karnataka,recent_past,No,False,False,True,False,True,2,2,expert_authored,USR672,REV630,synthetic_no_pii,challenge
SCN000360,House burglary at House,Theft and robbery,House burglary,"A swift incident of house burglary took place at the local house during peak hours. The victim lost valuable items instantly, and the unidentified suspect fled immediately before any bystanders could intervene.",2025-02-02,2025-01-26,21:52,Physical,House,India,Telangana,past,No,False,False,True,False,True,4,5,expert_authored,USR448,REV744,synthetic_no_pii,challenge
SCN000361,alert dont open links identity theft,Cybercrime,Identity theft,hey guys warning someone hacked my account via identity theft just now around 21:20!! if u get any weird text or payment requests from me DO NOT transfer any money it is a fraud scam click nothing,2025-03-03,2025-02-01,21:20,Hybrid,Workplace,India,Tamil Nadu,recent_past,No,False,True,False,True,False,1,4,expert_authored,USR482,REV770,synthetic_no_pii,challenge
SCN000362,Someone stole my stuff at the roadside,Theft and robbery,Vehicle theft,"So I was just standing at the roadside around 05:29 yesterday, checking my phone, when this guy suddenly rushed past me and grabbed my belongings out of nowhere! I didn't even have time to react or see his face properly. Totally shocked.",2025-02-26,2025-02-04,05:29,Physical,Roadside,India,Uttar Pradesh,past,No,False,True,True,True,False,3,4,human_written,USR581,REV325,synthetic_no_pii,test
SCN000363,They literally ripped me off with overcharging and hidden fees,Consumer Disputes,Overcharging and hidden fees,"So I went to this hotel around 08:30 and explicitly paid for premium service, but I faced absolute overcharging and hidden fees instead. When I asked the manager to fix it or give my money back, they were super rude and completely brushed me off. Never buying from here again.",2025-02-26,2025-02-05,08:30,Physical,Hotel,India,Maharashtra,past,No,False,True,True,False,True,3,1,human_written,USR559,REV410,synthetic_no_pii,test
SCN000364,IT specialist observation of online banking fraud,Cybercrime,Online banking fraud,"The system administrator observed anomalous traffic originating from unauthorized servers around 22:13, confirming a systemwide online banking fraud. The victim was actively manipulated into bypassing authentication protocols on the Mobile app platform.",2025-03-08,2025-02-10,22:13,Online,Mobile app,India,Tamil Nadu,recent_past,No,False,False,True,False,True,3,3,human_written,USR363,REV288,synthetic_no_pii,challenge
SCN000365,Real estate dispute involving inheritance property claim,Property Disputes,Inheritance property claim,"A property conflict classified under inheritance property claim was documented at the house at 22:34. The dispute involves contested boundaries and ownership titles, requiring civil or criminal mediation to preserve public order.",2025-03-10,2025-02-11,22:34,Hybrid,House,India,Delhi,recent_past,No,False,False,True,False,True,4,4,human_written,USR592,REV917,synthetic_no_pii,challenge
SCN000366,Formal Complaint & Request for Protection: Spousal physical abuse,Domestic Violence,Spousal physical abuse,"Dear Protection Officer, I am writing to formally report an escalating pattern of domestic violence, specifically spousal physical abuse, at my residence. The latest major confrontation took place on 2026-06-30 around 04:21. I urgently request legal assistance and protective measures.",2025-02-16,2025-02-11,04:21,Physical,House,India,Delhi,past,No,True,True,True,False,False,3,2,expert_authored,USR681,REV815,synthetic_no_pii,test
SCN000367,Bystander report of a customer-vendor dispute,Consumer Disputes,Expired or contaminated goods sale,"The observer noted a clear altercation developing at the counter of the shop around 20:09. A customer was contesting a distinct case of expired or contaminated goods sale, showing clear evidence to the merchant, who continuously refused liability or proper resolution.",2025-03-02,2025-02-13,20:09,Physical,Shop,India,West Bengal,past,No,True,False,True,True,True,2,4,human_written,USR425,REV873,synthetic_no_pii,test
SCN000368,Detailed administrative summary of child custody dispute litigation status,Family Law,Child custody dispute,"On the date of 2026-07-12, a major civil friction classified under child custody dispute escalated during a familial meeting at the designated workplace at approximately 22:36 hours. The dispute involves competing claims regarding maintenance allocations or custody arrangements, leading to severe communication breakdown between the principal parties. The current circumstances indicate an immediate requirement for legal intervention to mandate adherence to statutory family frameworks within the state jurisdiction.",2025-02-22,2025-02-15,22:36,Physical,Workplace,India,West Bengal,past,No,False,False,True,True,True,3,3,expert_authored,USR794,REV395,synthetic_no_pii,challenge
SCN000369,Formal Grievance: Violation of Labor Rights - Unpaid wage dispute,Employment/Labour,Unpaid wage dispute,"Dear Human Resources and Labor Commissioner, I am writing to formally lodge a grievance regarding the ongoing pattern of unpaid wage dispute within the Shop. The definitive breach transpired on 2026-07-11 at 12:03 hours, violating explicit terms of my employment contract and local statutory codes.",2025-03-03,2025-02-16,12:03,Hybrid,Shop,India,Delhi,recent_past,No,False,False,True,False,True,4,1,expert_authored,USR715,REV318,synthetic_no_pii,train
SCN000370,need advice on guardianship dispute,Family Law,Guardianship dispute,"hey guys, my ex just blocked me from seeing the kids / resolving the guardianship dispute at the House around 04:37 today. completely violating the current terms. does anyone know a reliable family court lawyer who can file an urgent motion tomorrow?",2025-03-18,2025-02-17,04:37,Hybrid,House,India,West Bengal,past,No,False,True,False,True,True,2,4,expert_authored,USR625,REV768,synthetic_no_pii,train
SCN000371,My neighbors are completely committing tenant-landlord conflict,Property Disputes,Tenant-landlord conflict,"So I went out to check my apartment around 02:49 today, and I saw they were actively setting up structures on my side! When I confronted them about this blatant tenant-landlord conflict, they straight up threatened me and refused to move back. I am so stressed out right now.",2025-03-19,2025-02-18,02:49,Physical,Apartment,India,Tamil Nadu,past,No,False,True,True,False,True,3,1,expert_authored,USR642,REV535,synthetic_no_pii,challenge
SCN000372,IT specialist observation of phishing scam,Cybercrime,Phishing scam,"The system administrator observed anomalous traffic originating from unauthorized servers around 07:18, confirming a systemwide phishing scam. The victim was actively manipulated into bypassing authentication protocols on the Online platform platform.",2025-03-18,2025-02-23,07:18,Online,Online platform,India,Tamil Nadu,past,No,False,True,True,True,False,2,1,expert_authored,USR777,REV285,synthetic_no_pii,test
SCN000373,Cyber cell report regarding ransomware attack,Cybercrime,Ransomware attack,"Complainant reports unauthorized digital breach under ransomware attack framework. On 2026-07-19 at approx 03:47 hours, malicious payloads or fraudulent links were deployed to misappropriate assets or credentials via Shop. Digital logs preserved for forensic analysis.",2025-03-01,2025-02-25,03:47,Online,Shop,India,Tamil Nadu,recent_past,No,False,True,True,False,True,1,2,expert_authored,USR110,REV543,synthetic_no_pii,test
SCN000374,Neighbor's report of a domestic dispute,Domestic Violence,Spousal physical abuse,"The neighbor reported hearing intense shouting and objects breaking from the adjacent apartment around 17:02. Upon investigating, it appeared to be a severe case of spousal physical abuse transpiring within the household, prompting the neighbor to intervene and call for assistance.",2025-03-24,2025-02-25,17:02,Physical,Apartment,India,Gujarat,past,No,True,True,True,True,False,3,2,synthetic_reviewed,USR720,REV258,synthetic_no_pii,train
SCN000375,Matrimonial conflict involving restitution of conjugal rights,Family Law,Restitution of conjugal rights,"A family civil dispute categorized as restitution of conjugal rights manifested within a private residence at 01:39. The incident centers around contested guardianship or maintenance rights, necessitating institutional mediation under family law statues.",2025-02-28,2025-02-28,01:39,Physical,Apartment,India,Uttar Pradesh,past,No,False,False,False,False,True,2,4,human_written,USR831,REV472,synthetic_no_pii,train
SCN000376,Detailed evaluation of institutional breach of employment contract violation,Employment/Labour,Breach of employment contract,"On the date of 2026-07-04, a major institutional friction classified as breach of employment contract materialized at the specified office at approximately 23:09. The circumstances indicate structured operational non-compliance by the management regarding standard working protocols or financial settlements, directly compromising employee protections. Internal grievance workflows were completely bypassed by leadership, compelling the affected party to seek statutory legal remedies through regional labor councils.",2025-03-20,2025-03-02,23:09,Online,Office,India,West Bengal,past,No,False,False,True,False,True,5,2,human_written,USR681,REV819,synthetic_no_pii,challenge
SCN000377,Formal Complaint Regarding Online phishing theft Incident,Theft and robbery,Online phishing theft,"Dear Authority, I am writing to formally lodge a complaint regarding a online phishing theft incident that transpired at the Mobile app on 2026-07-10. The incident occurred around 05:34, resulting in the unauthorized taking of my personal property. I request your immediate intervention to review CCTV footage.",2025-03-21,2025-03-04,05:34,Hybrid,Mobile app,India,Gujarat,past,No,False,False,True,False,True,2,2,human_written,USR925,REV343,synthetic_no_pii,challenge
SCN000378,Bystander report of a boundary dispute,Property Disputes,Boundary wall dispute,"The observer witnessed an intense community argument unfolding near the house around 09:03. Several individuals were actively contesting an instance of boundary wall dispute, with local residents stepping in to prevent physical escalation before authorities were notified.",2025-03-22,2025-03-05,09:03,Physical,House,India,Tamil Nadu,past,No,True,True,True,False,True,3,2,synthetic_reviewed,USR771,REV276,synthetic_no_pii,test
SCN000379,Bystander report of a boundary dispute,Property Disputes,Land encroachment,"The observer witnessed an intense community argument unfolding near the plot around 16:25. Several individuals were actively contesting an instance of land encroachment, with local residents stepping in to prevent physical escalation before authorities were notified.",2025-03-11,2025-03-05,16:25,Physical,Plot,India,Gujarat,recent_past,No,False,True,True,True,True,5,1,human_written,USR269,REV263,synthetic_no_pii,challenge
SCN000380,Chain snatching at Road,Theft and robbery,Chain snatching,"A swift incident of chain snatching took place at the local road during peak hours. The victim lost valuable items instantly, and the unidentified suspect fled immediately before any bystanders could intervene.",2025-03-23,2025-03-07,16:44,Physical,Road,India,Gujarat,past,No,False,True,True,False,True,1,1,human_written,USR181,REV633,synthetic_no_pii,challenge
SCN000381,Reported case of shopbreaking at kirana store,Theft and robbery,Shopbreaking,"Complainant states that on 2026-06-30 at approximately 22:47 hours, an incident of shopbreaking occurred at Kirana store. The perpetrator description matches a male individual height approx 5'8"". Property loss reported. Case registered under relevant sections.",2025-04-11,2025-03-15,22:47,Physical,Kirana store,India,West Bengal,recent_past,No,False,False,True,False,True,1,4,expert_authored,USR498,REV400,synthetic_no_pii,test
SCN000382,Dealing with an annoying noise pollution grievance,Miscellaneous,Noise pollution grievance,"So I was just going out past the apartment around 00:28 today, and I ran straight into a total noise pollution grievance. It completely blocked my path and nobody around seemed to know who to call to get it fixed or sorted out. Just super frustrated.",2025-03-20,2025-03-19,00:28,Physical,Apartment,India,Karnataka,recent_past,No,False,False,True,False,False,2,2,expert_authored,USR780,REV683,synthetic_no_pii,train
SCN000383,Motor vehicle accident report involving reckless driving confrontation,Traffic & Road Incidents,Reckless driving confrontation,"On 2026-06-27 at approximately 00:45 hours, a vehicular incident classified as reckless driving confrontation occurred on the designated highway. The offending vehicle failed to yield, causing impact and substantial structural damage. Case logged under regional motor vehicle acts.",2025-04-15,2025-03-21,00:45,Physical,Highway,India,Telangana,recent_past,No,True,True,True,True,True,4,1,synthetic_reviewed,USR328,REV167,synthetic_no_pii,challenge
SCN000384,Digital breach via identity theft,Cybercrime,Identity theft,"An incident of identity theft compromised security systems across the specified Online platform at 15:48. Electronic credentials were manipulated remotely by unknown malicious actors, triggering secondary security protocols.",2025-04-02,2025-03-21,15:48,Online,Online platform,India,Gujarat,recent_past,No,False,True,True,False,True,3,4,synthetic_reviewed,USR402,REV931,synthetic_no_pii,test
SCN000385,Neighbor's report of a domestic dispute,Domestic Violence,Dowry harassment,"The neighbor reported hearing intense shouting and objects breaking from the adjacent apartment around 05:34. Upon investigating, it appeared to be a severe case of dowry harassment transpiring within the household, prompting the neighbor to intervene and call for assistance.",2025-04-12,2025-03-23,05:34,Hybrid,Workplace,India,Tamil Nadu,past,No,False,True,True,True,False,2,5,human_written,USR849,REV543,synthetic_no_pii,test
SCN000386,Accountant observation of credit card cloning,Financial Fraud,Credit card cloning,"The internal auditor observed highly irregular transaction entries passing through the restaurant around 22:48. Closer inspection confirmed a premeditated instance of credit card cloning, with the perpetrator executing unauthorized balance transfers using fraudulent credentials before logging out.",2025-03-28,2025-03-27,22:48,Hybrid,Restaurant,India,Uttar Pradesh,recent_past,No,False,False,True,True,True,2,3,synthetic_reviewed,USR260,REV755,synthetic_no_pii,train
SCN000387,Urgent Complaint: Incident of Online harassment & threats at Social media,Assault & Threats,Online harassment & threats,"Dear Management, I am writing to formally log a grievance regarding a distressing incident of online harassment & threats that occurred today at approximately 03:59 within the Social media. The aggressive posturing and direct threats have created an incredibly hostile and unsafe environment.",2025-04-23,2025-03-29,03:59,Online,Social media,India,Delhi,past,No,False,True,False,True,False,3,3,human_written,USR288,REV362,synthetic_no_pii,validation
SCN000388,Domestic incident involving economic deprivation,Domestic Violence,Economic deprivation,"An incident of domestic distress categorized as economic deprivation occurred inside a residential premises at 17:00. The dispute caused a severe breach of domestic peace, requiring immediate support and mediation for the affected individuals.",2025-04-02,2025-03-29,17:00,Physical,Apartment,India,Delhi,past,No,False,True,True,False,True,4,4,expert_authored,USR704,REV883,synthetic_no_pii,train
SCN000389,IT specialist observation of phishing scam,Cybercrime,Phishing scam,"The system administrator observed anomalous traffic originating from unauthorized servers around 03:07, confirming a systemwide phishing scam. The victim was actively manipulated into bypassing authentication protocols on the Online platform platform.",2025-04-24,2025-04-03,03:07,Online,Online platform,India,Karnataka,recent_past,No,False,False,True,True,True,3,2,human_written,USR729,REV649,synthetic_no_pii,validation
SCN000390,Reported case of armed robbery at highway,Theft and robbery,Armed robbery,"Complainant states that on 2026-07-19 at approximately 19:31 hours, an incident of armed robbery occurred at Highway. The perpetrator description matches a male individual height approx 5'8"". Property loss reported. Case registered under relevant sections.",2025-04-22,2025-04-03,19:31,Physical,Highway,India,Maharashtra,past,No,True,True,True,True,False,2,2,expert_authored,USR554,REV233,synthetic_no_pii,test
SCN000391,Comprehensive review of regional public nuisance dispute notification,Miscellaneous,Public nuisance dispute,"On the date of 2026-06-24, a minor unclassified neighborhood disruption manifesting as public nuisance dispute materialized at the specified alleyway at approximately 10:34 hours. The incident details demonstrate a clear operational or administrative failure concerning municipal upkeep or public behavior regulations, causing secondary delays for community residents. Local community leaders have logged an official complaint to expedite resolution within the state jurisdiction.",2025-04-12,2025-04-04,10:34,Physical,Alleyway,India,Delhi,recent_past,No,False,False,True,False,True,1,1,expert_authored,USR893,REV603,synthetic_no_pii,test
SCN000392,Comprehensive administrative brief on illegal property possession escalation,Property Disputes,Illegal property possession,"On the afternoon of 2026-06-30, a long-standing land friction culminated in an explicit case of illegal property possession at the designated house around 23:58 hours. The incident involved rival claimants attempting physical occupation or structural modification without valid legal injunctions. Local law enforcement intervened to mandate a status quo until the appropriate regional civil courts review the structural registration parameters and revenue maps under the state jurisdiction.",2025-04-29,2025-04-08,23:58,Physical,House,India,Karnataka,recent_past,No,False,True,True,True,True,5,4,human_written,USR290,REV320,synthetic_no_pii,train
SCN000393,Witness account of online phishing theft,Theft and robbery,Online phishing theft,"The observer noticed two suspicious individuals loitering near the online platform around 14:39. Shortly after, they approached the victim from behind, forcefully committed online phishing theft, and fled the scene on a two-wheeler heading north.",2025-05-03,2025-04-09,14:39,Hybrid,Online platform,India,Maharashtra,recent_past,No,False,True,True,True,False,3,4,synthetic_reviewed,USR627,REV502,synthetic_no_pii,train
SCN000394,Dealing with an annoying lost item reporting,Miscellaneous,Lost item reporting,"So I was just going out past the marketplace around 06:43 today, and I ran straight into a total lost item reporting. It completely blocked my path and nobody around seemed to know who to call to get it fixed or sorted out. Just super frustrated.",2025-04-12,2025-04-10,06:43,Physical,Marketplace,India,Uttar Pradesh,past,No,False,False,True,True,True,1,3,synthetic_reviewed,USR385,REV239,synthetic_no_pii,validation
SCN000395,Detailed structural brief on regional drunk driving accident occurrence,Traffic & Road Incidents,Drunk driving accident,"On the date of 2026-07-10, a serious municipal roadway incident manifesting as drunk driving accident transpired on the specified road at approximately 17:40 hours. The collision metrics indicate high impact speeds or deliberate disregard for active traffic control mechanisms, resulting in secondary vehicle damage. Local emergency response teams arrived on site to manage structural debris and administer medical assistance where relevant, while investigating officers initiated standard vehicle documentation checks within the state jurisdiction.",2025-04-17,2025-04-11,17:40,Physical,Road,India,Tamil Nadu,recent_past,No,True,False,True,True,False,2,3,human_written,USR464,REV347,synthetic_no_pii,test
SCN000396,Dealing with an annoying minor civic infrastructure issue,Miscellaneous,Minor civic infrastructure issue,"So I was just going out past the road around 18:14 today, and I ran straight into a total minor civic infrastructure issue. It completely blocked my path and nobody around seemed to know who to call to get it fixed or sorted out. Just super frustrated.",2025-04-24,2025-04-12,18:14,Physical,Road,India,Karnataka,recent_past,No,False,False,False,False,True,2,1,expert_authored,USR656,REV373,synthetic_no_pii,challenge
SCN000397,Comprehensive review of regional minor civic infrastructure issue notification,Miscellaneous,Minor civic infrastructure issue,"On the date of 2026-07-13, a minor unclassified neighborhood disruption manifesting as minor civic infrastructure issue materialized at the specified alleyway at approximately 14:22 hours. The incident details demonstrate a clear operational or administrative failure concerning municipal upkeep or public behavior regulations, causing secondary delays for community residents. Local community leaders have logged an official complaint to expedite resolution within the state jurisdiction.",2025-04-20,2025-04-15,14:22,Physical,Alleyway,India,Telangana,past,No,False,False,True,True,True,2,3,expert_authored,USR519,REV888,synthetic_no_pii,test
SCN000398,Detailed structural brief on regional hit and run collision occurrence,Traffic & Road Incidents,Hit and run collision,"On the date of 2026-07-03, a serious municipal roadway incident manifesting as hit and run collision transpired on the specified road at approximately 03:43 hours. The collision metrics indicate high impact speeds or deliberate disregard for active traffic control mechanisms, resulting in secondary vehicle damage. Local emergency response teams arrived on site to manage structural debris and administer medical assistance where relevant, while investigating officers initiated standard vehicle documentation checks within the state jurisdiction.",2025-04-28,2025-04-19,03:43,Physical,Road,India,West Bengal,past,No,False,False,True,True,False,4,3,expert_authored,USR457,REV526,synthetic_no_pii,test
SCN000399,Formal Legal Request: Violation of Family Court Orders - Restitution of conjugal rights,Family Law,Restitution of conjugal rights,"Dear Legal Counsel / Mediation Cell, I am writing to formally report a non-compliance issue regarding our ongoing restitution of conjugal rights at the residence. The definitive breach occurred on 2026-07-03 at 23:07 hours, wherein the counter-party unilaterally altered agreed-upon familial or financial maintenance parameters.",2025-05-04,2025-04-22,23:07,Physical,House,India,Tamil Nadu,recent_past,No,False,False,False,True,True,4,1,human_written,USR254,REV227,synthetic_no_pii,challenge
SCN000400,Detailed analysis of chain snatching occurrence,Theft and robbery,Chain snatching,"On the date of 2026-07-15, a major incidence of chain snatching was executed at the designated residential street under complex environmental circumstances. The perpetrator leveraged the crowded nature of the location to approach undetected, exploiting a momentary lapse in security vigilance. Following the commission of the act, the individual navigated through the exit corridors effectively evading immediate pursuit. Emergency services were notified subsequently, initiating a localized investigation into the security vulnerabilities of this particular jurisdiction.",2025-05-01,2025-04-23,05:39,Physical,Residential street,India,Maharashtra,recent_past,No,False,True,True,True,False,1,1,expert_authored,USR569,REV435,synthetic_no_pii,train
SCN000401,Witness account of online phishing theft,Theft and robbery,Online phishing theft,"The observer noticed two suspicious individuals loitering near the mobile app around 06:51. Shortly after, they approached the victim from behind, forcefully committed online phishing theft, and fled the scene on a two-wheeler heading north.",2025-05-03,2025-04-23,06:51,Hybrid,Mobile app,India,Tamil Nadu,recent_past,No,False,True,True,True,False,2,4,expert_authored,USR792,REV496,synthetic_no_pii,train
SCN000402,Reported public grievance regarding minor civic infrastructure issue,Miscellaneous,Minor civic infrastructure issue,"Complainant registers a general municipal or public service notification regarding minor civic infrastructure issue at the location of alleyway. The incident transpired on 2026-06-25 at approximately 21:17 hours, causing minor public inconvenience or operational disruption. Log entries have been completed.",2025-05-16,2025-04-25,21:17,Physical,Alleyway,India,Gujarat,recent_past,No,False,False,True,True,True,3,1,synthetic_reviewed,USR641,REV876,synthetic_no_pii,validation
SCN000403,avoid this place fraud overcharging and hidden fees,Consumer Disputes,Overcharging and hidden fees,guys heads up do NOT buy anything from that Hotel!! just experienced a massive overcharging and hidden fees around 04:12 today. they completely cheated me on the transaction and refused a refund. super sketchy service watch out,2025-05-10,2025-04-29,04:12,Physical,Hotel,India,Delhi,past,No,False,False,True,False,True,3,1,expert_authored,USR830,REV334,synthetic_no_pii,train
SCN000404,alert dont open links social media hacking,Cybercrime,Social media hacking,hey guys warning someone hacked my account via social media hacking just now around 03:04!! if u get any weird text or payment requests from me DO NOT transfer any money it is a fraud scam click nothing,2025-05-03,2025-04-29,03:04,Online,Online platform,India,Uttar Pradesh,recent_past,No,False,True,False,False,False,1,1,human_written,USR204,REV585,synthetic_no_pii,test
SCN000405,My neighbors are completely committing tenant-landlord conflict,Property Disputes,Tenant-landlord conflict,"So I went out to check my apartment around 13:09 today, and I saw they were actively setting up structures on my side! When I confronted them about this blatant tenant-landlord conflict, they straight up threatened me and refused to move back. I am so stressed out right now.",2025-05-27,2025-05-02,13:09,Hybrid,Apartment,India,Gujarat,past,No,False,True,True,False,True,6,4,human_written,USR462,REV445,synthetic_no_pii,validation
SCN000406,Real estate dispute involving tenant-landlord conflict,Property Disputes,Tenant-landlord conflict,"A property conflict classified under tenant-landlord conflict was documented at the shop at 11:40. The dispute involves contested boundaries and ownership titles, requiring civil or criminal mediation to preserve public order.",2025-05-11,2025-05-05,11:40,Hybrid,Shop,India,Karnataka,recent_past,No,False,False,True,True,True,2,3,expert_authored,USR519,REV274,synthetic_no_pii,validation
SCN000407,My neighbors are completely committing land encroachment,Property Disputes,Land encroachment,"So I went out to check my plot around 00:51 today, and I saw they were actively setting up structures on my side! When I confronted them about this blatant land encroachment, they straight up threatened me and refused to move back. I am so stressed out right now.",2025-05-27,2025-05-08,00:51,Physical,Plot,India,Telangana,past,No,False,True,True,False,True,6,2,human_written,USR421,REV266,synthetic_no_pii,validation
SCN000408,White-collar offense via credit card cloning,Financial Fraud,Credit card cloning,"A high-value financial dispute categorized as credit card cloning was registered at the atm at 17:13. The incident involves deliberate corporate misrepresentation or instrument forgery, requiring specialized forensic financial review.",2025-05-11,2025-05-09,17:13,Physical,ATM,India,Uttar Pradesh,past,No,False,False,True,False,True,3,2,expert_authored,USR856,REV986,synthetic_no_pii,train
SCN000409,need advice on divorce proceedings conflict,Family Law,Divorce proceedings conflict,"hey guys, my ex just blocked me from seeing the kids / resolving the divorce proceedings conflict at the Apartment around 01:34 today. completely violating the current terms. does anyone know a reliable family court lawyer who can file an urgent motion tomorrow?",2025-05-30,2025-05-12,01:34,Physical,Apartment,India,Gujarat,recent_past,No,False,False,False,True,True,3,1,expert_authored,USR139,REV425,synthetic_no_pii,validation
SCN000410,alert dont open links online banking fraud,Cybercrime,Online banking fraud,hey guys warning someone hacked my account via online banking fraud just now around 21:17!! if u get any weird text or payment requests from me DO NOT transfer any money it is a fraud scam click nothing,2025-05-23,2025-05-12,21:17,Online,Online platform,India,West Bengal,past,No,False,False,True,False,False,1,3,human_written,USR605,REV781,synthetic_no_pii,train
SCN000411,Someone just committed a traffic signal violation dispute right in front of me,Traffic & Road Incidents,Traffic signal violation dispute,"So I was driving along the road around 03:20 today, when this car suddenly sped out and caused a complete traffic signal violation dispute! The driver didn't even stop to check if anyone was hurt, they just accelerated away immediately. I'm still shaking from the shock.",2025-06-10,2025-05-15,03:20,Physical,Road,India,Maharashtra,recent_past,No,False,False,False,False,False,4,1,synthetic_reviewed,USR232,REV161,synthetic_no_pii,challenge
SCN000412,Domestic incident involving dowry harassment,Domestic Violence,Dowry harassment,"An incident of domestic distress categorized as dowry harassment occurred inside a residential premises at 00:55. The dispute caused a severe breach of domestic peace, requiring immediate support and mediation for the affected individuals.",2025-05-26,2025-05-17,00:55,Hybrid,House,India,Delhi,recent_past,No,False,True,False,True,True,4,3,expert_authored,USR285,REV705,synthetic_no_pii,validation
SCN000413,Bystander report of a domestic family dispute,Family Law,Restitution of conjugal rights,"The observer noted a highly emotional confrontation between two estranged family members outside the apartment around 23:54. The argument was explicitly regarding a severe case of restitution of conjugal rights, with both sides loudly contesting rights before local residents requested calm.",2025-05-23,2025-05-18,23:54,Physical,Apartment,India,Delhi,recent_past,No,False,False,True,True,True,2,3,expert_authored,USR528,REV646,synthetic_no_pii,train
SCN000414,Detailed analysis of vehicle theft occurrence,Theft and robbery,Vehicle theft,"On the date of 2026-06-23, a major incidence of vehicle theft was executed at the designated garage under complex environmental circumstances. The perpetrator leveraged the crowded nature of the location to approach undetected, exploiting a momentary lapse in security vigilance. Following the commission of the act, the individual navigated through the exit corridors effectively evading immediate pursuit. Emergency services were notified subsequently, initiating a localized investigation into the security vulnerabilities of this particular jurisdiction.",2025-06-04,2025-05-23,22:36,Physical,Garage,India,West Bengal,recent_past,No,False,False,True,True,True,2,3,synthetic_reviewed,USR637,REV187,synthetic_no_pii,validation
SCN000415,IT specialist observation of social media hacking,Cybercrime,Social media hacking,"The system administrator observed anomalous traffic originating from unauthorized servers around 05:51, confirming a systemwide social media hacking. The victim was actively manipulated into bypassing authentication protocols on the Online platform platform.",2025-06-13,2025-05-24,05:51,Online,Online platform,India,West Bengal,recent_past,No,False,True,True,True,False,3,2,human_written,USR257,REV433,synthetic_no_pii,challenge
SCN000416,Detailed administrative summary of restitution of conjugal rights litigation status,Family Law,Restitution of conjugal rights,"On the date of 2026-07-16, a major civil friction classified under restitution of conjugal rights escalated during a familial meeting at the designated apartment at approximately 23:28 hours. The dispute involves competing claims regarding maintenance allocations or custody arrangements, leading to severe communication breakdown between the principal parties. The current circumstances indicate an immediate requirement for legal intervention to mandate adherence to statutory family frameworks within the state jurisdiction.",2025-06-20,2025-05-26,23:28,Physical,Apartment,India,Delhi,past,No,False,False,False,False,True,3,2,human_written,USR394,REV985,synthetic_no_pii,test
SCN000417,IT specialist observation of online banking fraud,Cybercrime,Online banking fraud,"The system administrator observed anomalous traffic originating from unauthorized servers around 21:05, confirming a systemwide online banking fraud. The victim was actively manipulated into bypassing authentication protocols on the Online platform platform.",2025-06-21,2025-05-29,21:05,Online,Online platform,India,West Bengal,recent_past,No,False,True,True,False,False,2,2,human_written,USR529,REV530,synthetic_no_pii,validation
SCN000418,Bystander log of a minor civic infrastructure issue,Miscellaneous,Minor civic infrastructure issue,"The observer noted a minor public disturbance developing near the local plot around 03:33. The situation involved a distinct minor civic infrastructure issue, drawing the attention of passing commuters before local municipal workers arrived on site.",2025-06-08,2025-05-30,03:33,Physical,Plot,India,Delhi,past,No,False,False,True,False,False,1,3,human_written,USR735,REV801,synthetic_no_pii,challenge
SCN000419,Cyber cell report regarding cyberstalking,Cybercrime,Cyberstalking,"Complainant reports unauthorized digital breach under cyberstalking framework. On 2026-06-29 at approx 01:24 hours, malicious payloads or fraudulent links were deployed to misappropriate assets or credentials via Hostel. Digital logs preserved for forensic analysis.",2025-05-31,2025-05-30,01:24,Hybrid,Hostel,India,Gujarat,past,No,False,True,True,False,False,3,1,expert_authored,USR109,REV212,synthetic_no_pii,test
SCN000420,Someone just committed a hit and run collision right in front of me,Traffic & Road Incidents,Hit and run collision,"So I was driving along the highway around 14:13 today, when this car suddenly sped out and caused a complete hit and run collision! The driver didn't even stop to check if anyone was hurt, they just accelerated away immediately. I'm still shaking from the shock.",2025-06-05,2025-05-31,14:13,Physical,Highway,India,Tamil Nadu,past,No,True,False,True,True,False,3,2,expert_authored,USR128,REV291,synthetic_no_pii,test
SCN000421,Formal Grievance: Violation of Labor Rights - Unpaid wage dispute,Employment/Labour,Unpaid wage dispute,"Dear Human Resources and Labor Commissioner, I am writing to formally lodge a grievance regarding the ongoing pattern of unpaid wage dispute within the Shop. The definitive breach transpired on 2026-06-20 at 01:59 hours, violating explicit terms of my employment contract and local statutory codes.",2025-06-05,2025-06-02,01:59,Physical,Shop,India,Uttar Pradesh,recent_past,No,False,False,True,False,False,5,1,human_written,USR458,REV399,synthetic_no_pii,test
SCN000422,Formal Complaint & Request for Protection: Dowry harassment,Domestic Violence,Dowry harassment,"Dear Protection Officer, I am writing to formally report an escalating pattern of domestic violence, specifically dowry harassment, at my residence. The latest major confrontation took place on 2026-06-24 around 14:16. I urgently request legal assistance and protective measures.",2025-06-22,2025-06-03,14:16,Hybrid,House,India,Telangana,past,No,False,True,True,False,False,3,2,human_written,USR278,REV681,synthetic_no_pii,test
SCN000423,Comprehensive review of commercial defective product delivery claim,Consumer Disputes,Defective product delivery,"On the date of 2026-06-30, a formal consumer conflict classified as defective product delivery manifested during a commercial interaction at the designated shop around 05:14. The transaction parameters reveal an explicit deviation from advertising claims or legal standards, directly compromising buyer safety and financial protection. Standard operational dispute channels were exhausted without success, prompting an escalation to statutory regulatory oversight mechanisms.",2025-06-25,2025-06-12,05:14,Hybrid,Shop,India,West Bengal,recent_past,No,False,False,True,True,True,2,1,expert_authored,USR554,REV827,synthetic_no_pii,validation
SCN000424,Cyber cell report regarding social media hacking,Cybercrime,Social media hacking,"Complainant reports unauthorized digital breach under social media hacking framework. On 2026-06-24 at approx 05:07 hours, malicious payloads or fraudulent links were deployed to misappropriate assets or credentials via Online platform. Digital logs preserved for forensic analysis.",2025-07-08,2025-06-14,05:07,Online,Online platform,India,Karnataka,past,No,False,False,True,False,True,2,3,expert_authored,USR320,REV606,synthetic_no_pii,train
SCN000425,Someone stole my stuff at the marketplace,Theft and robbery,Pickpocketing,"So I was just standing at the marketplace around 19:52 yesterday, checking my phone, when this guy suddenly rushed past me and grabbed my belongings out of nowhere! I didn't even have time to react or see his face properly. Totally shocked.",2025-07-10,2025-06-18,19:52,Physical,Marketplace,India,Gujarat,past,No,False,True,True,False,False,2,3,expert_authored,USR475,REV354,synthetic_no_pii,test
SCN000426,I just lost my savings to a complete cheque forgery,Financial Fraud,Cheque forgery,"So I went down to the office around 13:11 to check my balance, and I realized I was a victim of a massive cheque forgery. They completely forged my details and cleared out the pending funds out of nowhere. I don't even know how I'm going to manage this month's expenses.",2025-07-04,2025-06-18,13:11,Physical,Office,India,Gujarat,past,No,False,True,True,False,False,2,2,expert_authored,USR711,REV795,synthetic_no_pii,test
SCN000427,Formal Grievance: Urgent Resolution Required for Public nuisance dispute,Miscellaneous,Public nuisance dispute,"Dear Municipal Authorities, I am writing to formally log a civic grievance regarding the ongoing pattern of public nuisance dispute at the Road. The latest escalation occurred on 2026-06-26 at 13:27 hours, causing localized hazards that require immediate civic attention.",2025-07-02,2025-06-20,13:27,Physical,Road,India,Maharashtra,recent_past,No,False,False,True,False,False,2,1,expert_authored,USR357,REV133,synthetic_no_pii,validation
SCN000428,please help me domestic dispute urgent,Domestic Violence,Spousal physical abuse,he is screaming and throwing things again it's really bad spousal physical abuse right now at home since 02:37 hours. please call someone or come over i am hiding in the washroom right now text me back please,2025-06-28,2025-06-22,02:37,Physical,House,India,Karnataka,past,No,True,True,False,True,False,4,4,human_written,USR781,REV243,synthetic_no_pii,train
SCN000429,Motor vehicle accident report involving reckless driving confrontation,Traffic & Road Incidents,Reckless driving confrontation,"On 2026-06-30 at approximately 17:52 hours, a vehicular incident classified as reckless driving confrontation occurred on the designated highway. The offending vehicle failed to yield, causing impact and substantial structural damage. Case logged under regional motor vehicle acts.",2025-06-23,2025-06-22,17:52,Physical,Highway,India,West Bengal,recent_past,No,True,True,False,True,False,3,2,expert_authored,USR717,REV854,synthetic_no_pii,validation
SCN000430,My neighbors are completely committing land encroachment,Property Disputes,Land encroachment,"So I went out to check my plot around 21:44 today, and I saw they were actively setting up structures on my side! When I confronted them about this blatant land encroachment, they straight up threatened me and refused to move back. I am so stressed out right now.",2025-07-12,2025-06-27,21:44,Physical,Plot,India,Telangana,past,No,False,False,True,False,True,4,4,expert_authored,USR159,REV137,synthetic_no_pii,train
SCN000431,Reported financial irregularity involving cheque forgery,Financial Fraud,Cheque forgery,"Complainant reports a structured financial offense falling under the category of cheque forgery at the shop. The incident occurred on 2026-06-21 at approximately 21:30 hours, wherein deceptive documentation was presented to misappropriate corporate or individual monetary assets. Audit trails have been preserved.",2025-07-15,2025-06-28,21:30,Physical,Shop,India,Tamil Nadu,recent_past,No,False,False,True,True,True,1,2,expert_authored,USR973,REV280,synthetic_no_pii,train
SCN000432,Cyber cell report regarding phishing scam,Cybercrime,Phishing scam,"Complainant reports unauthorized digital breach under phishing scam framework. On 2026-06-30 at approx 21:06 hours, malicious payloads or fraudulent links were deployed to misappropriate assets or credentials via Online platform. Digital logs preserved for forensic analysis.",2025-07-18,2025-06-30,21:06,Online,Online platform,India,Tamil Nadu,past,No,False,False,True,True,True,2,2,expert_authored,USR143,REV622,synthetic_no_pii,test
SCN000433,Bystander log of a traffic signal violation dispute,Traffic & Road Incidents,Traffic signal violation dispute,"The witness observed a major traffic disruption unfolding near the highway around 08:01. A driver committed a blatant traffic signal violation dispute, resulting in an immediate vehicle collision and a heated argument between the affected commuters before police arrived.",2025-07-10,2025-06-30,08:01,Physical,Highway,India,Telangana,recent_past,No,False,False,False,True,False,3,1,expert_authored,USR553,REV689,synthetic_no_pii,test
SCN000434,management issue unfair termination,Employment/Labour,Unfair termination,"hey guys bad news. just had a huge fight with HR at the Online platform regarding unfair termination around 19:25 today. they are trying to cheat us out of our terms or fire people arbitrarily. check your emails immediately, we need to stand together on this",2025-07-28,2025-07-02,19:25,Online,Online platform,India,Maharashtra,recent_past,No,False,False,True,True,True,2,4,synthetic_reviewed,USR751,REV416,synthetic_no_pii,test
SCN000435,urgent help needed armed robbery,Theft and robbery,Armed robbery,omg someone just took my things at the Highway!!! occurred just now around 10:54 hours. anyone nearby please help or tell me where the nearest police booth is asap!! lost everything inside my bag,2025-07-09,2025-07-06,10:54,Physical,Highway,India,Gujarat,recent_past,No,True,True,True,True,False,3,2,synthetic_reviewed,USR998,REV701,synthetic_no_pii,test
SCN000436,This person literally threatened me at the apartment,Assault & Threats,Domestic dispute,"I was just minding my own business at the apartment around 16:34, when this aggressive person started shouting at me out of nowhere. Then it escalated into a complete domestic dispute and they said they'd hurt me if they saw me again. Genuinely terrified.",2025-07-30,2025-07-09,16:34,Physical,Apartment,India,Delhi,past,No,False,True,False,False,False,3,4,human_written,USR936,REV301,synthetic_no_pii,challenge
SCN000437,Commercial dispute involving overcharging and hidden fees,Consumer Disputes,Overcharging and hidden fees,"A transactional incident concerning overcharging and hidden fees broke out at the local shop at 16:27. The buyer alleged a direct breach of contractual terms regarding product quality or billing accuracy, resulting in an active consumer dispute.",2025-08-05,2025-07-10,16:27,Physical,Shop,India,Tamil Nadu,recent_past,No,False,False,True,False,True,2,2,expert_authored,USR492,REV126,synthetic_no_pii,challenge
SCN000438,Formal Complaint: Urgent Traffic Safety Violation - Traffic signal violation dispute,Traffic & Road Incidents,Traffic signal violation dispute,"Dear Traffic Police Commissioner, I am writing to formally report an escalating safety issue, specifically a recent traffic signal violation dispute that occurred at the Highway. The incident took place on 2026-07-18 at 22:46 hours, creating significant hazards for other motorists.",2025-07-24,2025-07-13,22:46,Physical,Highway,India,Maharashtra,past,No,False,False,False,True,False,4,1,synthetic_reviewed,USR420,REV994,synthetic_no_pii,validation
SCN000439,urgent property issue inheritance property claim,Property Disputes,Inheritance property claim,guys please help they are trying to take over the Plot right now!! experiencing a severe inheritance property claim since 17:55. they brought workers and are breaking down boundaries. please check if anyone can come over fast,2025-07-23,2025-07-14,17:55,Hybrid,Plot,India,Gujarat,past,No,False,False,True,True,True,2,4,synthetic_reviewed,USR370,REV406,synthetic_no_pii,train
SCN000440,Detailed cyber forensic summary of ransomware attack exploit,Cybercrime,Ransomware attack,"On the date of 2026-07-03, an advanced threat actor initiated an exploit categorized under ransomware attack targeting remote infrastructures at approximately 07:44. The intrusion vectors reveal highly organized techniques using social engineering methods or brute-force automation to penetrate authorization systems on the Online platform. Immediate isolation of the network endpoints was executed to limit exposure within the regional jurisdiction.",2025-07-17,2025-07-16,07:44,Online,Online platform,India,Maharashtra,recent_past,No,False,True,True,True,False,1,2,human_written,USR485,REV454,synthetic_no_pii,validation
SCN000441,Someone stole my stuff at the parking lot,Theft and robbery,Vehicle theft,"So I was just standing at the parking lot around 11:53 yesterday, checking my phone, when this guy suddenly rushed past me and grabbed my belongings out of nowhere! I didn't even have time to react or see his face properly. Totally shocked.",2025-08-10,2025-07-19,11:53,Physical,Parking lot,India,Maharashtra,ongoing,No,False,False,True,False,False,3,3,human_written,USR197,REV628,synthetic_no_pii,test
SCN000442,Witness statement regarding online harassment & threats,Assault & Threats,Online harassment & threats,"The bystander reported observing a heated argument developing near the online platform around 15:24. The confrontation quickly turned into a online harassment & threats, with one individual visibly projecting physical intimidation towards the other party before crowds gathered to separate them.",2025-08-01,2025-07-21,15:24,Online,Online platform,India,Tamil Nadu,past,No,False,True,False,False,False,3,4,expert_authored,USR681,REV330,synthetic_no_pii,test
SCN000443,Cyber cell report regarding cyberstalking,Cybercrime,Cyberstalking,"Complainant reports unauthorized digital breach under cyberstalking framework. On 2026-06-21 at approx 01:29 hours, malicious payloads or fraudulent links were deployed to misappropriate assets or credentials via House. Digital logs preserved for forensic analysis.",2025-08-18,2025-07-22,01:29,Hybrid,House,India,Maharashtra,past,No,False,True,False,False,False,3,2,human_written,USR651,REV419,synthetic_no_pii,train
SCN000444,Commercial dispute involving false advertising and misrepresentation,Consumer Disputes,False advertising and misrepresentation,"A transactional incident concerning false advertising and misrepresentation broke out at the local showroom at 18:17. The buyer alleged a direct breach of contractual terms regarding product quality or billing accuracy, resulting in an active consumer dispute.",2025-08-01,2025-07-25,18:17,Physical,Showroom,India,Delhi,past,No,False,False,True,False,True,2,2,expert_authored,USR942,REV744,synthetic_no_pii,train
SCN000445,My company is putting me through safe working conditions violation,Employment/Labour,Safe working conditions violation,"I've been working at this factory for months, and around 15:00 yesterday, things hit a breaking point with a massive safe working conditions violation. They literally refused to settle what was rightfully owed to me and told me to just leave if I didn't like it. I'm so stressed about how I'm going to pay my rent.",2025-08-02,2025-07-28,15:00,Physical,Factory,India,Maharashtra,past,No,True,False,True,True,True,2,2,expert_authored,USR917,REV721,synthetic_no_pii,validation
SCN000446,Formal Grievance: Unfair Trade Practice & Expired or contaminated goods sale,Consumer Disputes,Expired or contaminated goods sale,"Dear Consumer Forum Support, I am writing to formally register a merchant complaint regarding a severe instance of expired or contaminated goods sale that occurred at Kirana store on 2026-07-12 at 13:00 hours. Despite multiple amicable requests, the management refused to honor the standard consumer guarantees.",2025-08-24,2025-07-29,13:00,Physical,Kirana store,India,Gujarat,past,No,True,False,True,False,True,2,3,expert_authored,USR556,REV601,synthetic_no_pii,test
SCN000447,Coworker testimony on safe working conditions violation,Employment/Labour,Safe working conditions violation,"The observer witnessed an intense disagreement between the management and an employee inside the workplace around 16:34. The context of the dispute was clearly a severe case of safe working conditions violation, with the supervisor dismissing the employee's legitimate safety or financial claims arbitrarily.",2025-08-11,2025-07-30,16:34,Physical,Workplace,India,Gujarat,recent_past,No,True,False,True,True,True,3,2,human_written,USR518,REV221,synthetic_no_pii,train
SCN000448,alert dont open links identity theft,Cybercrime,Identity theft,hey guys warning someone hacked my account via identity theft just now around 11:27!! if u get any weird text or payment requests from me DO NOT transfer any money it is a fraud scam click nothing,2025-08-07,2025-08-04,11:27,Online,Online platform,India,Delhi,recent_past,No,False,False,False,True,False,3,1,human_written,USR914,REV731,synthetic_no_pii,challenge
SCN000449,Dealing with a messy alimony and maintenance claim,Family Law,Alimony and maintenance claim,"So I was waiting at the house around 01:31 today for my scheduled meeting, when my ex turned up and started an absolute argument over our alimony and maintenance claim. They completely refused to abide by what the court originally decided. I'm just so drained by this ongoing legal battle.",2025-08-13,2025-08-05,01:31,Hybrid,House,India,Telangana,past,No,False,False,True,True,True,2,2,expert_authored,USR646,REV666,synthetic_no_pii,challenge
SCN000450,Formal Grievance: Cyber Fraud and Phishing scam Incident,Cybercrime,Phishing scam,"Dear Cyber Crime Portal, I am writing to register an official cybercrime incident regarding phishing scam that targets my system. At 12:19 on 2026-07-17, illegal server access was achieved through the Mobile app, leading to severe data breach and financial compromise.",2025-08-27,2025-08-06,12:19,Online,Mobile app,India,Gujarat,past,No,False,False,True,False,True,1,3,expert_authored,USR753,REV420,synthetic_no_pii,train
SCN000451,Confrontation involving domestic dispute,Assault & Threats,Domestic dispute,"An incident involving sudden domestic dispute broke out at the apartment around 17:33. The aggressor initiated intense physical or verbal hostility against the victim, forcing bystanders to intervene to prevent further escalation.",2025-09-04,2025-08-07,17:33,Physical,Apartment,India,Uttar Pradesh,past,No,False,True,False,True,False,4,1,human_written,USR351,REV459,synthetic_no_pii,challenge
SCN000452,Reported incident of road rage assault at road,Assault & Threats,Road rage assault,"Complainant states that on 2026-06-23 at approximately 18:40 hours, a severe case of road rage assault transpired at Road. The accused allegedly engaged in hostile behavior, posing immediate threat to the victim. Medical examination conducted where applicable.",2025-08-18,2025-08-07,18:40,Physical,Road,India,Karnataka,recent_past,No,True,True,True,False,True,2,1,synthetic_reviewed,USR986,REV386,synthetic_no_pii,challenge
SCN000453,Reported incident of road rage assault at road,Assault & Threats,Road rage assault,"Complainant states that on 2026-07-16 at approximately 13:54 hours, a severe case of road rage assault transpired at Road. The accused allegedly engaged in hostile behavior, posing immediate threat to the victim. Medical examination conducted where applicable.",2025-08-17,2025-08-10,13:54,Physical,Road,India,West Bengal,past,No,True,True,True,False,False,3,1,human_written,USR619,REV159,synthetic_no_pii,challenge
SCN000454,I think my accounts just got wiped out by a ransomware attack,Cybercrime,Ransomware attack,"So I clicked this link thinking it was an official notification around 06:36 yesterday, and suddenly I was locked out of my account. I realized it was a total ransomware attack when my savings started moving out. I'm completely panicking right now.",2025-09-14,2025-08-16,06:36,Online,Workplace,India,Uttar Pradesh,past,No,False,True,True,True,True,3,2,expert_authored,USR697,REV719,synthetic_no_pii,validation
SCN000455,I think my accounts just got wiped out by a social media hacking,Cybercrime,Social media hacking,"So I clicked this link thinking it was an official notification around 01:51 yesterday, and suddenly I was locked out of my account. I realized it was a total social media hacking when my savings started moving out. I'm completely panicking right now.",2025-08-21,2025-08-18,01:51,Online,Online platform,India,Karnataka,past,No,False,True,True,True,True,2,2,expert_authored,USR999,REV414,synthetic_no_pii,test
SCN000456,I don't feel safe in my own home because of dowry harassment,Domestic Violence,Dowry harassment,"It happened again at home around 09:45. Things escalated so quickly and it turned into full-blown dowry harassment. I was locked inside the room and couldn't even reach out to anyone until now. I honestly don't know what to do anymore, I am so scared.",2025-08-31,2025-08-19,09:45,Hybrid,House,India,Delhi,past,No,False,True,False,True,False,4,4,synthetic_reviewed,USR477,REV511,synthetic_no_pii,train
SCN000457,My neighbors are completely committing illegal property possession,Property Disputes,Illegal property possession,"So I went out to check my house around 08:02 today, and I saw they were actively setting up structures on my side! When I confronted them about this blatant illegal property possession, they straight up threatened me and refused to move back. I am so stressed out right now.",2025-09-13,2025-08-21,08:02,Physical,House,India,Delhi,past,No,False,True,True,True,True,2,1,synthetic_reviewed,USR670,REV775,synthetic_no_pii,test
SCN000458,Reported case of domestic violence involving dowry harassment,Domestic Violence,Dowry harassment,"Complainant reports ongoing domestic grievances at the shared residence. On 2026-07-14 at 12:33 hours, a severe incident involving dowry harassment occurred, resulting in immediate emotional and physical distress. Intervention was requested by the victim's family members.",2025-09-14,2025-08-23,12:33,Hybrid,House,India,Maharashtra,recent_past,No,False,True,False,True,False,4,3,human_written,USR181,REV535,synthetic_no_pii,validation
SCN000459,Witness account of house burglary,Theft and robbery,House burglary,"The observer noticed two suspicious individuals loitering near the house around 03:55. Shortly after, they approached the victim from behind, forcefully committed house burglary, and fled the scene on a two-wheeler heading north.",2025-09-20,2025-08-23,03:55,Physical,House,India,Telangana,past,No,False,True,True,False,False,1,2,expert_authored,USR436,REV392,synthetic_no_pii,test
SCN000460,Someone stole my stuff at the garage,Theft and robbery,Vehicle theft,"So I was just standing at the garage around 14:40 yesterday, checking my phone, when this guy suddenly rushed past me and grabbed my belongings out of nowhere! I didn't even have time to react or see his face properly. Totally shocked.",2025-09-09,2025-08-26,14:40,Physical,Garage,India,Telangana,past,No,False,True,True,False,True,2,1,human_written,USR873,REV883,synthetic_no_pii,validation
SCN000461,Reported consumer grievance regarding refusal of service refund,Consumer Disputes,Refusal of service refund,"Complainant states that on 2026-07-10 at approximately 23:00 hours, a transaction dispute involving refusal of service refund occurred at Workplace. The vendor reportedly engaged in unfair trade practices, failing to resolve the commercial non-compliance. Relevant purchase invoices have been logged.",2025-09-08,2025-08-28,23:00,Hybrid,Workplace,India,West Bengal,past,No,False,True,True,True,True,3,1,human_written,USR138,REV371,synthetic_no_pii,validation
SCN000462,Witness statement regarding verbal intimidation,Assault & Threats,Verbal intimidation,"The bystander reported observing a heated argument developing near the workplace around 19:40. The confrontation quickly turned into a verbal intimidation, with one individual visibly projecting physical intimidation towards the other party before crowds gathered to separate them.",2025-09-16,2025-09-01,19:40,Hybrid,Workplace,India,West Bengal,recent_past,No,False,True,True,False,True,2,1,synthetic_reviewed,USR745,REV484,synthetic_no_pii,validation
SCN000463,Reported labor dispute regarding unfair termination,Employment/Labour,Unfair termination,"Complainant registers a formal grievance concerning employer violations under the category of unfair termination at the designated workplace. The incident occurred on 2026-06-28 at approximately 08:16 hours, wherein the management failed to comply with statutory labor provisions. Corporate payroll and logs have been requested.",2025-09-21,2025-09-03,08:16,Hybrid,Workplace,India,Gujarat,past,No,False,False,True,False,True,5,4,synthetic_reviewed,USR317,REV318,synthetic_no_pii,challenge
SCN000464,Detailed analysis of house burglary occurrence,Theft and robbery,House burglary,"On the date of 2026-06-25, a major incidence of house burglary was executed at the designated apartment under complex environmental circumstances. The perpetrator leveraged the crowded nature of the location to approach undetected, exploiting a momentary lapse in security vigilance. Following the commission of the act, the individual navigated through the exit corridors effectively evading immediate pursuit. Emergency services were notified subsequently, initiating a localized investigation into the security vulnerabilities of this particular jurisdiction.",2025-09-05,2025-09-03,05:51,Physical,Apartment,India,Delhi,recent_past,No,False,False,True,True,False,4,4,synthetic_reviewed,USR977,REV360,synthetic_no_pii,validation
SCN000465,Formal Grievance: Unauthorized Transaction and Credit card cloning,Financial Fraud,Credit card cloning,"Dear Nodal Officer / Bank Authority, I am writing to formally log an emergency grievance regarding an severe case of credit card cloning executed against my portfolio through the ATM. The breach occurred on 2026-07-11 at 06:59 hours, violating standard security checks and clearing mechanisms.",2025-09-05,2025-09-04,06:59,Physical,ATM,India,Karnataka,recent_past,No,False,False,True,True,True,2,4,human_written,USR500,REV229,synthetic_no_pii,train
SCN000466,IT specialist observation of ransomware attack,Cybercrime,Ransomware attack,"The system administrator observed anomalous traffic originating from unauthorized servers around 13:30, confirming a systemwide ransomware attack. The victim was actively manipulated into bypassing authentication protocols on the Shop platform.",2025-10-04,2025-09-10,13:30,Online,Shop,India,Karnataka,past,No,False,True,True,False,True,2,4,synthetic_reviewed,USR115,REV276,synthetic_no_pii,validation
SCN000467,Someone stole my stuff at the showroom,Theft and robbery,Shopbreaking,"So I was just standing at the showroom around 16:57 yesterday, checking my phone, when this guy suddenly rushed past me and grabbed my belongings out of nowhere! I didn't even have time to react or see his face properly. Totally shocked.",2025-09-16,2025-09-10,16:57,Physical,Showroom,India,Delhi,recent_past,No,False,True,True,True,False,2,1,synthetic_reviewed,USR857,REV408,synthetic_no_pii,train
SCN000468,Real estate dispute involving tenant-landlord conflict,Property Disputes,Tenant-landlord conflict,"A property conflict classified under tenant-landlord conflict was documented at the shop at 06:42. The dispute involves contested boundaries and ownership titles, requiring civil or criminal mediation to preserve public order.",2025-09-23,2025-09-12,06:42,Hybrid,Shop,India,Telangana,recent_past,No,False,False,True,False,True,2,4,synthetic_reviewed,USR315,REV231,synthetic_no_pii,test
SCN000469,Formal Complaint Regarding Pickpocketing Incident,Theft and robbery,Pickpocketing,"Dear Authority, I am writing to formally lodge a complaint regarding a pickpocketing incident that transpired at the Railway station on 2026-07-14. The incident occurred around 11:05, resulting in the unauthorized taking of my personal property. I request your immediate intervention to review CCTV footage.",2025-10-08,2025-09-14,11:05,Physical,Railway station,India,Tamil Nadu,recent_past,No,False,False,True,False,True,2,2,expert_authored,USR808,REV408,synthetic_no_pii,challenge
SCN000470,Comprehensive review of verbal intimidation event,Assault & Threats,Verbal intimidation,"On the afternoon of 2026-07-12, an escalating conflict classified under verbal intimidation manifested at the specified workplace. Initial verbal friction rapidly degenerated into targeted hostility, establishing clear intent of intimidation and potential bodily harm. The victim sought refuge immediately while nearby witnesses attempted to de-escalate the situation. Security personnel were subsequently informed to review the breach of safety within the jurisdiction.",2025-09-28,2025-09-18,20:31,Physical,Workplace,India,Gujarat,past,No,False,True,True,True,False,3,4,human_written,USR771,REV374,synthetic_no_pii,test
SCN000471,Formal Complaint Regarding Shopbreaking Incident,Theft and robbery,Shopbreaking,"Dear Authority, I am writing to formally lodge a complaint regarding a shopbreaking incident that transpired at the Shop on 2026-07-14. The incident occurred around 03:43, resulting in the unauthorized taking of my personal property. I request your immediate intervention to review CCTV footage.",2025-09-24,2025-09-19,03:43,Physical,Shop,India,Uttar Pradesh,recent_past,No,False,False,True,False,True,1,3,human_written,USR521,REV315,synthetic_no_pii,test
SCN000472,Reported case of online phishing theft at online platform,Theft and robbery,Online phishing theft,"Complainant states that on 2026-07-03 at approximately 20:49 hours, an incident of online phishing theft occurred at Online platform. The perpetrator description matches a male individual height approx 5'8"". Property loss reported. Case registered under relevant sections.",2025-10-16,2025-09-22,20:49,Hybrid,Online platform,India,Uttar Pradesh,past,No,False,True,True,False,True,2,2,synthetic_reviewed,USR584,REV533,synthetic_no_pii,challenge
SCN000473,Detailed documentation of emotional and verbal abuse case,Domestic Violence,Emotional and verbal abuse,"On the date of 2026-06-30, a highly contentious domestic incident manifesting as emotional and verbal abuse occurred within the private residence. The conflict reportedly originated from long-standing domestic pressures and rapidly intensified into aggressive behavior around 11:06. The victim sustained significant psychological and physical strain before external family structures could be notified. Local authorities are reviewing the continuous pattern of behavior under the protection laws of the jurisdiction.",2025-10-05,2025-09-22,11:06,Physical,Residential street,India,Maharashtra,recent_past,No,False,True,False,False,True,3,5,synthetic_reviewed,USR381,REV287,synthetic_no_pii,test
SCN000474,Public environment matter involving minor civic infrastructure issue,Miscellaneous,Minor civic infrastructure issue,"A civic or localized incident classified under minor civic infrastructure issue manifested at the designated plot at 03:12. The matter represents a general public inconvenience rather than a high-severity crime, requiring standard regulatory oversight.",2025-10-21,2025-09-23,03:12,Physical,Plot,India,West Bengal,past,No,False,False,True,False,False,3,3,human_written,USR187,REV218,synthetic_no_pii,validation
SCN000475,Reported labor dispute regarding unfair termination,Employment/Labour,Unfair termination,"Complainant registers a formal grievance concerning employer violations under the category of unfair termination at the designated office. The incident occurred on 2026-07-17 at approximately 13:55 hours, wherein the management failed to comply with statutory labor provisions. Corporate payroll and logs have been requested.",2025-10-17,2025-09-25,13:55,Online,Office,India,Karnataka,recent_past,No,False,False,False,True,True,5,2,human_written,USR427,REV165,synthetic_no_pii,test
SCN000476,Formal Grievance: Unauthorized Transaction and Cheque forgery,Financial Fraud,Cheque forgery,"Dear Nodal Officer / Bank Authority, I am writing to formally log an emergency grievance regarding an severe case of cheque forgery executed against my portfolio through the Bank. The breach occurred on 2026-07-19 at 16:32 hours, violating standard security checks and clearing mechanisms.",2025-09-30,2025-09-26,16:32,Physical,Bank,India,Delhi,past,No,False,False,True,True,True,4,4,human_written,USR235,REV176,synthetic_no_pii,validation
SCN000477,heads up civic problem lost item reporting,Miscellaneous,Lost item reporting,hey guys warning if u are passing by the Shop right now!! there is a massive lost item reporting that happened around 22:41 today. try to take a different route if possible to avoid getting stuck or delayed,2025-10-10,2025-10-02,22:41,Physical,Shop,India,Uttar Pradesh,recent_past,No,False,False,True,False,True,2,1,synthetic_reviewed,USR608,REV111,synthetic_no_pii,test
SCN000478,Reported labor dispute regarding breach of employment contract,Employment/Labour,Breach of employment contract,"Complainant registers a formal grievance concerning employer violations under the category of breach of employment contract at the designated online platform. The incident occurred on 2026-06-25 at approximately 02:28 hours, wherein the management failed to comply with statutory labor provisions. Corporate payroll and logs have been requested.",2025-10-17,2025-10-03,02:28,Hybrid,Online platform,India,Maharashtra,past,No,False,False,True,True,True,2,2,human_written,USR587,REV664,synthetic_no_pii,challenge
SCN000479,please help me domestic dispute urgent,Domestic Violence,Dowry harassment,he is screaming and throwing things again it's really bad dowry harassment right now at home since 14:15 hours. please call someone or come over i am hiding in the washroom right now text me back please,2025-11-01,2025-10-08,14:15,Physical,Apartment,India,Tamil Nadu,recent_past,No,False,True,True,True,True,2,1,human_written,USR576,REV327,synthetic_no_pii,test
SCN000480,Urgent Complaint: Incident of Verbal intimidation at Residential street,Assault & Threats,Verbal intimidation,"Dear Management, I am writing to formally log a grievance regarding a distressing incident of verbal intimidation that occurred today at approximately 17:11 within the Residential street. The aggressive posturing and direct threats have created an incredibly hostile and unsafe environment.",2025-10-13,2025-10-08,17:11,Hybrid,Residential street,India,West Bengal,past,No,False,True,True,False,False,5,1,synthetic_reviewed,USR899,REV144,synthetic_no_pii,challenge
SCN000481,Coworker testimony on safe working conditions violation,Employment/Labour,Safe working conditions violation,"The observer witnessed an intense disagreement between the management and an employee inside the construction site around 00:26. The context of the dispute was clearly a severe case of safe working conditions violation, with the supervisor dismissing the employee's legitimate safety or financial claims arbitrarily.",2025-10-19,2025-10-10,00:26,Physical,Construction site,India,Telangana,past,No,True,False,True,False,True,4,1,human_written,USR934,REV542,synthetic_no_pii,validation
SCN000482,massive traffic block reckless driving confrontation,Traffic & Road Incidents,Reckless driving confrontation,guys stay away from the Road right now! just witnessed a crazy reckless driving confrontation around 00:06 hours. cars are badly damaged and traffic is completely backed up. emergency services are arriving just now,2025-11-14,2025-10-17,00:06,Physical,Road,India,Telangana,past,No,False,False,False,True,False,3,1,expert_authored,USR897,REV245,synthetic_no_pii,validation
SCN000483,Formal Complaint Regarding House burglary Incident,Theft and robbery,House burglary,"Dear Authority, I am writing to formally lodge a complaint regarding a house burglary incident that transpired at the House on 2026-07-12. The incident occurred around 22:32, resulting in the unauthorized taking of my personal property. I request your immediate intervention to review CCTV footage.",2025-11-11,2025-10-17,22:32,Physical,House,India,West Bengal,recent_past,No,False,False,True,False,True,3,4,expert_authored,USR787,REV149,synthetic_no_pii,validation
SCN000484,urgent property issue boundary wall dispute,Property Disputes,Boundary wall dispute,guys please help they are trying to take over the Plot right now!! experiencing a severe boundary wall dispute since 14:14. they brought workers and are breaking down boundaries. please check if anyone can come over fast,2025-10-28,2025-10-19,14:14,Physical,Plot,India,Maharashtra,recent_past,No,False,True,True,False,True,2,2,expert_authored,USR827,REV928,synthetic_no_pii,challenge
SCN000485,Commercial dispute involving expired or contaminated goods sale,Consumer Disputes,Expired or contaminated goods sale,"A transactional incident concerning expired or contaminated goods sale broke out at the local kirana store at 09:01. The buyer alleged a direct breach of contractual terms regarding product quality or billing accuracy, resulting in an active consumer dispute.",2025-11-15,2025-10-22,09:01,Physical,Kirana store,India,Maharashtra,recent_past,No,False,False,True,True,True,3,2,human_written,USR831,REV574,synthetic_no_pii,test
SCN000486,Domestic incident involving economic deprivation,Domestic Violence,Economic deprivation,"An incident of domestic distress categorized as economic deprivation occurred inside a residential premises at 12:14. The dispute caused a severe breach of domestic peace, requiring immediate support and mediation for the affected individuals.",2025-11-15,2025-10-24,12:14,Hybrid,House,India,Karnataka,past,No,False,True,False,True,False,3,1,synthetic_reviewed,USR106,REV715,synthetic_no_pii,validation
SCN000487,Formal Complaint Regarding Online phishing theft Incident,Theft and robbery,Online phishing theft,"Dear Authority, I am writing to formally lodge a complaint regarding a online phishing theft incident that transpired at the Mobile app on 2026-06-23. The incident occurred around 15:09, resulting in the unauthorized taking of my personal property. I request your immediate intervention to review CCTV footage.",2025-10-28,2025-10-27,15:09,Hybrid,Mobile app,India,Uttar Pradesh,past,No,False,True,True,True,False,4,3,human_written,USR438,REV686,synthetic_no_pii,validation
SCN000488,Reported property conflict involving illegal property possession,Property Disputes,Illegal property possession,"Complainant reports a structural civil grievance regarding illegal property possession at the site located in apartment. On 2026-07-13 at 18:03 hours, opposing parties gathered and attempted unauthorized physical alterations. Property ownership documents have been submitted for verification.",2025-11-19,2025-10-27,18:03,Physical,Apartment,India,Uttar Pradesh,past,No,False,True,True,False,True,6,2,synthetic_reviewed,USR825,REV846,synthetic_no_pii,challenge
SCN000489,Formal Complaint: Urgent Traffic Safety Violation - Hit and run collision,Traffic & Road Incidents,Hit and run collision,"Dear Traffic Police Commissioner, I am writing to formally report an escalating safety issue, specifically a recent hit and run collision that occurred at the Road. The incident took place on 2026-06-20 at 12:56 hours, creating significant hazards for other motorists.",2025-11-06,2025-10-28,12:56,Physical,Road,India,Telangana,past,No,False,False,True,True,False,4,1,expert_authored,USR595,REV196,synthetic_no_pii,test
SCN000490,Detailed documentation of emotional and verbal abuse case,Domestic Violence,Emotional and verbal abuse,"On the date of 2026-07-10, a highly contentious domestic incident manifesting as emotional and verbal abuse occurred within the private residence. The conflict reportedly originated from long-standing domestic pressures and rapidly intensified into aggressive behavior around 10:02. The victim sustained significant psychological and physical strain before external family structures could be notified. Local authorities are reviewing the continuous pattern of behavior under the protection laws of the jurisdiction.",2025-11-23,2025-10-29,10:02,Physical,House,India,Tamil Nadu,recent_past,No,False,True,True,False,False,3,5,expert_authored,USR151,REV588,synthetic_no_pii,validation
SCN000491,White-collar offense via cheque forgery,Financial Fraud,Cheque forgery,"A high-value financial dispute categorized as cheque forgery was registered at the bank at 01:09. The incident involves deliberate corporate misrepresentation or instrument forgery, requiring specialized forensic financial review.",2025-11-19,2025-11-03,01:09,Physical,Bank,India,Maharashtra,recent_past,No,False,False,True,False,True,1,4,expert_authored,USR408,REV814,synthetic_no_pii,test
SCN000492,IT specialist observation of online banking fraud,Cybercrime,Online banking fraud,"The system administrator observed anomalous traffic originating from unauthorized servers around 05:12, confirming a systemwide online banking fraud. The victim was actively manipulated into bypassing authentication protocols on the Mobile app platform.",2025-11-20,2025-11-03,05:12,Online,Mobile app,India,Delhi,recent_past,No,False,True,True,False,False,2,4,human_written,USR468,REV102,synthetic_no_pii,train
SCN000493,avoid this place fraud defective product delivery,Consumer Disputes,Defective product delivery,guys heads up do NOT buy anything from that Online platform!! just experienced a massive defective product delivery around 13:05 today. they completely cheated me on the transaction and refused a refund. super sketchy service watch out,2025-11-07,2025-11-04,13:05,Hybrid,Online platform,India,Delhi,past,No,False,False,True,True,True,2,4,expert_authored,USR555,REV564,synthetic_no_pii,test
SCN000494,Bystander report of a domestic family dispute,Family Law,Restitution of conjugal rights,"The observer noted a highly emotional confrontation between two estranged family members outside the house around 05:52. The argument was explicitly regarding a severe case of restitution of conjugal rights, with both sides loudly contesting rights before local residents requested calm.",2025-12-04,2025-11-07,05:52,Physical,House,India,Tamil Nadu,recent_past,No,False,False,True,True,True,4,1,expert_authored,USR461,REV339,synthetic_no_pii,train
SCN000495,I don't feel safe in my own home because of emotional and verbal abuse,Domestic Violence,Emotional and verbal abuse,"It happened again at home around 17:29. Things escalated so quickly and it turned into full-blown emotional and verbal abuse. I was locked inside the room and couldn't even reach out to anyone until now. I honestly don't know what to do anymore, I am so scared.",2025-11-14,2025-11-09,17:29,Physical,Residential street,India,Tamil Nadu,past,No,False,True,False,True,False,3,1,expert_authored,USR214,REV999,synthetic_no_pii,test
SCN000496,They literally ripped me off with defective product delivery,Consumer Disputes,Defective product delivery,"So I went to this online platform around 05:47 and explicitly paid for premium service, but I faced absolute defective product delivery instead. When I asked the manager to fix it or give my money back, they were super rude and completely brushed me off. Never buying from here again.",2025-12-02,2025-11-11,05:47,Physical,Online platform,India,Gujarat,past,No,False,True,True,False,True,2,4,synthetic_reviewed,USR569,REV335,synthetic_no_pii,validation
SCN000497,Confrontation involving road rage assault,Assault & Threats,Road rage assault,"An incident involving sudden road rage assault broke out at the road around 09:47. The aggressor initiated intense physical or verbal hostility against the victim, forcing bystanders to intervene to prevent further escalation.",2025-11-13,2025-11-12,09:47,Physical,Road,India,Gujarat,past,No,False,True,False,True,False,2,3,human_written,USR688,REV378,synthetic_no_pii,challenge
SCN000498,Public environment matter involving lost item reporting,Miscellaneous,Lost item reporting,"A civic or localized incident classified under lost item reporting manifested at the designated shop at 02:42. The matter represents a general public inconvenience rather than a high-severity crime, requiring standard regulatory oversight.",2025-12-03,2025-11-12,02:42,Physical,Shop,India,Maharashtra,past,No,False,False,True,True,False,2,3,synthetic_reviewed,USR397,REV816,synthetic_no_pii,validation
SCN000499,Urgent Complaint: Incident of Physical altercation at Road,Assault & Threats,Physical altercation,"Dear Management, I am writing to formally log a grievance regarding a distressing incident of physical altercation that occurred today at approximately 06:39 within the Road. The aggressive posturing and direct threats have created an incredibly hostile and unsafe environment.",2025-11-19,2025-11-15,06:39,Physical,Road,India,West Bengal,recent_past,No,True,True,True,False,True,2,3,expert_authored,USR934,REV221,synthetic_no_pii,validation
SCN000500,Bystander log of a public nuisance dispute,Miscellaneous,Public nuisance dispute,"The observer noted a minor public disturbance developing near the local residential street around 19:23. The situation involved a distinct public nuisance dispute, drawing the attention of passing commuters before local municipal workers arrived on site.",2025-12-18,2025-11-21,19:23,Physical,Residential street,India,Gujarat,past,No,False,False,False,True,True,3,1,synthetic_reviewed,USR292,REV271,synthetic_no_pii,test
SCN000501,Detailed evaluation of institutional safe working conditions violation violation,Employment/Labour,Safe working conditions violation,"On the date of 2026-07-10, a major institutional friction classified as safe working conditions violation materialized at the specified construction site at approximately 11:07. The circumstances indicate structured operational non-compliance by the management regarding standard working protocols or financial settlements, directly compromising employee protections. Internal grievance workflows were completely bypassed by leadership, compelling the affected party to seek statutory legal remedies through regional labor councils.",2025-12-06,2025-11-21,11:07,Physical,Construction site,India,Tamil Nadu,recent_past,No,False,False,True,True,True,4,4,human_written,USR767,REV801,synthetic_no_pii,challenge
SCN000502,Bystander report of a domestic family dispute,Family Law,Guardianship dispute,"The observer noted a highly emotional confrontation between two estranged family members outside the apartment around 21:55. The argument was explicitly regarding a severe case of guardianship dispute, with both sides loudly contesting rights before local residents requested calm.",2025-11-30,2025-11-23,21:55,Physical,Apartment,India,West Bengal,recent_past,No,False,False,False,False,True,4,3,synthetic_reviewed,USR254,REV399,synthetic_no_pii,train
SCN000503,Reported case of domestic violence involving economic deprivation,Domestic Violence,Economic deprivation,"Complainant reports ongoing domestic grievances at the shared residence. On 2026-06-29 at 21:00 hours, a severe incident involving economic deprivation occurred, resulting in immediate emotional and physical distress. Intervention was requested by the victim's family members.",2025-12-11,2025-11-24,21:00,Physical,House,India,Karnataka,past,No,False,True,True,True,False,2,4,synthetic_reviewed,USR396,REV887,synthetic_no_pii,validation
SCN000504,Cyber cell report regarding phishing scam,Cybercrime,Phishing scam,"Complainant reports unauthorized digital breach under phishing scam framework. On 2026-07-11 at approx 12:02 hours, malicious payloads or fraudulent links were deployed to misappropriate assets or credentials via Online platform. Digital logs preserved for forensic analysis.",2025-12-05,2025-11-24,12:02,Online,Online platform,India,Delhi,recent_past,No,False,True,True,False,True,2,2,synthetic_reviewed,USR475,REV119,synthetic_no_pii,train
SCN000505,Comprehensive review of verbal intimidation event,Assault & Threats,Verbal intimidation,"On the afternoon of 2026-07-12, an escalating conflict classified under verbal intimidation manifested at the specified residential street. Initial verbal friction rapidly degenerated into targeted hostility, establishing clear intent of intimidation and potential bodily harm. The victim sought refuge immediately while nearby witnesses attempted to de-escalate the situation. Security personnel were subsequently informed to review the breach of safety within the jurisdiction.",2025-12-24,2025-11-30,13:06,Hybrid,Residential street,India,Telangana,recent_past,No,False,True,False,True,True,5,2,synthetic_reviewed,USR201,REV785,synthetic_no_pii,validation
SCN000506,Witness account of chain snatching,Theft and robbery,Chain snatching,"The observer noticed two suspicious individuals loitering near the alleyway around 09:43. Shortly after, they approached the victim from behind, forcefully committed chain snatching, and fled the scene on a two-wheeler heading north.",2025-12-04,2025-12-01,09:43,Physical,Alleyway,India,Gujarat,past,No,False,True,True,False,True,1,5,expert_authored,USR591,REV234,synthetic_no_pii,validation
SCN000507,Formal Complaint Regarding House burglary Incident,Theft and robbery,House burglary,"Dear Authority, I am writing to formally lodge a complaint regarding a house burglary incident that transpired at the House on 2026-06-22. The incident occurred around 11:16, resulting in the unauthorized taking of my personal property. I request your immediate intervention to review CCTV footage.",2025-12-03,2025-12-02,11:16,Physical,House,India,Maharashtra,recent_past,No,False,False,True,False,False,3,1,expert_authored,USR981,REV396,synthetic_no_pii,challenge
SCN000508,Neighbor's report of a domestic dispute,Domestic Violence,Economic deprivation,"The neighbor reported hearing intense shouting and objects breaking from the adjacent apartment around 21:41. Upon investigating, it appeared to be a severe case of economic deprivation transpiring within the household, prompting the neighbor to intervene and call for assistance.",2025-12-23,2025-12-07,21:41,Hybrid,House,India,Gujarat,recent_past,No,False,True,True,True,True,2,4,human_written,USR506,REV781,synthetic_no_pii,test
SCN000509,Witness account of shopbreaking,Theft and robbery,Shopbreaking,"The observer noticed two suspicious individuals loitering near the shop around 00:44. Shortly after, they approached the victim from behind, forcefully committed shopbreaking, and fled the scene on a two-wheeler heading north.",2026-01-12,2025-12-13,00:44,Physical,Shop,India,Delhi,recent_past,No,False,False,True,False,True,4,5,human_written,USR162,REV386,synthetic_no_pii,train
SCN000510,Detailed evaluation of institutional unpaid wage dispute violation,Employment/Labour,Unpaid wage dispute,"On the date of 2026-07-08, a major institutional friction classified as unpaid wage dispute materialized at the specified shop at approximately 06:13. The circumstances indicate structured operational non-compliance by the management regarding standard working protocols or financial settlements, directly compromising employee protections. Internal grievance workflows were completely bypassed by leadership, compelling the affected party to seek statutory legal remedies through regional labor councils.",2025-12-31,2025-12-13,06:13,Hybrid,Shop,India,Delhi,past,No,False,False,True,False,True,5,2,human_written,USR916,REV257,synthetic_no_pii,test
SCN000511,massive warning fraud alert cheque forgery,Financial Fraud,Cheque forgery,"guys freeze your accounts if you used that Office recently!! just discovered a major cheque forgery happened around 18:33 today. unauthorized charges are showing up on multiple profiles, notify your branch manager asap",2026-01-02,2025-12-15,18:33,Physical,Office,India,Maharashtra,recent_past,No,False,False,True,True,True,2,1,human_written,USR517,REV949,synthetic_no_pii,validation
SCN000512,Detailed evaluation of institutional workplace harassment violation,Employment/Labour,Workplace harassment,"On the date of 2026-07-03, a major institutional friction classified as workplace harassment materialized at the specified showroom at approximately 05:23. The circumstances indicate structured operational non-compliance by the management regarding standard working protocols or financial settlements, directly compromising employee protections. Internal grievance workflows were completely bypassed by leadership, compelling the affected party to seek statutory legal remedies through regional labor councils.",2026-01-09,2025-12-16,05:23,Hybrid,Showroom,India,Telangana,past,No,False,False,True,False,False,2,2,human_written,USR381,REV427,synthetic_no_pii,challenge
SCN000513,heads up civic problem stray animal hazard,Miscellaneous,Stray animal hazard,hey guys warning if u are passing by the Marketplace right now!! there is a massive stray animal hazard that happened around 01:05 today. try to take a different route if possible to avoid getting stuck or delayed,2026-01-07,2025-12-18,01:05,Physical,Marketplace,India,Uttar Pradesh,recent_past,No,False,False,True,True,False,1,1,expert_authored,USR545,REV809,synthetic_no_pii,validation
SCN000514,Formal Complaint Regarding Armed robbery Incident,Theft and robbery,Armed robbery,"Dear Authority, I am writing to formally lodge a complaint regarding a armed robbery incident that transpired at the Highway on 2026-07-20. The incident occurred around 12:24, resulting in the unauthorized taking of my personal property. I request your immediate intervention to review CCTV footage.",2025-12-26,2025-12-22,12:24,Physical,Highway,India,Delhi,ongoing,Yes,True,True,True,False,False,3,5,human_written,USR943,REV352,synthetic_no_pii,test
SCN000515,Formal Grievance: Urgent Resolution Required for Minor civic infrastructure issue,Miscellaneous,Minor civic infrastructure issue,"Dear Municipal Authorities, I am writing to formally log a civic grievance regarding the ongoing pattern of minor civic infrastructure issue at the Alleyway. The latest escalation occurred on 2026-07-06 at 05:24 hours, causing localized hazards that require immediate civic attention.",2025-12-27,2025-12-22,05:24,Physical,Alleyway,India,Karnataka,past,No,False,False,False,True,False,2,1,human_written,USR363,REV340,synthetic_no_pii,train
SCN000516,Formal Grievance: Cyber Fraud and Identity theft Incident,Cybercrime,Identity theft,"Dear Cyber Crime Portal, I am writing to register an official cybercrime incident regarding identity theft that targets my system. At 04:00 on 2026-06-25, illegal server access was achieved through the Workplace, leading to severe data breach and financial compromise.",2026-01-16,2025-12-23,04:00,Hybrid,Workplace,India,Karnataka,past,No,False,False,True,False,True,2,1,expert_authored,USR748,REV604,synthetic_no_pii,validation
SCN000517,Bystander report of a customer-vendor dispute,Consumer Disputes,Defective product delivery,"The observer noted a clear altercation developing at the counter of the online platform around 15:47. A customer was contesting a distinct case of defective product delivery, showing clear evidence to the merchant, who continuously refused liability or proper resolution.",2025-12-31,2025-12-23,15:47,Hybrid,Online platform,India,West Bengal,past,No,False,False,True,False,True,3,1,human_written,USR671,REV101,synthetic_no_pii,train
SCN000518,Bystander report of a boundary dispute,Property Disputes,Illegal property possession,"The observer witnessed an intense community argument unfolding near the house around 01:23. Several individuals were actively contesting an instance of illegal property possession, with local residents stepping in to prevent physical escalation before authorities were notified.",2026-01-27,2025-12-28,01:23,Physical,House,India,Uttar Pradesh,past,No,False,False,True,True,True,3,1,expert_authored,USR649,REV785,synthetic_no_pii,train
SCN000519,I think my accounts just got wiped out by a online banking fraud,Cybercrime,Online banking fraud,"So I clicked this link thinking it was an official notification around 12:04 yesterday, and suddenly I was locked out of my account. I realized it was a total online banking fraud when my savings started moving out. I'm completely panicking right now.",2026-01-21,2025-12-30,12:04,Online,Online platform,India,Telangana,ongoing,Yes,False,True,True,True,True,1,4,human_written,USR309,REV565,synthetic_no_pii,validation
SCN000520,Bystander log of a traffic signal violation dispute,Traffic & Road Incidents,Traffic signal violation dispute,"The witness observed a major traffic disruption unfolding near the highway around 00:51. A driver committed a blatant traffic signal violation dispute, resulting in an immediate vehicle collision and a heated argument between the affected commuters before police arrived.",2026-01-05,2026-01-02,00:51,Physical,Highway,India,Gujarat,recent_past,No,False,False,True,True,False,4,3,expert_authored,USR232,REV443,synthetic_no_pii,test
SCN000521,Vehicle theft at Garage,Theft and robbery,Vehicle theft,"A swift incident of vehicle theft took place at the local garage during peak hours. The victim lost valuable items instantly, and the unidentified suspect fled immediately before any bystanders could intervene.",2026-01-14,2026-01-03,00:02,Physical,Garage,India,Telangana,recent_past,No,False,True,True,False,False,2,3,human_written,USR607,REV385,synthetic_no_pii,train
SCN000522,Formal Grievance: Unfair Trade Practice & Defective product delivery,Consumer Disputes,Defective product delivery,"Dear Consumer Forum Support, I am writing to formally register a merchant complaint regarding a severe instance of defective product delivery that occurred at House on 2026-07-12 at 20:17 hours. Despite multiple amicable requests, the management refused to honor the standard consumer guarantees.",2026-02-04,2026-01-06,20:17,Physical,House,India,Uttar Pradesh,past,No,False,False,True,False,False,2,3,human_written,USR302,REV894,synthetic_no_pii,train
SCN000523,Reported incident of domestic dispute at apartment,Assault & Threats,Domestic dispute,"Complainant states that on 2026-07-13 at approximately 12:32 hours, a severe case of domestic dispute transpired at Apartment. The accused allegedly engaged in hostile behavior, posing immediate threat to the victim. Medical examination conducted where applicable.",2026-01-24,2026-01-06,12:32,Physical,Apartment,India,Karnataka,past,No,False,True,True,False,False,3,4,synthetic_reviewed,USR824,REV385,synthetic_no_pii,train
SCN000524,Confrontation involving domestic dispute,Assault & Threats,Domestic dispute,"An incident involving sudden domestic dispute broke out at the house around 01:13. The aggressor initiated intense physical or verbal hostility against the victim, forcing bystanders to intervene to prevent further escalation.",2026-01-17,2026-01-08,01:13,Physical,House,India,Gujarat,past,No,False,True,True,False,True,5,2,expert_authored,USR392,REV890,synthetic_no_pii,validation
SCN000525,I think my accounts just got wiped out by a phishing scam,Cybercrime,Phishing scam,"So I clicked this link thinking it was an official notification around 18:27 yesterday, and suddenly I was locked out of my account. I realized it was a total phishing scam when my savings started moving out. I'm completely panicking right now.",2026-01-23,2026-01-08,18:27,Online,Online platform,India,Tamil Nadu,recent_past,No,False,True,True,True,False,3,1,expert_authored,USR388,REV171,synthetic_no_pii,challenge
SCN000526,Vehicle theft at Parking lot,Theft and robbery,Vehicle theft,"A swift incident of vehicle theft took place at the local parking lot during peak hours. The victim lost valuable items instantly, and the unidentified suspect fled immediately before any bystanders could intervene.",2026-02-03,2026-01-10,12:50,Physical,Parking lot,India,Delhi,recent_past,No,False,True,True,False,True,3,5,human_written,USR788,REV535,synthetic_no_pii,validation
SCN000527,Formal Grievance: Unauthorized Transaction and Credit card cloning,Financial Fraud,Credit card cloning,"Dear Nodal Officer / Bank Authority, I am writing to formally log an emergency grievance regarding an severe case of credit card cloning executed against my portfolio through the Online platform. The breach occurred on 2026-06-29 at 03:54 hours, violating standard security checks and clearing mechanisms.",2026-01-15,2026-01-10,03:54,Hybrid,Online platform,India,Gujarat,past,No,False,False,True,True,True,3,2,synthetic_reviewed,USR364,REV834,synthetic_no_pii,challenge
SCN000528,Formal Grievance: Cyber Fraud and Cyberstalking Incident,Cybercrime,Cyberstalking,"Dear Cyber Crime Portal, I am writing to register an official cybercrime incident regarding cyberstalking that targets my system. At 10:01 on 2026-07-20, illegal server access was achieved through the Hostel, leading to severe data breach and financial compromise.",2026-01-17,2026-01-13,10:01,Online,Hostel,India,West Bengal,ongoing,Yes,False,True,False,True,False,2,1,human_written,USR260,REV926,synthetic_no_pii,train
SCN000529,Neighbor's report of a domestic dispute,Domestic Violence,Economic deprivation,"The neighbor reported hearing intense shouting and objects breaking from the adjacent apartment around 22:36. Upon investigating, it appeared to be a severe case of economic deprivation transpiring within the household, prompting the neighbor to intervene and call for assistance.",2026-01-31,2026-01-20,22:36,Physical,House,India,Uttar Pradesh,past,No,False,True,False,True,False,2,3,human_written,USR192,REV261,synthetic_no_pii,validation
SCN000530,need help asap threat at Road,Assault & Threats,Road rage assault,pls help someone is targeting me with road rage assault right now at the Road!! they are threatening to hit me or worse. happened around 06:56. is anyone nearby who can come stay with me? urgent,2026-02-07,2026-01-20,06:56,Physical,Road,India,Gujarat,past,No,False,True,True,False,True,3,3,expert_authored,USR912,REV651,synthetic_no_pii,challenge
SCN000531,Matrimonial conflict involving restitution of conjugal rights,Family Law,Restitution of conjugal rights,"A family civil dispute categorized as restitution of conjugal rights manifested within a private residence at 11:32. The incident centers around contested guardianship or maintenance rights, necessitating institutional mediation under family law statues.",2026-01-30,2026-01-23,11:32,Physical,Apartment,India,Delhi,recent_past,No,False,False,False,True,True,2,2,expert_authored,USR128,REV841,synthetic_no_pii,test
SCN000532,Matrimonial conflict involving divorce proceedings conflict,Family Law,Divorce proceedings conflict,"A family civil dispute categorized as divorce proceedings conflict manifested within a private residence at 15:54. The incident centers around contested guardianship or maintenance rights, necessitating institutional mediation under family law statues.",2026-02-14,2026-01-25,15:54,Hybrid,House,India,Gujarat,recent_past,No,False,False,False,False,True,3,1,synthetic_reviewed,USR246,REV671,synthetic_no_pii,test
SCN000533,Formal Grievance: Violation of Labor Rights - Safe working conditions violation,Employment/Labour,Safe working conditions violation,"Dear Human Resources and Labor Commissioner, I am writing to formally lodge a grievance regarding the ongoing pattern of safe working conditions violation within the Factory. The definitive breach transpired on 2026-06-28 at 21:06 hours, violating explicit terms of my employment contract and local statutory codes.",2026-01-28,2026-01-28,21:06,Physical,Factory,India,Maharashtra,past,No,True,False,True,True,True,3,1,expert_authored,USR195,REV399,synthetic_no_pii,validation
SCN000534,Comprehensive administrative brief on inheritance property claim escalation,Property Disputes,Inheritance property claim,"On the afternoon of 2026-07-13, a long-standing land friction culminated in an explicit case of inheritance property claim at the designated plot around 04:54 hours. The incident involved rival claimants attempting physical occupation or structural modification without valid legal injunctions. Local law enforcement intervened to mandate a status quo until the appropriate regional civil courts review the structural registration parameters and revenue maps under the state jurisdiction.",2026-02-01,2026-01-29,04:54,Physical,Plot,India,Delhi,past,No,False,True,True,False,True,2,3,expert_authored,USR212,REV344,synthetic_no_pii,challenge
SCN000535,Reported property conflict involving tenant-landlord conflict,Property Disputes,Tenant-landlord conflict,"Complainant reports a structural civil grievance regarding tenant-landlord conflict at the site located in house. On 2026-06-22 at 09:59 hours, opposing parties gathered and attempted unauthorized physical alterations. Property ownership documents have been submitted for verification.",2026-02-08,2026-01-31,09:59,Hybrid,House,India,Tamil Nadu,past,No,True,False,True,True,True,6,3,expert_authored,USR474,REV938,synthetic_no_pii,validation
SCN000536,Bystander log of a drunk driving accident,Traffic & Road Incidents,Drunk driving accident,"The witness observed a major traffic disruption unfolding near the highway around 12:02. A driver committed a blatant drunk driving accident, resulting in an immediate vehicle collision and a heated argument between the affected commuters before police arrived.",2026-02-27,2026-01-31,12:02,Physical,Highway,India,Tamil Nadu,recent_past,No,True,False,True,True,True,4,1,human_written,USR159,REV835,synthetic_no_pii,test
SCN000537,My company is putting me through workplace harassment,Employment/Labour,Workplace harassment,"I've been working at this office for months, and around 06:09 yesterday, things hit a breaking point with a massive workplace harassment. They literally refused to settle what was rightfully owed to me and told me to just leave if I didn't like it. I'm so stressed about how I'm going to pay my rent.",2026-02-25,2026-02-06,06:09,Physical,Office,India,Uttar Pradesh,past,No,False,True,True,True,True,5,1,expert_authored,USR668,REV372,synthetic_no_pii,train
SCN000538,I don't feel safe in my own home because of dowry harassment,Domestic Violence,Dowry harassment,"It happened again at home around 04:13. Things escalated so quickly and it turned into full-blown dowry harassment. I was locked inside the room and couldn't even reach out to anyone until now. I honestly don't know what to do anymore, I am so scared.",2026-02-14,2026-02-07,04:13,Physical,Apartment,India,Delhi,recent_past,No,False,True,False,True,False,4,2,expert_authored,USR190,REV979,synthetic_no_pii,test
SCN000539,Detailed cyber forensic summary of social media hacking exploit,Cybercrime,Social media hacking,"On the date of 2026-06-27, an advanced threat actor initiated an exploit categorized under social media hacking targeting remote infrastructures at approximately 16:51. The intrusion vectors reveal highly organized techniques using social engineering methods or brute-force automation to penetrate authorization systems on the Online platform. Immediate isolation of the network endpoints was executed to limit exposure within the regional jurisdiction.",2026-02-27,2026-02-07,16:51,Online,Online platform,India,Tamil Nadu,recent_past,No,False,False,False,False,True,3,1,expert_authored,USR277,REV279,synthetic_no_pii,challenge
SCN000540,Reported public grievance regarding stray animal hazard,Miscellaneous,Stray animal hazard,"Complainant registers a general municipal or public service notification regarding stray animal hazard at the location of road. The incident transpired on 2026-07-08 at approximately 14:00 hours, causing minor public inconvenience or operational disruption. Log entries have been completed.",2026-02-28,2026-02-12,14:00,Physical,Road,India,Uttar Pradesh,past,No,False,False,True,False,False,2,3,expert_authored,USR639,REV303,synthetic_no_pii,train
SCN000541,Reported property conflict involving tenant-landlord conflict,Property Disputes,Tenant-landlord conflict,"Complainant reports a structural civil grievance regarding tenant-landlord conflict at the site located in house. On 2026-06-23 at 02:36 hours, opposing parties gathered and attempted unauthorized physical alterations. Property ownership documents have been submitted for verification.",2026-03-07,2026-02-16,02:36,Hybrid,House,India,Uttar Pradesh,recent_past,No,True,False,True,True,True,3,1,human_written,USR916,REV308,synthetic_no_pii,validation
SCN000542,avoid this place fraud refusal of service refund,Consumer Disputes,Refusal of service refund,guys heads up do NOT buy anything from that Online platform!! just experienced a massive refusal of service refund around 19:10 today. they completely cheated me on the transaction and refused a refund. super sketchy service watch out,2026-02-27,2026-02-19,19:10,Online,Online platform,India,West Bengal,recent_past,No,False,False,True,False,True,2,4,human_written,USR542,REV136,synthetic_no_pii,challenge
SCN000543,Bystander log of a minor civic infrastructure issue,Miscellaneous,Minor civic infrastructure issue,"The observer noted a minor public disturbance developing near the local plot around 09:32. The situation involved a distinct minor civic infrastructure issue, drawing the attention of passing commuters before local municipal workers arrived on site.",2026-02-24,2026-02-20,09:32,Physical,Plot,India,Karnataka,recent_past,No,False,False,False,False,True,3,2,human_written,USR968,REV668,synthetic_no_pii,test
SCN000544,This person literally threatened me at the residential street,Assault & Threats,Verbal intimidation,"I was just minding my own business at the residential street around 00:28, when this aggressive person started shouting at me out of nowhere. Then it escalated into a complete verbal intimidation and they said they'd hurt me if they saw me again. Genuinely terrified.",2026-03-14,2026-02-22,00:28,Physical,Residential street,India,Maharashtra,recent_past,No,False,True,False,True,False,4,1,human_written,USR440,REV483,synthetic_no_pii,validation
SCN000545,Someone stole my stuff at the online platform,Theft and robbery,Online phishing theft,"So I was just standing at the online platform around 00:44 yesterday, checking my phone, when this guy suddenly rushed past me and grabbed my belongings out of nowhere! I didn't even have time to react or see his face properly. Totally shocked.",2026-03-04,2026-02-26,00:44,Online,Online platform,India,Gujarat,recent_past,No,False,False,True,True,False,3,5,human_written,USR525,REV989,synthetic_no_pii,validation
SCN000546,Comprehensive review of commercial defective product delivery claim,Consumer Disputes,Defective product delivery,"On the date of 2026-07-04, a formal consumer conflict classified as defective product delivery manifested during a commercial interaction at the designated house around 00:05. The transaction parameters reveal an explicit deviation from advertising claims or legal standards, directly compromising buyer safety and financial protection. Standard operational dispute channels were exhausted without success, prompting an escalation to statutory regulatory oversight mechanisms.",2026-03-08,2026-03-01,00:05,Physical,House,India,West Bengal,past,No,False,False,True,True,True,2,1,synthetic_reviewed,USR716,REV775,synthetic_no_pii,validation
SCN000547,Domestic incident involving dowry harassment,Domestic Violence,Dowry harassment,"An incident of domestic distress categorized as dowry harassment occurred inside a residential premises at 08:40. The dispute caused a severe breach of domestic peace, requiring immediate support and mediation for the affected individuals.",2026-03-17,2026-03-01,08:40,Hybrid,Workplace,India,Gujarat,recent_past,No,False,True,True,False,True,2,4,synthetic_reviewed,USR258,REV654,synthetic_no_pii,challenge
SCN000548,Comprehensive review of verbal intimidation event,Assault & Threats,Verbal intimidation,"On the afternoon of 2026-06-24, an escalating conflict classified under verbal intimidation manifested at the specified shop. Initial verbal friction rapidly degenerated into targeted hostility, establishing clear intent of intimidation and potential bodily harm. The victim sought refuge immediately while nearby witnesses attempted to de-escalate the situation. Security personnel were subsequently informed to review the breach of safety within the jurisdiction.",2026-03-26,2026-03-04,18:29,Physical,Shop,India,Karnataka,past,No,False,True,False,False,False,2,4,human_written,USR970,REV724,synthetic_no_pii,train
SCN000549,Reported case of vehicle theft at roadside,Theft and robbery,Vehicle theft,"Complainant states that on 2026-07-19 at approximately 18:12 hours, an incident of vehicle theft occurred at Roadside. The perpetrator description matches a male individual height approx 5'8"". Property loss reported. Case registered under relevant sections.",2026-04-03,2026-03-05,18:12,Physical,Roadside,India,Gujarat,recent_past,No,False,True,True,False,True,2,1,expert_authored,USR813,REV967,synthetic_no_pii,train
SCN000550,Reported property conflict involving land encroachment,Property Disputes,Land encroachment,"Complainant reports a structural civil grievance regarding land encroachment at the site located in agricultural land. On 2026-07-12 at 17:48 hours, opposing parties gathered and attempted unauthorized physical alterations. Property ownership documents have been submitted for verification.",2026-03-18,2026-03-07,17:48,Physical,Agricultural land,India,Maharashtra,past,No,False,False,True,False,True,2,2,synthetic_reviewed,USR394,REV876,synthetic_no_pii,validation
SCN000551,Comprehensive administrative brief on tenant-landlord conflict escalation,Property Disputes,Tenant-landlord conflict,"On the afternoon of 2026-07-08, a long-standing land friction culminated in an explicit case of tenant-landlord conflict at the designated shop around 00:54 hours. The incident involved rival claimants attempting physical occupation or structural modification without valid legal injunctions. Local law enforcement intervened to mandate a status quo until the appropriate regional civil courts review the structural registration parameters and revenue maps under the state jurisdiction.",2026-03-09,2026-03-08,00:54,Physical,Shop,India,Gujarat,past,No,False,False,True,False,True,4,3,synthetic_reviewed,USR466,REV228,synthetic_no_pii,test
SCN000552,avoid this place fraud false advertising and misrepresentation,Consumer Disputes,False advertising and misrepresentation,guys heads up do NOT buy anything from that Showroom!! just experienced a massive false advertising and misrepresentation around 10:50 today. they completely cheated me on the transaction and refused a refund. super sketchy service watch out,2026-04-04,2026-03-09,10:50,Physical,Showroom,India,Telangana,recent_past,No,False,False,True,True,True,3,4,expert_authored,USR334,REV893,synthetic_no_pii,challenge
SCN000553,White-collar offense via loan approval scam,Financial Fraud,Loan approval scam,"A high-value financial dispute categorized as loan approval scam was registered at the online platform at 14:15. The incident involves deliberate corporate misrepresentation or instrument forgery, requiring specialized forensic financial review.",2026-04-01,2026-03-09,14:15,Online,Online platform,India,Telangana,recent_past,No,False,False,True,False,True,3,3,expert_authored,USR314,REV465,synthetic_no_pii,train
SCN000554,Reported matrimonial/family grievance regarding child custody dispute,Family Law,Child custody dispute,"Complainant registers a family matter notification involving an active child custody dispute at the premises. On 2026-07-10 at approximately 21:16 hours, an escalation occurred regarding legal compliance or child visitation parameters. Relevant documentation has been requested for family court presentation.",2026-03-26,2026-03-11,21:16,Hybrid,House,India,Tamil Nadu,recent_past,No,False,False,False,False,True,4,2,human_written,USR645,REV103,synthetic_no_pii,train
SCN000555,White-collar offense via credit card cloning,Financial Fraud,Credit card cloning,"A high-value financial dispute categorized as credit card cloning was registered at the atm at 18:04. The incident involves deliberate corporate misrepresentation or instrument forgery, requiring specialized forensic financial review.",2026-04-10,2026-03-13,18:04,Physical,ATM,India,Telangana,recent_past,No,False,False,True,False,False,2,2,synthetic_reviewed,USR855,REV515,synthetic_no_pii,test
SCN000556,My company is putting me through safe working conditions violation,Employment/Labour,Safe working conditions violation,"I've been working at this factory for months, and around 05:48 yesterday, things hit a breaking point with a massive safe working conditions violation. They literally refused to settle what was rightfully owed to me and told me to just leave if I didn't like it. I'm so stressed about how I'm going to pay my rent.",2026-03-15,2026-03-14,05:48,Physical,Factory,India,Delhi,recent_past,No,True,False,True,True,True,4,2,synthetic_reviewed,USR369,REV589,synthetic_no_pii,train
SCN000557,Comprehensive review of physical altercation event,Assault & Threats,Physical altercation,"On the afternoon of 2026-06-22, an escalating conflict classified under physical altercation manifested at the specified hostel. Initial verbal friction rapidly degenerated into targeted hostility, establishing clear intent of intimidation and potential bodily harm. The victim sought refuge immediately while nearby witnesses attempted to de-escalate the situation. Security personnel were subsequently informed to review the breach of safety within the jurisdiction.",2026-04-16,2026-03-19,13:08,Physical,Hostel,India,Telangana,past,No,False,True,False,False,True,3,4,expert_authored,USR886,REV915,synthetic_no_pii,validation
SCN000558,Formal Legal Request: Violation of Family Court Orders - Guardianship dispute,Family Law,Guardianship dispute,"Dear Legal Counsel / Mediation Cell, I am writing to formally report a non-compliance issue regarding our ongoing guardianship dispute at the residence. The definitive breach occurred on 2026-07-15 at 00:14 hours, wherein the counter-party unilaterally altered agreed-upon familial or financial maintenance parameters.",2026-04-17,2026-03-23,00:14,Hybrid,House,India,West Bengal,recent_past,No,False,False,False,False,True,2,3,synthetic_reviewed,USR335,REV829,synthetic_no_pii,train
SCN000559,Reported public grievance regarding stray animal hazard,Miscellaneous,Stray animal hazard,"Complainant registers a general municipal or public service notification regarding stray animal hazard at the location of road. The incident transpired on 2026-07-08 at approximately 17:21 hours, causing minor public inconvenience or operational disruption. Log entries have been completed.",2026-04-04,2026-03-23,17:21,Physical,Road,India,Telangana,recent_past,No,False,False,False,False,True,1,1,human_written,USR452,REV188,synthetic_no_pii,train
SCN000560,Labor non-compliance involving breach of employment contract,Employment/Labour,Breach of employment contract,"An employment dispute involving breach of employment contract escalated at the office at 15:53. The worker alleged severe breach of workplace regulations, seeking administrative or legal intervention to recover standard dues or ensure workplace safety.",2026-04-05,2026-03-25,15:53,Online,Office,India,Telangana,recent_past,No,False,False,True,True,True,2,1,expert_authored,USR285,REV692,synthetic_no_pii,challenge
SCN000561,Formal Grievance: Cyber Fraud and Ransomware attack Incident,Cybercrime,Ransomware attack,"Dear Cyber Crime Portal, I am writing to register an official cybercrime incident regarding ransomware attack that targets my system. At 10:55 on 2026-06-28, illegal server access was achieved through the Shop, leading to severe data breach and financial compromise.",2026-04-09,2026-03-25,10:55,Online,Shop,India,Karnataka,past,No,False,True,True,True,False,2,3,human_written,USR140,REV530,synthetic_no_pii,train
SCN000562,Detailed structural brief on regional illegal parking blockage occurrence,Traffic & Road Incidents,Illegal parking blockage,"On the date of 2026-06-24, a serious municipal roadway incident manifesting as illegal parking blockage transpired on the specified road at approximately 20:41 hours. The collision metrics indicate high impact speeds or deliberate disregard for active traffic control mechanisms, resulting in secondary vehicle damage. Local emergency response teams arrived on site to manage structural debris and administer medical assistance where relevant, while investigating officers initiated standard vehicle documentation checks within the state jurisdiction.",2026-04-04,2026-04-02,20:41,Physical,Road,India,Telangana,past,No,False,False,True,True,True,3,1,expert_authored,USR986,REV344,synthetic_no_pii,validation
SCN000563,Formal Complaint Regarding Armed robbery Incident,Theft and robbery,Armed robbery,"Dear Authority, I am writing to formally lodge a complaint regarding a armed robbery incident that transpired at the Highway on 2026-07-08. The incident occurred around 16:38, resulting in the unauthorized taking of my personal property. I request your immediate intervention to review CCTV footage.",2026-05-01,2026-04-03,16:38,Physical,Highway,India,Delhi,recent_past,No,True,True,True,False,False,2,4,synthetic_reviewed,USR517,REV237,synthetic_no_pii,challenge
SCN000564,Formal Complaint: Urgent Traffic Safety Violation - Illegal parking blockage,Traffic & Road Incidents,Illegal parking blockage,"Dear Traffic Police Commissioner, I am writing to formally report an escalating safety issue, specifically a recent illegal parking blockage that occurred at the Alleyway. The incident took place on 2026-07-17 at 16:54 hours, creating significant hazards for other motorists.",2026-04-13,2026-04-07,16:54,Physical,Alleyway,India,Tamil Nadu,recent_past,No,False,False,True,False,False,4,3,expert_authored,USR902,REV590,synthetic_no_pii,train
SCN000565,urgent help needed online phishing theft,Theft and robbery,Online phishing theft,omg someone just took my things at the Mobile app!!! occurred just now around 05:11 hours. anyone nearby please help or tell me where the nearest police booth is asap!! lost everything inside my bag,2026-04-18,2026-04-08,05:11,Online,Mobile app,India,Delhi,recent_past,No,False,False,True,True,False,3,4,synthetic_reviewed,USR272,REV466,synthetic_no_pii,train
SCN000566,management issue safe working conditions violation,Employment/Labour,Safe working conditions violation,"hey guys bad news. just had a huge fight with HR at the Workplace regarding safe working conditions violation around 00:09 today. they are trying to cheat us out of our terms or fire people arbitrarily. check your emails immediately, we need to stand together on this",2026-04-12,2026-04-08,00:09,Physical,Workplace,India,Karnataka,past,No,False,False,False,False,True,4,4,expert_authored,USR650,REV850,synthetic_no_pii,validation
SCN000567,Bystander log of a traffic signal violation dispute,Traffic & Road Incidents,Traffic signal violation dispute,"The witness observed a major traffic disruption unfolding near the highway around 19:58. A driver committed a blatant traffic signal violation dispute, resulting in an immediate vehicle collision and a heated argument between the affected commuters before police arrived.",2026-04-20,2026-04-09,19:58,Physical,Highway,India,Tamil Nadu,recent_past,No,False,False,True,True,False,2,1,human_written,USR457,REV897,synthetic_no_pii,train
SCN000568,Detailed cyber forensic summary of social media hacking exploit,Cybercrime,Social media hacking,"On the date of 2026-06-22, an advanced threat actor initiated an exploit categorized under social media hacking targeting remote infrastructures at approximately 19:48. The intrusion vectors reveal highly organized techniques using social engineering methods or brute-force automation to penetrate authorization systems on the Online platform. Immediate isolation of the network endpoints was executed to limit exposure within the regional jurisdiction.",2026-04-13,2026-04-11,19:48,Online,Online platform,India,Uttar Pradesh,past,No,False,True,True,False,False,1,1,synthetic_reviewed,USR963,REV417,synthetic_no_pii,test
SCN000569,Comprehensive administrative brief on illegal property possession escalation,Property Disputes,Illegal property possession,"On the afternoon of 2026-06-20, a long-standing land friction culminated in an explicit case of illegal property possession at the designated shop around 04:26 hours. The incident involved rival claimants attempting physical occupation or structural modification without valid legal injunctions. Local law enforcement intervened to mandate a status quo until the appropriate regional civil courts review the structural registration parameters and revenue maps under the state jurisdiction.",2026-04-19,2026-04-12,04:26,Physical,Shop,India,Delhi,past,No,False,True,True,True,True,5,1,human_written,USR769,REV429,synthetic_no_pii,train
SCN000570,Witness account of shopbreaking,Theft and robbery,Shopbreaking,"The observer noticed two suspicious individuals loitering near the shop around 00:42. Shortly after, they approached the victim from behind, forcefully committed shopbreaking, and fled the scene on a two-wheeler heading north.",2026-04-14,2026-04-14,00:42,Physical,Shop,India,West Bengal,past,No,False,True,True,True,True,1,4,expert_authored,USR520,REV901,synthetic_no_pii,test
SCN000571,Real estate dispute involving illegal property possession,Property Disputes,Illegal property possession,"A property conflict classified under illegal property possession was documented at the shop at 11:42. The dispute involves contested boundaries and ownership titles, requiring civil or criminal mediation to preserve public order.",2026-04-27,2026-04-16,11:42,Physical,Shop,India,Uttar Pradesh,ongoing,Yes,False,True,True,True,True,2,4,synthetic_reviewed,USR149,REV859,synthetic_no_pii,challenge
SCN000572,Witness statement regarding domestic dispute,Assault & Threats,Domestic dispute,"The bystander reported observing a heated argument developing near the house around 21:43. The confrontation quickly turned into a domestic dispute, with one individual visibly projecting physical intimidation towards the other party before crowds gathered to separate them.",2026-04-19,2026-04-16,21:43,Physical,House,India,West Bengal,recent_past,No,False,True,True,True,False,3,3,synthetic_reviewed,USR134,REV480,synthetic_no_pii,test
SCN000573,Motor vehicle accident report involving drunk driving accident,Traffic & Road Incidents,Drunk driving accident,"On 2026-06-25 at approximately 07:40 hours, a vehicular incident classified as drunk driving accident occurred on the designated road. The offending vehicle failed to yield, causing impact and substantial structural damage. Case logged under regional motor vehicle acts.",2026-05-12,2026-04-17,07:40,Physical,Road,India,Delhi,recent_past,No,True,False,True,True,False,2,1,human_written,USR119,REV289,synthetic_no_pii,train
SCN000574,Labor non-compliance involving breach of employment contract,Employment/Labour,Breach of employment contract,"An employment dispute involving breach of employment contract escalated at the online platform at 04:31. The worker alleged severe breach of workplace regulations, seeking administrative or legal intervention to recover standard dues or ensure workplace safety.",2026-05-02,2026-04-26,04:31,Online,Online platform,India,West Bengal,recent_past,No,False,False,True,False,True,5,1,synthetic_reviewed,USR978,REV269,synthetic_no_pii,challenge
SCN000575,Reported incident of domestic dispute at house,Assault & Threats,Domestic dispute,"Complainant states that on 2026-07-16 at approximately 11:19 hours, a severe case of domestic dispute transpired at House. The accused allegedly engaged in hostile behavior, posing immediate threat to the victim. Medical examination conducted where applicable.",2026-05-17,2026-04-28,11:19,Physical,House,India,Tamil Nadu,recent_past,No,False,True,True,False,False,2,3,synthetic_reviewed,USR641,REV320,synthetic_no_pii,challenge
SCN000576,Bystander report of a domestic family dispute,Family Law,Alimony and maintenance claim,"The observer noted a highly emotional confrontation between two estranged family members outside the house around 05:05. The argument was explicitly regarding a severe case of alimony and maintenance claim, with both sides loudly contesting rights before local residents requested calm.",2026-05-24,2026-04-29,05:05,Hybrid,House,India,West Bengal,recent_past,No,False,False,True,True,True,3,1,expert_authored,USR536,REV473,synthetic_no_pii,validation
SCN000577,Formal Complaint: Unauthorized Tenant-landlord conflict at Premises,Property Disputes,Tenant-landlord conflict,"Dear Revenue Officer / Police Commissioner, I am writing to register an urgent complaint regarding a critical instance of tenant-landlord conflict affecting my Apartment. The unlawful activity intensified on 2026-07-09 at 02:23 hours, causing direct infringement on my registered property rights.",2026-05-13,2026-05-03,02:23,Hybrid,Apartment,India,Maharashtra,past,No,False,True,True,False,True,6,2,human_written,USR265,REV435,synthetic_no_pii,challenge
SCN000578,Digital breach via social media hacking,Cybercrime,Social media hacking,"An incident of social media hacking compromised security systems across the specified Online platform at 14:11. Electronic credentials were manipulated remotely by unknown malicious actors, triggering secondary security protocols.",2026-06-07,2026-05-09,14:11,Online,Online platform,India,Delhi,past,No,False,True,True,False,False,1,1,human_written,USR683,REV456,synthetic_no_pii,challenge
SCN000579,My company is putting me through unpaid wage dispute,Employment/Labour,Unpaid wage dispute,"I've been working at this workplace for months, and around 23:56 yesterday, things hit a breaking point with a massive unpaid wage dispute. They literally refused to settle what was rightfully owed to me and told me to just leave if I didn't like it. I'm so stressed about how I'm going to pay my rent.",2026-05-15,2026-05-10,23:56,Hybrid,Workplace,India,Tamil Nadu,recent_past,No,False,False,True,False,True,4,2,human_written,USR352,REV127,synthetic_no_pii,challenge
SCN000580,I think my accounts just got wiped out by a identity theft,Cybercrime,Identity theft,"So I clicked this link thinking it was an official notification around 21:45 yesterday, and suddenly I was locked out of my account. I realized it was a total identity theft when my savings started moving out. I'm completely panicking right now.",2026-05-24,2026-05-12,21:45,Online,Online platform,India,Tamil Nadu,recent_past,No,False,True,False,False,False,3,4,synthetic_reviewed,USR591,REV869,synthetic_no_pii,challenge
SCN000581,Public environment matter involving noise pollution grievance,Miscellaneous,Noise pollution grievance,"A civic or localized incident classified under noise pollution grievance manifested at the designated house at 05:01. The matter represents a general public inconvenience rather than a high-severity crime, requiring standard regulatory oversight.",2026-05-15,2026-05-13,05:01,Physical,House,India,Uttar Pradesh,recent_past,No,False,False,False,False,True,1,1,expert_authored,USR401,REV736,synthetic_no_pii,train
SCN000582,Public environment matter involving lost item reporting,Miscellaneous,Lost item reporting,"A civic or localized incident classified under lost item reporting manifested at the designated railway station at 15:05. The matter represents a general public inconvenience rather than a high-severity crime, requiring standard regulatory oversight.",2026-05-26,2026-05-17,15:05,Physical,Railway station,India,Telangana,ongoing,No,False,False,True,False,True,2,3,synthetic_reviewed,USR319,REV360,synthetic_no_pii,train
SCN000583,Formal Complaint Regarding Online phishing theft Incident,Theft and robbery,Online phishing theft,"Dear Authority, I am writing to formally lodge a complaint regarding a online phishing theft incident that transpired at the Mobile app on 2026-07-18. The incident occurred around 03:11, resulting in the unauthorized taking of my personal property. I request your immediate intervention to review CCTV footage.",2026-05-20,2026-05-17,03:11,Hybrid,Mobile app,India,Telangana,past,No,False,False,True,True,True,3,2,synthetic_reviewed,USR804,REV627,synthetic_no_pii,validation
SCN000584,massive warning fraud alert credit card cloning,Financial Fraud,Credit card cloning,"guys freeze your accounts if you used that ATM recently!! just discovered a major credit card cloning happened around 00:07 today. unauthorized charges are showing up on multiple profiles, notify your branch manager asap",2026-05-21,2026-05-17,00:07,Physical,ATM,India,Gujarat,recent_past,No,False,True,True,True,True,2,3,expert_authored,USR390,REV900,synthetic_no_pii,test
SCN000585,Formal Legal Request: Violation of Family Court Orders - Alimony and maintenance claim,Family Law,Alimony and maintenance claim,"Dear Legal Counsel / Mediation Cell, I am writing to formally report a non-compliance issue regarding our ongoing alimony and maintenance claim at the residence. The definitive breach occurred on 2026-06-29 at 01:07 hours, wherein the counter-party unilaterally altered agreed-upon familial or financial maintenance parameters.",2026-05-28,2026-05-19,01:07,Hybrid,Online platform,India,Uttar Pradesh,past,No,False,False,True,True,True,3,1,synthetic_reviewed,USR183,REV243,synthetic_no_pii,challenge
SCN000586,alert dont open links cyberstalking,Cybercrime,Cyberstalking,hey guys warning someone hacked my account via cyberstalking just now around 16:50!! if u get any weird text or payment requests from me DO NOT transfer any money it is a fraud scam click nothing,2026-05-30,2026-05-19,16:50,Hybrid,House,India,Telangana,past,No,False,True,True,False,False,1,1,human_written,USR779,REV774,synthetic_no_pii,validation
SCN000587,Formal Grievance: Unfair Trade Practice & Expired or contaminated goods sale,Consumer Disputes,Expired or contaminated goods sale,"Dear Consumer Forum Support, I am writing to formally register a merchant complaint regarding a severe instance of expired or contaminated goods sale that occurred at Shop on 2026-07-10 at 14:58 hours. Despite multiple amicable requests, the management refused to honor the standard consumer guarantees.",2026-06-20,2026-05-22,14:58,Physical,Shop,India,Maharashtra,recent_past,No,True,False,True,False,True,2,3,synthetic_reviewed,USR875,REV849,synthetic_no_pii,train
SCN000588,Formal Grievance: Unauthorized Transaction and Loan approval scam,Financial Fraud,Loan approval scam,"Dear Nodal Officer / Bank Authority, I am writing to formally log an emergency grievance regarding an severe case of loan approval scam executed against my portfolio through the Online platform. The breach occurred on 2026-06-24 at 12:22 hours, violating standard security checks and clearing mechanisms.",2026-05-28,2026-05-23,12:22,Online,Online platform,India,Maharashtra,recent_past,No,False,False,True,False,True,3,2,expert_authored,USR162,REV348,synthetic_no_pii,validation
SCN000589,Comprehensive review of commercial false advertising and misrepresentation claim,Consumer Disputes,False advertising and misrepresentation,"On the date of 2026-06-30, a formal consumer conflict classified as false advertising and misrepresentation manifested during a commercial interaction at the designated online platform around 08:35. The transaction parameters reveal an explicit deviation from advertising claims or legal standards, directly compromising buyer safety and financial protection. Standard operational dispute channels were exhausted without success, prompting an escalation to statutory regulatory oversight mechanisms.",2026-06-14,2026-05-28,08:35,Physical,Online platform,India,Karnataka,past,No,False,False,True,True,True,2,1,synthetic_reviewed,USR976,REV785,synthetic_no_pii,train
SCN000590,urgent property issue illegal property possession,Property Disputes,Illegal property possession,guys please help they are trying to take over the Shop right now!! experiencing a severe illegal property possession since 01:10. they brought workers and are breaking down boundaries. please check if anyone can come over fast,2026-06-20,2026-05-29,01:10,Physical,Shop,India,Karnataka,ongoing,Yes,False,True,True,False,True,6,1,expert_authored,USR872,REV167,synthetic_no_pii,train
SCN000591,Matrimonial conflict involving child custody dispute,Family Law,Child custody dispute,"A family civil dispute categorized as child custody dispute manifested within a private residence at 18:45. The incident centers around contested guardianship or maintenance rights, necessitating institutional mediation under family law statues.",2026-06-06,2026-06-04,18:45,Hybrid,House,India,Tamil Nadu,recent_past,No,False,False,True,True,True,3,1,human_written,USR866,REV464,synthetic_no_pii,train
SCN000592,Reported case of domestic violence involving dowry harassment,Domestic Violence,Dowry harassment,"Complainant reports ongoing domestic grievances at the shared residence. On 2026-07-13 at 13:32 hours, a severe incident involving dowry harassment occurred, resulting in immediate emotional and physical distress. Intervention was requested by the victim's family members.",2026-06-20,2026-06-04,13:32,Hybrid,Workplace,India,West Bengal,recent_past,No,False,True,True,False,False,2,3,expert_authored,USR918,REV665,synthetic_no_pii,train
SCN000593,Formal Complaint: Unauthorized Boundary wall dispute at Premises,Property Disputes,Boundary wall dispute,"Dear Revenue Officer / Police Commissioner, I am writing to register an urgent complaint regarding a critical instance of boundary wall dispute affecting my House. The unlawful activity intensified on 2026-07-10 at 14:28 hours, causing direct infringement on my registered property rights.",2026-06-20,2026-06-06,14:28,Physical,House,India,Karnataka,past,No,False,True,True,True,True,6,4,human_written,USR721,REV547,synthetic_no_pii,test
SCN000594,I think my accounts just got wiped out by a social media hacking,Cybercrime,Social media hacking,"So I clicked this link thinking it was an official notification around 10:21 yesterday, and suddenly I was locked out of my account. I realized it was a total social media hacking when my savings started moving out. I'm completely panicking right now.",2026-06-20,2026-06-07,10:21,Online,Online platform,India,Tamil Nadu,recent_past,No,False,False,False,True,False,1,4,human_written,USR981,REV131,synthetic_no_pii,challenge
SCN000595,Comprehensive review of verbal intimidation event,Assault & Threats,Verbal intimidation,"On the afternoon of 2026-06-20, an escalating conflict classified under verbal intimidation manifested at the specified shop. Initial verbal friction rapidly degenerated into targeted hostility, establishing clear intent of intimidation and potential bodily harm. The victim sought refuge immediately while nearby witnesses attempted to de-escalate the situation. Security personnel were subsequently informed to review the breach of safety within the jurisdiction.",2026-06-15,2026-06-10,08:38,Hybrid,Shop,India,Uttar Pradesh,past,No,False,True,False,False,False,4,1,synthetic_reviewed,USR192,REV854,synthetic_no_pii,challenge
SCN000596,Formal Grievance: Unfair Trade Practice & False advertising and misrepresentation,Consumer Disputes,False advertising and misrepresentation,"Dear Consumer Forum Support, I am writing to formally register a merchant complaint regarding a severe instance of false advertising and misrepresentation that occurred at Shop on 2026-06-20 at 12:28 hours. Despite multiple amicable requests, the management refused to honor the standard consumer guarantees.",2026-06-20,2026-06-11,12:28,Physical,Shop,India,Tamil Nadu,past,No,False,False,True,False,True,3,2,synthetic_reviewed,USR364,REV963,synthetic_no_pii,challenge
SCN000597,Formal Grievance: Unfair Trade Practice & Expired or contaminated goods sale,Consumer Disputes,Expired or contaminated goods sale,"Dear Consumer Forum Support, I am writing to formally register a merchant complaint regarding a severe instance of expired or contaminated goods sale that occurred at Kirana store on 2026-06-25 at 15:57 hours. Despite multiple amicable requests, the management refused to honor the standard consumer guarantees.",2026-06-18,2026-06-11,15:57,Physical,Kirana store,India,West Bengal,recent_past,No,True,False,True,True,True,3,2,human_written,USR301,REV860,synthetic_no_pii,test
SCN000598,Coworker testimony on unpaid wage dispute,Employment/Labour,Unpaid wage dispute,"The observer witnessed an intense disagreement between the management and an employee inside the office around 05:34. The context of the dispute was clearly a severe case of unpaid wage dispute, with the supervisor dismissing the employee's legitimate safety or financial claims arbitrarily.",2026-06-20,2026-06-17,05:34,Physical,Office,India,Tamil Nadu,recent_past,No,False,False,True,False,True,4,3,expert_authored,USR686,REV883,synthetic_no_pii,test
SCN000599,My neighbors are completely committing boundary wall dispute,Property Disputes,Boundary wall dispute,"So I went out to check my villa around 09:27 today, and I saw they were actively setting up structures on my side! When I confronted them about this blatant boundary wall dispute, they straight up threatened me and refused to move back. I am so stressed out right now.",2026-06-20,2026-06-20,09:27,Physical,Villa,India,Karnataka,recent_past,No,False,True,True,True,True,2,2,synthetic_reviewed,USR400,REV931,synthetic_no_pii,train
SCN000600,Reported consumer grievance regarding overcharging and hidden fees,Consumer Disputes,Overcharging and hidden fees,"Complainant states that on 2026-07-13 at approximately 21:53 hours, a transaction dispute involving overcharging and hidden fees occurred at Restaurant. The vendor reportedly engaged in unfair trade practices, failing to resolve the commercial non-compliance. Relevant purchase invoices have been logged.",2026-06-20,2026-06-20,21:53,Physical,Restaurant,India,Gujarat,past,No,False,False,True,False,True,3,1,synthetic_reviewed,USR200,REV599,synthetic_no_pii,challenge
