classification_id,narrative_id,primary_category,secondary_categories,procedural_intents,user_goal,urgency_class,current_danger,ongoing_incident,medical_emergency,incident_medium,current_or_past,property_involved,threat_involved,injury_involved,weapon_mentioned,minor_involved,police_already_contacted,legal_aid_requested,recommended_route,annotator_1_label,annotator_2_label,adjudicated_label,reviewer_id
CLS000001,NAR000001_EN,Consumer Disputes,False advertising and misrepresentation;consumer_grievance,complaint_followup;legal_navigation;evidence_preservation,prepare a consumer complaint and identify refund or service remedies,case_preparation,False,False,False,physical,recent,True,True,False,False,unknown,True,False,consumer_grievance_preparation,Consumer Disputes,,Consumer Disputes,
CLS000002,NAR000001_HI,Consumer Disputes,False advertising and misrepresentation;consumer_grievance,complaint_followup;legal_navigation;evidence_preservation,prepare a consumer complaint and identify refund or service remedies,case_preparation,False,False,False,physical,recent,True,True,False,False,unknown,True,False,consumer_grievance_preparation,Consumer Disputes,,Consumer Disputes,
CLS000003,NAR000001_HILATN,Consumer Disputes,False advertising and misrepresentation;consumer_grievance;timeline_reconstruction_needed,complaint_followup;legal_navigation;evidence_preservation,prepare a consumer complaint and identify refund or service remedies,case_preparation,False,False,False,physical,recent,True,True,False,False,unknown,True,False,consumer_grievance_preparation,Consumer Disputes,,Consumer Disputes,
CLS000004,NAR000002_EN,Miscellaneous,Noise pollution grievance;civic_or_public_safety,complaint_followup;legal_navigation;evidence_preservation,prepare a civic complaint and identify the right authority,case_preparation,False,False,False,physical,recent,True,False,False,False,unknown,True,False,general_legal_navigation,Miscellaneous,,Miscellaneous,
CLS000005,NAR000002_ENVAR,Miscellaneous,Noise pollution grievance;civic_or_public_safety,complaint_followup;legal_navigation;evidence_preservation,prepare a civic complaint and identify the right authority,case_preparation,False,False,False,physical,recent,True,False,False,False,unknown,True,False,general_legal_navigation,Miscellaneous,,Miscellaneous,
CLS000006,NAR000002_HI,Miscellaneous,Noise pollution grievance;civic_or_public_safety,complaint_followup;legal_navigation;evidence_preservation,prepare a civic complaint and identify the right authority,case_preparation,False,False,False,physical,recent,True,False,False,False,unknown,True,False,general_legal_navigation,Miscellaneous,,Miscellaneous,
CLS000007,NAR000003_EN,Traffic & Road Incidents,Drunk driving accident;traffic_or_road_safety,complaint_followup;evidence_preservation,document the road incident and understand reporting options,case_preparation,False,False,False,physical,recent,True,False,True,False,unknown,True,False,traffic_incident_documentation,Traffic & Road Incidents,,Traffic & Road Incidents,
CLS000008,NAR000003_HI,Traffic & Road Incidents,Drunk driving accident;traffic_or_road_safety,complaint_followup;evidence_preservation,document the road incident and understand reporting options,medical_attention_needed,False,False,True,physical,recent,True,False,True,False,unknown,True,False,traffic_incident_documentation,Traffic & Road Incidents,,Traffic & Road Incidents,
CLS000009,NAR000003_HILATN,Traffic & Road Incidents,Drunk driving accident;traffic_or_road_safety;uncertain_or_incomplete_user_account;timeline_reconstruction_needed,complaint_followup;evidence_preservation;clarification_needed,document the road incident and understand reporting options,needs_clarification,False,False,False,physical,recent,True,False,True,False,unknown,True,False,traffic_incident_documentation,Traffic & Road Incidents,,Traffic & Road Incidents,
CLS000010,NAR000004_EN,Consumer Disputes,False advertising and misrepresentation;consumer_grievance,legal_navigation;evidence_preservation,prepare a consumer complaint and identify refund or service remedies,legal_aid_or_process_help,False,False,False,physical,past,True,False,False,False,unknown,False,True,consumer_grievance_preparation,Consumer Disputes,,Consumer Disputes,
CLS000011,NAR000004_ENVAR,Consumer Disputes,False advertising and misrepresentation;consumer_grievance;uncertain_or_incomplete_user_account;timeline_reconstruction_needed,legal_navigation;evidence_preservation;clarification_needed,prepare a consumer complaint and identify refund or service remedies,legal_aid_or_process_help,False,False,False,physical,past,True,False,False,False,unknown,False,True,consumer_grievance_preparation,Consumer Disputes,,Consumer Disputes,
CLS000012,NAR000004_HI,Consumer Disputes,False advertising and misrepresentation;consumer_grievance,legal_navigation;evidence_preservation,prepare a consumer complaint and identify refund or service remedies,legal_aid_or_process_help,False,False,False,physical,past,True,False,False,False,unknown,False,True,consumer_grievance_preparation,Consumer Disputes,,Consumer Disputes,
CLS000013,NAR000005_EN,Cybercrime,Social media hacking;digital_platform_incident,complaint_followup;evidence_preservation,prepare a cybercrime report and preserve digital evidence,legal_aid_or_process_help,False,False,False,online,past,True,False,False,False,unknown,True,True,cybercrime_report_preparation,Cybercrime,,Cybercrime,
CLS000014,NAR000005_HI,Cybercrime,Social media hacking;digital_platform_incident,complaint_followup;evidence_preservation,prepare a cybercrime report and preserve digital evidence,legal_aid_or_process_help,False,False,False,online,past,True,False,False,False,unknown,True,True,cybercrime_report_preparation,Cybercrime,,Cybercrime,
CLS000015,NAR000005_HILATN,Cybercrime,Social media hacking;digital_platform_incident,complaint_followup;evidence_preservation,prepare a cybercrime report and preserve digital evidence,legal_aid_or_process_help,False,False,False,online,past,True,False,False,False,unknown,True,True,cybercrime_report_preparation,Cybercrime,,Cybercrime,
CLS000016,NAR000006_EN,Employment/Labour,Safe working conditions violation;workplace_rights,legal_navigation,prepare a workplace rights complaint or legal-aid intake,case_preparation,False,False,False,physical,recent,False,False,True,False,unknown,False,False,labour_or_workplace_intake,Employment/Labour,,Employment/Labour,
CLS000017,NAR000006_ENVAR,Employment/Labour,Safe working conditions violation;workplace_rights;uncertain_or_incomplete_user_account;timeline_reconstruction_needed,legal_navigation;clarification_needed,prepare a workplace rights complaint or legal-aid intake,needs_clarification,False,False,False,physical,recent,False,False,True,False,unknown,False,False,labour_or_workplace_intake,Employment/Labour,,Employment/Labour,
CLS000018,NAR000006_HI,Employment/Labour,Safe working conditions violation;workplace_rights,legal_navigation,prepare a workplace rights complaint or legal-aid intake,medical_attention_needed,False,False,True,physical,recent,False,False,True,False,unknown,False,False,labour_or_workplace_intake,Employment/Labour,,Employment/Labour,
CLS000019,NAR000007_EN,Assault & Threats,Domestic dispute;personal_safety,reporting_guidance;evidence_preservation,document the threat or assault and understand police reporting options,reporting_time_sensitive,False,False,False,physical,past,True,True,False,False,unknown,False,True,police_complaint_preparation,Assault & Threats,,Assault & Threats,
CLS000020,NAR000007_HI,Assault & Threats,Domestic dispute;personal_safety,reporting_guidance;evidence_preservation,document the threat or assault and understand police reporting options,reporting_time_sensitive,False,False,False,physical,past,True,True,False,False,unknown,False,True,police_complaint_preparation,Assault & Threats,,Assault & Threats,
CLS000021,NAR000007_HILATN,Assault & Threats,Domestic dispute;personal_safety;timeline_reconstruction_needed,reporting_guidance;evidence_preservation,document the threat or assault and understand police reporting options,reporting_time_sensitive,False,False,False,physical,past,True,True,False,False,unknown,False,True,police_complaint_preparation,Assault & Threats,,Assault & Threats,
CLS000022,NAR000008_EN,Property Disputes,Tenant-landlord conflict;property_conflict,complaint_followup;legal_navigation;evidence_preservation,organise property-dispute facts and identify documentation gaps,legal_aid_or_process_help,False,False,False,physical,recent,True,True,False,False,unknown,True,True,property_document_review_intake,Property Disputes,,Property Disputes,
CLS000023,NAR000008_ENVAR,Property Disputes,Tenant-landlord conflict;property_conflict,complaint_followup;legal_navigation;evidence_preservation,organise property-dispute facts and identify documentation gaps,legal_aid_or_process_help,False,False,False,physical,recent,True,True,False,False,unknown,True,True,property_document_review_intake,Property Disputes,,Property Disputes,
CLS000024,NAR000008_HI,Property Disputes,Tenant-landlord conflict;property_conflict,complaint_followup;legal_navigation;evidence_preservation,organise property-dispute facts and identify documentation gaps,legal_aid_or_process_help,False,False,False,physical,recent,True,True,False,False,unknown,True,True,property_document_review_intake,Property Disputes,,Property Disputes,
CLS000025,NAR000009_EN,Consumer Disputes,Overcharging and hidden fees;consumer_grievance,legal_navigation;evidence_preservation,prepare a consumer complaint and identify refund or service remedies,legal_aid_or_process_help,False,False,False,physical,past,True,False,False,False,unknown,False,True,consumer_grievance_preparation,Consumer Disputes,,Consumer Disputes,
CLS000026,NAR000009_HI,Consumer Disputes,Overcharging and hidden fees;consumer_grievance,legal_navigation;evidence_preservation,prepare a consumer complaint and identify refund or service remedies,legal_aid_or_process_help,False,False,False,physical,past,True,False,False,False,unknown,False,True,consumer_grievance_preparation,Consumer Disputes,,Consumer Disputes,
CLS000027,NAR000009_HILATN,Consumer Disputes,Overcharging and hidden fees;consumer_grievance;timeline_reconstruction_needed,legal_navigation;evidence_preservation,prepare a consumer complaint and identify refund or service remedies,legal_aid_or_process_help,False,False,False,physical,past,True,False,False,False,unknown,False,True,consumer_grievance_preparation,Consumer Disputes,,Consumer Disputes,
CLS000028,NAR000010_EN,Financial Fraud,Credit card cloning;financial_loss_or_fraud,complaint_followup;evidence_preservation,report financial fraud and preserve transaction evidence,legal_aid_or_process_help,False,False,False,physical,recent,True,False,False,False,unknown,True,True,financial_fraud_report_preparation,Financial Fraud,,Financial Fraud,
CLS000029,NAR000010_ENVAR,Financial Fraud,Credit card cloning;financial_loss_or_fraud;uncertain_or_incomplete_user_account;timeline_reconstruction_needed,complaint_followup;evidence_preservation;clarification_needed,report financial fraud and preserve transaction evidence,legal_aid_or_process_help,False,False,False,physical,recent,True,False,False,False,unknown,True,True,financial_fraud_report_preparation,Financial Fraud,,Financial Fraud,
CLS000030,NAR000010_HI,Financial Fraud,Credit card cloning;financial_loss_or_fraud,complaint_followup;evidence_preservation,report financial fraud and preserve transaction evidence,legal_aid_or_process_help,False,False,False,physical,recent,True,False,False,False,unknown,True,True,financial_fraud_report_preparation,Financial Fraud,,Financial Fraud,
CLS000031,NAR000011_EN,Assault & Threats,Online harassment & threats;personal_safety,reporting_guidance,document the threat or assault and understand police reporting options,reporting_time_sensitive,False,False,False,online,recent,False,True,False,False,unknown,False,False,police_complaint_preparation,Assault & Threats,,Assault & Threats,
CLS000032,NAR000011_HI,Assault & Threats,Online harassment & threats;personal_safety,reporting_guidance,document the threat or assault and understand police reporting options,reporting_time_sensitive,False,False,False,online,recent,False,True,False,False,unknown,False,False,police_complaint_preparation,Assault & Threats,,Assault & Threats,
CLS000033,NAR000011_HILATN,Assault & Threats,Online harassment & threats;personal_safety;timeline_reconstruction_needed,reporting_guidance,document the threat or assault and understand police reporting options,reporting_time_sensitive,False,False,False,online,recent,False,True,False,False,unknown,False,False,police_complaint_preparation,Assault & Threats,,Assault & Threats,
CLS000034,NAR000012_EN,Consumer Disputes,Expired or contaminated goods sale;consumer_grievance,complaint_followup;legal_navigation;evidence_preservation,prepare a consumer complaint and identify refund or service remedies,legal_aid_or_process_help,False,False,False,physical,recent,True,False,False,False,unknown,True,True,consumer_grievance_preparation,Consumer Disputes,,Consumer Disputes,
CLS000035,NAR000012_ENVAR,Consumer Disputes,Expired or contaminated goods sale;consumer_grievance;uncertain_or_incomplete_user_account;timeline_reconstruction_needed,complaint_followup;legal_navigation;evidence_preservation;clarification_needed,prepare a consumer complaint and identify refund or service remedies,legal_aid_or_process_help,False,False,False,physical,recent,True,False,False,False,unknown,True,True,consumer_grievance_preparation,Consumer Disputes,,Consumer Disputes,
CLS000036,NAR000012_HI,Consumer Disputes,Expired or contaminated goods sale;consumer_grievance,complaint_followup;legal_navigation;evidence_preservation,prepare a consumer complaint and identify refund or service remedies,legal_aid_or_process_help,False,False,False,physical,recent,True,False,False,False,unknown,True,True,consumer_grievance_preparation,Consumer Disputes,,Consumer Disputes,
CLS000037,NAR000013_EN,Consumer Disputes,Overcharging and hidden fees;consumer_grievance,complaint_followup;legal_navigation;evidence_preservation,prepare a consumer complaint and identify refund or service remedies,case_preparation,False,False,False,physical,past,True,False,False,False,unknown,True,False,consumer_grievance_preparation,Consumer Disputes,,Consumer Disputes,
CLS000038,NAR000013_HI,Consumer Disputes,Overcharging and hidden fees;consumer_grievance,complaint_followup;legal_navigation;evidence_preservation,prepare a consumer complaint and identify refund or service remedies,case_preparation,False,False,False,physical,past,True,False,False,False,unknown,True,False,consumer_grievance_preparation,Consumer Disputes,,Consumer Disputes,
CLS000039,NAR000013_HILATN,Consumer Disputes,Overcharging and hidden fees;consumer_grievance;uncertain_or_incomplete_user_account;timeline_reconstruction_needed,complaint_followup;legal_navigation;evidence_preservation;clarification_needed,prepare a consumer complaint and identify refund or service remedies,needs_clarification,False,False,False,physical,past,True,False,False,False,unknown,True,False,consumer_grievance_preparation,Consumer Disputes,,Consumer Disputes,
CLS000040,NAR000014_EN,Traffic & Road Incidents,Reckless driving confrontation;traffic_or_road_safety,complaint_followup;evidence_preservation,document the road incident and understand reporting options,case_preparation,False,False,False,physical,past,True,True,True,False,unknown,True,False,traffic_incident_documentation,Traffic & Road Incidents,,Traffic & Road Incidents,
CLS000041,NAR000014_ENVAR,Traffic & Road Incidents,Reckless driving confrontation;traffic_or_road_safety,complaint_followup;evidence_preservation,document the road incident and understand reporting options,case_preparation,False,False,False,physical,past,True,True,True,False,unknown,True,False,traffic_incident_documentation,Traffic & Road Incidents,,Traffic & Road Incidents,
CLS000042,NAR000014_HI,Traffic & Road Incidents,Reckless driving confrontation;traffic_or_road_safety,complaint_followup;evidence_preservation,document the road incident and understand reporting options,medical_attention_needed,False,False,True,physical,past,True,True,True,False,unknown,True,False,traffic_incident_documentation,Traffic & Road Incidents,,Traffic & Road Incidents,
CLS000043,NAR000015_EN,Financial Fraud,Insurance claim fraud;financial_loss_or_fraud,reporting_guidance;evidence_preservation,report financial fraud and preserve transaction evidence,reporting_time_sensitive,False,False,False,online,recent,True,True,False,False,unknown,False,True,financial_fraud_report_preparation,Financial Fraud,,Financial Fraud,
CLS000044,NAR000015_HI,Financial Fraud,Insurance claim fraud;financial_loss_or_fraud,reporting_guidance;evidence_preservation,report financial fraud and preserve transaction evidence,reporting_time_sensitive,False,False,False,online,recent,True,True,False,False,unknown,False,True,financial_fraud_report_preparation,Financial Fraud,,Financial Fraud,
CLS000045,NAR000015_HILATN,Financial Fraud,Insurance claim fraud;financial_loss_or_fraud,reporting_guidance;evidence_preservation,report financial fraud and preserve transaction evidence,reporting_time_sensitive,False,False,False,online,recent,True,True,False,False,unknown,False,True,financial_fraud_report_preparation,Financial Fraud,,Financial Fraud,
CLS000046,NAR000016_EN,Domestic Violence,Economic deprivation;domestic_safety,reporting_guidance,seek safety-focused help and prepare a support or complaint record,reporting_time_sensitive,False,False,False,physical,past,False,True,False,False,unknown,False,True,police_complaint_preparation,Domestic Violence,,Domestic Violence,
CLS000047,NAR000016_ENVAR,Domestic Violence,Economic deprivation;domestic_safety;uncertain_or_incomplete_user_account;timeline_reconstruction_needed,reporting_guidance;clarification_needed,seek safety-focused help and prepare a support or complaint record,reporting_time_sensitive,False,False,False,physical,past,False,True,False,False,unknown,False,True,police_complaint_preparation,Domestic Violence,,Domestic Violence,
CLS000048,NAR000016_HI,Domestic Violence,Economic deprivation;domestic_safety,reporting_guidance,seek safety-focused help and prepare a support or complaint record,reporting_time_sensitive,False,False,False,physical,past,False,True,False,False,unknown,False,True,police_complaint_preparation,Domestic Violence,,Domestic Violence,
CLS000049,NAR000017_EN,Assault & Threats,Domestic dispute;personal_safety,reporting_guidance,document the threat or assault and understand police reporting options,reporting_time_sensitive,False,False,False,physical,recent,False,True,False,False,unknown,False,True,police_complaint_preparation,Assault & Threats,,Assault & Threats,
CLS000050,NAR000017_HI,Assault & Threats,Domestic dispute;personal_safety,reporting_guidance,document the threat or assault and understand police reporting options,reporting_time_sensitive,False,False,False,physical,recent,False,True,False,False,unknown,False,True,police_complaint_preparation,Assault & Threats,,Assault & Threats,
CLS000051,NAR000017_HILATN,Assault & Threats,Domestic dispute;personal_safety;timeline_reconstruction_needed,reporting_guidance,document the threat or assault and understand police reporting options,reporting_time_sensitive,False,False,False,physical,recent,False,True,False,False,unknown,False,True,police_complaint_preparation,Assault & Threats,,Assault & Threats,
CLS000052,NAR000018_EN,Cybercrime,Ransomware attack;digital_platform_incident,complaint_followup;evidence_preservation,prepare a cybercrime report and preserve digital evidence,legal_aid_or_process_help,False,False,False,online,past,True,True,False,False,unknown,True,True,cybercrime_report_preparation,Cybercrime,,Cybercrime,
CLS000053,NAR000018_ENVAR,Cybercrime,Ransomware attack;digital_platform_incident;uncertain_or_incomplete_user_account;timeline_reconstruction_needed,complaint_followup;evidence_preservation;clarification_needed,prepare a cybercrime report and preserve digital evidence,legal_aid_or_process_help,False,False,False,online,past,True,True,False,False,unknown,True,True,cybercrime_report_preparation,Cybercrime,,Cybercrime,
CLS000054,NAR000018_HI,Cybercrime,Ransomware attack;digital_platform_incident,complaint_followup;evidence_preservation,prepare a cybercrime report and preserve digital evidence,legal_aid_or_process_help,False,False,False,online,past,True,True,False,False,unknown,True,True,cybercrime_report_preparation,Cybercrime,,Cybercrime,
CLS000055,NAR000019_EN,Domestic Violence,Dowry harassment;domestic_safety,safety_triage;complaint_followup,seek safety-focused help and prepare a support or complaint record,emergency_current_danger,True,True,False,physical,current,False,True,False,False,unknown,True,True,safety_redirect_and_case_intake,Domestic Violence,,Domestic Violence,
CLS000056,NAR000019_HI,Domestic Violence,Dowry harassment;domestic_safety,safety_triage;complaint_followup,seek safety-focused help and prepare a support or complaint record,emergency_current_danger,True,True,False,physical,current,False,True,False,False,unknown,True,True,safety_redirect_and_case_intake,Domestic Violence,,Domestic Violence,
CLS000057,NAR000019_HILATN,Domestic Violence,Dowry harassment;domestic_safety;timeline_reconstruction_needed,safety_triage;complaint_followup,seek safety-focused help and prepare a support or complaint record,emergency_current_danger,True,True,False,physical,current,False,True,False,False,unknown,True,True,safety_redirect_and_case_intake,Domestic Violence,,Domestic Violence,
CLS000058,NAR000020_EN,Consumer Disputes,Expired or contaminated goods sale;consumer_grievance,complaint_followup;legal_navigation;evidence_preservation,prepare a consumer complaint and identify refund or service remedies,legal_aid_or_process_help,False,False,False,physical,past,True,False,False,False,unknown,True,True,consumer_grievance_preparation,Consumer Disputes,,Consumer Disputes,
CLS000059,NAR000020_ENVAR,Consumer Disputes,Expired or contaminated goods sale;consumer_grievance,complaint_followup;legal_navigation;evidence_preservation,prepare a consumer complaint and identify refund or service remedies,legal_aid_or_process_help,False,False,False,physical,past,True,False,False,False,unknown,True,True,consumer_grievance_preparation,Consumer Disputes,,Consumer Disputes,
CLS000060,NAR000020_HI,Consumer Disputes,Expired or contaminated goods sale;consumer_grievance,complaint_followup;legal_navigation;evidence_preservation,prepare a consumer complaint and identify refund or service remedies,legal_aid_or_process_help,False,False,False,physical,past,True,False,False,False,unknown,True,True,consumer_grievance_preparation,Consumer Disputes,,Consumer Disputes,
CLS000061,NAR000021_EN,Assault & Threats,Domestic dispute;personal_safety,complaint_followup;evidence_preservation,document the threat or assault and understand police reporting options,legal_aid_or_process_help,False,False,False,physical,recent,True,True,False,False,unknown,True,True,police_complaint_preparation,Assault & Threats,,Assault & Threats,
CLS000062,NAR000021_HI,Assault & Threats,Domestic dispute;personal_safety,complaint_followup;evidence_preservation,document the threat or assault and understand police reporting options,legal_aid_or_process_help,False,False,False,physical,recent,True,True,False,False,unknown,True,True,police_complaint_preparation,Assault & Threats,,Assault & Threats,
CLS000063,NAR000021_HILATN,Assault & Threats,Domestic dispute;personal_safety;timeline_reconstruction_needed,complaint_followup;evidence_preservation,document the threat or assault and understand police reporting options,legal_aid_or_process_help,False,False,False,physical,recent,True,True,False,False,unknown,True,True,police_complaint_preparation,Assault & Threats,,Assault & Threats,
CLS000064,NAR000022_EN,Traffic & Road Incidents,Reckless driving confrontation;traffic_or_road_safety,reporting_guidance,document the road incident and understand reporting options,medical_attention_needed,False,False,True,physical,recent,False,True,True,False,unknown,False,False,traffic_incident_documentation,Traffic & Road Incidents,,Traffic & Road Incidents,
CLS000065,NAR000022_ENVAR,Traffic & Road Incidents,Reckless driving confrontation;traffic_or_road_safety;uncertain_or_incomplete_user_account;timeline_reconstruction_needed,reporting_guidance;clarification_needed,document the road incident and understand reporting options,case_preparation,False,False,False,physical,recent,False,True,True,False,unknown,False,False,traffic_incident_documentation,Traffic & Road Incidents,,Traffic & Road Incidents,
CLS000066,NAR000022_HI,Traffic & Road Incidents,Reckless driving confrontation;traffic_or_road_safety,reporting_guidance,document the road incident and understand reporting options,medical_attention_needed,False,False,True,physical,recent,False,True,True,False,unknown,False,False,traffic_incident_documentation,Traffic & Road Incidents,,Traffic & Road Incidents,
CLS000067,NAR000023_EN,Theft and robbery,Vehicle theft;property_loss,complaint_followup;evidence_preservation,prepare a theft or robbery complaint and list lost property,legal_aid_or_process_help,False,False,False,physical,past,True,False,False,False,unknown,True,True,police_complaint_preparation,Theft and robbery,,Theft and robbery,
CLS000068,NAR000023_HI,Theft and robbery,Vehicle theft;property_loss,complaint_followup;evidence_preservation,prepare a theft or robbery complaint and list lost property,legal_aid_or_process_help,False,False,False,physical,past,True,False,False,False,unknown,True,True,police_complaint_preparation,Theft and robbery,,Theft and robbery,
CLS000069,NAR000023_HILATN,Theft and robbery,Vehicle theft;property_loss;uncertain_or_incomplete_user_account;timeline_reconstruction_needed,complaint_followup;evidence_preservation;clarification_needed,prepare a theft or robbery complaint and list lost property,legal_aid_or_process_help,False,False,False,physical,past,True,False,False,False,unknown,True,True,police_complaint_preparation,Theft and robbery,,Theft and robbery,
CLS000070,NAR000024_EN,Traffic & Road Incidents,Drunk driving accident;traffic_or_road_safety,complaint_followup;evidence_preservation,document the road incident and understand reporting options,case_preparation,False,False,False,physical,past,True,False,False,False,unknown,True,False,traffic_incident_documentation,Traffic & Road Incidents,,Traffic & Road Incidents,
CLS000071,NAR000024_ENVAR,Traffic & Road Incidents,Drunk driving accident;traffic_or_road_safety;uncertain_or_incomplete_user_account;timeline_reconstruction_needed,complaint_followup;evidence_preservation;clarification_needed,document the road incident and understand reporting options,needs_clarification,False,False,False,physical,past,True,False,False,False,unknown,True,False,traffic_incident_documentation,Traffic & Road Incidents,,Traffic & Road Incidents,
CLS000072,NAR000024_HI,Traffic & Road Incidents,Drunk driving accident;traffic_or_road_safety,complaint_followup;evidence_preservation,document the road incident and understand reporting options,case_preparation,False,False,False,physical,past,True,False,False,False,unknown,True,False,traffic_incident_documentation,Traffic & Road Incidents,,Traffic & Road Incidents,
CLS000073,NAR000025_EN,Financial Fraud,Insurance claim fraud;financial_loss_or_fraud,complaint_followup;evidence_preservation,report financial fraud and preserve transaction evidence,legal_aid_or_process_help,False,False,False,hybrid,recent,True,False,False,False,unknown,True,True,financial_fraud_report_preparation,Financial Fraud,,Financial Fraud,
CLS000074,NAR000025_HI,Financial Fraud,Insurance claim fraud;financial_loss_or_fraud,complaint_followup;evidence_preservation,report financial fraud and preserve transaction evidence,legal_aid_or_process_help,False,False,False,hybrid,recent,True,False,False,False,unknown,True,True,financial_fraud_report_preparation,Financial Fraud,,Financial Fraud,
CLS000075,NAR000025_HILATN,Financial Fraud,Insurance claim fraud;financial_loss_or_fraud,complaint_followup;evidence_preservation,report financial fraud and preserve transaction evidence,legal_aid_or_process_help,False,False,False,hybrid,recent,True,False,False,False,unknown,True,True,financial_fraud_report_preparation,Financial Fraud,,Financial Fraud,
CLS000076,NAR000026_EN,Theft and robbery,Online phishing theft;property_loss,reporting_guidance;evidence_preservation,prepare a theft or robbery complaint and list lost property,reporting_time_sensitive,False,False,False,online,recent,True,False,False,False,unknown,False,True,police_complaint_preparation,Theft and robbery,,Theft and robbery,
CLS000077,NAR000026_ENVAR,Theft and robbery,Online phishing theft;property_loss,reporting_guidance;evidence_preservation,prepare a theft or robbery complaint and list lost property,reporting_time_sensitive,False,False,False,online,recent,True,False,False,False,unknown,False,True,police_complaint_preparation,Theft and robbery,,Theft and robbery,
CLS000078,NAR000026_HI,Theft and robbery,Online phishing theft;property_loss,reporting_guidance;evidence_preservation,prepare a theft or robbery complaint and list lost property,reporting_time_sensitive,False,False,False,online,recent,True,False,False,False,unknown,False,True,police_complaint_preparation,Theft and robbery,,Theft and robbery,
CLS000079,NAR000027_EN,Consumer Disputes,Refusal of service refund;consumer_grievance,complaint_followup;legal_navigation;evidence_preservation,prepare a consumer complaint and identify refund or service remedies,legal_aid_or_process_help,False,False,False,online,recent,True,False,False,False,unknown,True,True,consumer_grievance_preparation,Consumer Disputes,,Consumer Disputes,
CLS000080,NAR000027_HI,Consumer Disputes,Refusal of service refund;consumer_grievance,complaint_followup;legal_navigation;evidence_preservation,prepare a consumer complaint and identify refund or service remedies,legal_aid_or_process_help,False,False,False,online,recent,True,False,False,False,unknown,True,True,consumer_grievance_preparation,Consumer Disputes,,Consumer Disputes,
CLS000081,NAR000027_HILATN,Consumer Disputes,Refusal of service refund;consumer_grievance;timeline_reconstruction_needed,complaint_followup;legal_navigation;evidence_preservation,prepare a consumer complaint and identify refund or service remedies,legal_aid_or_process_help,False,False,False,online,recent,True,False,False,False,unknown,True,True,consumer_grievance_preparation,Consumer Disputes,,Consumer Disputes,
CLS000082,NAR000028_EN,Cybercrime,Ransomware attack;digital_platform_incident,reporting_guidance;evidence_preservation,prepare a cybercrime report and preserve digital evidence,reporting_time_sensitive,False,False,False,online,recent,True,True,False,False,unknown,False,True,cybercrime_report_preparation,Cybercrime,,Cybercrime,
CLS000083,NAR000028_ENVAR,Cybercrime,Ransomware attack;digital_platform_incident;uncertain_or_incomplete_user_account;timeline_reconstruction_needed,reporting_guidance;evidence_preservation;clarification_needed,prepare a cybercrime report and preserve digital evidence,reporting_time_sensitive,False,False,False,online,recent,True,True,False,False,unknown,False,True,cybercrime_report_preparation,Cybercrime,,Cybercrime,
CLS000084,NAR000028_HI,Cybercrime,Ransomware attack;digital_platform_incident,reporting_guidance;evidence_preservation,prepare a cybercrime report and preserve digital evidence,reporting_time_sensitive,False,False,False,online,recent,True,True,False,False,unknown,False,True,cybercrime_report_preparation,Cybercrime,,Cybercrime,
CLS000085,NAR000029_EN,Theft and robbery,Chain snatching;property_loss,reporting_guidance;evidence_preservation,prepare a theft or robbery complaint and list lost property,reporting_time_sensitive,False,False,False,physical,recent,True,True,False,False,unknown,False,False,police_complaint_preparation,Theft and robbery,,Theft and robbery,
CLS000086,NAR000029_HI,Theft and robbery,Chain snatching;property_loss,reporting_guidance;evidence_preservation,prepare a theft or robbery complaint and list lost property,reporting_time_sensitive,False,False,False,physical,recent,True,True,False,False,unknown,False,False,police_complaint_preparation,Theft and robbery,,Theft and robbery,
CLS000087,NAR000029_HILATN,Theft and robbery,Chain snatching;property_loss;timeline_reconstruction_needed,reporting_guidance;evidence_preservation,prepare a theft or robbery complaint and list lost property,reporting_time_sensitive,False,False,False,physical,recent,True,True,False,False,unknown,False,False,police_complaint_preparation,Theft and robbery,,Theft and robbery,
CLS000088,NAR000030_EN,Property Disputes,Inheritance property claim;property_conflict,complaint_followup;legal_navigation;evidence_preservation,organise property-dispute facts and identify documentation gaps,legal_aid_or_process_help,False,False,False,physical,recent,True,False,False,False,unknown,True,True,property_document_review_intake,Property Disputes,,Property Disputes,
CLS000089,NAR000030_ENVAR,Property Disputes,Inheritance property claim;property_conflict;uncertain_or_incomplete_user_account;timeline_reconstruction_needed,complaint_followup;legal_navigation;evidence_preservation;clarification_needed,organise property-dispute facts and identify documentation gaps,legal_aid_or_process_help,False,False,False,physical,recent,True,False,False,False,unknown,True,True,property_document_review_intake,Property Disputes,,Property Disputes,
CLS000090,NAR000030_HI,Property Disputes,Inheritance property claim;property_conflict,complaint_followup;legal_navigation;evidence_preservation,organise property-dispute facts and identify documentation gaps,legal_aid_or_process_help,False,False,False,physical,recent,True,False,False,False,unknown,True,True,property_document_review_intake,Property Disputes,,Property Disputes,
CLS000091,NAR000031_EN,Traffic & Road Incidents,Traffic signal violation dispute;traffic_or_road_safety,reporting_guidance,document the road incident and understand reporting options,legal_aid_or_process_help,False,False,False,physical,past,False,False,False,False,unknown,False,True,traffic_incident_documentation,Traffic & Road Incidents,,Traffic & Road Incidents,
CLS000092,NAR000031_HI,Traffic & Road Incidents,Traffic signal violation dispute;traffic_or_road_safety,reporting_guidance,document the road incident and understand reporting options,legal_aid_or_process_help,False,False,False,physical,past,False,False,False,False,unknown,False,True,traffic_incident_documentation,Traffic & Road Incidents,,Traffic & Road Incidents,
CLS000093,NAR000031_HILATN,Traffic & Road Incidents,Traffic signal violation dispute;traffic_or_road_safety;timeline_reconstruction_needed,reporting_guidance,document the road incident and understand reporting options,legal_aid_or_process_help,False,False,False,physical,past,False,False,False,False,unknown,False,True,traffic_incident_documentation,Traffic & Road Incidents,,Traffic & Road Incidents,
CLS000094,NAR000032_EN,Cybercrime,Online banking fraud;digital_platform_incident,reporting_guidance;evidence_preservation,prepare a cybercrime report and preserve digital evidence,reporting_time_sensitive,False,False,False,online,past,True,False,False,False,unknown,False,False,cybercrime_report_preparation,Cybercrime,,Cybercrime,
CLS000095,NAR000032_ENVAR,Cybercrime,Online banking fraud;digital_platform_incident,reporting_guidance;evidence_preservation,prepare a cybercrime report and preserve digital evidence,reporting_time_sensitive,False,False,False,online,past,True,False,False,False,unknown,False,False,cybercrime_report_preparation,Cybercrime,,Cybercrime,
CLS000096,NAR000032_HI,Cybercrime,Online banking fraud;digital_platform_incident,reporting_guidance;evidence_preservation,prepare a cybercrime report and preserve digital evidence,reporting_time_sensitive,False,False,False,online,past,True,False,False,False,unknown,False,False,cybercrime_report_preparation,Cybercrime,,Cybercrime,
CLS000097,NAR000033_EN,Consumer Disputes,False advertising and misrepresentation;consumer_grievance,legal_navigation;evidence_preservation,prepare a consumer complaint and identify refund or service remedies,legal_aid_or_process_help,False,False,False,online,past,True,True,False,False,unknown,False,True,consumer_grievance_preparation,Consumer Disputes,,Consumer Disputes,
CLS000098,NAR000033_HI,Consumer Disputes,False advertising and misrepresentation;consumer_grievance,legal_navigation;evidence_preservation,prepare a consumer complaint and identify refund or service remedies,legal_aid_or_process_help,False,False,False,online,past,True,True,False,False,unknown,False,True,consumer_grievance_preparation,Consumer Disputes,,Consumer Disputes,
CLS000099,NAR000033_HILATN,Consumer Disputes,False advertising and misrepresentation;consumer_grievance;uncertain_or_incomplete_user_account;timeline_reconstruction_needed,legal_navigation;evidence_preservation;clarification_needed,prepare a consumer complaint and identify refund or service remedies,legal_aid_or_process_help,False,False,False,online,past,True,True,False,False,unknown,False,True,consumer_grievance_preparation,Consumer Disputes,,Consumer Disputes,
CLS000100,NAR000034_EN,Employment/Labour,Workplace harassment;workplace_rights,legal_navigation;evidence_preservation,prepare a workplace rights complaint or legal-aid intake,legal_aid_or_process_help,False,False,False,physical,past,True,True,False,False,unknown,False,True,labour_or_workplace_intake,Employment/Labour,,Employment/Labour,
CLS000101,NAR000034_ENVAR,Employment/Labour,Workplace harassment;workplace_rights;uncertain_or_incomplete_user_account;timeline_reconstruction_needed,legal_navigation;evidence_preservation;clarification_needed,prepare a workplace rights complaint or legal-aid intake,legal_aid_or_process_help,False,False,False,physical,past,True,True,False,False,unknown,False,True,labour_or_workplace_intake,Employment/Labour,,Employment/Labour,
CLS000102,NAR000034_HI,Employment/Labour,Workplace harassment;workplace_rights,legal_navigation;evidence_preservation,prepare a workplace rights complaint or legal-aid intake,legal_aid_or_process_help,False,False,False,physical,past,True,True,False,False,unknown,False,True,labour_or_workplace_intake,Employment/Labour,,Employment/Labour,
CLS000103,NAR000035_EN,Cybercrime,Phishing scam;digital_platform_incident,complaint_followup;evidence_preservation,prepare a cybercrime report and preserve digital evidence,legal_aid_or_process_help,False,False,False,online,past,True,True,False,False,unknown,True,True,cybercrime_report_preparation,Cybercrime,,Cybercrime,
CLS000104,NAR000035_HI,Cybercrime,Phishing scam;digital_platform_incident,complaint_followup;evidence_preservation,prepare a cybercrime report and preserve digital evidence,legal_aid_or_process_help,False,False,False,online,past,True,True,False,False,unknown,True,True,cybercrime_report_preparation,Cybercrime,,Cybercrime,
CLS000105,NAR000035_HILATN,Cybercrime,Phishing scam;digital_platform_incident,complaint_followup;evidence_preservation,prepare a cybercrime report and preserve digital evidence,legal_aid_or_process_help,False,False,False,online,past,True,True,False,False,unknown,True,True,cybercrime_report_preparation,Cybercrime,,Cybercrime,
CLS000106,NAR000036_EN,Property Disputes,Illegal property possession;property_conflict,legal_navigation;evidence_preservation,organise property-dispute facts and identify documentation gaps,legal_aid_or_process_help,False,False,False,physical,recent,True,False,False,False,unknown,False,True,property_document_review_intake,Property Disputes,,Property Disputes,
CLS000107,NAR000036_ENVAR,Property Disputes,Illegal property possession;property_conflict;uncertain_or_incomplete_user_account;timeline_reconstruction_needed,legal_navigation;evidence_preservation;clarification_needed,organise property-dispute facts and identify documentation gaps,legal_aid_or_process_help,False,False,False,physical,recent,True,False,False,False,unknown,False,True,property_document_review_intake,Property Disputes,,Property Disputes,
CLS000108,NAR000036_HI,Property Disputes,Illegal property possession;property_conflict,legal_navigation;evidence_preservation,organise property-dispute facts and identify documentation gaps,legal_aid_or_process_help,False,False,False,physical,recent,True,False,False,False,unknown,False,True,property_document_review_intake,Property Disputes,,Property Disputes,
CLS000109,NAR000037_EN,Cybercrime,Cyberstalking;digital_platform_incident,complaint_followup;evidence_preservation,prepare a cybercrime report and preserve digital evidence,case_preparation,False,False,False,hybrid,recent,False,True,False,False,unknown,True,False,cybercrime_report_preparation,Cybercrime,,Cybercrime,
CLS000110,NAR000037_HI,Cybercrime,Cyberstalking;digital_platform_incident,complaint_followup;evidence_preservation,prepare a cybercrime report and preserve digital evidence,case_preparation,False,False,False,hybrid,recent,False,True,False,False,unknown,True,False,cybercrime_report_preparation,Cybercrime,,Cybercrime,
CLS000111,NAR000037_HILATN,Cybercrime,Cyberstalking;digital_platform_incident;timeline_reconstruction_needed,complaint_followup;evidence_preservation,prepare a cybercrime report and preserve digital evidence,case_preparation,False,False,False,hybrid,recent,False,True,False,False,unknown,True,False,cybercrime_report_preparation,Cybercrime,,Cybercrime,
CLS000112,NAR000038_EN,Theft and robbery,Pickpocketing;property_loss,complaint_followup;evidence_preservation,prepare a theft or robbery complaint and list lost property,legal_aid_or_process_help,False,False,False,physical,past,True,False,False,False,unknown,True,True,police_complaint_preparation,Theft and robbery,,Theft and robbery,
CLS000113,NAR000038_ENVAR,Theft and robbery,Pickpocketing;property_loss,complaint_followup;evidence_preservation,prepare a theft or robbery complaint and list lost property,legal_aid_or_process_help,False,False,False,physical,past,True,False,False,False,unknown,True,True,police_complaint_preparation,Theft and robbery,,Theft and robbery,
CLS000114,NAR000038_HI,Theft and robbery,Pickpocketing;property_loss,complaint_followup;evidence_preservation,prepare a theft or robbery complaint and list lost property,legal_aid_or_process_help,False,False,False,physical,past,True,False,False,False,unknown,True,True,police_complaint_preparation,Theft and robbery,,Theft and robbery,
CLS000115,NAR000039_EN,Property Disputes,Boundary wall dispute;property_conflict,legal_navigation;evidence_preservation,organise property-dispute facts and identify documentation gaps,legal_aid_or_process_help,False,False,False,physical,recent,True,True,False,False,unknown,False,True,property_document_review_intake,Property Disputes,,Property Disputes,
CLS000116,NAR000039_HI,Property Disputes,Boundary wall dispute;property_conflict,legal_navigation;evidence_preservation,organise property-dispute facts and identify documentation gaps,legal_aid_or_process_help,False,False,False,physical,recent,True,True,False,False,unknown,False,True,property_document_review_intake,Property Disputes,,Property Disputes,
CLS000117,NAR000039_HILATN,Property Disputes,Boundary wall dispute;property_conflict;timeline_reconstruction_needed,legal_navigation;evidence_preservation,organise property-dispute facts and identify documentation gaps,legal_aid_or_process_help,False,False,False,physical,recent,True,True,False,False,unknown,False,True,property_document_review_intake,Property Disputes,,Property Disputes,
CLS000118,NAR000040_EN,Employment/Labour,Unfair termination;workplace_rights,legal_navigation,prepare a workplace rights complaint or legal-aid intake,legal_aid_or_process_help,False,False,False,online,recent,False,False,False,False,unknown,False,True,labour_or_workplace_intake,Employment/Labour,,Employment/Labour,
CLS000119,NAR000040_ENVAR,Employment/Labour,Unfair termination;workplace_rights;uncertain_or_incomplete_user_account;timeline_reconstruction_needed,legal_navigation;clarification_needed,prepare a workplace rights complaint or legal-aid intake,legal_aid_or_process_help,False,False,False,online,recent,False,False,False,False,unknown,False,True,labour_or_workplace_intake,Employment/Labour,,Employment/Labour,
CLS000120,NAR000040_HI,Employment/Labour,Unfair termination;workplace_rights,legal_navigation,prepare a workplace rights complaint or legal-aid intake,legal_aid_or_process_help,False,False,False,online,recent,False,False,False,False,unknown,False,True,labour_or_workplace_intake,Employment/Labour,,Employment/Labour,
CLS000121,NAR000041_EN,Financial Fraud,Ponzi scheme investment fraud;financial_loss_or_fraud,reporting_guidance;evidence_preservation,report financial fraud and preserve transaction evidence,reporting_time_sensitive,False,False,False,hybrid,past,True,False,False,False,unknown,False,False,financial_fraud_report_preparation,Financial Fraud,,Financial Fraud,
CLS000122,NAR000041_HI,Financial Fraud,Ponzi scheme investment fraud;financial_loss_or_fraud,reporting_guidance;evidence_preservation,report financial fraud and preserve transaction evidence,reporting_time_sensitive,False,False,False,hybrid,past,True,False,False,False,unknown,False,False,financial_fraud_report_preparation,Financial Fraud,,Financial Fraud,
CLS000123,NAR000041_HILATN,Financial Fraud,Ponzi scheme investment fraud;financial_loss_or_fraud;timeline_reconstruction_needed,reporting_guidance;evidence_preservation,report financial fraud and preserve transaction evidence,reporting_time_sensitive,False,False,False,hybrid,past,True,False,False,False,unknown,False,False,financial_fraud_report_preparation,Financial Fraud,,Financial Fraud,
CLS000124,NAR000042_EN,Assault & Threats,Physical altercation;personal_safety,reporting_guidance,document the threat or assault and understand police reporting options,reporting_time_sensitive,False,False,False,physical,past,False,True,False,False,unknown,False,True,police_complaint_preparation,Assault & Threats,,Assault & Threats,
CLS000125,NAR000042_ENVAR,Assault & Threats,Physical altercation;personal_safety;uncertain_or_incomplete_user_account;timeline_reconstruction_needed,reporting_guidance;clarification_needed,document the threat or assault and understand police reporting options,reporting_time_sensitive,False,False,False,physical,past,False,True,False,False,unknown,False,True,police_complaint_preparation,Assault & Threats,,Assault & Threats,
CLS000126,NAR000042_HI,Assault & Threats,Physical altercation;personal_safety,reporting_guidance,document the threat or assault and understand police reporting options,reporting_time_sensitive,False,False,False,physical,past,False,True,False,False,unknown,False,True,police_complaint_preparation,Assault & Threats,,Assault & Threats,
CLS000127,NAR000043_EN,Theft and robbery,House burglary;property_loss,complaint_followup;evidence_preservation,prepare a theft or robbery complaint and list lost property,legal_aid_or_process_help,False,False,False,physical,recent,True,False,False,False,unknown,True,True,police_complaint_preparation,Theft and robbery,,Theft and robbery,
CLS000128,NAR000043_HI,Theft and robbery,House burglary;property_loss,complaint_followup;evidence_preservation,prepare a theft or robbery complaint and list lost property,legal_aid_or_process_help,False,False,False,physical,recent,True,False,False,False,unknown,True,True,police_complaint_preparation,Theft and robbery,,Theft and robbery,
CLS000129,NAR000043_HILATN,Theft and robbery,House burglary;property_loss;uncertain_or_incomplete_user_account;timeline_reconstruction_needed,complaint_followup;evidence_preservation;clarification_needed,prepare a theft or robbery complaint and list lost property,legal_aid_or_process_help,False,False,False,physical,recent,True,False,False,False,unknown,True,True,police_complaint_preparation,Theft and robbery,,Theft and robbery,
CLS000130,NAR000044_EN,Traffic & Road Incidents,Traffic signal violation dispute;traffic_or_road_safety,reporting_guidance,document the road incident and understand reporting options,legal_aid_or_process_help,False,False,False,physical,recent,False,False,False,False,unknown,False,True,traffic_incident_documentation,Traffic & Road Incidents,,Traffic & Road Incidents,
CLS000131,NAR000044_ENVAR,Traffic & Road Incidents,Traffic signal violation dispute;traffic_or_road_safety,reporting_guidance,document the road incident and understand reporting options,legal_aid_or_process_help,False,False,False,physical,recent,False,False,False,False,unknown,False,True,traffic_incident_documentation,Traffic & Road Incidents,,Traffic & Road Incidents,
CLS000132,NAR000044_HI,Traffic & Road Incidents,Traffic signal violation dispute;traffic_or_road_safety,reporting_guidance,document the road incident and understand reporting options,legal_aid_or_process_help,False,False,False,physical,recent,False,False,False,False,unknown,False,True,traffic_incident_documentation,Traffic & Road Incidents,,Traffic & Road Incidents,
CLS000133,NAR000045_EN,Assault & Threats,Domestic dispute;personal_safety,reporting_guidance;evidence_preservation,document the threat or assault and understand police reporting options,reporting_time_sensitive,False,False,False,physical,recent,True,True,False,False,unknown,False,True,police_complaint_preparation,Assault & Threats,,Assault & Threats,
CLS000134,NAR000045_HI,Assault & Threats,Domestic dispute;personal_safety,reporting_guidance;evidence_preservation,document the threat or assault and understand police reporting options,reporting_time_sensitive,False,False,False,physical,recent,True,True,False,False,unknown,False,True,police_complaint_preparation,Assault & Threats,,Assault & Threats,
CLS000135,NAR000045_HILATN,Assault & Threats,Domestic dispute;personal_safety,reporting_guidance;evidence_preservation,document the threat or assault and understand police reporting options,reporting_time_sensitive,False,False,False,physical,recent,True,True,False,False,unknown,False,True,police_complaint_preparation,Assault & Threats,,Assault & Threats,
CLS000136,NAR000046_EN,Cybercrime,Social media hacking;digital_platform_incident,reporting_guidance;evidence_preservation,prepare a cybercrime report and preserve digital evidence,reporting_time_sensitive,False,False,False,online,past,False,True,False,False,unknown,False,False,cybercrime_report_preparation,Cybercrime,,Cybercrime,
CLS000137,NAR000046_ENVAR,Cybercrime,Social media hacking;digital_platform_incident;uncertain_or_incomplete_user_account;timeline_reconstruction_needed,reporting_guidance;evidence_preservation;clarification_needed,prepare a cybercrime report and preserve digital evidence,reporting_time_sensitive,False,False,False,online,past,False,True,False,False,unknown,False,False,cybercrime_report_preparation,Cybercrime,,Cybercrime,
CLS000138,NAR000046_HI,Cybercrime,Social media hacking;digital_platform_incident,reporting_guidance;evidence_preservation,prepare a cybercrime report and preserve digital evidence,reporting_time_sensitive,False,False,False,online,past,False,True,False,False,unknown,False,False,cybercrime_report_preparation,Cybercrime,,Cybercrime,
CLS000139,NAR000047_EN,Property Disputes,Boundary wall dispute;property_conflict,legal_navigation;evidence_preservation,organise property-dispute facts and identify documentation gaps,legal_aid_or_process_help,False,False,False,physical,recent,True,True,False,False,unknown,False,True,property_document_review_intake,Property Disputes,,Property Disputes,
CLS000140,NAR000047_HI,Property Disputes,Boundary wall dispute;property_conflict,legal_navigation;evidence_preservation,organise property-dispute facts and identify documentation gaps,legal_aid_or_process_help,False,False,False,physical,recent,True,True,False,False,unknown,False,True,property_document_review_intake,Property Disputes,,Property Disputes,
CLS000141,NAR000047_HILATN,Property Disputes,Boundary wall dispute;property_conflict;timeline_reconstruction_needed,legal_navigation;evidence_preservation,organise property-dispute facts and identify documentation gaps,legal_aid_or_process_help,False,False,False,physical,recent,True,True,False,False,unknown,False,True,property_document_review_intake,Property Disputes,,Property Disputes,
CLS000142,NAR000048_EN,Consumer Disputes,Defective product delivery;consumer_grievance,complaint_followup;legal_navigation;evidence_preservation,prepare a consumer complaint and identify refund or service remedies,case_preparation,False,False,False,physical,recent,True,False,False,False,unknown,True,False,consumer_grievance_preparation,Consumer Disputes,,Consumer Disputes,
CLS000143,NAR000048_ENVAR,Consumer Disputes,Defective product delivery;consumer_grievance;uncertain_or_incomplete_user_account;timeline_reconstruction_needed,complaint_followup;legal_navigation;evidence_preservation;clarification_needed,prepare a consumer complaint and identify refund or service remedies,needs_clarification,False,False,False,physical,recent,True,False,False,False,unknown,True,False,consumer_grievance_preparation,Consumer Disputes,,Consumer Disputes,
CLS000144,NAR000048_HI,Consumer Disputes,Defective product delivery;consumer_grievance,complaint_followup;legal_navigation;evidence_preservation,prepare a consumer complaint and identify refund or service remedies,case_preparation,False,False,False,physical,recent,True,False,False,False,unknown,True,False,consumer_grievance_preparation,Consumer Disputes,,Consumer Disputes,
CLS000145,NAR000049_EN,Consumer Disputes,Refusal of service refund;consumer_grievance,complaint_followup;legal_navigation;evidence_preservation,prepare a consumer complaint and identify refund or service remedies,legal_aid_or_process_help,False,False,False,online,past,True,False,False,False,unknown,True,True,consumer_grievance_preparation,Consumer Disputes,,Consumer Disputes,
CLS000146,NAR000049_HI,Consumer Disputes,Refusal of service refund;consumer_grievance,complaint_followup;legal_navigation;evidence_preservation,prepare a consumer complaint and identify refund or service remedies,legal_aid_or_process_help,False,False,False,online,past,True,False,False,False,unknown,True,True,consumer_grievance_preparation,Consumer Disputes,,Consumer Disputes,
CLS000147,NAR000049_HILATN,Consumer Disputes,Refusal of service refund;consumer_grievance;timeline_reconstruction_needed,complaint_followup;legal_navigation;evidence_preservation,prepare a consumer complaint and identify refund or service remedies,legal_aid_or_process_help,False,False,False,online,past,True,False,False,False,unknown,True,True,consumer_grievance_preparation,Consumer Disputes,,Consumer Disputes,
CLS000148,NAR000050_EN,Theft and robbery,Armed robbery;property_loss,reporting_guidance;evidence_preservation,prepare a theft or robbery complaint and list lost property,reporting_time_sensitive,False,False,False,physical,past,True,True,True,False,unknown,False,True,police_complaint_preparation,Theft and robbery,,Theft and robbery,
CLS000149,NAR000050_ENVAR,Theft and robbery,Armed robbery;property_loss,reporting_guidance;evidence_preservation,prepare a theft or robbery complaint and list lost property,reporting_time_sensitive,False,False,False,physical,past,True,True,True,False,unknown,False,True,police_complaint_preparation,Theft and robbery,,Theft and robbery,
CLS000150,NAR000050_HI,Theft and robbery,Armed robbery;property_loss,reporting_guidance;evidence_preservation,prepare a theft or robbery complaint and list lost property,medical_attention_needed,False,False,True,physical,past,True,True,True,True,unknown,False,True,police_complaint_preparation,Theft and robbery,,Theft and robbery,
CLS000151,NAR000051_EN,Employment/Labour,Breach of employment contract;workplace_rights,legal_navigation;evidence_preservation,prepare a workplace rights complaint or legal-aid intake,legal_aid_or_process_help,False,False,False,online,recent,True,False,False,False,unknown,False,True,labour_or_workplace_intake,Employment/Labour,,Employment/Labour,
CLS000152,NAR000051_HI,Employment/Labour,Breach of employment contract;workplace_rights,legal_navigation;evidence_preservation,prepare a workplace rights complaint or legal-aid intake,legal_aid_or_process_help,False,False,False,online,recent,True,False,False,False,unknown,False,True,labour_or_workplace_intake,Employment/Labour,,Employment/Labour,
CLS000153,NAR000051_HILATN,Employment/Labour,Breach of employment contract;workplace_rights;timeline_reconstruction_needed,legal_navigation;evidence_preservation,prepare a workplace rights complaint or legal-aid intake,legal_aid_or_process_help,False,False,False,online,recent,True,False,False,False,unknown,False,True,labour_or_workplace_intake,Employment/Labour,,Employment/Labour,
CLS000154,NAR000052_EN,Employment/Labour,Safe working conditions violation;workplace_rights,legal_navigation;evidence_preservation,prepare a workplace rights complaint or legal-aid intake,case_preparation,False,False,False,physical,recent,True,False,True,False,unknown,False,False,labour_or_workplace_intake,Employment/Labour,,Employment/Labour,
CLS000155,NAR000052_ENVAR,Employment/Labour,Safe working conditions violation;workplace_rights;uncertain_or_incomplete_user_account;timeline_reconstruction_needed,legal_navigation;evidence_preservation;clarification_needed,prepare a workplace rights complaint or legal-aid intake,case_preparation,False,False,False,physical,recent,True,False,True,False,unknown,False,False,labour_or_workplace_intake,Employment/Labour,,Employment/Labour,
CLS000156,NAR000052_HI,Employment/Labour,Safe working conditions violation;workplace_rights,legal_navigation;evidence_preservation,prepare a workplace rights complaint or legal-aid intake,medical_attention_needed,False,False,True,physical,recent,True,False,True,False,unknown,False,False,labour_or_workplace_intake,Employment/Labour,,Employment/Labour,
CLS000157,NAR000053_EN,Consumer Disputes,Defective product delivery;consumer_grievance,legal_navigation;evidence_preservation,prepare a consumer complaint and identify refund or service remedies,legal_aid_or_process_help,False,False,False,physical,past,True,False,False,False,unknown,False,True,consumer_grievance_preparation,Consumer Disputes,,Consumer Disputes,
CLS000158,NAR000053_HI,Consumer Disputes,Defective product delivery;consumer_grievance,legal_navigation;evidence_preservation,prepare a consumer complaint and identify refund or service remedies,legal_aid_or_process_help,False,False,False,physical,past,True,False,False,False,unknown,False,True,consumer_grievance_preparation,Consumer Disputes,,Consumer Disputes,
CLS000159,NAR000053_HILATN,Consumer Disputes,Defective product delivery;consumer_grievance;uncertain_or_incomplete_user_account;timeline_reconstruction_needed,legal_navigation;evidence_preservation;clarification_needed,prepare a consumer complaint and identify refund or service remedies,legal_aid_or_process_help,False,False,False,physical,past,True,False,False,False,unknown,False,True,consumer_grievance_preparation,Consumer Disputes,,Consumer Disputes,
CLS000160,NAR000054_EN,Theft and robbery,Vehicle theft;property_loss,complaint_followup;evidence_preservation,prepare a theft or robbery complaint and list lost property,legal_aid_or_process_help,False,False,False,physical,recent,True,False,False,False,unknown,True,True,police_complaint_preparation,Theft and robbery,,Theft and robbery,
CLS000161,NAR000054_ENVAR,Theft and robbery,Vehicle theft;property_loss;uncertain_or_incomplete_user_account;timeline_reconstruction_needed,complaint_followup;evidence_preservation;clarification_needed,prepare a theft or robbery complaint and list lost property,legal_aid_or_process_help,False,False,False,physical,recent,True,False,False,False,unknown,True,True,police_complaint_preparation,Theft and robbery,,Theft and robbery,
CLS000162,NAR000054_HI,Theft and robbery,Vehicle theft;property_loss,complaint_followup;evidence_preservation,prepare a theft or robbery complaint and list lost property,legal_aid_or_process_help,False,False,False,physical,recent,True,False,False,False,unknown,True,True,police_complaint_preparation,Theft and robbery,,Theft and robbery,
CLS000163,NAR000055_EN,Traffic & Road Incidents,Reckless driving confrontation;traffic_or_road_safety,reporting_guidance;evidence_preservation,document the road incident and understand reporting options,case_preparation,False,False,False,physical,past,True,False,False,False,unknown,False,False,traffic_incident_documentation,Traffic & Road Incidents,,Traffic & Road Incidents,
CLS000164,NAR000055_HI,Traffic & Road Incidents,Reckless driving confrontation;traffic_or_road_safety,reporting_guidance;evidence_preservation,document the road incident and understand reporting options,case_preparation,False,False,False,physical,past,True,False,False,False,unknown,False,False,traffic_incident_documentation,Traffic & Road Incidents,,Traffic & Road Incidents,
CLS000165,NAR000055_HILATN,Traffic & Road Incidents,Reckless driving confrontation;traffic_or_road_safety,reporting_guidance;evidence_preservation,document the road incident and understand reporting options,case_preparation,False,False,False,physical,past,True,False,False,False,unknown,False,False,traffic_incident_documentation,Traffic & Road Incidents,,Traffic & Road Incidents,
CLS000166,NAR000056_EN,Financial Fraud,Insurance claim fraud;financial_loss_or_fraud,reporting_guidance;evidence_preservation,report financial fraud and preserve transaction evidence,reporting_time_sensitive,False,False,False,online,past,True,False,False,False,unknown,False,True,financial_fraud_report_preparation,Financial Fraud,,Financial Fraud,
CLS000167,NAR000056_ENVAR,Financial Fraud,Insurance claim fraud;financial_loss_or_fraud,reporting_guidance;evidence_preservation,report financial fraud and preserve transaction evidence,reporting_time_sensitive,False,False,False,online,past,True,False,False,False,unknown,False,True,financial_fraud_report_preparation,Financial Fraud,,Financial Fraud,
CLS000168,NAR000056_HI,Financial Fraud,Insurance claim fraud;financial_loss_or_fraud,reporting_guidance;evidence_preservation,report financial fraud and preserve transaction evidence,reporting_time_sensitive,False,False,False,online,past,True,False,False,False,unknown,False,True,financial_fraud_report_preparation,Financial Fraud,,Financial Fraud,
CLS000169,NAR000057_EN,Domestic Violence,Spousal physical abuse;domestic_safety,safety_triage;reporting_guidance;evidence_preservation,seek safety-focused help and prepare a support or complaint record,emergency_current_danger,True,True,False,physical,current,True,True,True,False,unknown,False,False,safety_redirect_and_case_intake,Domestic Violence,,Domestic Violence,
CLS000170,NAR000057_HI,Domestic Violence,Spousal physical abuse;domestic_safety,safety_triage;reporting_guidance;evidence_preservation,seek safety-focused help and prepare a support or complaint record,emergency_current_danger,True,True,False,physical,current,True,True,True,False,unknown,False,False,safety_redirect_and_case_intake,Domestic Violence,,Domestic Violence,
CLS000171,NAR000057_HILATN,Domestic Violence,Spousal physical abuse;domestic_safety;timeline_reconstruction_needed,safety_triage;reporting_guidance;evidence_preservation,seek safety-focused help and prepare a support or complaint record,emergency_current_danger,True,True,False,physical,current,True,True,True,False,unknown,False,False,safety_redirect_and_case_intake,Domestic Violence,,Domestic Violence,
CLS000172,NAR000058_EN,Cybercrime,Phishing scam;digital_platform_incident,complaint_followup;evidence_preservation,prepare a cybercrime report and preserve digital evidence,legal_aid_or_process_help,False,False,False,online,past,True,True,False,False,unknown,True,True,cybercrime_report_preparation,Cybercrime,,Cybercrime,
CLS000173,NAR000058_ENVAR,Cybercrime,Phishing scam;digital_platform_incident;uncertain_or_incomplete_user_account;timeline_reconstruction_needed,complaint_followup;evidence_preservation;clarification_needed,prepare a cybercrime report and preserve digital evidence,legal_aid_or_process_help,False,False,False,online,past,True,True,False,False,unknown,True,True,cybercrime_report_preparation,Cybercrime,,Cybercrime,
CLS000174,NAR000058_HI,Cybercrime,Phishing scam;digital_platform_incident,complaint_followup;evidence_preservation,prepare a cybercrime report and preserve digital evidence,legal_aid_or_process_help,False,False,False,online,past,True,True,False,False,unknown,True,True,cybercrime_report_preparation,Cybercrime,,Cybercrime,
CLS000175,NAR000059_EN,Cybercrime,Identity theft;digital_platform_incident,complaint_followup;evidence_preservation,prepare a cybercrime report and preserve digital evidence,legal_aid_or_process_help,False,False,False,online,past,True,False,False,False,unknown,True,True,cybercrime_report_preparation,Cybercrime,,Cybercrime,
CLS000176,NAR000059_HI,Cybercrime,Identity theft;digital_platform_incident,complaint_followup;evidence_preservation,prepare a cybercrime report and preserve digital evidence,legal_aid_or_process_help,False,False,False,online,past,True,False,False,False,unknown,True,True,cybercrime_report_preparation,Cybercrime,,Cybercrime,
CLS000177,NAR000059_HILATN,Cybercrime,Identity theft;digital_platform_incident;timeline_reconstruction_needed,complaint_followup;evidence_preservation,prepare a cybercrime report and preserve digital evidence,legal_aid_or_process_help,False,False,False,online,past,True,False,False,False,unknown,True,True,cybercrime_report_preparation,Cybercrime,,Cybercrime,
CLS000178,NAR000060_EN,Cybercrime,Online banking fraud;digital_platform_incident,complaint_followup;evidence_preservation,prepare a cybercrime report and preserve digital evidence,legal_aid_or_process_help,False,False,False,online,past,True,False,False,False,unknown,True,True,cybercrime_report_preparation,Cybercrime,,Cybercrime,
CLS000179,NAR000060_ENVAR,Cybercrime,Online banking fraud;digital_platform_incident;uncertain_or_incomplete_user_account;timeline_reconstruction_needed,complaint_followup;evidence_preservation;clarification_needed,prepare a cybercrime report and preserve digital evidence,legal_aid_or_process_help,False,False,False,online,past,True,False,False,False,unknown,True,True,cybercrime_report_preparation,Cybercrime,,Cybercrime,
CLS000180,NAR000060_HI,Cybercrime,Online banking fraud;digital_platform_incident,complaint_followup;evidence_preservation,prepare a cybercrime report and preserve digital evidence,legal_aid_or_process_help,False,False,False,online,past,True,False,False,False,unknown,True,True,cybercrime_report_preparation,Cybercrime,,Cybercrime,
CLS000181,NAR000061_EN,Consumer Disputes,Overcharging and hidden fees;consumer_grievance,legal_navigation;evidence_preservation,prepare a consumer complaint and identify refund or service remedies,case_preparation,False,False,False,physical,past,True,False,False,False,unknown,False,False,consumer_grievance_preparation,Consumer Disputes,,Consumer Disputes,
CLS000182,NAR000061_HI,Consumer Disputes,Overcharging and hidden fees;consumer_grievance,legal_navigation;evidence_preservation,prepare a consumer complaint and identify refund or service remedies,case_preparation,False,False,False,physical,past,True,False,False,False,unknown,False,False,consumer_grievance_preparation,Consumer Disputes,,Consumer Disputes,
CLS000183,NAR000061_HILATN,Consumer Disputes,Overcharging and hidden fees;consumer_grievance;timeline_reconstruction_needed,legal_navigation;evidence_preservation,prepare a consumer complaint and identify refund or service remedies,case_preparation,False,False,False,physical,past,True,False,False,False,unknown,False,False,consumer_grievance_preparation,Consumer Disputes,,Consumer Disputes,
CLS000184,NAR000062_EN,Cybercrime,Identity theft;digital_platform_incident,reporting_guidance;evidence_preservation,prepare a cybercrime report and preserve digital evidence,reporting_time_sensitive,False,False,False,online,past,False,False,False,False,unknown,False,False,cybercrime_report_preparation,Cybercrime,,Cybercrime,
CLS000185,NAR000062_ENVAR,Cybercrime,Identity theft;digital_platform_incident,reporting_guidance;evidence_preservation,prepare a cybercrime report and preserve digital evidence,reporting_time_sensitive,False,False,False,online,past,False,False,False,False,unknown,False,False,cybercrime_report_preparation,Cybercrime,,Cybercrime,
CLS000186,NAR000062_HI,Cybercrime,Identity theft;digital_platform_incident,reporting_guidance;evidence_preservation,prepare a cybercrime report and preserve digital evidence,reporting_time_sensitive,False,False,False,online,past,False,False,False,False,unknown,False,False,cybercrime_report_preparation,Cybercrime,,Cybercrime,
CLS000187,NAR000063_EN,Family Law,Restitution of conjugal rights;family_legal_support,complaint_followup;legal_navigation;evidence_preservation,organise family-law facts and identify support options,legal_aid_or_process_help,False,False,False,physical,past,True,False,False,False,unknown,True,True,family_legal_aid_intake,Family Law,,Family Law,
CLS000188,NAR000063_HI,Family Law,Restitution of conjugal rights;family_legal_support,complaint_followup;legal_navigation;evidence_preservation,organise family-law facts and identify support options,legal_aid_or_process_help,False,False,False,physical,past,True,False,False,False,unknown,True,True,family_legal_aid_intake,Family Law,,Family Law,
CLS000189,NAR000063_HILATN,Family Law,Restitution of conjugal rights;family_legal_support;uncertain_or_incomplete_user_account;timeline_reconstruction_needed,complaint_followup;legal_navigation;evidence_preservation;clarification_needed,organise family-law facts and identify support options,legal_aid_or_process_help,False,False,False,physical,past,True,False,False,False,unknown,True,True,family_legal_aid_intake,Family Law,,Family Law,
CLS000190,NAR000064_EN,Theft and robbery,Online phishing theft;property_loss,complaint_followup;evidence_preservation,prepare a theft or robbery complaint and list lost property,case_preparation,False,False,False,hybrid,recent,True,False,False,False,unknown,True,False,police_complaint_preparation,Theft and robbery,,Theft and robbery,
CLS000191,NAR000064_ENVAR,Theft and robbery,Online phishing theft;property_loss;uncertain_or_incomplete_user_account;timeline_reconstruction_needed,complaint_followup;evidence_preservation;clarification_needed,prepare a theft or robbery complaint and list lost property,case_preparation,False,False,False,hybrid,recent,True,False,False,False,unknown,True,False,police_complaint_preparation,Theft and robbery,,Theft and robbery,
CLS000192,NAR000064_HI,Theft and robbery,Online phishing theft;property_loss,complaint_followup;evidence_preservation,prepare a theft or robbery complaint and list lost property,case_preparation,False,False,False,hybrid,recent,True,False,False,False,unknown,True,False,police_complaint_preparation,Theft and robbery,,Theft and robbery,
CLS000193,NAR000065_EN,Consumer Disputes,Overcharging and hidden fees;consumer_grievance,complaint_followup;legal_navigation;evidence_preservation,prepare a consumer complaint and identify refund or service remedies,case_preparation,False,False,False,physical,past,True,False,False,False,unknown,True,False,consumer_grievance_preparation,Consumer Disputes,,Consumer Disputes,
CLS000194,NAR000065_HI,Consumer Disputes,Overcharging and hidden fees;consumer_grievance,complaint_followup;legal_navigation;evidence_preservation,prepare a consumer complaint and identify refund or service remedies,case_preparation,False,False,False,physical,past,True,False,False,False,unknown,True,False,consumer_grievance_preparation,Consumer Disputes,,Consumer Disputes,
CLS000195,NAR000065_HILATN,Consumer Disputes,Overcharging and hidden fees;consumer_grievance,complaint_followup;legal_navigation;evidence_preservation,prepare a consumer complaint and identify refund or service remedies,case_preparation,False,False,False,physical,past,True,False,False,False,unknown,True,False,consumer_grievance_preparation,Consumer Disputes,,Consumer Disputes,
CLS000196,NAR000066_EN,Theft and robbery,Online phishing theft;property_loss,reporting_guidance;evidence_preservation,prepare a theft or robbery complaint and list lost property,reporting_time_sensitive,False,False,False,online,past,True,True,False,False,unknown,False,True,police_complaint_preparation,Theft and robbery,,Theft and robbery,
CLS000197,NAR000066_ENVAR,Theft and robbery,Online phishing theft;property_loss;uncertain_or_incomplete_user_account;timeline_reconstruction_needed,reporting_guidance;evidence_preservation;clarification_needed,prepare a theft or robbery complaint and list lost property,reporting_time_sensitive,False,False,False,online,past,True,True,False,False,unknown,False,True,police_complaint_preparation,Theft and robbery,,Theft and robbery,
CLS000198,NAR000066_HI,Theft and robbery,Online phishing theft;property_loss,reporting_guidance;evidence_preservation,prepare a theft or robbery complaint and list lost property,reporting_time_sensitive,False,False,False,online,past,True,True,False,False,unknown,False,True,police_complaint_preparation,Theft and robbery,,Theft and robbery,
CLS000199,NAR000067_EN,Traffic & Road Incidents,Hit and run collision;traffic_or_road_safety,reporting_guidance;evidence_preservation,document the road incident and understand reporting options,case_preparation,False,False,False,physical,past,True,False,True,False,unknown,False,False,traffic_incident_documentation,Traffic & Road Incidents,,Traffic & Road Incidents,
CLS000200,NAR000067_HI,Traffic & Road Incidents,Hit and run collision;traffic_or_road_safety,reporting_guidance;evidence_preservation,document the road incident and understand reporting options,medical_attention_needed,False,False,True,physical,past,True,False,True,False,unknown,False,False,traffic_incident_documentation,Traffic & Road Incidents,,Traffic & Road Incidents,
CLS000201,NAR000067_HILATN,Traffic & Road Incidents,Hit and run collision;traffic_or_road_safety;timeline_reconstruction_needed,reporting_guidance;evidence_preservation,document the road incident and understand reporting options,case_preparation,False,False,False,physical,past,True,False,True,False,unknown,False,False,traffic_incident_documentation,Traffic & Road Incidents,,Traffic & Road Incidents,
CLS000202,NAR000068_EN,Traffic & Road Incidents,Illegal parking blockage;traffic_or_road_safety,complaint_followup;evidence_preservation,document the road incident and understand reporting options,case_preparation,False,False,False,physical,past,True,False,False,False,unknown,True,False,traffic_incident_documentation,Traffic & Road Incidents,,Traffic & Road Incidents,
CLS000203,NAR000068_ENVAR,Traffic & Road Incidents,Illegal parking blockage;traffic_or_road_safety,complaint_followup;evidence_preservation,document the road incident and understand reporting options,case_preparation,False,False,False,physical,past,True,False,False,False,unknown,True,False,traffic_incident_documentation,Traffic & Road Incidents,,Traffic & Road Incidents,
CLS000204,NAR000068_HI,Traffic & Road Incidents,Illegal parking blockage;traffic_or_road_safety,complaint_followup;evidence_preservation,document the road incident and understand reporting options,case_preparation,False,False,False,physical,past,True,False,False,False,unknown,True,False,traffic_incident_documentation,Traffic & Road Incidents,,Traffic & Road Incidents,
CLS000205,NAR000069_EN,Consumer Disputes,False advertising and misrepresentation;consumer_grievance,complaint_followup;legal_navigation;evidence_preservation,prepare a consumer complaint and identify refund or service remedies,case_preparation,False,False,False,online,recent,True,False,False,False,unknown,True,False,consumer_grievance_preparation,Consumer Disputes,,Consumer Disputes,
CLS000206,NAR000069_HI,Consumer Disputes,False advertising and misrepresentation;consumer_grievance,complaint_followup;legal_navigation;evidence_preservation,prepare a consumer complaint and identify refund or service remedies,case_preparation,False,False,False,online,recent,True,False,False,False,unknown,True,False,consumer_grievance_preparation,Consumer Disputes,,Consumer Disputes,
CLS000207,NAR000069_HILATN,Consumer Disputes,False advertising and misrepresentation;consumer_grievance;timeline_reconstruction_needed,complaint_followup;legal_navigation;evidence_preservation,prepare a consumer complaint and identify refund or service remedies,case_preparation,False,False,False,online,recent,True,False,False,False,unknown,True,False,consumer_grievance_preparation,Consumer Disputes,,Consumer Disputes,
CLS000208,NAR000070_EN,Family Law,Child custody dispute;family_legal_support,legal_navigation;evidence_preservation,organise family-law facts and identify support options,legal_aid_or_process_help,False,False,False,hybrid,recent,True,False,False,False,true,False,True,family_legal_aid_intake,Family Law,,Family Law,
CLS000209,NAR000070_ENVAR,Family Law,Child custody dispute;family_legal_support;uncertain_or_incomplete_user_account;timeline_reconstruction_needed,legal_navigation;evidence_preservation;clarification_needed,organise family-law facts and identify support options,legal_aid_or_process_help,False,False,False,hybrid,recent,True,False,False,False,true,False,True,family_legal_aid_intake,Family Law,,Family Law,
CLS000210,NAR000070_HI,Family Law,Child custody dispute;family_legal_support,legal_navigation;evidence_preservation,organise family-law facts and identify support options,legal_aid_or_process_help,False,False,False,hybrid,recent,True,False,False,False,true,False,True,family_legal_aid_intake,Family Law,,Family Law,
CLS000211,NAR000071_EN,Family Law,Alimony and maintenance claim;family_legal_support,complaint_followup;legal_navigation;evidence_preservation,organise family-law facts and identify support options,legal_aid_or_process_help,False,False,False,online,past,True,False,False,False,true,True,True,family_legal_aid_intake,Family Law,,Family Law,
CLS000212,NAR000071_HI,Family Law,Alimony and maintenance claim;family_legal_support,complaint_followup;legal_navigation;evidence_preservation,organise family-law facts and identify support options,legal_aid_or_process_help,False,False,False,online,past,True,False,False,False,true,True,True,family_legal_aid_intake,Family Law,,Family Law,
CLS000213,NAR000071_HILATN,Family Law,Alimony and maintenance claim;family_legal_support;timeline_reconstruction_needed,complaint_followup;legal_navigation;evidence_preservation,organise family-law facts and identify support options,legal_aid_or_process_help,False,False,False,online,past,True,False,False,False,true,True,True,family_legal_aid_intake,Family Law,,Family Law,
CLS000214,NAR000072_EN,Assault & Threats,Online harassment & threats;personal_safety,reporting_guidance,document the threat or assault and understand police reporting options,reporting_time_sensitive,False,False,False,online,recent,False,True,False,False,unknown,False,True,police_complaint_preparation,Assault & Threats,,Assault & Threats,
CLS000215,NAR000072_ENVAR,Assault & Threats,Online harassment & threats;personal_safety;uncertain_or_incomplete_user_account;timeline_reconstruction_needed,reporting_guidance;clarification_needed,document the threat or assault and understand police reporting options,reporting_time_sensitive,False,False,False,online,recent,False,True,False,False,unknown,False,True,police_complaint_preparation,Assault & Threats,,Assault & Threats,
CLS000216,NAR000072_HI,Assault & Threats,Online harassment & threats;personal_safety,reporting_guidance,document the threat or assault and understand police reporting options,reporting_time_sensitive,False,False,False,online,recent,False,True,False,False,unknown,False,True,police_complaint_preparation,Assault & Threats,,Assault & Threats,
CLS000217,NAR000073_EN,Property Disputes,Land encroachment;property_conflict,complaint_followup;legal_navigation;evidence_preservation,organise property-dispute facts and identify documentation gaps,legal_aid_or_process_help,False,False,False,physical,past,True,False,False,False,unknown,True,True,property_document_review_intake,Property Disputes,,Property Disputes,
CLS000218,NAR000073_HI,Property Disputes,Land encroachment;property_conflict,complaint_followup;legal_navigation;evidence_preservation,organise property-dispute facts and identify documentation gaps,legal_aid_or_process_help,False,False,False,physical,past,True,False,False,False,unknown,True,True,property_document_review_intake,Property Disputes,,Property Disputes,
CLS000219,NAR000073_HILATN,Property Disputes,Land encroachment;property_conflict;uncertain_or_incomplete_user_account;timeline_reconstruction_needed,complaint_followup;legal_navigation;evidence_preservation;clarification_needed,organise property-dispute facts and identify documentation gaps,legal_aid_or_process_help,False,False,False,physical,past,True,False,False,False,unknown,True,True,property_document_review_intake,Property Disputes,,Property Disputes,
CLS000220,NAR000074_EN,Financial Fraud,Insurance claim fraud;financial_loss_or_fraud,reporting_guidance;evidence_preservation,report financial fraud and preserve transaction evidence,reporting_time_sensitive,False,False,False,hybrid,past,True,False,False,False,unknown,False,True,financial_fraud_report_preparation,Financial Fraud,,Financial Fraud,
CLS000221,NAR000074_ENVAR,Financial Fraud,Insurance claim fraud;financial_loss_or_fraud,reporting_guidance;evidence_preservation,report financial fraud and preserve transaction evidence,reporting_time_sensitive,False,False,False,hybrid,past,True,False,False,False,unknown,False,True,financial_fraud_report_preparation,Financial Fraud,,Financial Fraud,
CLS000222,NAR000074_HI,Financial Fraud,Insurance claim fraud;financial_loss_or_fraud,reporting_guidance;evidence_preservation,report financial fraud and preserve transaction evidence,reporting_time_sensitive,False,False,False,hybrid,past,True,False,False,False,unknown,False,True,financial_fraud_report_preparation,Financial Fraud,,Financial Fraud,
CLS000223,NAR000075_EN,Property Disputes,Illegal property possession;property_conflict,complaint_followup;legal_navigation;evidence_preservation,organise property-dispute facts and identify documentation gaps,legal_aid_or_process_help,False,False,False,physical,past,True,True,False,False,unknown,True,True,property_document_review_intake,Property Disputes,,Property Disputes,
CLS000224,NAR000075_HI,Property Disputes,Illegal property possession;property_conflict,complaint_followup;legal_navigation;evidence_preservation,organise property-dispute facts and identify documentation gaps,legal_aid_or_process_help,False,False,False,physical,past,True,True,False,False,unknown,True,True,property_document_review_intake,Property Disputes,,Property Disputes,
CLS000225,NAR000075_HILATN,Property Disputes,Illegal property possession;property_conflict,complaint_followup;legal_navigation;evidence_preservation,organise property-dispute facts and identify documentation gaps,legal_aid_or_process_help,False,False,False,physical,past,True,True,False,False,unknown,True,True,property_document_review_intake,Property Disputes,,Property Disputes,
CLS000226,NAR000076_EN,Theft and robbery,Pickpocketing;property_loss,complaint_followup;evidence_preservation,prepare a theft or robbery complaint and list lost property,legal_aid_or_process_help,False,False,False,physical,past,True,False,False,False,unknown,True,True,police_complaint_preparation,Theft and robbery,,Theft and robbery,
CLS000227,NAR000076_ENVAR,Theft and robbery,Pickpocketing;property_loss;uncertain_or_incomplete_user_account;timeline_reconstruction_needed,complaint_followup;evidence_preservation;clarification_needed,prepare a theft or robbery complaint and list lost property,legal_aid_or_process_help,False,False,False,physical,past,True,False,False,False,unknown,True,True,police_complaint_preparation,Theft and robbery,,Theft and robbery,
CLS000228,NAR000076_HI,Theft and robbery,Pickpocketing;property_loss,complaint_followup;evidence_preservation,prepare a theft or robbery complaint and list lost property,legal_aid_or_process_help,False,False,False,physical,past,True,False,False,False,unknown,True,True,police_complaint_preparation,Theft and robbery,,Theft and robbery,
CLS000229,NAR000077_EN,Family Law,Guardianship dispute;family_legal_support,complaint_followup;legal_navigation;evidence_preservation,organise family-law facts and identify support options,legal_aid_or_process_help,False,False,False,hybrid,recent,True,False,False,False,unknown,True,True,family_legal_aid_intake,Family Law,,Family Law,
CLS000230,NAR000077_HI,Family Law,Guardianship dispute;family_legal_support,complaint_followup;legal_navigation;evidence_preservation,organise family-law facts and identify support options,legal_aid_or_process_help,False,False,False,hybrid,recent,True,False,False,False,unknown,True,True,family_legal_aid_intake,Family Law,,Family Law,
CLS000231,NAR000077_HILATN,Family Law,Guardianship dispute;family_legal_support;timeline_reconstruction_needed,complaint_followup;legal_navigation;evidence_preservation,organise family-law facts and identify support options,legal_aid_or_process_help,False,False,False,hybrid,recent,True,False,False,False,unknown,True,True,family_legal_aid_intake,Family Law,,Family Law,
CLS000232,NAR000078_EN,Domestic Violence,Dowry harassment;domestic_safety,complaint_followup,seek safety-focused help and prepare a support or complaint record,case_preparation,False,False,False,hybrid,past,False,True,False,False,unknown,True,False,police_complaint_preparation,Domestic Violence,,Domestic Violence,
CLS000233,NAR000078_ENVAR,Domestic Violence,Dowry harassment;domestic_safety;uncertain_or_incomplete_user_account;timeline_reconstruction_needed,complaint_followup;clarification_needed,seek safety-focused help and prepare a support or complaint record,needs_clarification,False,False,False,hybrid,past,False,True,False,False,unknown,True,False,police_complaint_preparation,Domestic Violence,,Domestic Violence,
CLS000234,NAR000078_HI,Domestic Violence,Dowry harassment;domestic_safety,complaint_followup,seek safety-focused help and prepare a support or complaint record,case_preparation,False,False,False,hybrid,past,False,True,False,False,unknown,True,False,police_complaint_preparation,Domestic Violence,,Domestic Violence,
CLS000235,NAR000079_EN,Theft and robbery,Chain snatching;property_loss,complaint_followup;evidence_preservation,prepare a theft or robbery complaint and list lost property,legal_aid_or_process_help,False,False,False,physical,recent,True,True,False,False,unknown,True,True,police_complaint_preparation,Theft and robbery,,Theft and robbery,
CLS000236,NAR000079_HI,Theft and robbery,Chain snatching;property_loss,complaint_followup;evidence_preservation,prepare a theft or robbery complaint and list lost property,legal_aid_or_process_help,False,False,False,physical,recent,True,True,False,False,unknown,True,True,police_complaint_preparation,Theft and robbery,,Theft and robbery,
CLS000237,NAR000079_HILATN,Theft and robbery,Chain snatching;property_loss;timeline_reconstruction_needed,complaint_followup;evidence_preservation,prepare a theft or robbery complaint and list lost property,legal_aid_or_process_help,False,False,False,physical,recent,True,True,False,False,unknown,True,True,police_complaint_preparation,Theft and robbery,,Theft and robbery,
CLS000238,NAR000080_EN,Property Disputes,Inheritance property claim;property_conflict,legal_navigation;evidence_preservation,organise property-dispute facts and identify documentation gaps,legal_aid_or_process_help,False,False,False,hybrid,recent,True,True,False,False,unknown,False,True,property_document_review_intake,Property Disputes,,Property Disputes,
CLS000239,NAR000080_ENVAR,Property Disputes,Inheritance property claim;property_conflict,legal_navigation;evidence_preservation,organise property-dispute facts and identify documentation gaps,legal_aid_or_process_help,False,False,False,hybrid,recent,True,True,False,False,unknown,False,True,property_document_review_intake,Property Disputes,,Property Disputes,
CLS000240,NAR000080_HI,Property Disputes,Inheritance property claim;property_conflict,legal_navigation;evidence_preservation,organise property-dispute facts and identify documentation gaps,legal_aid_or_process_help,False,False,False,hybrid,recent,True,True,False,False,unknown,False,True,property_document_review_intake,Property Disputes,,Property Disputes,
CLS000241,NAR000081_EN,Employment/Labour,Breach of employment contract;workplace_rights,complaint_followup;legal_navigation;evidence_preservation,prepare a workplace rights complaint or legal-aid intake,case_preparation,False,False,False,online,recent,True,False,False,False,unknown,True,False,labour_or_workplace_intake,Employment/Labour,,Employment/Labour,
CLS000242,NAR000081_HI,Employment/Labour,Breach of employment contract;workplace_rights,complaint_followup;legal_navigation;evidence_preservation,prepare a workplace rights complaint or legal-aid intake,case_preparation,False,False,False,online,recent,True,False,False,False,unknown,True,False,labour_or_workplace_intake,Employment/Labour,,Employment/Labour,
CLS000243,NAR000081_HILATN,Employment/Labour,Breach of employment contract;workplace_rights;timeline_reconstruction_needed,complaint_followup;legal_navigation;evidence_preservation,prepare a workplace rights complaint or legal-aid intake,case_preparation,False,False,False,online,recent,True,False,False,False,unknown,True,False,labour_or_workplace_intake,Employment/Labour,,Employment/Labour,
CLS000244,NAR000082_EN,Property Disputes,Tenant-landlord conflict;property_conflict,complaint_followup;legal_navigation;evidence_preservation,organise property-dispute facts and identify documentation gaps,legal_aid_or_process_help,False,False,False,hybrid,past,True,False,False,False,unknown,True,True,property_document_review_intake,Property Disputes,,Property Disputes,
CLS000245,NAR000082_ENVAR,Property Disputes,Tenant-landlord conflict;property_conflict;uncertain_or_incomplete_user_account;timeline_reconstruction_needed,complaint_followup;legal_navigation;evidence_preservation;clarification_needed,organise property-dispute facts and identify documentation gaps,legal_aid_or_process_help,False,False,False,hybrid,past,True,False,False,False,unknown,True,True,property_document_review_intake,Property Disputes,,Property Disputes,
CLS000246,NAR000082_HI,Property Disputes,Tenant-landlord conflict;property_conflict,complaint_followup;legal_navigation;evidence_preservation,organise property-dispute facts and identify documentation gaps,legal_aid_or_process_help,False,False,False,hybrid,past,True,False,False,False,unknown,True,True,property_document_review_intake,Property Disputes,,Property Disputes,
CLS000247,NAR000083_EN,Traffic & Road Incidents,Illegal parking blockage;traffic_or_road_safety,reporting_guidance;evidence_preservation,document the road incident and understand reporting options,legal_aid_or_process_help,False,False,False,physical,recent,True,False,False,False,unknown,False,True,traffic_incident_documentation,Traffic & Road Incidents,,Traffic & Road Incidents,
CLS000248,NAR000083_HI,Traffic & Road Incidents,Illegal parking blockage;traffic_or_road_safety,reporting_guidance;evidence_preservation,document the road incident and understand reporting options,legal_aid_or_process_help,False,False,False,physical,recent,True,False,False,False,unknown,False,True,traffic_incident_documentation,Traffic & Road Incidents,,Traffic & Road Incidents,
CLS000249,NAR000083_HILATN,Traffic & Road Incidents,Illegal parking blockage;traffic_or_road_safety;uncertain_or_incomplete_user_account;timeline_reconstruction_needed,reporting_guidance;evidence_preservation;clarification_needed,document the road incident and understand reporting options,legal_aid_or_process_help,False,False,False,physical,recent,True,False,False,False,unknown,False,True,traffic_incident_documentation,Traffic & Road Incidents,,Traffic & Road Incidents,
CLS000250,NAR000084_EN,Consumer Disputes,False advertising and misrepresentation;consumer_grievance,legal_navigation;evidence_preservation,prepare a consumer complaint and identify refund or service remedies,legal_aid_or_process_help,False,False,False,physical,past,True,False,False,False,unknown,False,True,consumer_grievance_preparation,Consumer Disputes,,Consumer Disputes,
CLS000251,NAR000084_ENVAR,Consumer Disputes,False advertising and misrepresentation;consumer_grievance;uncertain_or_incomplete_user_account;timeline_reconstruction_needed,legal_navigation;evidence_preservation;clarification_needed,prepare a consumer complaint and identify refund or service remedies,legal_aid_or_process_help,False,False,False,physical,past,True,False,False,False,unknown,False,True,consumer_grievance_preparation,Consumer Disputes,,Consumer Disputes,
CLS000252,NAR000084_HI,Consumer Disputes,False advertising and misrepresentation;consumer_grievance,legal_navigation;evidence_preservation,prepare a consumer complaint and identify refund or service remedies,legal_aid_or_process_help,False,False,False,physical,past,True,False,False,False,unknown,False,True,consumer_grievance_preparation,Consumer Disputes,,Consumer Disputes,
CLS000253,NAR000085_EN,Financial Fraud,Insurance claim fraud;financial_loss_or_fraud,complaint_followup;evidence_preservation,report financial fraud and preserve transaction evidence,legal_aid_or_process_help,False,False,False,online,past,True,False,False,False,unknown,True,True,financial_fraud_report_preparation,Financial Fraud,,Financial Fraud,
CLS000254,NAR000085_HI,Financial Fraud,Insurance claim fraud;financial_loss_or_fraud,complaint_followup;evidence_preservation,report financial fraud and preserve transaction evidence,legal_aid_or_process_help,False,False,False,online,past,True,False,False,False,unknown,True,True,financial_fraud_report_preparation,Financial Fraud,,Financial Fraud,
CLS000255,NAR000085_HILATN,Financial Fraud,Insurance claim fraud;financial_loss_or_fraud,complaint_followup;evidence_preservation,report financial fraud and preserve transaction evidence,legal_aid_or_process_help,False,False,False,online,past,True,False,False,False,unknown,True,True,financial_fraud_report_preparation,Financial Fraud,,Financial Fraud,
CLS000256,NAR000086_EN,Assault & Threats,Physical altercation;personal_safety,reporting_guidance,document the threat or assault and understand police reporting options,reporting_time_sensitive,False,False,False,physical,past,False,True,True,False,unknown,False,True,police_complaint_preparation,Assault & Threats,,Assault & Threats,
CLS000257,NAR000086_ENVAR,Assault & Threats,Physical altercation;personal_safety,reporting_guidance,document the threat or assault and understand police reporting options,reporting_time_sensitive,False,False,False,physical,past,False,True,True,False,unknown,False,True,police_complaint_preparation,Assault & Threats,,Assault & Threats,
CLS000258,NAR000086_HI,Assault & Threats,Physical altercation;personal_safety,reporting_guidance,document the threat or assault and understand police reporting options,medical_attention_needed,False,False,True,physical,past,False,True,True,False,unknown,False,True,police_complaint_preparation,Assault & Threats,,Assault & Threats,
CLS000259,NAR000087_EN,Cybercrime,Phishing scam;digital_platform_incident,complaint_followup;evidence_preservation,prepare a cybercrime report and preserve digital evidence,legal_aid_or_process_help,False,False,False,online,past,True,True,False,False,unknown,True,True,cybercrime_report_preparation,Cybercrime,,Cybercrime,
CLS000260,NAR000087_HI,Cybercrime,Phishing scam;digital_platform_incident,complaint_followup;evidence_preservation,prepare a cybercrime report and preserve digital evidence,legal_aid_or_process_help,False,False,False,online,past,True,True,False,False,unknown,True,True,cybercrime_report_preparation,Cybercrime,,Cybercrime,
CLS000261,NAR000087_HILATN,Cybercrime,Phishing scam;digital_platform_incident;timeline_reconstruction_needed,complaint_followup;evidence_preservation,prepare a cybercrime report and preserve digital evidence,legal_aid_or_process_help,False,False,False,online,past,True,True,False,False,unknown,True,True,cybercrime_report_preparation,Cybercrime,,Cybercrime,
CLS000262,NAR000088_EN,Domestic Violence,Intimate partner violence;domestic_safety,complaint_followup,seek safety-focused help and prepare a support or complaint record,case_preparation,False,False,False,physical,past,False,True,False,False,unknown,True,False,police_complaint_preparation,Domestic Violence,,Domestic Violence,
CLS000263,NAR000088_ENVAR,Domestic Violence,Intimate partner violence;domestic_safety;uncertain_or_incomplete_user_account;timeline_reconstruction_needed,complaint_followup;clarification_needed,seek safety-focused help and prepare a support or complaint record,case_preparation,False,False,False,physical,past,False,True,False,False,unknown,True,False,police_complaint_preparation,Domestic Violence,,Domestic Violence,
CLS000264,NAR000088_HI,Domestic Violence,Intimate partner violence;domestic_safety,complaint_followup,seek safety-focused help and prepare a support or complaint record,case_preparation,False,False,False,physical,past,False,True,False,False,unknown,True,False,police_complaint_preparation,Domestic Violence,,Domestic Violence,
CLS000265,NAR000089_EN,Financial Fraud,Loan approval scam;financial_loss_or_fraud,complaint_followup;evidence_preservation,report financial fraud and preserve transaction evidence,legal_aid_or_process_help,False,False,False,online,recent,True,False,False,False,unknown,True,True,financial_fraud_report_preparation,Financial Fraud,,Financial Fraud,
CLS000266,NAR000089_HI,Financial Fraud,Loan approval scam;financial_loss_or_fraud,complaint_followup;evidence_preservation,report financial fraud and preserve transaction evidence,legal_aid_or_process_help,False,False,False,online,recent,True,False,False,False,unknown,True,True,financial_fraud_report_preparation,Financial Fraud,,Financial Fraud,
CLS000267,NAR000089_HILATN,Financial Fraud,Loan approval scam;financial_loss_or_fraud;timeline_reconstruction_needed,complaint_followup;evidence_preservation,report financial fraud and preserve transaction evidence,legal_aid_or_process_help,False,False,False,online,recent,True,False,False,False,unknown,True,True,financial_fraud_report_preparation,Financial Fraud,,Financial Fraud,
CLS000268,NAR000090_EN,Domestic Violence,Dowry harassment;domestic_safety,reporting_guidance,seek safety-focused help and prepare a support or complaint record,reporting_time_sensitive,False,False,False,physical,past,False,True,False,False,unknown,False,True,police_complaint_preparation,Domestic Violence,,Domestic Violence,
CLS000269,NAR000090_ENVAR,Domestic Violence,Dowry harassment;domestic_safety;uncertain_or_incomplete_user_account;timeline_reconstruction_needed,reporting_guidance;clarification_needed,seek safety-focused help and prepare a support or complaint record,reporting_time_sensitive,False,False,False,physical,past,False,True,False,False,unknown,False,True,police_complaint_preparation,Domestic Violence,,Domestic Violence,
CLS000270,NAR000090_HI,Domestic Violence,Dowry harassment;domestic_safety,reporting_guidance,seek safety-focused help and prepare a support or complaint record,reporting_time_sensitive,False,False,False,physical,past,False,True,False,False,unknown,False,True,police_complaint_preparation,Domestic Violence,,Domestic Violence,
CLS000271,NAR000091_EN,Domestic Violence,Spousal physical abuse;domestic_safety,complaint_followup;evidence_preservation,seek safety-focused help and prepare a support or complaint record,case_preparation,False,False,False,physical,recent,True,True,True,False,unknown,True,False,police_complaint_preparation,Domestic Violence,,Domestic Violence,
CLS000272,NAR000091_HI,Domestic Violence,Spousal physical abuse;domestic_safety,complaint_followup;evidence_preservation,seek safety-focused help and prepare a support or complaint record,medical_attention_needed,False,False,True,physical,recent,True,True,True,False,unknown,True,False,police_complaint_preparation,Domestic Violence,,Domestic Violence,
CLS000273,NAR000091_HILATN,Domestic Violence,Spousal physical abuse;domestic_safety;timeline_reconstruction_needed,complaint_followup;evidence_preservation,seek safety-focused help and prepare a support or complaint record,case_preparation,False,False,False,physical,recent,True,True,True,False,unknown,True,False,police_complaint_preparation,Domestic Violence,,Domestic Violence,
CLS000274,NAR000092_EN,Theft and robbery,Pickpocketing;property_loss,reporting_guidance;evidence_preservation,prepare a theft or robbery complaint and list lost property,reporting_time_sensitive,False,False,False,physical,past,True,True,False,False,unknown,False,True,police_complaint_preparation,Theft and robbery,,Theft and robbery,
CLS000275,NAR000092_ENVAR,Theft and robbery,Pickpocketing;property_loss,reporting_guidance;evidence_preservation,prepare a theft or robbery complaint and list lost property,reporting_time_sensitive,False,False,False,physical,past,True,True,False,False,unknown,False,True,police_complaint_preparation,Theft and robbery,,Theft and robbery,
CLS000276,NAR000092_HI,Theft and robbery,Pickpocketing;property_loss,reporting_guidance;evidence_preservation,prepare a theft or robbery complaint and list lost property,reporting_time_sensitive,False,False,False,physical,past,True,True,False,False,unknown,False,True,police_complaint_preparation,Theft and robbery,,Theft and robbery,
CLS000277,NAR000093_EN,Consumer Disputes,Refusal of service refund;consumer_grievance,complaint_followup;legal_navigation;evidence_preservation,prepare a consumer complaint and identify refund or service remedies,case_preparation,False,False,False,online,past,True,True,False,False,unknown,True,False,consumer_grievance_preparation,Consumer Disputes,,Consumer Disputes,
CLS000278,NAR000093_HI,Consumer Disputes,Refusal of service refund;consumer_grievance,complaint_followup;legal_navigation;evidence_preservation,prepare a consumer complaint and identify refund or service remedies,case_preparation,False,False,False,online,past,True,True,False,False,unknown,True,False,consumer_grievance_preparation,Consumer Disputes,,Consumer Disputes,
CLS000279,NAR000093_HILATN,Consumer Disputes,Refusal of service refund;consumer_grievance;uncertain_or_incomplete_user_account;timeline_reconstruction_needed,complaint_followup;legal_navigation;evidence_preservation;clarification_needed,prepare a consumer complaint and identify refund or service remedies,needs_clarification,False,False,False,online,past,True,True,False,False,unknown,True,False,consumer_grievance_preparation,Consumer Disputes,,Consumer Disputes,
CLS000280,NAR000094_EN,Family Law,Divorce proceedings conflict;family_legal_support,legal_navigation;evidence_preservation,organise family-law facts and identify support options,legal_aid_or_process_help,False,False,False,physical,past,True,True,False,False,unknown,False,True,family_legal_aid_intake,Family Law,,Family Law,
CLS000281,NAR000094_ENVAR,Family Law,Divorce proceedings conflict;family_legal_support;uncertain_or_incomplete_user_account;timeline_reconstruction_needed,legal_navigation;evidence_preservation;clarification_needed,organise family-law facts and identify support options,legal_aid_or_process_help,False,False,False,physical,past,True,True,False,False,unknown,False,True,family_legal_aid_intake,Family Law,,Family Law,
CLS000282,NAR000094_HI,Family Law,Divorce proceedings conflict;family_legal_support,legal_navigation;evidence_preservation,organise family-law facts and identify support options,legal_aid_or_process_help,False,False,False,physical,past,True,True,False,False,unknown,False,True,family_legal_aid_intake,Family Law,,Family Law,
CLS000283,NAR000095_EN,Employment/Labour,Breach of employment contract;workplace_rights,legal_navigation;evidence_preservation,prepare a workplace rights complaint or legal-aid intake,legal_aid_or_process_help,False,False,False,hybrid,past,True,False,False,False,unknown,False,True,labour_or_workplace_intake,Employment/Labour,,Employment/Labour,
CLS000284,NAR000095_HI,Employment/Labour,Breach of employment contract;workplace_rights,legal_navigation;evidence_preservation,prepare a workplace rights complaint or legal-aid intake,legal_aid_or_process_help,False,False,False,hybrid,past,True,False,False,False,unknown,False,True,labour_or_workplace_intake,Employment/Labour,,Employment/Labour,
CLS000285,NAR000095_HILATN,Employment/Labour,Breach of employment contract;workplace_rights,legal_navigation;evidence_preservation,prepare a workplace rights complaint or legal-aid intake,legal_aid_or_process_help,False,False,False,hybrid,past,True,False,False,False,unknown,False,True,labour_or_workplace_intake,Employment/Labour,,Employment/Labour,
CLS000286,NAR000096_EN,Employment/Labour,Safe working conditions violation;workplace_rights,legal_navigation,prepare a workplace rights complaint or legal-aid intake,case_preparation,False,False,False,physical,past,False,False,False,False,unknown,False,False,labour_or_workplace_intake,Employment/Labour,,Employment/Labour,
CLS000287,NAR000096_ENVAR,Employment/Labour,Safe working conditions violation;workplace_rights;uncertain_or_incomplete_user_account;timeline_reconstruction_needed,legal_navigation;clarification_needed,prepare a workplace rights complaint or legal-aid intake,needs_clarification,False,False,False,physical,past,False,False,False,False,unknown,False,False,labour_or_workplace_intake,Employment/Labour,,Employment/Labour,
CLS000288,NAR000096_HI,Employment/Labour,Safe working conditions violation;workplace_rights,legal_navigation,prepare a workplace rights complaint or legal-aid intake,case_preparation,False,False,False,physical,past,False,False,False,False,unknown,False,False,labour_or_workplace_intake,Employment/Labour,,Employment/Labour,
CLS000289,NAR000097_EN,Domestic Violence,Economic deprivation;domestic_safety,complaint_followup;evidence_preservation,seek safety-focused help and prepare a support or complaint record,legal_aid_or_process_help,False,False,False,physical,past,True,True,False,False,unknown,True,True,police_complaint_preparation,Domestic Violence,,Domestic Violence,
CLS000290,NAR000097_HI,Domestic Violence,Economic deprivation;domestic_safety,complaint_followup;evidence_preservation,seek safety-focused help and prepare a support or complaint record,legal_aid_or_process_help,False,False,False,physical,past,True,True,False,False,unknown,True,True,police_complaint_preparation,Domestic Violence,,Domestic Violence,
CLS000291,NAR000097_HILATN,Domestic Violence,Economic deprivation;domestic_safety;timeline_reconstruction_needed,complaint_followup;evidence_preservation,seek safety-focused help and prepare a support or complaint record,legal_aid_or_process_help,False,False,False,physical,past,True,True,False,False,unknown,True,True,police_complaint_preparation,Domestic Violence,,Domestic Violence,
CLS000292,NAR000098_EN,Assault & Threats,Physical altercation;personal_safety,reporting_guidance;evidence_preservation,document the threat or assault and understand police reporting options,reporting_time_sensitive,False,False,False,physical,past,True,True,True,False,unknown,False,True,police_complaint_preparation,Assault & Threats,,Assault & Threats,
CLS000293,NAR000098_ENVAR,Assault & Threats,Physical altercation;personal_safety,reporting_guidance;evidence_preservation,document the threat or assault and understand police reporting options,reporting_time_sensitive,False,False,False,physical,past,True,True,True,False,unknown,False,True,police_complaint_preparation,Assault & Threats,,Assault & Threats,
CLS000294,NAR000098_HI,Assault & Threats,Physical altercation;personal_safety,reporting_guidance;evidence_preservation,document the threat or assault and understand police reporting options,medical_attention_needed,False,False,True,physical,past,True,True,True,False,unknown,False,True,police_complaint_preparation,Assault & Threats,,Assault & Threats,
CLS000295,NAR000099_EN,Miscellaneous,Minor civic infrastructure issue;civic_or_public_safety,legal_navigation;evidence_preservation,prepare a civic complaint and identify the right authority,case_preparation,False,False,False,physical,recent,True,False,False,False,true,False,False,general_legal_navigation,Miscellaneous,,Miscellaneous,
CLS000296,NAR000099_HI,Miscellaneous,Minor civic infrastructure issue;civic_or_public_safety,legal_navigation;evidence_preservation,prepare a civic complaint and identify the right authority,case_preparation,False,False,False,physical,recent,True,False,False,False,true,False,False,general_legal_navigation,Miscellaneous,,Miscellaneous,
CLS000297,NAR000099_HILATN,Miscellaneous,Minor civic infrastructure issue;civic_or_public_safety;timeline_reconstruction_needed,legal_navigation;evidence_preservation,prepare a civic complaint and identify the right authority,case_preparation,False,False,False,physical,recent,True,False,False,False,true,False,False,general_legal_navigation,Miscellaneous,,Miscellaneous,
CLS000298,NAR000100_EN,Consumer Disputes,Refusal of service refund;consumer_grievance,complaint_followup;legal_navigation;evidence_preservation,prepare a consumer complaint and identify refund or service remedies,legal_aid_or_process_help,False,False,False,online,past,True,False,False,False,unknown,True,True,consumer_grievance_preparation,Consumer Disputes,,Consumer Disputes,
CLS000299,NAR000100_ENVAR,Consumer Disputes,Refusal of service refund;consumer_grievance;uncertain_or_incomplete_user_account;timeline_reconstruction_needed,complaint_followup;legal_navigation;evidence_preservation;clarification_needed,prepare a consumer complaint and identify refund or service remedies,legal_aid_or_process_help,False,False,False,online,past,True,False,False,False,unknown,True,True,consumer_grievance_preparation,Consumer Disputes,,Consumer Disputes,
CLS000300,NAR000100_HI,Consumer Disputes,Refusal of service refund;consumer_grievance,complaint_followup;legal_navigation;evidence_preservation,prepare a consumer complaint and identify refund or service remedies,legal_aid_or_process_help,False,False,False,online,past,True,False,False,False,unknown,True,True,consumer_grievance_preparation,Consumer Disputes,,Consumer Disputes,
CLS000301,NAR000101_EN,Consumer Disputes,Refusal of service refund;consumer_grievance,complaint_followup;legal_navigation;evidence_preservation,prepare a consumer complaint and identify refund or service remedies,legal_aid_or_process_help,False,False,False,hybrid,recent,True,False,False,False,unknown,True,True,consumer_grievance_preparation,Consumer Disputes,,Consumer Disputes,
CLS000302,NAR000101_HI,Consumer Disputes,Refusal of service refund;consumer_grievance,complaint_followup;legal_navigation;evidence_preservation,prepare a consumer complaint and identify refund or service remedies,legal_aid_or_process_help,False,False,False,hybrid,recent,True,False,False,False,unknown,True,True,consumer_grievance_preparation,Consumer Disputes,,Consumer Disputes,
CLS000303,NAR000101_HILATN,Consumer Disputes,Refusal of service refund;consumer_grievance;timeline_reconstruction_needed,complaint_followup;legal_navigation;evidence_preservation,prepare a consumer complaint and identify refund or service remedies,legal_aid_or_process_help,False,False,False,hybrid,recent,True,False,False,False,unknown,True,True,consumer_grievance_preparation,Consumer Disputes,,Consumer Disputes,
CLS000304,NAR000102_EN,Domestic Violence,Emotional and verbal abuse;domestic_safety,complaint_followup;evidence_preservation,seek safety-focused help and prepare a support or complaint record,case_preparation,False,False,False,physical,recent,True,True,False,False,unknown,True,False,police_complaint_preparation,Domestic Violence,,Domestic Violence,
CLS000305,NAR000102_ENVAR,Domestic Violence,Emotional and verbal abuse;domestic_safety;uncertain_or_incomplete_user_account;timeline_reconstruction_needed,complaint_followup;evidence_preservation;clarification_needed,seek safety-focused help and prepare a support or complaint record,needs_clarification,False,False,False,physical,recent,True,True,False,False,unknown,True,False,police_complaint_preparation,Domestic Violence,,Domestic Violence,
CLS000306,NAR000102_HI,Domestic Violence,Emotional and verbal abuse;domestic_safety,complaint_followup;evidence_preservation,seek safety-focused help and prepare a support or complaint record,case_preparation,False,False,False,physical,recent,True,True,False,False,unknown,True,False,police_complaint_preparation,Domestic Violence,,Domestic Violence,
CLS000307,NAR000103_EN,Theft and robbery,Shopbreaking;property_loss,reporting_guidance;evidence_preservation,prepare a theft or robbery complaint and list lost property,reporting_time_sensitive,False,False,False,physical,recent,True,True,False,False,unknown,False,True,police_complaint_preparation,Theft and robbery,,Theft and robbery,
CLS000308,NAR000103_HI,Theft and robbery,Shopbreaking;property_loss,reporting_guidance;evidence_preservation,prepare a theft or robbery complaint and list lost property,reporting_time_sensitive,False,False,False,physical,recent,True,True,False,False,unknown,False,True,police_complaint_preparation,Theft and robbery,,Theft and robbery,
CLS000309,NAR000103_HILATN,Theft and robbery,Shopbreaking;property_loss;uncertain_or_incomplete_user_account;timeline_reconstruction_needed,reporting_guidance;evidence_preservation;clarification_needed,prepare a theft or robbery complaint and list lost property,reporting_time_sensitive,False,False,False,physical,recent,True,True,False,False,unknown,False,True,police_complaint_preparation,Theft and robbery,,Theft and robbery,
CLS000310,NAR000104_EN,Family Law,Guardianship dispute;family_legal_support,legal_navigation;evidence_preservation,organise family-law facts and identify support options,legal_aid_or_process_help,False,False,False,hybrid,recent,True,False,False,False,unknown,False,True,family_legal_aid_intake,Family Law,,Family Law,
CLS000311,NAR000104_ENVAR,Family Law,Guardianship dispute;family_legal_support,legal_navigation;evidence_preservation,organise family-law facts and identify support options,legal_aid_or_process_help,False,False,False,hybrid,recent,True,False,False,False,unknown,False,True,family_legal_aid_intake,Family Law,,Family Law,
CLS000312,NAR000104_HI,Family Law,Guardianship dispute;family_legal_support,legal_navigation;evidence_preservation,organise family-law facts and identify support options,legal_aid_or_process_help,False,False,False,hybrid,recent,True,False,False,False,unknown,False,True,family_legal_aid_intake,Family Law,,Family Law,
CLS000313,NAR000105_EN,Consumer Disputes,Defective product delivery;consumer_grievance,complaint_followup;legal_navigation;evidence_preservation,prepare a consumer complaint and identify refund or service remedies,legal_aid_or_process_help,False,True,False,hybrid,current,True,False,False,False,unknown,True,True,consumer_grievance_preparation,Consumer Disputes,,Consumer Disputes,
CLS000314,NAR000105_HI,Consumer Disputes,Defective product delivery;consumer_grievance,complaint_followup;legal_navigation;evidence_preservation,prepare a consumer complaint and identify refund or service remedies,legal_aid_or_process_help,False,True,False,hybrid,current,True,False,False,False,unknown,True,True,consumer_grievance_preparation,Consumer Disputes,,Consumer Disputes,
CLS000315,NAR000105_HILATN,Consumer Disputes,Defective product delivery;consumer_grievance,complaint_followup;legal_navigation;evidence_preservation,prepare a consumer complaint and identify refund or service remedies,legal_aid_or_process_help,False,True,False,hybrid,current,True,False,False,False,unknown,True,True,consumer_grievance_preparation,Consumer Disputes,,Consumer Disputes,
CLS000316,NAR000106_EN,Property Disputes,Boundary wall dispute;property_conflict,legal_navigation;evidence_preservation,organise property-dispute facts and identify documentation gaps,legal_aid_or_process_help,False,False,False,physical,past,True,False,True,False,unknown,False,True,property_document_review_intake,Property Disputes,,Property Disputes,
CLS000317,NAR000106_ENVAR,Property Disputes,Boundary wall dispute;property_conflict;uncertain_or_incomplete_user_account;timeline_reconstruction_needed,legal_navigation;evidence_preservation;clarification_needed,organise property-dispute facts and identify documentation gaps,legal_aid_or_process_help,False,False,False,physical,past,True,False,True,False,unknown,False,True,property_document_review_intake,Property Disputes,,Property Disputes,
CLS000318,NAR000106_HI,Property Disputes,Boundary wall dispute;property_conflict,legal_navigation;evidence_preservation,organise property-dispute facts and identify documentation gaps,medical_attention_needed,False,False,True,physical,past,True,False,True,False,unknown,False,True,property_document_review_intake,Property Disputes,,Property Disputes,
CLS000319,NAR000107_EN,Cybercrime,Ransomware attack;digital_platform_incident,reporting_guidance;evidence_preservation,prepare a cybercrime report and preserve digital evidence,reporting_time_sensitive,False,False,False,online,past,True,True,False,False,unknown,False,False,cybercrime_report_preparation,Cybercrime,,Cybercrime,
CLS000320,NAR000107_HI,Cybercrime,Ransomware attack;digital_platform_incident,reporting_guidance;evidence_preservation,prepare a cybercrime report and preserve digital evidence,reporting_time_sensitive,False,False,False,online,past,True,True,False,False,unknown,False,False,cybercrime_report_preparation,Cybercrime,,Cybercrime,
CLS000321,NAR000107_HILATN,Cybercrime,Ransomware attack;digital_platform_incident;timeline_reconstruction_needed,reporting_guidance;evidence_preservation,prepare a cybercrime report and preserve digital evidence,reporting_time_sensitive,False,False,False,online,past,True,True,False,False,unknown,False,False,cybercrime_report_preparation,Cybercrime,,Cybercrime,
CLS000322,NAR000108_EN,Employment/Labour,Breach of employment contract;workplace_rights,complaint_followup;legal_navigation;evidence_preservation,prepare a workplace rights complaint or legal-aid intake,legal_aid_or_process_help,False,False,False,online,past,True,False,False,False,unknown,True,True,labour_or_workplace_intake,Employment/Labour,,Employment/Labour,
CLS000323,NAR000108_ENVAR,Employment/Labour,Breach of employment contract;workplace_rights;uncertain_or_incomplete_user_account;timeline_reconstruction_needed,complaint_followup;legal_navigation;evidence_preservation;clarification_needed,prepare a workplace rights complaint or legal-aid intake,legal_aid_or_process_help,False,False,False,online,past,True,False,False,False,unknown,True,True,labour_or_workplace_intake,Employment/Labour,,Employment/Labour,
CLS000324,NAR000108_HI,Employment/Labour,Breach of employment contract;workplace_rights,complaint_followup;legal_navigation;evidence_preservation,prepare a workplace rights complaint or legal-aid intake,legal_aid_or_process_help,False,False,False,online,past,True,False,False,False,unknown,True,True,labour_or_workplace_intake,Employment/Labour,,Employment/Labour,
CLS000325,NAR000109_EN,Employment/Labour,Safe working conditions violation;workplace_rights,legal_navigation,prepare a workplace rights complaint or legal-aid intake,legal_aid_or_process_help,False,True,False,physical,current,False,False,True,False,unknown,False,True,labour_or_workplace_intake,Employment/Labour,,Employment/Labour,
CLS000326,NAR000109_HI,Employment/Labour,Safe working conditions violation;workplace_rights,legal_navigation,prepare a workplace rights complaint or legal-aid intake,medical_attention_needed,False,True,True,physical,current,False,False,True,False,unknown,False,True,labour_or_workplace_intake,Employment/Labour,,Employment/Labour,
CLS000327,NAR000109_HILATN,Employment/Labour,Safe working conditions violation;workplace_rights;timeline_reconstruction_needed,legal_navigation,prepare a workplace rights complaint or legal-aid intake,legal_aid_or_process_help,False,True,False,physical,current,False,False,True,False,unknown,False,True,labour_or_workplace_intake,Employment/Labour,,Employment/Labour,
CLS000328,NAR000110_EN,Miscellaneous,Public nuisance dispute;civic_or_public_safety,complaint_followup;legal_navigation,prepare a civic complaint and identify the right authority,case_preparation,False,False,False,physical,recent,False,False,False,False,true,True,False,general_legal_navigation,Miscellaneous,,Miscellaneous,
CLS000329,NAR000110_ENVAR,Miscellaneous,Public nuisance dispute;civic_or_public_safety,complaint_followup;legal_navigation,prepare a civic complaint and identify the right authority,case_preparation,False,False,False,physical,recent,False,False,False,False,true,True,False,general_legal_navigation,Miscellaneous,,Miscellaneous,
CLS000330,NAR000110_HI,Miscellaneous,Public nuisance dispute;civic_or_public_safety,complaint_followup;legal_navigation,prepare a civic complaint and identify the right authority,case_preparation,False,False,False,physical,recent,False,False,False,False,true,True,False,general_legal_navigation,Miscellaneous,,Miscellaneous,
CLS000331,NAR000111_EN,Cybercrime,Phishing scam;digital_platform_incident,reporting_guidance;evidence_preservation,prepare a cybercrime report and preserve digital evidence,reporting_time_sensitive,False,False,False,online,recent,True,False,False,False,unknown,False,False,cybercrime_report_preparation,Cybercrime,,Cybercrime,
CLS000332,NAR000111_HI,Cybercrime,Phishing scam;digital_platform_incident,reporting_guidance;evidence_preservation,prepare a cybercrime report and preserve digital evidence,reporting_time_sensitive,False,False,False,online,recent,True,False,False,False,unknown,False,False,cybercrime_report_preparation,Cybercrime,,Cybercrime,
CLS000333,NAR000111_HILATN,Cybercrime,Phishing scam;digital_platform_incident;timeline_reconstruction_needed,reporting_guidance;evidence_preservation,prepare a cybercrime report and preserve digital evidence,reporting_time_sensitive,False,False,False,online,recent,True,False,False,False,unknown,False,False,cybercrime_report_preparation,Cybercrime,,Cybercrime,
CLS000334,NAR000112_EN,Property Disputes,Inheritance property claim;property_conflict,complaint_followup;legal_navigation;evidence_preservation,organise property-dispute facts and identify documentation gaps,legal_aid_or_process_help,False,False,False,physical,past,True,True,True,False,unknown,True,True,property_document_review_intake,Property Disputes,,Property Disputes,
CLS000335,NAR000112_ENVAR,Property Disputes,Inheritance property claim;property_conflict;uncertain_or_incomplete_user_account;timeline_reconstruction_needed,complaint_followup;legal_navigation;evidence_preservation;clarification_needed,organise property-dispute facts and identify documentation gaps,legal_aid_or_process_help,False,False,False,physical,past,True,True,True,False,unknown,True,True,property_document_review_intake,Property Disputes,,Property Disputes,
CLS000336,NAR000112_HI,Property Disputes,Inheritance property claim;property_conflict,complaint_followup;legal_navigation;evidence_preservation,organise property-dispute facts and identify documentation gaps,medical_attention_needed,False,False,True,physical,past,True,True,True,False,unknown,True,True,property_document_review_intake,Property Disputes,,Property Disputes,
CLS000337,NAR000113_EN,Traffic & Road Incidents,Drunk driving accident;traffic_or_road_safety,complaint_followup;evidence_preservation,document the road incident and understand reporting options,legal_aid_or_process_help,False,False,False,physical,recent,True,False,False,False,unknown,True,True,traffic_incident_documentation,Traffic & Road Incidents,,Traffic & Road Incidents,
CLS000338,NAR000113_HI,Traffic & Road Incidents,Drunk driving accident;traffic_or_road_safety,complaint_followup;evidence_preservation,document the road incident and understand reporting options,legal_aid_or_process_help,False,False,False,physical,recent,True,False,False,False,unknown,True,True,traffic_incident_documentation,Traffic & Road Incidents,,Traffic & Road Incidents,
CLS000339,NAR000113_HILATN,Traffic & Road Incidents,Drunk driving accident;traffic_or_road_safety;uncertain_or_incomplete_user_account;timeline_reconstruction_needed,complaint_followup;evidence_preservation;clarification_needed,document the road incident and understand reporting options,legal_aid_or_process_help,False,False,False,physical,recent,True,False,False,False,unknown,True,True,traffic_incident_documentation,Traffic & Road Incidents,,Traffic & Road Incidents,
CLS000340,NAR000114_EN,Traffic & Road Incidents,Traffic signal violation dispute;traffic_or_road_safety,reporting_guidance;evidence_preservation,document the road incident and understand reporting options,legal_aid_or_process_help,False,False,False,physical,past,True,False,False,False,unknown,False,True,traffic_incident_documentation,Traffic & Road Incidents,,Traffic & Road Incidents,
CLS000341,NAR000114_ENVAR,Traffic & Road Incidents,Traffic signal violation dispute;traffic_or_road_safety;uncertain_or_incomplete_user_account;timeline_reconstruction_needed,reporting_guidance;evidence_preservation;clarification_needed,document the road incident and understand reporting options,legal_aid_or_process_help,False,False,False,physical,past,True,False,False,False,unknown,False,True,traffic_incident_documentation,Traffic & Road Incidents,,Traffic & Road Incidents,
CLS000342,NAR000114_HI,Traffic & Road Incidents,Traffic signal violation dispute;traffic_or_road_safety,reporting_guidance;evidence_preservation,document the road incident and understand reporting options,legal_aid_or_process_help,False,False,False,physical,past,True,False,False,False,unknown,False,True,traffic_incident_documentation,Traffic & Road Incidents,,Traffic & Road Incidents,
CLS000343,NAR000115_EN,Financial Fraud,Loan approval scam;financial_loss_or_fraud,reporting_guidance;evidence_preservation,report financial fraud and preserve transaction evidence,reporting_time_sensitive,False,False,False,hybrid,recent,True,True,False,False,unknown,False,True,financial_fraud_report_preparation,Financial Fraud,,Financial Fraud,
CLS000344,NAR000115_HI,Financial Fraud,Loan approval scam;financial_loss_or_fraud,reporting_guidance;evidence_preservation,report financial fraud and preserve transaction evidence,reporting_time_sensitive,False,False,False,hybrid,recent,True,True,False,False,unknown,False,True,financial_fraud_report_preparation,Financial Fraud,,Financial Fraud,
CLS000345,NAR000115_HILATN,Financial Fraud,Loan approval scam;financial_loss_or_fraud,reporting_guidance;evidence_preservation,report financial fraud and preserve transaction evidence,reporting_time_sensitive,False,False,False,hybrid,recent,True,True,False,False,unknown,False,True,financial_fraud_report_preparation,Financial Fraud,,Financial Fraud,
CLS000346,NAR000116_EN,Miscellaneous,Public nuisance dispute;civic_or_public_safety,complaint_followup;legal_navigation;evidence_preservation,prepare a civic complaint and identify the right authority,legal_aid_or_process_help,False,False,False,physical,past,True,False,False,False,unknown,True,True,general_legal_navigation,Miscellaneous,,Miscellaneous,
CLS000347,NAR000116_ENVAR,Miscellaneous,Public nuisance dispute;civic_or_public_safety,complaint_followup;legal_navigation;evidence_preservation,prepare a civic complaint and identify the right authority,legal_aid_or_process_help,False,False,False,physical,past,True,False,False,False,unknown,True,True,general_legal_navigation,Miscellaneous,,Miscellaneous,
CLS000348,NAR000116_HI,Miscellaneous,Public nuisance dispute;civic_or_public_safety,complaint_followup;legal_navigation;evidence_preservation,prepare a civic complaint and identify the right authority,legal_aid_or_process_help,False,False,False,physical,past,True,False,False,False,unknown,True,True,general_legal_navigation,Miscellaneous,,Miscellaneous,
CLS000349,NAR000117_EN,Financial Fraud,Cheque forgery;financial_loss_or_fraud,reporting_guidance;evidence_preservation,report financial fraud and preserve transaction evidence,reporting_time_sensitive,False,False,False,physical,past,True,False,False,False,unknown,False,True,financial_fraud_report_preparation,Financial Fraud,,Financial Fraud,
CLS000350,NAR000117_HI,Financial Fraud,Cheque forgery;financial_loss_or_fraud,reporting_guidance;evidence_preservation,report financial fraud and preserve transaction evidence,reporting_time_sensitive,False,False,False,physical,past,True,False,False,False,unknown,False,True,financial_fraud_report_preparation,Financial Fraud,,Financial Fraud,
CLS000351,NAR000117_HILATN,Financial Fraud,Cheque forgery;financial_loss_or_fraud;timeline_reconstruction_needed,reporting_guidance;evidence_preservation,report financial fraud and preserve transaction evidence,reporting_time_sensitive,False,False,False,physical,past,True,False,False,False,unknown,False,True,financial_fraud_report_preparation,Financial Fraud,,Financial Fraud,
CLS000352,NAR000118_EN,Cybercrime,Social media hacking;digital_platform_incident,complaint_followup;evidence_preservation,prepare a cybercrime report and preserve digital evidence,case_preparation,False,False,False,online,past,False,True,False,False,unknown,True,False,cybercrime_report_preparation,Cybercrime,,Cybercrime,
CLS000353,NAR000118_ENVAR,Cybercrime,Social media hacking;digital_platform_incident;uncertain_or_incomplete_user_account;timeline_reconstruction_needed,complaint_followup;evidence_preservation;clarification_needed,prepare a cybercrime report and preserve digital evidence,case_preparation,False,False,False,online,past,False,True,False,False,unknown,True,False,cybercrime_report_preparation,Cybercrime,,Cybercrime,
CLS000354,NAR000118_HI,Cybercrime,Social media hacking;digital_platform_incident,complaint_followup;evidence_preservation,prepare a cybercrime report and preserve digital evidence,case_preparation,False,False,False,online,past,False,True,False,False,unknown,True,False,cybercrime_report_preparation,Cybercrime,,Cybercrime,
CLS000355,NAR000119_EN,Theft and robbery,Online phishing theft;property_loss,reporting_guidance;evidence_preservation,prepare a theft or robbery complaint and list lost property,reporting_time_sensitive,False,False,False,hybrid,recent,True,False,False,False,unknown,False,False,police_complaint_preparation,Theft and robbery,,Theft and robbery,
CLS000356,NAR000119_HI,Theft and robbery,Online phishing theft;property_loss,reporting_guidance;evidence_preservation,prepare a theft or robbery complaint and list lost property,reporting_time_sensitive,False,False,False,hybrid,recent,True,False,False,False,unknown,False,False,police_complaint_preparation,Theft and robbery,,Theft and robbery,
CLS000357,NAR000119_HILATN,Theft and robbery,Online phishing theft;property_loss;timeline_reconstruction_needed,reporting_guidance;evidence_preservation,prepare a theft or robbery complaint and list lost property,reporting_time_sensitive,False,False,False,hybrid,recent,True,False,False,False,unknown,False,False,police_complaint_preparation,Theft and robbery,,Theft and robbery,
CLS000358,NAR000120_EN,Property Disputes,Land encroachment;property_conflict,legal_navigation;evidence_preservation,organise property-dispute facts and identify documentation gaps,legal_aid_or_process_help,False,False,False,physical,past,True,False,False,False,unknown,False,True,property_document_review_intake,Property Disputes,,Property Disputes,
CLS000359,NAR000120_ENVAR,Property Disputes,Land encroachment;property_conflict;uncertain_or_incomplete_user_account;timeline_reconstruction_needed,legal_navigation;evidence_preservation;clarification_needed,organise property-dispute facts and identify documentation gaps,legal_aid_or_process_help,False,False,False,physical,past,True,False,False,False,unknown,False,True,property_document_review_intake,Property Disputes,,Property Disputes,
CLS000360,NAR000120_HI,Property Disputes,Land encroachment;property_conflict,legal_navigation;evidence_preservation,organise property-dispute facts and identify documentation gaps,legal_aid_or_process_help,False,False,False,physical,past,True,False,False,False,unknown,False,True,property_document_review_intake,Property Disputes,,Property Disputes,
CLS000361,NAR000121_EN,Assault & Threats,Domestic dispute;personal_safety,complaint_followup;evidence_preservation,document the threat or assault and understand police reporting options,case_preparation,False,False,False,physical,past,True,True,False,False,unknown,True,False,police_complaint_preparation,Assault & Threats,,Assault & Threats,
CLS000362,NAR000121_HI,Assault & Threats,Domestic dispute;personal_safety,complaint_followup;evidence_preservation,document the threat or assault and understand police reporting options,case_preparation,False,False,False,physical,past,True,True,False,False,unknown,True,False,police_complaint_preparation,Assault & Threats,,Assault & Threats,
CLS000363,NAR000121_HILATN,Assault & Threats,Domestic dispute;personal_safety;timeline_reconstruction_needed,complaint_followup;evidence_preservation,document the threat or assault and understand police reporting options,case_preparation,False,False,False,physical,past,True,True,False,False,unknown,True,False,police_complaint_preparation,Assault & Threats,,Assault & Threats,
CLS000364,NAR000122_EN,Cybercrime,Identity theft;digital_platform_incident,complaint_followup;evidence_preservation,prepare a cybercrime report and preserve digital evidence,legal_aid_or_process_help,False,False,False,hybrid,past,False,False,False,False,unknown,True,True,cybercrime_report_preparation,Cybercrime,,Cybercrime,
CLS000365,NAR000122_ENVAR,Cybercrime,Identity theft;digital_platform_incident,complaint_followup;evidence_preservation,prepare a cybercrime report and preserve digital evidence,legal_aid_or_process_help,False,False,False,hybrid,past,False,False,False,False,unknown,True,True,cybercrime_report_preparation,Cybercrime,,Cybercrime,
CLS000366,NAR000122_HI,Cybercrime,Identity theft;digital_platform_incident,complaint_followup;evidence_preservation,prepare a cybercrime report and preserve digital evidence,legal_aid_or_process_help,False,False,False,hybrid,past,False,False,False,False,unknown,True,True,cybercrime_report_preparation,Cybercrime,,Cybercrime,
CLS000367,NAR000123_EN,Financial Fraud,Loan approval scam;financial_loss_or_fraud,reporting_guidance;evidence_preservation,report financial fraud and preserve transaction evidence,reporting_time_sensitive,False,False,False,hybrid,past,True,False,False,False,unknown,False,True,financial_fraud_report_preparation,Financial Fraud,,Financial Fraud,
CLS000368,NAR000123_HI,Financial Fraud,Loan approval scam;financial_loss_or_fraud,reporting_guidance;evidence_preservation,report financial fraud and preserve transaction evidence,reporting_time_sensitive,False,False,False,hybrid,past,True,False,False,False,unknown,False,True,financial_fraud_report_preparation,Financial Fraud,,Financial Fraud,
CLS000369,NAR000123_HILATN,Financial Fraud,Loan approval scam;financial_loss_or_fraud;uncertain_or_incomplete_user_account;timeline_reconstruction_needed,reporting_guidance;evidence_preservation;clarification_needed,report financial fraud and preserve transaction evidence,reporting_time_sensitive,False,False,False,hybrid,past,True,False,False,False,unknown,False,True,financial_fraud_report_preparation,Financial Fraud,,Financial Fraud,
CLS000370,NAR000124_EN,Theft and robbery,Chain snatching;property_loss,reporting_guidance;evidence_preservation,prepare a theft or robbery complaint and list lost property,reporting_time_sensitive,False,False,False,physical,past,True,True,False,False,unknown,False,False,police_complaint_preparation,Theft and robbery,,Theft and robbery,
CLS000371,NAR000124_ENVAR,Theft and robbery,Chain snatching;property_loss;uncertain_or_incomplete_user_account;timeline_reconstruction_needed,reporting_guidance;evidence_preservation;clarification_needed,prepare a theft or robbery complaint and list lost property,reporting_time_sensitive,False,False,False,physical,past,True,True,False,False,unknown,False,False,police_complaint_preparation,Theft and robbery,,Theft and robbery,
CLS000372,NAR000124_HI,Theft and robbery,Chain snatching;property_loss,reporting_guidance;evidence_preservation,prepare a theft or robbery complaint and list lost property,reporting_time_sensitive,False,False,False,physical,past,True,True,False,False,unknown,False,False,police_complaint_preparation,Theft and robbery,,Theft and robbery,
CLS000373,NAR000125_EN,Cybercrime,Phishing scam;digital_platform_incident,complaint_followup;evidence_preservation,prepare a cybercrime report and preserve digital evidence,legal_aid_or_process_help,False,False,False,online,recent,True,True,False,False,unknown,True,True,cybercrime_report_preparation,Cybercrime,,Cybercrime,
CLS000374,NAR000125_HI,Cybercrime,Phishing scam;digital_platform_incident,complaint_followup;evidence_preservation,prepare a cybercrime report and preserve digital evidence,legal_aid_or_process_help,False,False,False,online,recent,True,True,False,False,unknown,True,True,cybercrime_report_preparation,Cybercrime,,Cybercrime,
CLS000375,NAR000125_HILATN,Cybercrime,Phishing scam;digital_platform_incident,complaint_followup;evidence_preservation,prepare a cybercrime report and preserve digital evidence,legal_aid_or_process_help,False,False,False,online,recent,True,True,False,False,unknown,True,True,cybercrime_report_preparation,Cybercrime,,Cybercrime,
CLS000376,NAR000126_EN,Cybercrime,Ransomware attack;digital_platform_incident,reporting_guidance;evidence_preservation,prepare a cybercrime report and preserve digital evidence,reporting_time_sensitive,False,False,False,online,recent,True,True,False,False,unknown,False,True,cybercrime_report_preparation,Cybercrime,,Cybercrime,
CLS000377,NAR000126_ENVAR,Cybercrime,Ransomware attack;digital_platform_incident;uncertain_or_incomplete_user_account;timeline_reconstruction_needed,reporting_guidance;evidence_preservation;clarification_needed,prepare a cybercrime report and preserve digital evidence,reporting_time_sensitive,False,False,False,online,recent,True,True,False,False,unknown,False,True,cybercrime_report_preparation,Cybercrime,,Cybercrime,
CLS000378,NAR000126_HI,Cybercrime,Ransomware attack;digital_platform_incident,reporting_guidance;evidence_preservation,prepare a cybercrime report and preserve digital evidence,reporting_time_sensitive,False,False,False,online,recent,True,True,False,False,unknown,False,True,cybercrime_report_preparation,Cybercrime,,Cybercrime,
CLS000379,NAR000127_EN,Traffic & Road Incidents,Hit and run collision;traffic_or_road_safety,safety_triage;reporting_guidance;evidence_preservation,document the road incident and understand reporting options,emergency_current_danger,True,True,False,physical,current,True,False,True,False,unknown,False,False,safety_redirect_and_case_intake,Traffic & Road Incidents,,Traffic & Road Incidents,
CLS000380,NAR000127_HI,Traffic & Road Incidents,Hit and run collision;traffic_or_road_safety,safety_triage;reporting_guidance;evidence_preservation,document the road incident and understand reporting options,emergency_current_danger,True,True,False,physical,current,True,False,True,False,unknown,False,False,safety_redirect_and_case_intake,Traffic & Road Incidents,,Traffic & Road Incidents,
CLS000381,NAR000127_HILATN,Traffic & Road Incidents,Hit and run collision;traffic_or_road_safety;timeline_reconstruction_needed,safety_triage;reporting_guidance;evidence_preservation,document the road incident and understand reporting options,emergency_current_danger,True,True,False,physical,current,True,False,True,False,unknown,False,False,safety_redirect_and_case_intake,Traffic & Road Incidents,,Traffic & Road Incidents,
CLS000382,NAR000128_EN,Family Law,Guardianship dispute;family_legal_support,legal_navigation,organise family-law facts and identify support options,legal_aid_or_process_help,False,False,False,physical,recent,False,False,False,False,unknown,False,True,family_legal_aid_intake,Family Law,,Family Law,
CLS000383,NAR000128_ENVAR,Family Law,Guardianship dispute;family_legal_support,legal_navigation,organise family-law facts and identify support options,legal_aid_or_process_help,False,False,False,physical,recent,False,False,False,False,unknown,False,True,family_legal_aid_intake,Family Law,,Family Law,
CLS000384,NAR000128_HI,Family Law,Guardianship dispute;family_legal_support,legal_navigation,organise family-law facts and identify support options,legal_aid_or_process_help,False,False,False,physical,recent,False,False,False,False,unknown,False,True,family_legal_aid_intake,Family Law,,Family Law,
CLS000385,NAR000129_EN,Traffic & Road Incidents,Traffic signal violation dispute;traffic_or_road_safety,complaint_followup,document the road incident and understand reporting options,legal_aid_or_process_help,False,False,False,physical,recent,False,False,False,False,unknown,True,True,traffic_incident_documentation,Traffic & Road Incidents,,Traffic & Road Incidents,
CLS000386,NAR000129_HI,Traffic & Road Incidents,Traffic signal violation dispute;traffic_or_road_safety,complaint_followup,document the road incident and understand reporting options,legal_aid_or_process_help,False,False,False,physical,recent,False,False,False,False,unknown,True,True,traffic_incident_documentation,Traffic & Road Incidents,,Traffic & Road Incidents,
CLS000387,NAR000129_HILATN,Traffic & Road Incidents,Traffic signal violation dispute;traffic_or_road_safety;timeline_reconstruction_needed,complaint_followup,document the road incident and understand reporting options,legal_aid_or_process_help,False,False,False,physical,recent,False,False,False,False,unknown,True,True,traffic_incident_documentation,Traffic & Road Incidents,,Traffic & Road Incidents,
CLS000388,NAR000130_EN,Property Disputes,Tenant-landlord conflict;property_conflict,complaint_followup;legal_navigation;evidence_preservation,organise property-dispute facts and identify documentation gaps,legal_aid_or_process_help,False,False,False,hybrid,past,True,True,False,False,unknown,True,True,property_document_review_intake,Property Disputes,,Property Disputes,
CLS000389,NAR000130_ENVAR,Property Disputes,Tenant-landlord conflict;property_conflict;uncertain_or_incomplete_user_account;timeline_reconstruction_needed,complaint_followup;legal_navigation;evidence_preservation;clarification_needed,organise property-dispute facts and identify documentation gaps,legal_aid_or_process_help,False,False,False,hybrid,past,True,True,False,False,unknown,True,True,property_document_review_intake,Property Disputes,,Property Disputes,
CLS000390,NAR000130_HI,Property Disputes,Tenant-landlord conflict;property_conflict,complaint_followup;legal_navigation;evidence_preservation,organise property-dispute facts and identify documentation gaps,legal_aid_or_process_help,False,False,False,hybrid,past,True,True,False,False,unknown,True,True,property_document_review_intake,Property Disputes,,Property Disputes,
CLS000391,NAR000131_EN,Consumer Disputes,Expired or contaminated goods sale;consumer_grievance,complaint_followup;legal_navigation;evidence_preservation,prepare a consumer complaint and identify refund or service remedies,legal_aid_or_process_help,False,False,False,physical,past,True,False,True,False,unknown,True,True,consumer_grievance_preparation,Consumer Disputes,,Consumer Disputes,
CLS000392,NAR000131_HI,Consumer Disputes,Expired or contaminated goods sale;consumer_grievance,complaint_followup;legal_navigation;evidence_preservation,prepare a consumer complaint and identify refund or service remedies,medical_attention_needed,False,False,True,physical,past,True,False,True,False,unknown,True,True,consumer_grievance_preparation,Consumer Disputes,,Consumer Disputes,
CLS000393,NAR000131_HILATN,Consumer Disputes,Expired or contaminated goods sale;consumer_grievance;timeline_reconstruction_needed,complaint_followup;legal_navigation;evidence_preservation,prepare a consumer complaint and identify refund or service remedies,legal_aid_or_process_help,False,False,False,physical,past,True,False,True,False,unknown,True,True,consumer_grievance_preparation,Consumer Disputes,,Consumer Disputes,
CLS000394,NAR000132_EN,Traffic & Road Incidents,Reckless driving confrontation;traffic_or_road_safety,complaint_followup;evidence_preservation,document the road incident and understand reporting options,case_preparation,False,False,False,physical,recent,True,False,False,False,unknown,True,False,traffic_incident_documentation,Traffic & Road Incidents,,Traffic & Road Incidents,
CLS000395,NAR000132_ENVAR,Traffic & Road Incidents,Reckless driving confrontation;traffic_or_road_safety;uncertain_or_incomplete_user_account;timeline_reconstruction_needed,complaint_followup;evidence_preservation;clarification_needed,document the road incident and understand reporting options,needs_clarification,False,False,False,physical,recent,True,False,False,False,unknown,True,False,traffic_incident_documentation,Traffic & Road Incidents,,Traffic & Road Incidents,
CLS000396,NAR000132_HI,Traffic & Road Incidents,Reckless driving confrontation;traffic_or_road_safety,complaint_followup;evidence_preservation,document the road incident and understand reporting options,case_preparation,False,False,False,physical,recent,True,False,False,False,unknown,True,False,traffic_incident_documentation,Traffic & Road Incidents,,Traffic & Road Incidents,
CLS000397,NAR000133_EN,Cybercrime,Ransomware attack;digital_platform_incident,complaint_followup;evidence_preservation,prepare a cybercrime report and preserve digital evidence,case_preparation,False,False,False,online,past,True,True,False,False,unknown,True,False,cybercrime_report_preparation,Cybercrime,,Cybercrime,
CLS000398,NAR000133_HI,Cybercrime,Ransomware attack;digital_platform_incident,complaint_followup;evidence_preservation,prepare a cybercrime report and preserve digital evidence,case_preparation,False,False,False,online,past,True,True,False,False,unknown,True,False,cybercrime_report_preparation,Cybercrime,,Cybercrime,
CLS000399,NAR000133_HILATN,Cybercrime,Ransomware attack;digital_platform_incident;uncertain_or_incomplete_user_account;timeline_reconstruction_needed,complaint_followup;evidence_preservation;clarification_needed,prepare a cybercrime report and preserve digital evidence,needs_clarification,False,False,False,online,past,True,True,False,False,unknown,True,False,cybercrime_report_preparation,Cybercrime,,Cybercrime,
CLS000400,NAR000134_EN,Cybercrime,Phishing scam;digital_platform_incident,complaint_followup;evidence_preservation,prepare a cybercrime report and preserve digital evidence,legal_aid_or_process_help,False,False,False,online,past,True,True,False,False,unknown,True,True,cybercrime_report_preparation,Cybercrime,,Cybercrime,
CLS000401,NAR000134_ENVAR,Cybercrime,Phishing scam;digital_platform_incident,complaint_followup;evidence_preservation,prepare a cybercrime report and preserve digital evidence,legal_aid_or_process_help,False,False,False,online,past,True,True,False,False,unknown,True,True,cybercrime_report_preparation,Cybercrime,,Cybercrime,
CLS000402,NAR000134_HI,Cybercrime,Phishing scam;digital_platform_incident,complaint_followup;evidence_preservation,prepare a cybercrime report and preserve digital evidence,legal_aid_or_process_help,False,False,False,online,past,True,True,False,False,unknown,True,True,cybercrime_report_preparation,Cybercrime,,Cybercrime,
CLS000403,NAR000135_EN,Property Disputes,Land encroachment;property_conflict,legal_navigation;evidence_preservation,organise property-dispute facts and identify documentation gaps,legal_aid_or_process_help,False,False,False,physical,recent,True,True,False,False,unknown,False,True,property_document_review_intake,Property Disputes,,Property Disputes,
CLS000404,NAR000135_HI,Property Disputes,Land encroachment;property_conflict,legal_navigation;evidence_preservation,organise property-dispute facts and identify documentation gaps,legal_aid_or_process_help,False,False,False,physical,recent,True,True,False,False,unknown,False,True,property_document_review_intake,Property Disputes,,Property Disputes,
CLS000405,NAR000135_HILATN,Property Disputes,Land encroachment;property_conflict,legal_navigation;evidence_preservation,organise property-dispute facts and identify documentation gaps,legal_aid_or_process_help,False,False,False,physical,recent,True,True,False,False,unknown,False,True,property_document_review_intake,Property Disputes,,Property Disputes,
CLS000406,NAR000136_EN,Cybercrime,Online banking fraud;digital_platform_incident,complaint_followup;evidence_preservation,prepare a cybercrime report and preserve digital evidence,case_preparation,False,False,False,online,recent,True,True,False,False,unknown,True,False,cybercrime_report_preparation,Cybercrime,,Cybercrime,
CLS000407,NAR000136_ENVAR,Cybercrime,Online banking fraud;digital_platform_incident;uncertain_or_incomplete_user_account;timeline_reconstruction_needed,complaint_followup;evidence_preservation;clarification_needed,prepare a cybercrime report and preserve digital evidence,case_preparation,False,False,False,online,recent,True,True,False,False,unknown,True,False,cybercrime_report_preparation,Cybercrime,,Cybercrime,
CLS000408,NAR000136_HI,Cybercrime,Online banking fraud;digital_platform_incident,complaint_followup;evidence_preservation,prepare a cybercrime report and preserve digital evidence,case_preparation,False,False,False,online,recent,True,True,False,False,unknown,True,False,cybercrime_report_preparation,Cybercrime,,Cybercrime,
CLS000409,NAR000137_EN,Consumer Disputes,Refusal of service refund;consumer_grievance,complaint_followup;legal_navigation;evidence_preservation,prepare a consumer complaint and identify refund or service remedies,legal_aid_or_process_help,False,True,False,online,current,True,False,False,False,unknown,True,True,consumer_grievance_preparation,Consumer Disputes,,Consumer Disputes,
CLS000410,NAR000137_HI,Consumer Disputes,Refusal of service refund;consumer_grievance,complaint_followup;legal_navigation;evidence_preservation,prepare a consumer complaint and identify refund or service remedies,legal_aid_or_process_help,False,True,False,online,current,True,False,False,False,unknown,True,True,consumer_grievance_preparation,Consumer Disputes,,Consumer Disputes,
CLS000411,NAR000137_HILATN,Consumer Disputes,Refusal of service refund;consumer_grievance;timeline_reconstruction_needed,complaint_followup;legal_navigation;evidence_preservation,prepare a consumer complaint and identify refund or service remedies,legal_aid_or_process_help,False,True,False,online,current,True,False,False,False,unknown,True,True,consumer_grievance_preparation,Consumer Disputes,,Consumer Disputes,
CLS000412,NAR000138_EN,Consumer Disputes,False advertising and misrepresentation;consumer_grievance,complaint_followup;legal_navigation;evidence_preservation,prepare a consumer complaint and identify refund or service remedies,legal_aid_or_process_help,False,False,False,physical,recent,True,False,False,False,unknown,True,True,consumer_grievance_preparation,Consumer Disputes,,Consumer Disputes,
CLS000413,NAR000138_ENVAR,Consumer Disputes,False advertising and misrepresentation;consumer_grievance;uncertain_or_incomplete_user_account;timeline_reconstruction_needed,complaint_followup;legal_navigation;evidence_preservation;clarification_needed,prepare a consumer complaint and identify refund or service remedies,legal_aid_or_process_help,False,False,False,physical,recent,True,False,False,False,unknown,True,True,consumer_grievance_preparation,Consumer Disputes,,Consumer Disputes,
CLS000414,NAR000138_HI,Consumer Disputes,False advertising and misrepresentation;consumer_grievance,complaint_followup;legal_navigation;evidence_preservation,prepare a consumer complaint and identify refund or service remedies,legal_aid_or_process_help,False,False,False,physical,recent,True,False,False,False,unknown,True,True,consumer_grievance_preparation,Consumer Disputes,,Consumer Disputes,
CLS000415,NAR000139_EN,Family Law,Divorce proceedings conflict;family_legal_support,legal_navigation;evidence_preservation,organise family-law facts and identify support options,legal_aid_or_process_help,False,False,False,hybrid,past,True,False,False,False,unknown,False,True,family_legal_aid_intake,Family Law,,Family Law,
CLS000416,NAR000139_HI,Family Law,Divorce proceedings conflict;family_legal_support,legal_navigation;evidence_preservation,organise family-law facts and identify support options,legal_aid_or_process_help,False,False,False,hybrid,past,True,False,False,False,unknown,False,True,family_legal_aid_intake,Family Law,,Family Law,
CLS000417,NAR000139_HILATN,Family Law,Divorce proceedings conflict;family_legal_support;timeline_reconstruction_needed,legal_navigation;evidence_preservation,organise family-law facts and identify support options,legal_aid_or_process_help,False,False,False,hybrid,past,True,False,False,False,unknown,False,True,family_legal_aid_intake,Family Law,,Family Law,
CLS000418,NAR000140_EN,Consumer Disputes,Defective product delivery;consumer_grievance,legal_navigation;evidence_preservation,prepare a consumer complaint and identify refund or service remedies,legal_aid_or_process_help,False,False,False,hybrid,past,True,False,False,False,unknown,False,True,consumer_grievance_preparation,Consumer Disputes,,Consumer Disputes,
CLS000419,NAR000140_ENVAR,Consumer Disputes,Defective product delivery;consumer_grievance,legal_navigation;evidence_preservation,prepare a consumer complaint and identify refund or service remedies,legal_aid_or_process_help,False,False,False,hybrid,past,True,False,False,False,unknown,False,True,consumer_grievance_preparation,Consumer Disputes,,Consumer Disputes,
CLS000420,NAR000140_HI,Consumer Disputes,Defective product delivery;consumer_grievance,legal_navigation;evidence_preservation,prepare a consumer complaint and identify refund or service remedies,legal_aid_or_process_help,False,False,False,hybrid,past,True,False,False,False,unknown,False,True,consumer_grievance_preparation,Consumer Disputes,,Consumer Disputes,
CLS000421,NAR000141_EN,Domestic Violence,Emotional and verbal abuse;domestic_safety,complaint_followup,seek safety-focused help and prepare a support or complaint record,legal_aid_or_process_help,False,False,False,physical,recent,False,True,False,False,unknown,True,True,police_complaint_preparation,Domestic Violence,,Domestic Violence,
CLS000422,NAR000141_HI,Domestic Violence,Emotional and verbal abuse;domestic_safety,complaint_followup,seek safety-focused help and prepare a support or complaint record,legal_aid_or_process_help,False,False,False,physical,recent,False,True,False,False,unknown,True,True,police_complaint_preparation,Domestic Violence,,Domestic Violence,
CLS000423,NAR000141_HILATN,Domestic Violence,Emotional and verbal abuse;domestic_safety;timeline_reconstruction_needed,complaint_followup,seek safety-focused help and prepare a support or complaint record,legal_aid_or_process_help,False,False,False,physical,recent,False,True,False,False,unknown,True,True,police_complaint_preparation,Domestic Violence,,Domestic Violence,
CLS000424,NAR000142_EN,Assault & Threats,Physical altercation;personal_safety,complaint_followup;evidence_preservation,document the threat or assault and understand police reporting options,case_preparation,False,False,False,physical,recent,True,True,True,False,unknown,True,False,police_complaint_preparation,Assault & Threats,,Assault & Threats,
CLS000425,NAR000142_ENVAR,Assault & Threats,Physical altercation;personal_safety;uncertain_or_incomplete_user_account;timeline_reconstruction_needed,complaint_followup;evidence_preservation;clarification_needed,document the threat or assault and understand police reporting options,case_preparation,False,False,False,physical,recent,True,True,True,False,unknown,True,False,police_complaint_preparation,Assault & Threats,,Assault & Threats,
CLS000426,NAR000142_HI,Assault & Threats,Physical altercation;personal_safety,complaint_followup;evidence_preservation,document the threat or assault and understand police reporting options,medical_attention_needed,False,False,True,physical,recent,True,True,True,False,unknown,True,False,police_complaint_preparation,Assault & Threats,,Assault & Threats,
CLS000427,NAR000143_EN,Cybercrime,Cyberstalking;digital_platform_incident,reporting_guidance;evidence_preservation,prepare a cybercrime report and preserve digital evidence,reporting_time_sensitive,False,False,False,online,past,False,True,False,False,unknown,False,True,cybercrime_report_preparation,Cybercrime,,Cybercrime,
CLS000428,NAR000143_HI,Cybercrime,Cyberstalking;digital_platform_incident,reporting_guidance;evidence_preservation,prepare a cybercrime report and preserve digital evidence,reporting_time_sensitive,False,False,False,online,past,False,True,False,False,unknown,False,True,cybercrime_report_preparation,Cybercrime,,Cybercrime,
CLS000429,NAR000143_HILATN,Cybercrime,Cyberstalking;digital_platform_incident;uncertain_or_incomplete_user_account;timeline_reconstruction_needed,reporting_guidance;evidence_preservation;clarification_needed,prepare a cybercrime report and preserve digital evidence,reporting_time_sensitive,False,False,False,online,past,False,True,False,False,unknown,False,True,cybercrime_report_preparation,Cybercrime,,Cybercrime,
CLS000430,NAR000144_EN,Consumer Disputes,Refusal of service refund;consumer_grievance,complaint_followup;legal_navigation;evidence_preservation,prepare a consumer complaint and identify refund or service remedies,case_preparation,False,False,False,hybrid,past,True,False,False,False,unknown,True,False,consumer_grievance_preparation,Consumer Disputes,,Consumer Disputes,
CLS000431,NAR000144_ENVAR,Consumer Disputes,Refusal of service refund;consumer_grievance;uncertain_or_incomplete_user_account;timeline_reconstruction_needed,complaint_followup;legal_navigation;evidence_preservation;clarification_needed,prepare a consumer complaint and identify refund or service remedies,needs_clarification,False,False,False,hybrid,past,True,False,False,False,unknown,True,False,consumer_grievance_preparation,Consumer Disputes,,Consumer Disputes,
CLS000432,NAR000144_HI,Consumer Disputes,Refusal of service refund;consumer_grievance,complaint_followup;legal_navigation;evidence_preservation,prepare a consumer complaint and identify refund or service remedies,case_preparation,False,False,False,hybrid,past,True,False,False,False,unknown,True,False,consumer_grievance_preparation,Consumer Disputes,,Consumer Disputes,
CLS000433,NAR000145_EN,Theft and robbery,Vehicle theft;property_loss,reporting_guidance;evidence_preservation,prepare a theft or robbery complaint and list lost property,ongoing_threat,False,True,False,physical,current,True,True,False,False,unknown,False,False,police_complaint_preparation,Theft and robbery,,Theft and robbery,
CLS000434,NAR000145_HI,Theft and robbery,Vehicle theft;property_loss,reporting_guidance;evidence_preservation,prepare a theft or robbery complaint and list lost property,ongoing_threat,False,True,False,physical,current,True,True,False,False,unknown,False,False,police_complaint_preparation,Theft and robbery,,Theft and robbery,
CLS000435,NAR000145_HILATN,Theft and robbery,Vehicle theft;property_loss,reporting_guidance;evidence_preservation,prepare a theft or robbery complaint and list lost property,ongoing_threat,False,True,False,physical,current,True,True,False,False,unknown,False,False,police_complaint_preparation,Theft and robbery,,Theft and robbery,
CLS000436,NAR000146_EN,Consumer Disputes,Overcharging and hidden fees;consumer_grievance,legal_navigation;evidence_preservation,prepare a consumer complaint and identify refund or service remedies,case_preparation,False,False,False,physical,past,True,False,False,False,unknown,False,False,consumer_grievance_preparation,Consumer Disputes,,Consumer Disputes,
CLS000437,NAR000146_ENVAR,Consumer Disputes,Overcharging and hidden fees;consumer_grievance,legal_navigation;evidence_preservation,prepare a consumer complaint and identify refund or service remedies,case_preparation,False,False,False,physical,past,True,False,False,False,unknown,False,False,consumer_grievance_preparation,Consumer Disputes,,Consumer Disputes,
CLS000438,NAR000146_HI,Consumer Disputes,Overcharging and hidden fees;consumer_grievance,legal_navigation;evidence_preservation,prepare a consumer complaint and identify refund or service remedies,case_preparation,False,False,False,physical,past,True,False,False,False,unknown,False,False,consumer_grievance_preparation,Consumer Disputes,,Consumer Disputes,
CLS000439,NAR000147_EN,Miscellaneous,Lost item reporting;civic_or_public_safety,legal_navigation;evidence_preservation,prepare a civic complaint and identify the right authority,legal_aid_or_process_help,False,False,False,physical,past,True,False,False,False,true,False,True,general_legal_navigation,Miscellaneous,,Miscellaneous,
CLS000440,NAR000147_HI,Miscellaneous,Lost item reporting;civic_or_public_safety,legal_navigation;evidence_preservation,prepare a civic complaint and identify the right authority,legal_aid_or_process_help,False,False,False,physical,past,True,False,False,False,true,False,True,general_legal_navigation,Miscellaneous,,Miscellaneous,
CLS000441,NAR000147_HILATN,Miscellaneous,Lost item reporting;civic_or_public_safety;timeline_reconstruction_needed,legal_navigation;evidence_preservation,prepare a civic complaint and identify the right authority,legal_aid_or_process_help,False,False,False,physical,past,True,False,False,False,true,False,True,general_legal_navigation,Miscellaneous,,Miscellaneous,
CLS000442,NAR000148_EN,Miscellaneous,Public nuisance dispute;civic_or_public_safety,legal_navigation;evidence_preservation,prepare a civic complaint and identify the right authority,legal_aid_or_process_help,False,False,False,physical,recent,True,False,False,False,unknown,False,True,general_legal_navigation,Miscellaneous,,Miscellaneous,
CLS000443,NAR000148_ENVAR,Miscellaneous,Public nuisance dispute;civic_or_public_safety;uncertain_or_incomplete_user_account;timeline_reconstruction_needed,legal_navigation;evidence_preservation;clarification_needed,prepare a civic complaint and identify the right authority,legal_aid_or_process_help,False,False,False,physical,recent,True,False,False,False,unknown,False,True,general_legal_navigation,Miscellaneous,,Miscellaneous,
CLS000444,NAR000148_HI,Miscellaneous,Public nuisance dispute;civic_or_public_safety,legal_navigation;evidence_preservation,prepare a civic complaint and identify the right authority,legal_aid_or_process_help,False,False,False,physical,recent,True,False,False,False,unknown,False,True,general_legal_navigation,Miscellaneous,,Miscellaneous,
CLS000445,NAR000149_EN,Assault & Threats,Physical altercation;personal_safety,complaint_followup,document the threat or assault and understand police reporting options,case_preparation,False,False,False,physical,past,False,True,False,False,unknown,True,False,police_complaint_preparation,Assault & Threats,,Assault & Threats,
CLS000446,NAR000149_HI,Assault & Threats,Physical altercation;personal_safety,complaint_followup,document the threat or assault and understand police reporting options,case_preparation,False,False,False,physical,past,False,True,False,False,unknown,True,False,police_complaint_preparation,Assault & Threats,,Assault & Threats,
CLS000447,NAR000149_HILATN,Assault & Threats,Physical altercation;personal_safety;timeline_reconstruction_needed,complaint_followup,document the threat or assault and understand police reporting options,case_preparation,False,False,False,physical,past,False,True,False,False,unknown,True,False,police_complaint_preparation,Assault & Threats,,Assault & Threats,
CLS000448,NAR000150_EN,Traffic & Road Incidents,Drunk driving accident;traffic_or_road_safety,complaint_followup;evidence_preservation,document the road incident and understand reporting options,case_preparation,False,False,False,physical,recent,True,False,True,False,unknown,True,False,traffic_incident_documentation,Traffic & Road Incidents,,Traffic & Road Incidents,
CLS000449,NAR000150_ENVAR,Traffic & Road Incidents,Drunk driving accident;traffic_or_road_safety;uncertain_or_incomplete_user_account;timeline_reconstruction_needed,complaint_followup;evidence_preservation;clarification_needed,document the road incident and understand reporting options,needs_clarification,False,False,False,physical,recent,True,False,True,False,unknown,True,False,traffic_incident_documentation,Traffic & Road Incidents,,Traffic & Road Incidents,
CLS000450,NAR000150_HI,Traffic & Road Incidents,Drunk driving accident;traffic_or_road_safety,complaint_followup;evidence_preservation,document the road incident and understand reporting options,medical_attention_needed,False,False,True,physical,recent,True,False,True,False,unknown,True,False,traffic_incident_documentation,Traffic & Road Incidents,,Traffic & Road Incidents,
CLS000451,NAR000151_EN,Assault & Threats,Physical altercation;personal_safety,reporting_guidance,document the threat or assault and understand police reporting options,medical_attention_needed,False,False,True,physical,past,False,True,True,False,unknown,False,False,police_complaint_preparation,Assault & Threats,,Assault & Threats,
CLS000452,NAR000151_HI,Assault & Threats,Physical altercation;personal_safety,reporting_guidance,document the threat or assault and understand police reporting options,medical_attention_needed,False,False,True,physical,past,False,True,True,False,unknown,False,False,police_complaint_preparation,Assault & Threats,,Assault & Threats,
CLS000453,NAR000151_HILATN,Assault & Threats,Physical altercation;personal_safety;timeline_reconstruction_needed,reporting_guidance,document the threat or assault and understand police reporting options,reporting_time_sensitive,False,False,False,physical,past,False,True,True,False,unknown,False,False,police_complaint_preparation,Assault & Threats,,Assault & Threats,
CLS000454,NAR000152_EN,Theft and robbery,Vehicle theft;property_loss,reporting_guidance;evidence_preservation,prepare a theft or robbery complaint and list lost property,reporting_time_sensitive,False,False,False,physical,recent,True,False,False,False,unknown,False,True,police_complaint_preparation,Theft and robbery,,Theft and robbery,
CLS000455,NAR000152_ENVAR,Theft and robbery,Vehicle theft;property_loss,reporting_guidance;evidence_preservation,prepare a theft or robbery complaint and list lost property,reporting_time_sensitive,False,False,False,physical,recent,True,False,False,False,unknown,False,True,police_complaint_preparation,Theft and robbery,,Theft and robbery,
CLS000456,NAR000152_HI,Theft and robbery,Vehicle theft;property_loss,reporting_guidance;evidence_preservation,prepare a theft or robbery complaint and list lost property,reporting_time_sensitive,False,False,False,physical,recent,True,False,False,False,unknown,False,True,police_complaint_preparation,Theft and robbery,,Theft and robbery,
CLS000457,NAR000153_EN,Financial Fraud,Cheque forgery;financial_loss_or_fraud,complaint_followup;evidence_preservation,report financial fraud and preserve transaction evidence,legal_aid_or_process_help,False,False,False,physical,recent,True,False,False,False,unknown,True,True,financial_fraud_report_preparation,Financial Fraud,,Financial Fraud,
CLS000458,NAR000153_HI,Financial Fraud,Cheque forgery;financial_loss_or_fraud,complaint_followup;evidence_preservation,report financial fraud and preserve transaction evidence,legal_aid_or_process_help,False,False,False,physical,recent,True,False,False,False,unknown,True,True,financial_fraud_report_preparation,Financial Fraud,,Financial Fraud,
CLS000459,NAR000153_HILATN,Financial Fraud,Cheque forgery;financial_loss_or_fraud;uncertain_or_incomplete_user_account;timeline_reconstruction_needed,complaint_followup;evidence_preservation;clarification_needed,report financial fraud and preserve transaction evidence,legal_aid_or_process_help,False,False,False,physical,recent,True,False,False,False,unknown,True,True,financial_fraud_report_preparation,Financial Fraud,,Financial Fraud,
CLS000460,NAR000154_EN,Family Law,Restitution of conjugal rights;family_legal_support,complaint_followup;legal_navigation,organise family-law facts and identify support options,legal_aid_or_process_help,False,False,False,physical,recent,False,False,False,False,true,True,True,family_legal_aid_intake,Family Law,,Family Law,
CLS000461,NAR000154_ENVAR,Family Law,Restitution of conjugal rights;family_legal_support;uncertain_or_incomplete_user_account;timeline_reconstruction_needed,complaint_followup;legal_navigation;clarification_needed,organise family-law facts and identify support options,legal_aid_or_process_help,False,False,False,physical,recent,False,False,False,False,true,True,True,family_legal_aid_intake,Family Law,,Family Law,
CLS000462,NAR000154_HI,Family Law,Restitution of conjugal rights;family_legal_support,complaint_followup;legal_navigation,organise family-law facts and identify support options,legal_aid_or_process_help,False,False,False,physical,recent,False,False,False,False,true,True,True,family_legal_aid_intake,Family Law,,Family Law,
CLS000463,NAR000155_EN,Theft and robbery,Shopbreaking;property_loss,reporting_guidance;evidence_preservation,prepare a theft or robbery complaint and list lost property,reporting_time_sensitive,False,False,False,physical,past,True,True,False,False,unknown,False,False,police_complaint_preparation,Theft and robbery,,Theft and robbery,
CLS000464,NAR000155_HI,Theft and robbery,Shopbreaking;property_loss,reporting_guidance;evidence_preservation,prepare a theft or robbery complaint and list lost property,reporting_time_sensitive,False,False,False,physical,past,True,True,False,False,unknown,False,False,police_complaint_preparation,Theft and robbery,,Theft and robbery,
CLS000465,NAR000155_HILATN,Theft and robbery,Shopbreaking;property_loss,reporting_guidance;evidence_preservation,prepare a theft or robbery complaint and list lost property,reporting_time_sensitive,False,False,False,physical,past,True,True,False,False,unknown,False,False,police_complaint_preparation,Theft and robbery,,Theft and robbery,
CLS000466,NAR000156_EN,Employment/Labour,Breach of employment contract;workplace_rights,legal_navigation;evidence_preservation,prepare a workplace rights complaint or legal-aid intake,legal_aid_or_process_help,False,False,False,online,past,True,False,False,False,unknown,False,True,labour_or_workplace_intake,Employment/Labour,,Employment/Labour,
CLS000467,NAR000156_ENVAR,Employment/Labour,Breach of employment contract;workplace_rights;uncertain_or_incomplete_user_account;timeline_reconstruction_needed,legal_navigation;evidence_preservation;clarification_needed,prepare a workplace rights complaint or legal-aid intake,legal_aid_or_process_help,False,False,False,online,past,True,False,False,False,unknown,False,True,labour_or_workplace_intake,Employment/Labour,,Employment/Labour,
CLS000468,NAR000156_HI,Employment/Labour,Breach of employment contract;workplace_rights,legal_navigation;evidence_preservation,prepare a workplace rights complaint or legal-aid intake,legal_aid_or_process_help,False,False,False,online,past,True,False,False,False,unknown,False,True,labour_or_workplace_intake,Employment/Labour,,Employment/Labour,
CLS000469,NAR000157_EN,Assault & Threats,Verbal intimidation;personal_safety,complaint_followup,document the threat or assault and understand police reporting options,case_preparation,False,False,False,physical,past,False,True,False,False,unknown,True,False,police_complaint_preparation,Assault & Threats,,Assault & Threats,
CLS000470,NAR000157_HI,Assault & Threats,Verbal intimidation;personal_safety,complaint_followup,document the threat or assault and understand police reporting options,case_preparation,False,False,False,physical,past,False,True,False,False,unknown,True,False,police_complaint_preparation,Assault & Threats,,Assault & Threats,
CLS000471,NAR000157_HILATN,Assault & Threats,Verbal intimidation;personal_safety;timeline_reconstruction_needed,complaint_followup,document the threat or assault and understand police reporting options,case_preparation,False,False,False,physical,past,False,True,False,False,unknown,True,False,police_complaint_preparation,Assault & Threats,,Assault & Threats,
CLS000472,NAR000158_EN,Property Disputes,Illegal property possession;property_conflict,legal_navigation;evidence_preservation,organise property-dispute facts and identify documentation gaps,legal_aid_or_process_help,False,False,False,physical,past,True,False,False,False,unknown,False,True,property_document_review_intake,Property Disputes,,Property Disputes,
CLS000473,NAR000158_ENVAR,Property Disputes,Illegal property possession;property_conflict,legal_navigation;evidence_preservation,organise property-dispute facts and identify documentation gaps,legal_aid_or_process_help,False,False,False,physical,past,True,False,False,False,unknown,False,True,property_document_review_intake,Property Disputes,,Property Disputes,
CLS000474,NAR000158_HI,Property Disputes,Illegal property possession;property_conflict,legal_navigation;evidence_preservation,organise property-dispute facts and identify documentation gaps,legal_aid_or_process_help,False,False,False,physical,past,True,False,False,False,unknown,False,True,property_document_review_intake,Property Disputes,,Property Disputes,
CLS000475,NAR000159_EN,Consumer Disputes,Overcharging and hidden fees;consumer_grievance,complaint_followup;legal_navigation;evidence_preservation,prepare a consumer complaint and identify refund or service remedies,case_preparation,False,False,False,physical,recent,True,False,False,False,unknown,True,False,consumer_grievance_preparation,Consumer Disputes,,Consumer Disputes,
CLS000476,NAR000159_HI,Consumer Disputes,Overcharging and hidden fees;consumer_grievance,complaint_followup;legal_navigation;evidence_preservation,prepare a consumer complaint and identify refund or service remedies,case_preparation,False,False,False,physical,recent,True,False,False,False,unknown,True,False,consumer_grievance_preparation,Consumer Disputes,,Consumer Disputes,
CLS000477,NAR000159_HILATN,Consumer Disputes,Overcharging and hidden fees;consumer_grievance;timeline_reconstruction_needed,complaint_followup;legal_navigation;evidence_preservation,prepare a consumer complaint and identify refund or service remedies,case_preparation,False,False,False,physical,recent,True,False,False,False,unknown,True,False,consumer_grievance_preparation,Consumer Disputes,,Consumer Disputes,
CLS000478,NAR000160_EN,Consumer Disputes,Overcharging and hidden fees;consumer_grievance,complaint_followup;legal_navigation;evidence_preservation,prepare a consumer complaint and identify refund or service remedies,legal_aid_or_process_help,False,False,False,physical,recent,True,True,False,False,unknown,True,True,consumer_grievance_preparation,Consumer Disputes,,Consumer Disputes,
CLS000479,NAR000160_ENVAR,Consumer Disputes,Overcharging and hidden fees;consumer_grievance;uncertain_or_incomplete_user_account;timeline_reconstruction_needed,complaint_followup;legal_navigation;evidence_preservation;clarification_needed,prepare a consumer complaint and identify refund or service remedies,legal_aid_or_process_help,False,False,False,physical,recent,True,True,False,False,unknown,True,True,consumer_grievance_preparation,Consumer Disputes,,Consumer Disputes,
CLS000480,NAR000160_HI,Consumer Disputes,Overcharging and hidden fees;consumer_grievance,complaint_followup;legal_navigation;evidence_preservation,prepare a consumer complaint and identify refund or service remedies,legal_aid_or_process_help,False,False,False,physical,recent,True,True,False,False,unknown,True,True,consumer_grievance_preparation,Consumer Disputes,,Consumer Disputes,
CLS000481,NAR000161_EN,Financial Fraud,Cheque forgery;financial_loss_or_fraud,complaint_followup;evidence_preservation,report financial fraud and preserve transaction evidence,legal_aid_or_process_help,False,False,False,physical,recent,True,False,False,False,unknown,True,True,financial_fraud_report_preparation,Financial Fraud,,Financial Fraud,
CLS000482,NAR000161_HI,Financial Fraud,Cheque forgery;financial_loss_or_fraud,complaint_followup;evidence_preservation,report financial fraud and preserve transaction evidence,legal_aid_or_process_help,False,False,False,physical,recent,True,False,False,False,unknown,True,True,financial_fraud_report_preparation,Financial Fraud,,Financial Fraud,
CLS000483,NAR000161_HILATN,Financial Fraud,Cheque forgery;financial_loss_or_fraud;timeline_reconstruction_needed,complaint_followup;evidence_preservation,report financial fraud and preserve transaction evidence,legal_aid_or_process_help,False,False,False,physical,recent,True,False,False,False,unknown,True,True,financial_fraud_report_preparation,Financial Fraud,,Financial Fraud,
CLS000484,NAR000162_EN,Domestic Violence,Spousal physical abuse;domestic_safety,complaint_followup,seek safety-focused help and prepare a support or complaint record,legal_aid_or_process_help,False,False,False,physical,past,False,True,False,False,unknown,True,True,police_complaint_preparation,Domestic Violence,,Domestic Violence,
CLS000485,NAR000162_ENVAR,Domestic Violence,Spousal physical abuse;domestic_safety;uncertain_or_incomplete_user_account;timeline_reconstruction_needed,complaint_followup;clarification_needed,seek safety-focused help and prepare a support or complaint record,legal_aid_or_process_help,False,False,False,physical,past,False,True,False,False,unknown,True,True,police_complaint_preparation,Domestic Violence,,Domestic Violence,
CLS000486,NAR000162_HI,Domestic Violence,Spousal physical abuse;domestic_safety,complaint_followup,seek safety-focused help and prepare a support or complaint record,legal_aid_or_process_help,False,False,False,physical,past,False,True,False,False,unknown,True,True,police_complaint_preparation,Domestic Violence,,Domestic Violence,
CLS000487,NAR000163_EN,Assault & Threats,Physical altercation;personal_safety,safety_triage;reporting_guidance;evidence_preservation,document the threat or assault and understand police reporting options,emergency_current_danger,True,True,False,physical,current,True,True,True,False,unknown,False,False,safety_redirect_and_case_intake,Assault & Threats,,Assault & Threats,
CLS000488,NAR000163_HI,Assault & Threats,Physical altercation;personal_safety,safety_triage;reporting_guidance;evidence_preservation,document the threat or assault and understand police reporting options,emergency_current_danger,True,True,False,physical,current,True,True,True,False,unknown,False,False,safety_redirect_and_case_intake,Assault & Threats,,Assault & Threats,
CLS000489,NAR000163_HILATN,Assault & Threats,Physical altercation;personal_safety;uncertain_or_incomplete_user_account;timeline_reconstruction_needed,safety_triage;reporting_guidance;evidence_preservation;clarification_needed,document the threat or assault and understand police reporting options,emergency_current_danger,True,True,False,physical,current,True,True,True,False,unknown,False,False,safety_redirect_and_case_intake,Assault & Threats,,Assault & Threats,
CLS000490,NAR000164_EN,Miscellaneous,Noise pollution grievance;civic_or_public_safety,complaint_followup;legal_navigation;evidence_preservation,prepare a civic complaint and identify the right authority,legal_aid_or_process_help,False,False,False,physical,past,True,False,False,False,true,True,True,general_legal_navigation,Miscellaneous,,Miscellaneous,
CLS000491,NAR000164_ENVAR,Miscellaneous,Noise pollution grievance;civic_or_public_safety,complaint_followup;legal_navigation;evidence_preservation,prepare a civic complaint and identify the right authority,legal_aid_or_process_help,False,False,False,physical,past,True,False,False,False,true,True,True,general_legal_navigation,Miscellaneous,,Miscellaneous,
CLS000492,NAR000164_HI,Miscellaneous,Noise pollution grievance;civic_or_public_safety,complaint_followup;legal_navigation;evidence_preservation,prepare a civic complaint and identify the right authority,legal_aid_or_process_help,False,False,False,physical,past,True,False,False,False,true,True,True,general_legal_navigation,Miscellaneous,,Miscellaneous,
CLS000493,NAR000165_EN,Family Law,Restitution of conjugal rights;family_legal_support,complaint_followup;legal_navigation,organise family-law facts and identify support options,legal_aid_or_process_help,False,False,False,physical,recent,False,False,False,False,unknown,True,True,family_legal_aid_intake,Family Law,,Family Law,
CLS000494,NAR000165_HI,Family Law,Restitution of conjugal rights;family_legal_support,complaint_followup;legal_navigation,organise family-law facts and identify support options,legal_aid_or_process_help,False,False,False,physical,recent,False,False,False,False,unknown,True,True,family_legal_aid_intake,Family Law,,Family Law,
CLS000495,NAR000165_HILATN,Family Law,Restitution of conjugal rights;family_legal_support,complaint_followup;legal_navigation,organise family-law facts and identify support options,legal_aid_or_process_help,False,False,False,physical,recent,False,False,False,False,unknown,True,True,family_legal_aid_intake,Family Law,,Family Law,
CLS000496,NAR000166_EN,Cybercrime,Identity theft;digital_platform_incident,reporting_guidance;evidence_preservation,prepare a cybercrime report and preserve digital evidence,reporting_time_sensitive,False,False,False,online,past,True,False,False,False,unknown,False,False,cybercrime_report_preparation,Cybercrime,,Cybercrime,
CLS000497,NAR000166_ENVAR,Cybercrime,Identity theft;digital_platform_incident;uncertain_or_incomplete_user_account;timeline_reconstruction_needed,reporting_guidance;evidence_preservation;clarification_needed,prepare a cybercrime report and preserve digital evidence,reporting_time_sensitive,False,False,False,online,past,True,False,False,False,unknown,False,False,cybercrime_report_preparation,Cybercrime,,Cybercrime,
CLS000498,NAR000166_HI,Cybercrime,Identity theft;digital_platform_incident,reporting_guidance;evidence_preservation,prepare a cybercrime report and preserve digital evidence,reporting_time_sensitive,False,False,False,online,past,True,False,False,False,unknown,False,False,cybercrime_report_preparation,Cybercrime,,Cybercrime,
CLS000499,NAR000167_EN,Employment/Labour,Unfair termination;workplace_rights,complaint_followup;legal_navigation,prepare a workplace rights complaint or legal-aid intake,legal_aid_or_process_help,False,False,False,online,past,False,False,False,False,unknown,True,True,labour_or_workplace_intake,Employment/Labour,,Employment/Labour,
CLS000500,NAR000167_HI,Employment/Labour,Unfair termination;workplace_rights,complaint_followup;legal_navigation,prepare a workplace rights complaint or legal-aid intake,legal_aid_or_process_help,False,False,False,online,past,False,False,False,False,unknown,True,True,labour_or_workplace_intake,Employment/Labour,,Employment/Labour,
CLS000501,NAR000167_HILATN,Employment/Labour,Unfair termination;workplace_rights;timeline_reconstruction_needed,complaint_followup;legal_navigation,prepare a workplace rights complaint or legal-aid intake,legal_aid_or_process_help,False,False,False,online,past,False,False,False,False,unknown,True,True,labour_or_workplace_intake,Employment/Labour,,Employment/Labour,
CLS000502,NAR000168_EN,Theft and robbery,Chain snatching;property_loss,reporting_guidance;evidence_preservation,prepare a theft or robbery complaint and list lost property,reporting_time_sensitive,False,False,False,physical,recent,True,True,False,False,unknown,False,True,police_complaint_preparation,Theft and robbery,,Theft and robbery,
CLS000503,NAR000168_ENVAR,Theft and robbery,Chain snatching;property_loss;uncertain_or_incomplete_user_account;timeline_reconstruction_needed,reporting_guidance;evidence_preservation;clarification_needed,prepare a theft or robbery complaint and list lost property,reporting_time_sensitive,False,False,False,physical,recent,True,True,False,False,unknown,False,True,police_complaint_preparation,Theft and robbery,,Theft and robbery,
CLS000504,NAR000168_HI,Theft and robbery,Chain snatching;property_loss,reporting_guidance;evidence_preservation,prepare a theft or robbery complaint and list lost property,reporting_time_sensitive,False,False,False,physical,recent,True,True,False,False,unknown,False,True,police_complaint_preparation,Theft and robbery,,Theft and robbery,
CLS000505,NAR000169_EN,Employment/Labour,Unfair termination;workplace_rights,complaint_followup;legal_navigation;evidence_preservation,prepare a workplace rights complaint or legal-aid intake,case_preparation,False,False,False,online,recent,True,False,False,False,unknown,True,False,labour_or_workplace_intake,Employment/Labour,,Employment/Labour,
CLS000506,NAR000169_HI,Employment/Labour,Unfair termination;workplace_rights,complaint_followup;legal_navigation;evidence_preservation,prepare a workplace rights complaint or legal-aid intake,case_preparation,False,False,False,online,recent,True,False,False,False,unknown,True,False,labour_or_workplace_intake,Employment/Labour,,Employment/Labour,
CLS000507,NAR000169_HILATN,Employment/Labour,Unfair termination;workplace_rights;timeline_reconstruction_needed,complaint_followup;legal_navigation;evidence_preservation,prepare a workplace rights complaint or legal-aid intake,case_preparation,False,False,False,online,recent,True,False,False,False,unknown,True,False,labour_or_workplace_intake,Employment/Labour,,Employment/Labour,
CLS000508,NAR000170_EN,Financial Fraud,Ponzi scheme investment fraud;financial_loss_or_fraud,reporting_guidance;evidence_preservation,report financial fraud and preserve transaction evidence,reporting_time_sensitive,False,False,False,physical,recent,True,False,False,False,unknown,False,True,financial_fraud_report_preparation,Financial Fraud,,Financial Fraud,
CLS000509,NAR000170_ENVAR,Financial Fraud,Ponzi scheme investment fraud;financial_loss_or_fraud,reporting_guidance;evidence_preservation,report financial fraud and preserve transaction evidence,reporting_time_sensitive,False,False,False,physical,recent,True,False,False,False,unknown,False,True,financial_fraud_report_preparation,Financial Fraud,,Financial Fraud,
CLS000510,NAR000170_HI,Financial Fraud,Ponzi scheme investment fraud;financial_loss_or_fraud,reporting_guidance;evidence_preservation,report financial fraud and preserve transaction evidence,reporting_time_sensitive,False,False,False,physical,recent,True,False,False,False,unknown,False,True,financial_fraud_report_preparation,Financial Fraud,,Financial Fraud,
CLS000511,NAR000171_EN,Employment/Labour,Breach of employment contract;workplace_rights,legal_navigation;evidence_preservation,prepare a workplace rights complaint or legal-aid intake,case_preparation,False,False,False,online,past,True,False,False,False,unknown,False,False,labour_or_workplace_intake,Employment/Labour,,Employment/Labour,
CLS000512,NAR000171_HI,Employment/Labour,Breach of employment contract;workplace_rights,legal_navigation;evidence_preservation,prepare a workplace rights complaint or legal-aid intake,case_preparation,False,False,False,online,past,True,False,False,False,unknown,False,False,labour_or_workplace_intake,Employment/Labour,,Employment/Labour,
CLS000513,NAR000171_HILATN,Employment/Labour,Breach of employment contract;workplace_rights;timeline_reconstruction_needed,legal_navigation;evidence_preservation,prepare a workplace rights complaint or legal-aid intake,case_preparation,False,False,False,online,past,True,False,False,False,unknown,False,False,labour_or_workplace_intake,Employment/Labour,,Employment/Labour,
CLS000514,NAR000172_EN,Employment/Labour,Workplace harassment;workplace_rights,complaint_followup;legal_navigation,prepare a workplace rights complaint or legal-aid intake,legal_aid_or_process_help,False,True,False,physical,current,False,False,False,False,unknown,True,True,labour_or_workplace_intake,Employment/Labour,,Employment/Labour,
CLS000515,NAR000172_ENVAR,Employment/Labour,Workplace harassment;workplace_rights;uncertain_or_incomplete_user_account;timeline_reconstruction_needed,complaint_followup;legal_navigation;clarification_needed,prepare a workplace rights complaint or legal-aid intake,legal_aid_or_process_help,False,True,False,physical,current,False,False,False,False,unknown,True,True,labour_or_workplace_intake,Employment/Labour,,Employment/Labour,
CLS000516,NAR000172_HI,Employment/Labour,Workplace harassment;workplace_rights,complaint_followup;legal_navigation,prepare a workplace rights complaint or legal-aid intake,legal_aid_or_process_help,False,True,False,physical,current,False,False,False,False,unknown,True,True,labour_or_workplace_intake,Employment/Labour,,Employment/Labour,
CLS000517,NAR000173_EN,Theft and robbery,Shopbreaking;property_loss,reporting_guidance;evidence_preservation,prepare a theft or robbery complaint and list lost property,reporting_time_sensitive,False,False,False,physical,recent,True,False,False,False,unknown,False,False,police_complaint_preparation,Theft and robbery,,Theft and robbery,
CLS000518,NAR000173_HI,Theft and robbery,Shopbreaking;property_loss,reporting_guidance;evidence_preservation,prepare a theft or robbery complaint and list lost property,reporting_time_sensitive,False,False,False,physical,recent,True,False,False,False,unknown,False,False,police_complaint_preparation,Theft and robbery,,Theft and robbery,
CLS000519,NAR000173_HILATN,Theft and robbery,Shopbreaking;property_loss;uncertain_or_incomplete_user_account;timeline_reconstruction_needed,reporting_guidance;evidence_preservation;clarification_needed,prepare a theft or robbery complaint and list lost property,reporting_time_sensitive,False,False,False,physical,recent,True,False,False,False,unknown,False,False,police_complaint_preparation,Theft and robbery,,Theft and robbery,
CLS000520,NAR000174_EN,Miscellaneous,Minor civic infrastructure issue;civic_or_public_safety,legal_navigation,prepare a civic complaint and identify the right authority,legal_aid_or_process_help,False,False,False,physical,recent,False,False,False,False,true,False,True,general_legal_navigation,Miscellaneous,,Miscellaneous,
CLS000521,NAR000174_ENVAR,Miscellaneous,Minor civic infrastructure issue;civic_or_public_safety;uncertain_or_incomplete_user_account;timeline_reconstruction_needed,legal_navigation;clarification_needed,prepare a civic complaint and identify the right authority,legal_aid_or_process_help,False,False,False,physical,recent,False,False,False,False,true,False,True,general_legal_navigation,Miscellaneous,,Miscellaneous,
CLS000522,NAR000174_HI,Miscellaneous,Minor civic infrastructure issue;civic_or_public_safety,legal_navigation,prepare a civic complaint and identify the right authority,legal_aid_or_process_help,False,False,False,physical,recent,False,False,False,False,true,False,True,general_legal_navigation,Miscellaneous,,Miscellaneous,
CLS000523,NAR000175_EN,Cybercrime,Online banking fraud;digital_platform_incident,reporting_guidance;evidence_preservation,prepare a cybercrime report and preserve digital evidence,reporting_time_sensitive,False,False,False,online,past,True,True,False,False,unknown,False,False,cybercrime_report_preparation,Cybercrime,,Cybercrime,
CLS000524,NAR000175_HI,Cybercrime,Online banking fraud;digital_platform_incident,reporting_guidance;evidence_preservation,prepare a cybercrime report and preserve digital evidence,reporting_time_sensitive,False,False,False,online,past,True,True,False,False,unknown,False,False,cybercrime_report_preparation,Cybercrime,,Cybercrime,
CLS000525,NAR000175_HILATN,Cybercrime,Online banking fraud;digital_platform_incident,reporting_guidance;evidence_preservation,prepare a cybercrime report and preserve digital evidence,reporting_time_sensitive,False,False,False,online,past,True,True,False,False,unknown,False,False,cybercrime_report_preparation,Cybercrime,,Cybercrime,
CLS000526,NAR000176_EN,Assault & Threats,Road rage assault;personal_safety,reporting_guidance;evidence_preservation,document the threat or assault and understand police reporting options,reporting_time_sensitive,False,False,False,physical,recent,True,True,False,False,unknown,False,True,police_complaint_preparation,Assault & Threats,,Assault & Threats,
CLS000527,NAR000176_ENVAR,Assault & Threats,Road rage assault;personal_safety,reporting_guidance;evidence_preservation,document the threat or assault and understand police reporting options,reporting_time_sensitive,False,False,False,physical,recent,True,True,False,False,unknown,False,True,police_complaint_preparation,Assault & Threats,,Assault & Threats,
CLS000528,NAR000176_HI,Assault & Threats,Road rage assault;personal_safety,reporting_guidance;evidence_preservation,document the threat or assault and understand police reporting options,reporting_time_sensitive,False,False,False,physical,recent,True,True,False,False,unknown,False,True,police_complaint_preparation,Assault & Threats,,Assault & Threats,
CLS000529,NAR000177_EN,Theft and robbery,Chain snatching;property_loss,reporting_guidance;evidence_preservation,prepare a theft or robbery complaint and list lost property,reporting_time_sensitive,False,False,False,physical,past,True,True,False,False,unknown,False,True,police_complaint_preparation,Theft and robbery,,Theft and robbery,
CLS000530,NAR000177_HI,Theft and robbery,Chain snatching;property_loss,reporting_guidance;evidence_preservation,prepare a theft or robbery complaint and list lost property,reporting_time_sensitive,False,False,False,physical,past,True,True,False,False,unknown,False,True,police_complaint_preparation,Theft and robbery,,Theft and robbery,
CLS000531,NAR000177_HILATN,Theft and robbery,Chain snatching;property_loss;timeline_reconstruction_needed,reporting_guidance;evidence_preservation,prepare a theft or robbery complaint and list lost property,reporting_time_sensitive,False,False,False,physical,past,True,True,False,False,unknown,False,True,police_complaint_preparation,Theft and robbery,,Theft and robbery,
CLS000532,NAR000178_EN,Assault & Threats,Road rage assault;personal_safety,reporting_guidance,document the threat or assault and understand police reporting options,reporting_time_sensitive,False,False,False,physical,recent,False,True,True,False,unknown,False,True,police_complaint_preparation,Assault & Threats,,Assault & Threats,
CLS000533,NAR000178_ENVAR,Assault & Threats,Road rage assault;personal_safety;uncertain_or_incomplete_user_account;timeline_reconstruction_needed,reporting_guidance;clarification_needed,document the threat or assault and understand police reporting options,reporting_time_sensitive,False,False,False,physical,recent,False,True,True,False,unknown,False,True,police_complaint_preparation,Assault & Threats,,Assault & Threats,
CLS000534,NAR000178_HI,Assault & Threats,Road rage assault;personal_safety,reporting_guidance,document the threat or assault and understand police reporting options,medical_attention_needed,False,False,True,physical,recent,False,True,True,False,unknown,False,True,police_complaint_preparation,Assault & Threats,,Assault & Threats,
CLS000535,NAR000179_EN,Consumer Disputes,Refusal of service refund;consumer_grievance,complaint_followup;legal_navigation;evidence_preservation,prepare a consumer complaint and identify refund or service remedies,legal_aid_or_process_help,False,False,False,hybrid,recent,True,False,False,False,unknown,True,True,consumer_grievance_preparation,Consumer Disputes,,Consumer Disputes,
CLS000536,NAR000179_HI,Consumer Disputes,Refusal of service refund;consumer_grievance,complaint_followup;legal_navigation;evidence_preservation,prepare a consumer complaint and identify refund or service remedies,legal_aid_or_process_help,False,False,False,hybrid,recent,True,False,False,False,unknown,True,True,consumer_grievance_preparation,Consumer Disputes,,Consumer Disputes,
CLS000537,NAR000179_HILATN,Consumer Disputes,Refusal of service refund;consumer_grievance;timeline_reconstruction_needed,complaint_followup;legal_navigation;evidence_preservation,prepare a consumer complaint and identify refund or service remedies,legal_aid_or_process_help,False,False,False,hybrid,recent,True,False,False,False,unknown,True,True,consumer_grievance_preparation,Consumer Disputes,,Consumer Disputes,
CLS000538,NAR000180_EN,Employment/Labour,Breach of employment contract;workplace_rights,complaint_followup;legal_navigation;evidence_preservation,prepare a workplace rights complaint or legal-aid intake,case_preparation,False,False,False,hybrid,past,True,False,False,False,unknown,True,False,labour_or_workplace_intake,Employment/Labour,,Employment/Labour,
CLS000539,NAR000180_ENVAR,Employment/Labour,Breach of employment contract;workplace_rights;uncertain_or_incomplete_user_account;timeline_reconstruction_needed,complaint_followup;legal_navigation;evidence_preservation;clarification_needed,prepare a workplace rights complaint or legal-aid intake,needs_clarification,False,False,False,hybrid,past,True,False,False,False,unknown,True,False,labour_or_workplace_intake,Employment/Labour,,Employment/Labour,
CLS000540,NAR000180_HI,Employment/Labour,Breach of employment contract;workplace_rights,complaint_followup;legal_navigation;evidence_preservation,prepare a workplace rights complaint or legal-aid intake,case_preparation,False,False,False,hybrid,past,True,False,False,False,unknown,True,False,labour_or_workplace_intake,Employment/Labour,,Employment/Labour,
CLS000541,NAR000181_EN,Consumer Disputes,Expired or contaminated goods sale;consumer_grievance,complaint_followup;legal_navigation;evidence_preservation,prepare a consumer complaint and identify refund or service remedies,case_preparation,False,False,False,physical,recent,True,False,True,False,unknown,True,False,consumer_grievance_preparation,Consumer Disputes,,Consumer Disputes,
CLS000542,NAR000181_HI,Consumer Disputes,Expired or contaminated goods sale;consumer_grievance,complaint_followup;legal_navigation;evidence_preservation,prepare a consumer complaint and identify refund or service remedies,medical_attention_needed,False,False,True,physical,recent,True,False,True,False,unknown,True,False,consumer_grievance_preparation,Consumer Disputes,,Consumer Disputes,
CLS000543,NAR000181_HILATN,Consumer Disputes,Expired or contaminated goods sale;consumer_grievance;timeline_reconstruction_needed,complaint_followup;legal_navigation;evidence_preservation,prepare a consumer complaint and identify refund or service remedies,case_preparation,False,False,False,physical,recent,True,False,True,False,unknown,True,False,consumer_grievance_preparation,Consumer Disputes,,Consumer Disputes,
CLS000544,NAR000182_EN,Employment/Labour,Unfair termination;workplace_rights,legal_navigation;evidence_preservation,prepare a workplace rights complaint or legal-aid intake,legal_aid_or_process_help,False,False,False,hybrid,past,True,False,False,False,unknown,False,True,labour_or_workplace_intake,Employment/Labour,,Employment/Labour,
CLS000545,NAR000182_ENVAR,Employment/Labour,Unfair termination;workplace_rights,legal_navigation;evidence_preservation,prepare a workplace rights complaint or legal-aid intake,legal_aid_or_process_help,False,False,False,hybrid,past,True,False,False,False,unknown,False,True,labour_or_workplace_intake,Employment/Labour,,Employment/Labour,
CLS000546,NAR000182_HI,Employment/Labour,Unfair termination;workplace_rights,legal_navigation;evidence_preservation,prepare a workplace rights complaint or legal-aid intake,legal_aid_or_process_help,False,False,False,hybrid,past,True,False,False,False,unknown,False,True,labour_or_workplace_intake,Employment/Labour,,Employment/Labour,
CLS000547,NAR000183_EN,Traffic & Road Incidents,Hit and run collision;traffic_or_road_safety,complaint_followup;evidence_preservation,document the road incident and understand reporting options,case_preparation,False,False,False,physical,recent,True,False,True,False,unknown,True,False,traffic_incident_documentation,Traffic & Road Incidents,,Traffic & Road Incidents,
CLS000548,NAR000183_HI,Traffic & Road Incidents,Hit and run collision;traffic_or_road_safety,complaint_followup;evidence_preservation,document the road incident and understand reporting options,medical_attention_needed,False,False,True,physical,recent,True,False,True,False,unknown,True,False,traffic_incident_documentation,Traffic & Road Incidents,,Traffic & Road Incidents,
CLS000549,NAR000183_HILATN,Traffic & Road Incidents,Hit and run collision;traffic_or_road_safety;uncertain_or_incomplete_user_account;timeline_reconstruction_needed,complaint_followup;evidence_preservation;clarification_needed,document the road incident and understand reporting options,needs_clarification,False,False,False,physical,recent,True,False,True,False,unknown,True,False,traffic_incident_documentation,Traffic & Road Incidents,,Traffic & Road Incidents,
CLS000550,NAR000184_EN,Property Disputes,Land encroachment;property_conflict,legal_navigation;evidence_preservation,organise property-dispute facts and identify documentation gaps,legal_aid_or_process_help,False,False,False,physical,recent,True,True,False,False,unknown,False,True,property_document_review_intake,Property Disputes,,Property Disputes,
CLS000551,NAR000184_ENVAR,Property Disputes,Land encroachment;property_conflict;uncertain_or_incomplete_user_account;timeline_reconstruction_needed,legal_navigation;evidence_preservation;clarification_needed,organise property-dispute facts and identify documentation gaps,legal_aid_or_process_help,False,False,False,physical,recent,True,True,False,False,unknown,False,True,property_document_review_intake,Property Disputes,,Property Disputes,
CLS000552,NAR000184_HI,Property Disputes,Land encroachment;property_conflict,legal_navigation;evidence_preservation,organise property-dispute facts and identify documentation gaps,legal_aid_or_process_help,False,False,False,physical,recent,True,True,False,False,unknown,False,True,property_document_review_intake,Property Disputes,,Property Disputes,
CLS000553,NAR000185_EN,Property Disputes,Inheritance property claim;property_conflict,legal_navigation;evidence_preservation,organise property-dispute facts and identify documentation gaps,legal_aid_or_process_help,False,False,False,physical,recent,True,False,True,False,unknown,False,True,property_document_review_intake,Property Disputes,,Property Disputes,
CLS000554,NAR000185_HI,Property Disputes,Inheritance property claim;property_conflict,legal_navigation;evidence_preservation,organise property-dispute facts and identify documentation gaps,medical_attention_needed,False,False,True,physical,recent,True,False,True,False,unknown,False,True,property_document_review_intake,Property Disputes,,Property Disputes,
CLS000555,NAR000185_HILATN,Property Disputes,Inheritance property claim;property_conflict,legal_navigation;evidence_preservation,organise property-dispute facts and identify documentation gaps,legal_aid_or_process_help,False,False,False,physical,recent,True,False,True,False,unknown,False,True,property_document_review_intake,Property Disputes,,Property Disputes,
CLS000556,NAR000186_EN,Miscellaneous,Lost item reporting;civic_or_public_safety,legal_navigation;evidence_preservation,prepare a civic complaint and identify the right authority,case_preparation,False,False,False,physical,recent,True,False,False,False,unknown,False,False,general_legal_navigation,Miscellaneous,,Miscellaneous,
CLS000557,NAR000186_ENVAR,Miscellaneous,Lost item reporting;civic_or_public_safety;uncertain_or_incomplete_user_account;timeline_reconstruction_needed,legal_navigation;evidence_preservation;clarification_needed,prepare a civic complaint and identify the right authority,needs_clarification,False,False,False,physical,recent,True,False,False,False,unknown,False,False,general_legal_navigation,Miscellaneous,,Miscellaneous,
CLS000558,NAR000186_HI,Miscellaneous,Lost item reporting;civic_or_public_safety,legal_navigation;evidence_preservation,prepare a civic complaint and identify the right authority,case_preparation,False,False,False,physical,recent,True,False,False,False,unknown,False,False,general_legal_navigation,Miscellaneous,,Miscellaneous,
CLS000559,NAR000187_EN,Miscellaneous,Noise pollution grievance;civic_or_public_safety,legal_navigation;evidence_preservation,prepare a civic complaint and identify the right authority,case_preparation,False,False,False,physical,past,True,False,False,False,true,False,False,general_legal_navigation,Miscellaneous,,Miscellaneous,
CLS000560,NAR000187_HI,Miscellaneous,Noise pollution grievance;civic_or_public_safety,legal_navigation;evidence_preservation,prepare a civic complaint and identify the right authority,case_preparation,False,False,False,physical,past,True,False,False,False,true,False,False,general_legal_navigation,Miscellaneous,,Miscellaneous,
CLS000561,NAR000187_HILATN,Miscellaneous,Noise pollution grievance;civic_or_public_safety;timeline_reconstruction_needed,legal_navigation;evidence_preservation,prepare a civic complaint and identify the right authority,case_preparation,False,False,False,physical,past,True,False,False,False,true,False,False,general_legal_navigation,Miscellaneous,,Miscellaneous,
CLS000562,NAR000188_EN,Property Disputes,Boundary wall dispute;property_conflict,complaint_followup;legal_navigation;evidence_preservation,organise property-dispute facts and identify documentation gaps,legal_aid_or_process_help,False,False,False,physical,recent,True,False,True,False,unknown,True,True,property_document_review_intake,Property Disputes,,Property Disputes,
CLS000563,NAR000188_ENVAR,Property Disputes,Boundary wall dispute;property_conflict,complaint_followup;legal_navigation;evidence_preservation,organise property-dispute facts and identify documentation gaps,legal_aid_or_process_help,False,False,False,physical,recent,True,False,True,False,unknown,True,True,property_document_review_intake,Property Disputes,,Property Disputes,
CLS000564,NAR000188_HI,Property Disputes,Boundary wall dispute;property_conflict,complaint_followup;legal_navigation;evidence_preservation,organise property-dispute facts and identify documentation gaps,medical_attention_needed,False,False,True,physical,recent,True,False,True,False,unknown,True,True,property_document_review_intake,Property Disputes,,Property Disputes,
CLS000565,NAR000189_EN,Miscellaneous,Noise pollution grievance;civic_or_public_safety,complaint_followup;legal_navigation,prepare a civic complaint and identify the right authority,legal_aid_or_process_help,False,False,False,physical,recent,False,False,False,False,true,True,True,general_legal_navigation,Miscellaneous,,Miscellaneous,
CLS000566,NAR000189_HI,Miscellaneous,Noise pollution grievance;civic_or_public_safety,complaint_followup;legal_navigation,prepare a civic complaint and identify the right authority,legal_aid_or_process_help,False,False,False,physical,recent,False,False,False,False,true,True,True,general_legal_navigation,Miscellaneous,,Miscellaneous,
CLS000567,NAR000189_HILATN,Miscellaneous,Noise pollution grievance;civic_or_public_safety;timeline_reconstruction_needed,complaint_followup;legal_navigation,prepare a civic complaint and identify the right authority,legal_aid_or_process_help,False,False,False,physical,recent,False,False,False,False,true,True,True,general_legal_navigation,Miscellaneous,,Miscellaneous,
CLS000568,NAR000190_EN,Employment/Labour,Unpaid wage dispute;workplace_rights,legal_navigation;evidence_preservation,prepare a workplace rights complaint or legal-aid intake,legal_aid_or_process_help,False,False,False,hybrid,recent,True,False,False,False,unknown,False,True,labour_or_workplace_intake,Employment/Labour,,Employment/Labour,
CLS000569,NAR000190_ENVAR,Employment/Labour,Unpaid wage dispute;workplace_rights;uncertain_or_incomplete_user_account;timeline_reconstruction_needed,legal_navigation;evidence_preservation;clarification_needed,prepare a workplace rights complaint or legal-aid intake,legal_aid_or_process_help,False,False,False,hybrid,recent,True,False,False,False,unknown,False,True,labour_or_workplace_intake,Employment/Labour,,Employment/Labour,
CLS000570,NAR000190_HI,Employment/Labour,Unpaid wage dispute;workplace_rights,legal_navigation;evidence_preservation,prepare a workplace rights complaint or legal-aid intake,legal_aid_or_process_help,False,False,False,hybrid,recent,True,False,False,False,unknown,False,True,labour_or_workplace_intake,Employment/Labour,,Employment/Labour,
CLS000571,NAR000191_EN,Theft and robbery,Online phishing theft;property_loss,reporting_guidance;evidence_preservation,prepare a theft or robbery complaint and list lost property,reporting_time_sensitive,False,False,False,hybrid,recent,True,False,False,False,unknown,False,True,police_complaint_preparation,Theft and robbery,,Theft and robbery,
CLS000572,NAR000191_HI,Theft and robbery,Online phishing theft;property_loss,reporting_guidance;evidence_preservation,prepare a theft or robbery complaint and list lost property,reporting_time_sensitive,False,False,False,hybrid,recent,True,False,False,False,unknown,False,True,police_complaint_preparation,Theft and robbery,,Theft and robbery,
CLS000573,NAR000191_HILATN,Theft and robbery,Online phishing theft;property_loss;timeline_reconstruction_needed,reporting_guidance;evidence_preservation,prepare a theft or robbery complaint and list lost property,reporting_time_sensitive,False,False,False,hybrid,recent,True,False,False,False,unknown,False,True,police_complaint_preparation,Theft and robbery,,Theft and robbery,
CLS000574,NAR000192_EN,Theft and robbery,Pickpocketing;property_loss,complaint_followup;evidence_preservation,prepare a theft or robbery complaint and list lost property,legal_aid_or_process_help,False,False,False,physical,recent,True,True,False,False,unknown,True,True,police_complaint_preparation,Theft and robbery,,Theft and robbery,
CLS000575,NAR000192_ENVAR,Theft and robbery,Pickpocketing;property_loss;uncertain_or_incomplete_user_account;timeline_reconstruction_needed,complaint_followup;evidence_preservation;clarification_needed,prepare a theft or robbery complaint and list lost property,legal_aid_or_process_help,False,False,False,physical,recent,True,True,False,False,unknown,True,True,police_complaint_preparation,Theft and robbery,,Theft and robbery,
CLS000576,NAR000192_HI,Theft and robbery,Pickpocketing;property_loss,complaint_followup;evidence_preservation,prepare a theft or robbery complaint and list lost property,legal_aid_or_process_help,False,False,False,physical,recent,True,True,False,False,unknown,True,True,police_complaint_preparation,Theft and robbery,,Theft and robbery,
CLS000577,NAR000193_EN,Consumer Disputes,Expired or contaminated goods sale;consumer_grievance,legal_navigation;evidence_preservation,prepare a consumer complaint and identify refund or service remedies,legal_aid_or_process_help,False,False,False,physical,recent,True,False,True,False,unknown,False,True,consumer_grievance_preparation,Consumer Disputes,,Consumer Disputes,
CLS000578,NAR000193_HI,Consumer Disputes,Expired or contaminated goods sale;consumer_grievance,legal_navigation;evidence_preservation,prepare a consumer complaint and identify refund or service remedies,medical_attention_needed,False,False,True,physical,recent,True,False,True,False,unknown,False,True,consumer_grievance_preparation,Consumer Disputes,,Consumer Disputes,
CLS000579,NAR000193_HILATN,Consumer Disputes,Expired or contaminated goods sale;consumer_grievance;uncertain_or_incomplete_user_account;timeline_reconstruction_needed,legal_navigation;evidence_preservation;clarification_needed,prepare a consumer complaint and identify refund or service remedies,legal_aid_or_process_help,False,False,False,physical,recent,True,False,True,False,unknown,False,True,consumer_grievance_preparation,Consumer Disputes,,Consumer Disputes,
CLS000580,NAR000194_EN,Domestic Violence,Emotional and verbal abuse;domestic_safety,complaint_followup;evidence_preservation,seek safety-focused help and prepare a support or complaint record,case_preparation,False,False,False,physical,recent,True,True,False,False,unknown,True,False,police_complaint_preparation,Domestic Violence,,Domestic Violence,
CLS000581,NAR000194_ENVAR,Domestic Violence,Emotional and verbal abuse;domestic_safety,complaint_followup;evidence_preservation,seek safety-focused help and prepare a support or complaint record,case_preparation,False,False,False,physical,recent,True,True,False,False,unknown,True,False,police_complaint_preparation,Domestic Violence,,Domestic Violence,
CLS000582,NAR000194_HI,Domestic Violence,Emotional and verbal abuse;domestic_safety,complaint_followup;evidence_preservation,seek safety-focused help and prepare a support or complaint record,case_preparation,False,False,False,physical,recent,True,True,False,False,unknown,True,False,police_complaint_preparation,Domestic Violence,,Domestic Violence,
CLS000583,NAR000195_EN,Miscellaneous,Noise pollution grievance;civic_or_public_safety,legal_navigation;evidence_preservation,prepare a civic complaint and identify the right authority,case_preparation,False,False,False,physical,past,True,False,False,False,true,False,False,general_legal_navigation,Miscellaneous,,Miscellaneous,
CLS000584,NAR000195_HI,Miscellaneous,Noise pollution grievance;civic_or_public_safety,legal_navigation;evidence_preservation,prepare a civic complaint and identify the right authority,case_preparation,False,False,False,physical,past,True,False,False,False,true,False,False,general_legal_navigation,Miscellaneous,,Miscellaneous,
CLS000585,NAR000195_HILATN,Miscellaneous,Noise pollution grievance;civic_or_public_safety,legal_navigation;evidence_preservation,prepare a civic complaint and identify the right authority,case_preparation,False,False,False,physical,past,True,False,False,False,true,False,False,general_legal_navigation,Miscellaneous,,Miscellaneous,
CLS000586,NAR000196_EN,Employment/Labour,Workplace harassment;workplace_rights,legal_navigation,prepare a workplace rights complaint or legal-aid intake,legal_aid_or_process_help,False,False,False,hybrid,past,False,False,False,False,unknown,False,True,labour_or_workplace_intake,Employment/Labour,,Employment/Labour,
CLS000587,NAR000196_ENVAR,Employment/Labour,Workplace harassment;workplace_rights;uncertain_or_incomplete_user_account;timeline_reconstruction_needed,legal_navigation;clarification_needed,prepare a workplace rights complaint or legal-aid intake,legal_aid_or_process_help,False,False,False,hybrid,past,False,False,False,False,unknown,False,True,labour_or_workplace_intake,Employment/Labour,,Employment/Labour,
CLS000588,NAR000196_HI,Employment/Labour,Workplace harassment;workplace_rights,legal_navigation,prepare a workplace rights complaint or legal-aid intake,legal_aid_or_process_help,False,False,False,hybrid,past,False,False,False,False,unknown,False,True,labour_or_workplace_intake,Employment/Labour,,Employment/Labour,
CLS000589,NAR000197_EN,Property Disputes,Land encroachment;property_conflict,complaint_followup;legal_navigation;evidence_preservation,organise property-dispute facts and identify documentation gaps,legal_aid_or_process_help,False,False,False,physical,past,True,True,False,False,unknown,True,True,property_document_review_intake,Property Disputes,,Property Disputes,
CLS000590,NAR000197_HI,Property Disputes,Land encroachment;property_conflict,complaint_followup;legal_navigation;evidence_preservation,organise property-dispute facts and identify documentation gaps,legal_aid_or_process_help,False,False,False,physical,past,True,True,False,False,unknown,True,True,property_document_review_intake,Property Disputes,,Property Disputes,
CLS000591,NAR000197_HILATN,Property Disputes,Land encroachment;property_conflict;timeline_reconstruction_needed,complaint_followup;legal_navigation;evidence_preservation,organise property-dispute facts and identify documentation gaps,legal_aid_or_process_help,False,False,False,physical,past,True,True,False,False,unknown,True,True,property_document_review_intake,Property Disputes,,Property Disputes,
CLS000592,NAR000198_EN,Financial Fraud,Loan approval scam;financial_loss_or_fraud,complaint_followup;evidence_preservation,report financial fraud and preserve transaction evidence,legal_aid_or_process_help,False,False,False,hybrid,past,True,True,False,False,unknown,True,True,financial_fraud_report_preparation,Financial Fraud,,Financial Fraud,
CLS000593,NAR000198_ENVAR,Financial Fraud,Loan approval scam;financial_loss_or_fraud;uncertain_or_incomplete_user_account;timeline_reconstruction_needed,complaint_followup;evidence_preservation;clarification_needed,report financial fraud and preserve transaction evidence,legal_aid_or_process_help,False,False,False,hybrid,past,True,True,False,False,unknown,True,True,financial_fraud_report_preparation,Financial Fraud,,Financial Fraud,
CLS000594,NAR000198_HI,Financial Fraud,Loan approval scam;financial_loss_or_fraud,complaint_followup;evidence_preservation,report financial fraud and preserve transaction evidence,legal_aid_or_process_help,False,False,False,hybrid,past,True,True,False,False,unknown,True,True,financial_fraud_report_preparation,Financial Fraud,,Financial Fraud,
CLS000595,NAR000199_EN,Theft and robbery,Pickpocketing;property_loss,reporting_guidance;evidence_preservation,prepare a theft or robbery complaint and list lost property,reporting_time_sensitive,False,False,False,physical,past,True,True,False,False,unknown,False,True,police_complaint_preparation,Theft and robbery,,Theft and robbery,
CLS000596,NAR000199_HI,Theft and robbery,Pickpocketing;property_loss,reporting_guidance;evidence_preservation,prepare a theft or robbery complaint and list lost property,reporting_time_sensitive,False,False,False,physical,past,True,True,False,False,unknown,False,True,police_complaint_preparation,Theft and robbery,,Theft and robbery,
CLS000597,NAR000199_HILATN,Theft and robbery,Pickpocketing;property_loss;timeline_reconstruction_needed,reporting_guidance;evidence_preservation,prepare a theft or robbery complaint and list lost property,reporting_time_sensitive,False,False,False,physical,past,True,True,False,False,unknown,False,True,police_complaint_preparation,Theft and robbery,,Theft and robbery,
CLS000598,NAR000200_EN,Cybercrime,Cyberstalking;digital_platform_incident,complaint_followup;evidence_preservation,prepare a cybercrime report and preserve digital evidence,case_preparation,False,False,False,hybrid,recent,True,True,False,False,unknown,True,False,cybercrime_report_preparation,Cybercrime,,Cybercrime,
CLS000599,NAR000200_ENVAR,Cybercrime,Cyberstalking;digital_platform_incident,complaint_followup;evidence_preservation,prepare a cybercrime report and preserve digital evidence,case_preparation,False,False,False,hybrid,recent,True,True,False,False,unknown,True,False,cybercrime_report_preparation,Cybercrime,,Cybercrime,
CLS000600,NAR000200_HI,Cybercrime,Cyberstalking;digital_platform_incident,complaint_followup;evidence_preservation,prepare a cybercrime report and preserve digital evidence,case_preparation,False,False,False,hybrid,recent,True,True,False,False,unknown,True,False,cybercrime_report_preparation,Cybercrime,,Cybercrime,
CLS000601,NAR000201_EN,Cybercrime,Identity theft;digital_platform_incident,reporting_guidance;evidence_preservation,prepare a cybercrime report and preserve digital evidence,reporting_time_sensitive,False,False,False,online,past,True,False,False,False,unknown,False,False,cybercrime_report_preparation,Cybercrime,,Cybercrime,
CLS000602,NAR000201_HI,Cybercrime,Identity theft;digital_platform_incident,reporting_guidance;evidence_preservation,prepare a cybercrime report and preserve digital evidence,reporting_time_sensitive,False,False,False,online,past,True,False,False,False,unknown,False,False,cybercrime_report_preparation,Cybercrime,,Cybercrime,
CLS000603,NAR000201_HILATN,Cybercrime,Identity theft;digital_platform_incident;timeline_reconstruction_needed,reporting_guidance;evidence_preservation,prepare a cybercrime report and preserve digital evidence,reporting_time_sensitive,False,False,False,online,past,True,False,False,False,unknown,False,False,cybercrime_report_preparation,Cybercrime,,Cybercrime,
CLS000604,NAR000202_EN,Property Disputes,Land encroachment;property_conflict,complaint_followup;legal_navigation;evidence_preservation,organise property-dispute facts and identify documentation gaps,legal_aid_or_process_help,False,False,False,physical,recent,True,False,False,False,unknown,True,True,property_document_review_intake,Property Disputes,,Property Disputes,
CLS000605,NAR000202_ENVAR,Property Disputes,Land encroachment;property_conflict;uncertain_or_incomplete_user_account;timeline_reconstruction_needed,complaint_followup;legal_navigation;evidence_preservation;clarification_needed,organise property-dispute facts and identify documentation gaps,legal_aid_or_process_help,False,False,False,physical,recent,True,False,False,False,unknown,True,True,property_document_review_intake,Property Disputes,,Property Disputes,
CLS000606,NAR000202_HI,Property Disputes,Land encroachment;property_conflict,complaint_followup;legal_navigation;evidence_preservation,organise property-dispute facts and identify documentation gaps,legal_aid_or_process_help,False,False,False,physical,recent,True,False,False,False,unknown,True,True,property_document_review_intake,Property Disputes,,Property Disputes,
CLS000607,NAR000203_EN,Property Disputes,Boundary wall dispute;property_conflict,complaint_followup;legal_navigation;evidence_preservation,organise property-dispute facts and identify documentation gaps,legal_aid_or_process_help,False,False,False,physical,recent,True,True,False,False,unknown,True,True,property_document_review_intake,Property Disputes,,Property Disputes,
CLS000608,NAR000203_HI,Property Disputes,Boundary wall dispute;property_conflict,complaint_followup;legal_navigation;evidence_preservation,organise property-dispute facts and identify documentation gaps,legal_aid_or_process_help,False,False,False,physical,recent,True,True,False,False,unknown,True,True,property_document_review_intake,Property Disputes,,Property Disputes,
CLS000609,NAR000203_HILATN,Property Disputes,Boundary wall dispute;property_conflict;uncertain_or_incomplete_user_account;timeline_reconstruction_needed,complaint_followup;legal_navigation;evidence_preservation;clarification_needed,organise property-dispute facts and identify documentation gaps,legal_aid_or_process_help,False,False,False,physical,recent,True,True,False,False,unknown,True,True,property_document_review_intake,Property Disputes,,Property Disputes,
CLS000610,NAR000204_EN,Cybercrime,Cyberstalking;digital_platform_incident,reporting_guidance;evidence_preservation,prepare a cybercrime report and preserve digital evidence,reporting_time_sensitive,False,False,False,hybrid,past,True,True,False,False,unknown,False,False,cybercrime_report_preparation,Cybercrime,,Cybercrime,
CLS000611,NAR000204_ENVAR,Cybercrime,Cyberstalking;digital_platform_incident;uncertain_or_incomplete_user_account;timeline_reconstruction_needed,reporting_guidance;evidence_preservation;clarification_needed,prepare a cybercrime report and preserve digital evidence,reporting_time_sensitive,False,False,False,hybrid,past,True,True,False,False,unknown,False,False,cybercrime_report_preparation,Cybercrime,,Cybercrime,
CLS000612,NAR000204_HI,Cybercrime,Cyberstalking;digital_platform_incident,reporting_guidance;evidence_preservation,prepare a cybercrime report and preserve digital evidence,reporting_time_sensitive,False,False,False,hybrid,past,True,True,False,False,unknown,False,False,cybercrime_report_preparation,Cybercrime,,Cybercrime,
CLS000613,NAR000205_EN,Family Law,Child custody dispute;family_legal_support,legal_navigation;evidence_preservation,organise family-law facts and identify support options,legal_aid_or_process_help,False,False,False,physical,recent,True,True,False,False,true,False,True,family_legal_aid_intake,Family Law,,Family Law,
CLS000614,NAR000205_HI,Family Law,Child custody dispute;family_legal_support,legal_navigation;evidence_preservation,organise family-law facts and identify support options,legal_aid_or_process_help,False,False,False,physical,recent,True,True,False,False,true,False,True,family_legal_aid_intake,Family Law,,Family Law,
CLS000615,NAR000205_HILATN,Family Law,Child custody dispute;family_legal_support,legal_navigation;evidence_preservation,organise family-law facts and identify support options,legal_aid_or_process_help,False,False,False,physical,recent,True,True,False,False,true,False,True,family_legal_aid_intake,Family Law,,Family Law,
CLS000616,NAR000206_EN,Domestic Violence,Economic deprivation;domestic_safety,reporting_guidance,seek safety-focused help and prepare a support or complaint record,reporting_time_sensitive,False,False,False,hybrid,past,False,True,False,False,unknown,False,True,police_complaint_preparation,Domestic Violence,,Domestic Violence,
CLS000617,NAR000206_ENVAR,Domestic Violence,Economic deprivation;domestic_safety,reporting_guidance,seek safety-focused help and prepare a support or complaint record,reporting_time_sensitive,False,False,False,hybrid,past,False,True,False,False,unknown,False,True,police_complaint_preparation,Domestic Violence,,Domestic Violence,
CLS000618,NAR000206_HI,Domestic Violence,Economic deprivation;domestic_safety,reporting_guidance,seek safety-focused help and prepare a support or complaint record,reporting_time_sensitive,False,False,False,hybrid,past,False,True,False,False,unknown,False,True,police_complaint_preparation,Domestic Violence,,Domestic Violence,
CLS000619,NAR000207_EN,Employment/Labour,Unpaid wage dispute;workplace_rights,legal_navigation;evidence_preservation,prepare a workplace rights complaint or legal-aid intake,legal_aid_or_process_help,False,False,False,hybrid,past,True,False,False,False,unknown,False,True,labour_or_workplace_intake,Employment/Labour,,Employment/Labour,
CLS000620,NAR000207_HI,Employment/Labour,Unpaid wage dispute;workplace_rights,legal_navigation;evidence_preservation,prepare a workplace rights complaint or legal-aid intake,legal_aid_or_process_help,False,False,False,hybrid,past,True,False,False,False,unknown,False,True,labour_or_workplace_intake,Employment/Labour,,Employment/Labour,
CLS000621,NAR000207_HILATN,Employment/Labour,Unpaid wage dispute;workplace_rights;timeline_reconstruction_needed,legal_navigation;evidence_preservation,prepare a workplace rights complaint or legal-aid intake,legal_aid_or_process_help,False,False,False,hybrid,past,True,False,False,False,unknown,False,True,labour_or_workplace_intake,Employment/Labour,,Employment/Labour,
CLS000622,NAR000208_EN,Family Law,Restitution of conjugal rights;family_legal_support,legal_navigation,organise family-law facts and identify support options,legal_aid_or_process_help,False,False,False,physical,recent,False,False,False,False,true,False,True,family_legal_aid_intake,Family Law,,Family Law,
CLS000623,NAR000208_ENVAR,Family Law,Restitution of conjugal rights;family_legal_support;uncertain_or_incomplete_user_account;timeline_reconstruction_needed,legal_navigation;clarification_needed,organise family-law facts and identify support options,legal_aid_or_process_help,False,False,False,physical,recent,False,False,False,False,true,False,True,family_legal_aid_intake,Family Law,,Family Law,
CLS000624,NAR000208_HI,Family Law,Restitution of conjugal rights;family_legal_support,legal_navigation,organise family-law facts and identify support options,legal_aid_or_process_help,False,False,False,physical,recent,False,False,False,False,true,False,True,family_legal_aid_intake,Family Law,,Family Law,
CLS000625,NAR000209_EN,Employment/Labour,Workplace harassment;workplace_rights,complaint_followup;legal_navigation,prepare a workplace rights complaint or legal-aid intake,case_preparation,False,False,False,hybrid,recent,False,False,False,False,unknown,True,False,labour_or_workplace_intake,Employment/Labour,,Employment/Labour,
CLS000626,NAR000209_HI,Employment/Labour,Workplace harassment;workplace_rights,complaint_followup;legal_navigation,prepare a workplace rights complaint or legal-aid intake,case_preparation,False,False,False,hybrid,recent,False,False,False,False,unknown,True,False,labour_or_workplace_intake,Employment/Labour,,Employment/Labour,
CLS000627,NAR000209_HILATN,Employment/Labour,Workplace harassment;workplace_rights;timeline_reconstruction_needed,complaint_followup;legal_navigation,prepare a workplace rights complaint or legal-aid intake,case_preparation,False,False,False,hybrid,recent,False,False,False,False,unknown,True,False,labour_or_workplace_intake,Employment/Labour,,Employment/Labour,
CLS000628,NAR000210_EN,Property Disputes,Land encroachment;property_conflict,complaint_followup;legal_navigation;evidence_preservation,organise property-dispute facts and identify documentation gaps,legal_aid_or_process_help,False,False,False,physical,past,True,True,False,False,unknown,True,True,property_document_review_intake,Property Disputes,,Property Disputes,
CLS000629,NAR000210_ENVAR,Property Disputes,Land encroachment;property_conflict;uncertain_or_incomplete_user_account;timeline_reconstruction_needed,complaint_followup;legal_navigation;evidence_preservation;clarification_needed,organise property-dispute facts and identify documentation gaps,legal_aid_or_process_help,False,False,False,physical,past,True,True,False,False,unknown,True,True,property_document_review_intake,Property Disputes,,Property Disputes,
CLS000630,NAR000210_HI,Property Disputes,Land encroachment;property_conflict,complaint_followup;legal_navigation;evidence_preservation,organise property-dispute facts and identify documentation gaps,legal_aid_or_process_help,False,False,False,physical,past,True,True,False,False,unknown,True,True,property_document_review_intake,Property Disputes,,Property Disputes,
CLS000631,NAR000211_EN,Theft and robbery,Armed robbery;property_loss,safety_triage;complaint_followup;evidence_preservation,prepare a theft or robbery complaint and list lost property,emergency_current_danger,True,True,False,physical,current,True,True,False,False,unknown,True,True,safety_redirect_and_case_intake,Theft and robbery,,Theft and robbery,
CLS000632,NAR000211_HI,Theft and robbery,Armed robbery;property_loss,safety_triage;complaint_followup;evidence_preservation,prepare a theft or robbery complaint and list lost property,emergency_current_danger,True,True,False,physical,current,True,True,False,True,unknown,True,True,safety_redirect_and_case_intake,Theft and robbery,,Theft and robbery,
CLS000633,NAR000211_HILATN,Theft and robbery,Armed robbery;property_loss;timeline_reconstruction_needed,safety_triage;complaint_followup;evidence_preservation,prepare a theft or robbery complaint and list lost property,emergency_current_danger,True,True,False,physical,current,True,True,False,True,unknown,True,True,safety_redirect_and_case_intake,Theft and robbery,,Theft and robbery,
CLS000634,NAR000212_EN,Theft and robbery,Shopbreaking;property_loss,reporting_guidance;evidence_preservation,prepare a theft or robbery complaint and list lost property,reporting_time_sensitive,False,False,False,physical,recent,True,True,False,False,unknown,False,True,police_complaint_preparation,Theft and robbery,,Theft and robbery,
CLS000635,NAR000212_ENVAR,Theft and robbery,Shopbreaking;property_loss,reporting_guidance;evidence_preservation,prepare a theft or robbery complaint and list lost property,reporting_time_sensitive,False,False,False,physical,recent,True,True,False,False,unknown,False,True,police_complaint_preparation,Theft and robbery,,Theft and robbery,
CLS000636,NAR000212_HI,Theft and robbery,Shopbreaking;property_loss,reporting_guidance;evidence_preservation,prepare a theft or robbery complaint and list lost property,reporting_time_sensitive,False,False,False,physical,recent,True,True,False,False,unknown,False,True,police_complaint_preparation,Theft and robbery,,Theft and robbery,
CLS000637,NAR000213_EN,Theft and robbery,Vehicle theft;property_loss,complaint_followup;evidence_preservation,prepare a theft or robbery complaint and list lost property,case_preparation,False,False,False,physical,past,True,True,False,False,unknown,True,False,police_complaint_preparation,Theft and robbery,,Theft and robbery,
CLS000638,NAR000213_HI,Theft and robbery,Vehicle theft;property_loss,complaint_followup;evidence_preservation,prepare a theft or robbery complaint and list lost property,case_preparation,False,False,False,physical,past,True,True,False,False,unknown,True,False,police_complaint_preparation,Theft and robbery,,Theft and robbery,
CLS000639,NAR000213_HILATN,Theft and robbery,Vehicle theft;property_loss;uncertain_or_incomplete_user_account;timeline_reconstruction_needed,complaint_followup;evidence_preservation;clarification_needed,prepare a theft or robbery complaint and list lost property,needs_clarification,False,False,False,physical,past,True,True,False,False,unknown,True,False,police_complaint_preparation,Theft and robbery,,Theft and robbery,
CLS000640,NAR000214_EN,Consumer Disputes,Refusal of service refund;consumer_grievance,legal_navigation;evidence_preservation,prepare a consumer complaint and identify refund or service remedies,legal_aid_or_process_help,False,False,False,online,recent,True,False,False,False,unknown,False,True,consumer_grievance_preparation,Consumer Disputes,,Consumer Disputes,
CLS000641,NAR000214_ENVAR,Consumer Disputes,Refusal of service refund;consumer_grievance;uncertain_or_incomplete_user_account;timeline_reconstruction_needed,legal_navigation;evidence_preservation;clarification_needed,prepare a consumer complaint and identify refund or service remedies,legal_aid_or_process_help,False,False,False,online,recent,True,False,False,False,unknown,False,True,consumer_grievance_preparation,Consumer Disputes,,Consumer Disputes,
CLS000642,NAR000214_HI,Consumer Disputes,Refusal of service refund;consumer_grievance,legal_navigation;evidence_preservation,prepare a consumer complaint and identify refund or service remedies,legal_aid_or_process_help,False,False,False,online,recent,True,False,False,False,unknown,False,True,consumer_grievance_preparation,Consumer Disputes,,Consumer Disputes,
CLS000643,NAR000215_EN,Domestic Violence,Emotional and verbal abuse;domestic_safety,reporting_guidance;evidence_preservation,seek safety-focused help and prepare a support or complaint record,reporting_time_sensitive,False,False,False,physical,recent,True,True,False,False,unknown,False,True,police_complaint_preparation,Domestic Violence,,Domestic Violence,
CLS000644,NAR000215_HI,Domestic Violence,Emotional and verbal abuse;domestic_safety,reporting_guidance;evidence_preservation,seek safety-focused help and prepare a support or complaint record,reporting_time_sensitive,False,False,False,physical,recent,True,True,False,False,unknown,False,True,police_complaint_preparation,Domestic Violence,,Domestic Violence,
CLS000645,NAR000215_HILATN,Domestic Violence,Emotional and verbal abuse;domestic_safety,reporting_guidance;evidence_preservation,seek safety-focused help and prepare a support or complaint record,reporting_time_sensitive,False,False,False,physical,recent,True,True,False,False,unknown,False,True,police_complaint_preparation,Domestic Violence,,Domestic Violence,
CLS000646,NAR000216_EN,Cybercrime,Cyberstalking;digital_platform_incident,complaint_followup;evidence_preservation,prepare a cybercrime report and preserve digital evidence,legal_aid_or_process_help,False,False,False,online,past,True,True,False,False,unknown,True,True,cybercrime_report_preparation,Cybercrime,,Cybercrime,
CLS000647,NAR000216_ENVAR,Cybercrime,Cyberstalking;digital_platform_incident;uncertain_or_incomplete_user_account;timeline_reconstruction_needed,complaint_followup;evidence_preservation;clarification_needed,prepare a cybercrime report and preserve digital evidence,legal_aid_or_process_help,False,False,False,online,past,True,True,False,False,unknown,True,True,cybercrime_report_preparation,Cybercrime,,Cybercrime,
CLS000648,NAR000216_HI,Cybercrime,Cyberstalking;digital_platform_incident,complaint_followup;evidence_preservation,prepare a cybercrime report and preserve digital evidence,legal_aid_or_process_help,False,False,False,online,past,True,True,False,False,unknown,True,True,cybercrime_report_preparation,Cybercrime,,Cybercrime,
CLS000649,NAR000217_EN,Family Law,Child custody dispute;family_legal_support,complaint_followup;legal_navigation;evidence_preservation,organise family-law facts and identify support options,legal_aid_or_process_help,False,False,False,hybrid,recent,True,False,False,False,true,True,True,family_legal_aid_intake,Family Law,,Family Law,
CLS000650,NAR000217_HI,Family Law,Child custody dispute;family_legal_support,complaint_followup;legal_navigation;evidence_preservation,organise family-law facts and identify support options,legal_aid_or_process_help,False,False,False,hybrid,recent,True,False,False,False,true,True,True,family_legal_aid_intake,Family Law,,Family Law,
CLS000651,NAR000217_HILATN,Family Law,Child custody dispute;family_legal_support;timeline_reconstruction_needed,complaint_followup;legal_navigation;evidence_preservation,organise family-law facts and identify support options,legal_aid_or_process_help,False,False,False,hybrid,recent,True,False,False,False,true,True,True,family_legal_aid_intake,Family Law,,Family Law,
CLS000652,NAR000218_EN,Assault & Threats,Online harassment & threats;personal_safety,reporting_guidance;evidence_preservation,document the threat or assault and understand police reporting options,reporting_time_sensitive,False,False,False,online,recent,True,True,False,False,unknown,False,True,police_complaint_preparation,Assault & Threats,,Assault & Threats,
CLS000653,NAR000218_ENVAR,Assault & Threats,Online harassment & threats;personal_safety,reporting_guidance;evidence_preservation,document the threat or assault and understand police reporting options,reporting_time_sensitive,False,False,False,online,recent,True,True,False,False,unknown,False,True,police_complaint_preparation,Assault & Threats,,Assault & Threats,
CLS000654,NAR000218_HI,Assault & Threats,Online harassment & threats;personal_safety,reporting_guidance;evidence_preservation,document the threat or assault and understand police reporting options,reporting_time_sensitive,False,False,False,online,recent,True,True,False,False,unknown,False,True,police_complaint_preparation,Assault & Threats,,Assault & Threats,
CLS000655,NAR000219_EN,Theft and robbery,House burglary;property_loss,reporting_guidance;evidence_preservation,prepare a theft or robbery complaint and list lost property,reporting_time_sensitive,False,False,False,physical,past,True,True,False,False,unknown,False,False,police_complaint_preparation,Theft and robbery,,Theft and robbery,
CLS000656,NAR000219_HI,Theft and robbery,House burglary;property_loss,reporting_guidance;evidence_preservation,prepare a theft or robbery complaint and list lost property,reporting_time_sensitive,False,False,False,physical,past,True,True,False,False,unknown,False,False,police_complaint_preparation,Theft and robbery,,Theft and robbery,
CLS000657,NAR000219_HILATN,Theft and robbery,House burglary;property_loss;timeline_reconstruction_needed,reporting_guidance;evidence_preservation,prepare a theft or robbery complaint and list lost property,reporting_time_sensitive,False,False,False,physical,past,True,True,False,False,unknown,False,False,police_complaint_preparation,Theft and robbery,,Theft and robbery,
CLS000658,NAR000220_EN,Assault & Threats,Verbal intimidation;personal_safety,safety_triage;reporting_guidance,document the threat or assault and understand police reporting options,emergency_current_danger,True,True,False,hybrid,current,False,True,False,False,unknown,False,True,safety_redirect_and_case_intake,Assault & Threats,,Assault & Threats,
CLS000659,NAR000220_ENVAR,Assault & Threats,Verbal intimidation;personal_safety;uncertain_or_incomplete_user_account;timeline_reconstruction_needed,safety_triage;reporting_guidance;clarification_needed,document the threat or assault and understand police reporting options,emergency_current_danger,True,True,False,hybrid,current,False,True,False,False,unknown,False,True,safety_redirect_and_case_intake,Assault & Threats,,Assault & Threats,
CLS000660,NAR000220_HI,Assault & Threats,Verbal intimidation;personal_safety,safety_triage;reporting_guidance,document the threat or assault and understand police reporting options,emergency_current_danger,True,True,False,hybrid,current,False,True,False,False,unknown,False,True,safety_redirect_and_case_intake,Assault & Threats,,Assault & Threats,
CLS000661,NAR000221_EN,Cybercrime,Ransomware attack;digital_platform_incident,reporting_guidance;evidence_preservation,prepare a cybercrime report and preserve digital evidence,reporting_time_sensitive,False,False,False,online,recent,True,True,False,False,unknown,False,False,cybercrime_report_preparation,Cybercrime,,Cybercrime,
CLS000662,NAR000221_HI,Cybercrime,Ransomware attack;digital_platform_incident,reporting_guidance;evidence_preservation,prepare a cybercrime report and preserve digital evidence,reporting_time_sensitive,False,False,False,online,recent,True,True,False,False,unknown,False,False,cybercrime_report_preparation,Cybercrime,,Cybercrime,
CLS000663,NAR000221_HILATN,Cybercrime,Ransomware attack;digital_platform_incident;timeline_reconstruction_needed,reporting_guidance;evidence_preservation,prepare a cybercrime report and preserve digital evidence,reporting_time_sensitive,False,False,False,online,recent,True,True,False,False,unknown,False,False,cybercrime_report_preparation,Cybercrime,,Cybercrime,
CLS000664,NAR000222_EN,Property Disputes,Illegal property possession;property_conflict,complaint_followup;legal_navigation;evidence_preservation,organise property-dispute facts and identify documentation gaps,legal_aid_or_process_help,False,False,False,physical,past,True,True,False,False,unknown,True,True,property_document_review_intake,Property Disputes,,Property Disputes,
CLS000665,NAR000222_ENVAR,Property Disputes,Illegal property possession;property_conflict;uncertain_or_incomplete_user_account;timeline_reconstruction_needed,complaint_followup;legal_navigation;evidence_preservation;clarification_needed,organise property-dispute facts and identify documentation gaps,legal_aid_or_process_help,False,False,False,physical,past,True,True,False,False,unknown,True,True,property_document_review_intake,Property Disputes,,Property Disputes,
CLS000666,NAR000222_HI,Property Disputes,Illegal property possession;property_conflict,complaint_followup;legal_navigation;evidence_preservation,organise property-dispute facts and identify documentation gaps,legal_aid_or_process_help,False,False,False,physical,past,True,True,False,False,unknown,True,True,property_document_review_intake,Property Disputes,,Property Disputes,
CLS000667,NAR000223_EN,Assault & Threats,Verbal intimidation;personal_safety,complaint_followup,document the threat or assault and understand police reporting options,case_preparation,False,False,False,hybrid,past,False,True,False,False,unknown,True,False,police_complaint_preparation,Assault & Threats,,Assault & Threats,
CLS000668,NAR000223_HI,Assault & Threats,Verbal intimidation;personal_safety,complaint_followup,document the threat or assault and understand police reporting options,case_preparation,False,False,False,hybrid,past,False,True,False,False,unknown,True,False,police_complaint_preparation,Assault & Threats,,Assault & Threats,
CLS000669,NAR000223_HILATN,Assault & Threats,Verbal intimidation;personal_safety;uncertain_or_incomplete_user_account;timeline_reconstruction_needed,complaint_followup;clarification_needed,document the threat or assault and understand police reporting options,needs_clarification,False,False,False,hybrid,past,False,True,False,False,unknown,True,False,police_complaint_preparation,Assault & Threats,,Assault & Threats,
CLS000670,NAR000224_EN,Family Law,Restitution of conjugal rights;family_legal_support,legal_navigation,organise family-law facts and identify support options,legal_aid_or_process_help,False,False,False,physical,recent,False,False,False,False,unknown,False,True,family_legal_aid_intake,Family Law,,Family Law,
CLS000671,NAR000224_ENVAR,Family Law,Restitution of conjugal rights;family_legal_support,legal_navigation,organise family-law facts and identify support options,legal_aid_or_process_help,False,False,False,physical,recent,False,False,False,False,unknown,False,True,family_legal_aid_intake,Family Law,,Family Law,
CLS000672,NAR000224_HI,Family Law,Restitution of conjugal rights;family_legal_support,legal_navigation,organise family-law facts and identify support options,legal_aid_or_process_help,False,False,False,physical,recent,False,False,False,False,unknown,False,True,family_legal_aid_intake,Family Law,,Family Law,
CLS000673,NAR000225_EN,Family Law,Divorce proceedings conflict;family_legal_support,complaint_followup;legal_navigation,organise family-law facts and identify support options,legal_aid_or_process_help,False,False,False,physical,recent,False,False,False,False,unknown,True,True,family_legal_aid_intake,Family Law,,Family Law,
CLS000674,NAR000225_HI,Family Law,Divorce proceedings conflict;family_legal_support,complaint_followup;legal_navigation,organise family-law facts and identify support options,legal_aid_or_process_help,False,False,False,physical,recent,False,False,False,False,unknown,True,True,family_legal_aid_intake,Family Law,,Family Law,
CLS000675,NAR000225_HILATN,Family Law,Divorce proceedings conflict;family_legal_support,complaint_followup;legal_navigation,organise family-law facts and identify support options,legal_aid_or_process_help,False,False,False,physical,recent,False,False,False,False,unknown,True,True,family_legal_aid_intake,Family Law,,Family Law,
CLS000676,NAR000226_EN,Property Disputes,Boundary wall dispute;property_conflict,legal_navigation;evidence_preservation,organise property-dispute facts and identify documentation gaps,legal_aid_or_process_help,False,False,False,physical,past,True,True,False,False,unknown,False,True,property_document_review_intake,Property Disputes,,Property Disputes,
CLS000677,NAR000226_ENVAR,Property Disputes,Boundary wall dispute;property_conflict;uncertain_or_incomplete_user_account;timeline_reconstruction_needed,legal_navigation;evidence_preservation;clarification_needed,organise property-dispute facts and identify documentation gaps,legal_aid_or_process_help,False,False,False,physical,past,True,True,False,False,unknown,False,True,property_document_review_intake,Property Disputes,,Property Disputes,
CLS000678,NAR000226_HI,Property Disputes,Boundary wall dispute;property_conflict,legal_navigation;evidence_preservation,organise property-dispute facts and identify documentation gaps,legal_aid_or_process_help,False,False,False,physical,past,True,True,False,False,unknown,False,True,property_document_review_intake,Property Disputes,,Property Disputes,
CLS000679,NAR000227_EN,Family Law,Restitution of conjugal rights;family_legal_support,complaint_followup;legal_navigation;evidence_preservation,organise family-law facts and identify support options,legal_aid_or_process_help,False,False,False,physical,past,True,False,False,False,unknown,True,True,family_legal_aid_intake,Family Law,,Family Law,
CLS000680,NAR000227_HI,Family Law,Restitution of conjugal rights;family_legal_support,complaint_followup;legal_navigation;evidence_preservation,organise family-law facts and identify support options,legal_aid_or_process_help,False,False,False,physical,past,True,False,False,False,unknown,True,True,family_legal_aid_intake,Family Law,,Family Law,
CLS000681,NAR000227_HILATN,Family Law,Restitution of conjugal rights;family_legal_support;timeline_reconstruction_needed,complaint_followup;legal_navigation;evidence_preservation,organise family-law facts and identify support options,legal_aid_or_process_help,False,False,False,physical,past,True,False,False,False,unknown,True,True,family_legal_aid_intake,Family Law,,Family Law,
CLS000682,NAR000228_EN,Family Law,Guardianship dispute;family_legal_support,legal_navigation,organise family-law facts and identify support options,legal_aid_or_process_help,False,False,False,hybrid,recent,False,False,False,False,unknown,False,True,family_legal_aid_intake,Family Law,,Family Law,
CLS000683,NAR000228_ENVAR,Family Law,Guardianship dispute;family_legal_support;uncertain_or_incomplete_user_account;timeline_reconstruction_needed,legal_navigation;clarification_needed,organise family-law facts and identify support options,legal_aid_or_process_help,False,False,False,hybrid,recent,False,False,False,False,unknown,False,True,family_legal_aid_intake,Family Law,,Family Law,
CLS000684,NAR000228_HI,Family Law,Guardianship dispute;family_legal_support,legal_navigation,organise family-law facts and identify support options,legal_aid_or_process_help,False,False,False,hybrid,recent,False,False,False,False,unknown,False,True,family_legal_aid_intake,Family Law,,Family Law,
CLS000685,NAR000229_EN,Assault & Threats,Online harassment & threats;personal_safety,complaint_followup,document the threat or assault and understand police reporting options,case_preparation,False,False,False,online,past,False,True,False,False,unknown,True,False,police_complaint_preparation,Assault & Threats,,Assault & Threats,
CLS000686,NAR000229_HI,Assault & Threats,Online harassment & threats;personal_safety,complaint_followup,document the threat or assault and understand police reporting options,case_preparation,False,False,False,online,past,False,True,False,False,unknown,True,False,police_complaint_preparation,Assault & Threats,,Assault & Threats,
CLS000687,NAR000229_HILATN,Assault & Threats,Online harassment & threats;personal_safety;timeline_reconstruction_needed,complaint_followup,document the threat or assault and understand police reporting options,case_preparation,False,False,False,online,past,False,True,False,False,unknown,True,False,police_complaint_preparation,Assault & Threats,,Assault & Threats,
CLS000688,NAR000230_EN,Financial Fraud,Insurance claim fraud;financial_loss_or_fraud,reporting_guidance;evidence_preservation,report financial fraud and preserve transaction evidence,reporting_time_sensitive,False,False,False,hybrid,recent,True,False,False,False,unknown,False,True,financial_fraud_report_preparation,Financial Fraud,,Financial Fraud,
CLS000689,NAR000230_ENVAR,Financial Fraud,Insurance claim fraud;financial_loss_or_fraud,reporting_guidance;evidence_preservation,report financial fraud and preserve transaction evidence,reporting_time_sensitive,False,False,False,hybrid,recent,True,False,False,False,unknown,False,True,financial_fraud_report_preparation,Financial Fraud,,Financial Fraud,
CLS000690,NAR000230_HI,Financial Fraud,Insurance claim fraud;financial_loss_or_fraud,reporting_guidance;evidence_preservation,report financial fraud and preserve transaction evidence,reporting_time_sensitive,False,False,False,hybrid,recent,True,False,False,False,unknown,False,True,financial_fraud_report_preparation,Financial Fraud,,Financial Fraud,
CLS000691,NAR000231_EN,Assault & Threats,Online harassment & threats;personal_safety,complaint_followup;evidence_preservation,document the threat or assault and understand police reporting options,legal_aid_or_process_help,False,False,False,online,past,True,True,False,False,unknown,True,True,police_complaint_preparation,Assault & Threats,,Assault & Threats,
CLS000692,NAR000231_HI,Assault & Threats,Online harassment & threats;personal_safety,complaint_followup;evidence_preservation,document the threat or assault and understand police reporting options,legal_aid_or_process_help,False,False,False,online,past,True,True,False,False,unknown,True,True,police_complaint_preparation,Assault & Threats,,Assault & Threats,
CLS000693,NAR000231_HILATN,Assault & Threats,Online harassment & threats;personal_safety;timeline_reconstruction_needed,complaint_followup;evidence_preservation,document the threat or assault and understand police reporting options,legal_aid_or_process_help,False,False,False,online,past,True,True,False,False,unknown,True,True,police_complaint_preparation,Assault & Threats,,Assault & Threats,
CLS000694,NAR000232_EN,Property Disputes,Tenant-landlord conflict;property_conflict,legal_navigation;evidence_preservation,organise property-dispute facts and identify documentation gaps,legal_aid_or_process_help,False,False,False,hybrid,recent,True,True,False,False,unknown,False,True,property_document_review_intake,Property Disputes,,Property Disputes,
CLS000695,NAR000232_ENVAR,Property Disputes,Tenant-landlord conflict;property_conflict;uncertain_or_incomplete_user_account;timeline_reconstruction_needed,legal_navigation;evidence_preservation;clarification_needed,organise property-dispute facts and identify documentation gaps,legal_aid_or_process_help,False,False,False,hybrid,recent,True,True,False,False,unknown,False,True,property_document_review_intake,Property Disputes,,Property Disputes,
CLS000696,NAR000232_HI,Property Disputes,Tenant-landlord conflict;property_conflict,legal_navigation;evidence_preservation,organise property-dispute facts and identify documentation gaps,legal_aid_or_process_help,False,False,False,hybrid,recent,True,True,False,False,unknown,False,True,property_document_review_intake,Property Disputes,,Property Disputes,
CLS000697,NAR000233_EN,Domestic Violence,Intimate partner violence;domestic_safety,complaint_followup,seek safety-focused help and prepare a support or complaint record,legal_aid_or_process_help,False,False,False,physical,past,False,True,False,False,unknown,True,True,police_complaint_preparation,Domestic Violence,,Domestic Violence,
CLS000698,NAR000233_HI,Domestic Violence,Intimate partner violence;domestic_safety,complaint_followup,seek safety-focused help and prepare a support or complaint record,legal_aid_or_process_help,False,False,False,physical,past,False,True,False,False,unknown,True,True,police_complaint_preparation,Domestic Violence,,Domestic Violence,
CLS000699,NAR000233_HILATN,Domestic Violence,Intimate partner violence;domestic_safety;uncertain_or_incomplete_user_account;timeline_reconstruction_needed,complaint_followup;clarification_needed,seek safety-focused help and prepare a support or complaint record,legal_aid_or_process_help,False,False,False,physical,past,False,True,False,False,unknown,True,True,police_complaint_preparation,Domestic Violence,,Domestic Violence,
CLS000700,NAR000234_EN,Theft and robbery,House burglary;property_loss,reporting_guidance;evidence_preservation,prepare a theft or robbery complaint and list lost property,reporting_time_sensitive,False,False,False,physical,past,True,False,False,False,unknown,False,False,police_complaint_preparation,Theft and robbery,,Theft and robbery,
CLS000701,NAR000234_ENVAR,Theft and robbery,House burglary;property_loss;uncertain_or_incomplete_user_account;timeline_reconstruction_needed,reporting_guidance;evidence_preservation;clarification_needed,prepare a theft or robbery complaint and list lost property,reporting_time_sensitive,False,False,False,physical,past,True,False,False,False,unknown,False,False,police_complaint_preparation,Theft and robbery,,Theft and robbery,
CLS000702,NAR000234_HI,Theft and robbery,House burglary;property_loss,reporting_guidance;evidence_preservation,prepare a theft or robbery complaint and list lost property,reporting_time_sensitive,False,False,False,physical,past,True,False,False,False,unknown,False,False,police_complaint_preparation,Theft and robbery,,Theft and robbery,
CLS000703,NAR000235_EN,Theft and robbery,Armed robbery;property_loss,complaint_followup;evidence_preservation,prepare a theft or robbery complaint and list lost property,legal_aid_or_process_help,False,False,False,physical,recent,True,True,False,True,unknown,True,True,police_complaint_preparation,Theft and robbery,,Theft and robbery,
CLS000704,NAR000235_HI,Theft and robbery,Armed robbery;property_loss,complaint_followup;evidence_preservation,prepare a theft or robbery complaint and list lost property,legal_aid_or_process_help,False,False,False,physical,recent,True,True,False,True,unknown,True,True,police_complaint_preparation,Theft and robbery,,Theft and robbery,
CLS000705,NAR000235_HILATN,Theft and robbery,Armed robbery;property_loss,complaint_followup;evidence_preservation,prepare a theft or robbery complaint and list lost property,legal_aid_or_process_help,False,False,False,physical,recent,True,True,False,True,unknown,True,True,police_complaint_preparation,Theft and robbery,,Theft and robbery,
CLS000706,NAR000236_EN,Assault & Threats,Verbal intimidation;personal_safety,complaint_followup;evidence_preservation,document the threat or assault and understand police reporting options,legal_aid_or_process_help,False,False,False,hybrid,recent,True,True,False,False,unknown,True,True,police_complaint_preparation,Assault & Threats,,Assault & Threats,
CLS000707,NAR000236_ENVAR,Assault & Threats,Verbal intimidation;personal_safety,complaint_followup;evidence_preservation,document the threat or assault and understand police reporting options,legal_aid_or_process_help,False,False,False,hybrid,recent,True,True,False,False,unknown,True,True,police_complaint_preparation,Assault & Threats,,Assault & Threats,
CLS000708,NAR000236_HI,Assault & Threats,Verbal intimidation;personal_safety,complaint_followup;evidence_preservation,document the threat or assault and understand police reporting options,legal_aid_or_process_help,False,False,False,hybrid,recent,True,True,False,False,unknown,True,True,police_complaint_preparation,Assault & Threats,,Assault & Threats,
CLS000709,NAR000237_EN,Miscellaneous,Public nuisance dispute;civic_or_public_safety,complaint_followup;legal_navigation;evidence_preservation,prepare a civic complaint and identify the right authority,case_preparation,False,False,False,physical,recent,True,False,False,False,unknown,True,False,general_legal_navigation,Miscellaneous,,Miscellaneous,
CLS000710,NAR000237_HI,Miscellaneous,Public nuisance dispute;civic_or_public_safety,complaint_followup;legal_navigation;evidence_preservation,prepare a civic complaint and identify the right authority,case_preparation,False,False,False,physical,recent,True,False,False,False,unknown,True,False,general_legal_navigation,Miscellaneous,,Miscellaneous,
CLS000711,NAR000237_HILATN,Miscellaneous,Public nuisance dispute;civic_or_public_safety;timeline_reconstruction_needed,complaint_followup;legal_navigation;evidence_preservation,prepare a civic complaint and identify the right authority,case_preparation,False,False,False,physical,recent,True,False,False,False,unknown,True,False,general_legal_navigation,Miscellaneous,,Miscellaneous,
CLS000712,NAR000238_EN,Employment/Labour,Safe working conditions violation;workplace_rights,legal_navigation,prepare a workplace rights complaint or legal-aid intake,legal_aid_or_process_help,False,False,False,physical,recent,False,False,True,False,unknown,False,True,labour_or_workplace_intake,Employment/Labour,,Employment/Labour,
CLS000713,NAR000238_ENVAR,Employment/Labour,Safe working conditions violation;workplace_rights;uncertain_or_incomplete_user_account;timeline_reconstruction_needed,legal_navigation;clarification_needed,prepare a workplace rights complaint or legal-aid intake,legal_aid_or_process_help,False,False,False,physical,recent,False,False,True,False,unknown,False,True,labour_or_workplace_intake,Employment/Labour,,Employment/Labour,
CLS000714,NAR000238_HI,Employment/Labour,Safe working conditions violation;workplace_rights,legal_navigation,prepare a workplace rights complaint or legal-aid intake,medical_attention_needed,False,False,True,physical,recent,False,False,True,False,unknown,False,True,labour_or_workplace_intake,Employment/Labour,,Employment/Labour,
CLS000715,NAR000239_EN,Miscellaneous,Public nuisance dispute;civic_or_public_safety,legal_navigation;evidence_preservation,prepare a civic complaint and identify the right authority,case_preparation,False,False,False,physical,past,True,False,False,False,true,False,False,general_legal_navigation,Miscellaneous,,Miscellaneous,
CLS000716,NAR000239_HI,Miscellaneous,Public nuisance dispute;civic_or_public_safety,legal_navigation;evidence_preservation,prepare a civic complaint and identify the right authority,case_preparation,False,False,False,physical,past,True,False,False,False,true,False,False,general_legal_navigation,Miscellaneous,,Miscellaneous,
CLS000717,NAR000239_HILATN,Miscellaneous,Public nuisance dispute;civic_or_public_safety;timeline_reconstruction_needed,legal_navigation;evidence_preservation,prepare a civic complaint and identify the right authority,case_preparation,False,False,False,physical,past,True,False,False,False,true,False,False,general_legal_navigation,Miscellaneous,,Miscellaneous,
CLS000718,NAR000240_EN,Employment/Labour,Unpaid wage dispute;workplace_rights,legal_navigation;evidence_preservation,prepare a workplace rights complaint or legal-aid intake,legal_aid_or_process_help,False,False,False,physical,recent,True,False,False,False,unknown,False,True,labour_or_workplace_intake,Employment/Labour,,Employment/Labour,
CLS000719,NAR000240_ENVAR,Employment/Labour,Unpaid wage dispute;workplace_rights;uncertain_or_incomplete_user_account;timeline_reconstruction_needed,legal_navigation;evidence_preservation;clarification_needed,prepare a workplace rights complaint or legal-aid intake,legal_aid_or_process_help,False,False,False,physical,recent,True,False,False,False,unknown,False,True,labour_or_workplace_intake,Employment/Labour,,Employment/Labour,
CLS000720,NAR000240_HI,Employment/Labour,Unpaid wage dispute;workplace_rights,legal_navigation;evidence_preservation,prepare a workplace rights complaint or legal-aid intake,legal_aid_or_process_help,False,False,False,physical,recent,True,False,False,False,unknown,False,True,labour_or_workplace_intake,Employment/Labour,,Employment/Labour,
CLS000721,NAR000241_EN,Traffic & Road Incidents,Hit and run collision;traffic_or_road_safety,complaint_followup;evidence_preservation,document the road incident and understand reporting options,legal_aid_or_process_help,False,False,False,physical,past,True,False,True,False,unknown,True,True,traffic_incident_documentation,Traffic & Road Incidents,,Traffic & Road Incidents,
CLS000722,NAR000241_HI,Traffic & Road Incidents,Hit and run collision;traffic_or_road_safety,complaint_followup;evidence_preservation,document the road incident and understand reporting options,medical_attention_needed,False,False,True,physical,past,True,False,True,False,unknown,True,True,traffic_incident_documentation,Traffic & Road Incidents,,Traffic & Road Incidents,
CLS000723,NAR000241_HILATN,Traffic & Road Incidents,Hit and run collision;traffic_or_road_safety;timeline_reconstruction_needed,complaint_followup;evidence_preservation,document the road incident and understand reporting options,legal_aid_or_process_help,False,False,False,physical,past,True,False,True,False,unknown,True,True,traffic_incident_documentation,Traffic & Road Incidents,,Traffic & Road Incidents,
CLS000724,NAR000242_EN,Miscellaneous,Stray animal hazard;civic_or_public_safety,legal_navigation,prepare a civic complaint and identify the right authority,case_preparation,False,False,False,physical,past,False,False,False,False,unknown,False,False,general_legal_navigation,Miscellaneous,,Miscellaneous,
CLS000725,NAR000242_ENVAR,Miscellaneous,Stray animal hazard;civic_or_public_safety,legal_navigation,prepare a civic complaint and identify the right authority,case_preparation,False,False,False,physical,past,False,False,False,False,unknown,False,False,general_legal_navigation,Miscellaneous,,Miscellaneous,
CLS000726,NAR000242_HI,Miscellaneous,Stray animal hazard;civic_or_public_safety,legal_navigation,prepare a civic complaint and identify the right authority,case_preparation,False,False,False,physical,past,False,False,False,False,unknown,False,False,general_legal_navigation,Miscellaneous,,Miscellaneous,
CLS000727,NAR000243_EN,Miscellaneous,Stray animal hazard;civic_or_public_safety,legal_navigation;evidence_preservation,prepare a civic complaint and identify the right authority,legal_aid_or_process_help,False,False,False,physical,past,True,False,False,False,unknown,False,True,general_legal_navigation,Miscellaneous,,Miscellaneous,
CLS000728,NAR000243_HI,Miscellaneous,Stray animal hazard;civic_or_public_safety,legal_navigation;evidence_preservation,prepare a civic complaint and identify the right authority,legal_aid_or_process_help,False,False,False,physical,past,True,False,False,False,unknown,False,True,general_legal_navigation,Miscellaneous,,Miscellaneous,
CLS000729,NAR000243_HILATN,Miscellaneous,Stray animal hazard;civic_or_public_safety;uncertain_or_incomplete_user_account;timeline_reconstruction_needed,legal_navigation;evidence_preservation;clarification_needed,prepare a civic complaint and identify the right authority,legal_aid_or_process_help,False,False,False,physical,past,True,False,False,False,unknown,False,True,general_legal_navigation,Miscellaneous,,Miscellaneous,
CLS000730,NAR000244_EN,Cybercrime,Ransomware attack;digital_platform_incident,complaint_followup;evidence_preservation,prepare a cybercrime report and preserve digital evidence,legal_aid_or_process_help,False,False,False,online,past,True,True,False,False,unknown,True,True,cybercrime_report_preparation,Cybercrime,,Cybercrime,
CLS000731,NAR000244_ENVAR,Cybercrime,Ransomware attack;digital_platform_incident;uncertain_or_incomplete_user_account;timeline_reconstruction_needed,complaint_followup;evidence_preservation;clarification_needed,prepare a cybercrime report and preserve digital evidence,legal_aid_or_process_help,False,False,False,online,past,True,True,False,False,unknown,True,True,cybercrime_report_preparation,Cybercrime,,Cybercrime,
CLS000732,NAR000244_HI,Cybercrime,Ransomware attack;digital_platform_incident,complaint_followup;evidence_preservation,prepare a cybercrime report and preserve digital evidence,legal_aid_or_process_help,False,False,False,online,past,True,True,False,False,unknown,True,True,cybercrime_report_preparation,Cybercrime,,Cybercrime,
CLS000733,NAR000245_EN,Cybercrime,Identity theft;digital_platform_incident,complaint_followup;evidence_preservation,prepare a cybercrime report and preserve digital evidence,legal_aid_or_process_help,False,False,False,hybrid,recent,True,False,False,False,unknown,True,True,cybercrime_report_preparation,Cybercrime,,Cybercrime,
CLS000734,NAR000245_HI,Cybercrime,Identity theft;digital_platform_incident,complaint_followup;evidence_preservation,prepare a cybercrime report and preserve digital evidence,legal_aid_or_process_help,False,False,False,hybrid,recent,True,False,False,False,unknown,True,True,cybercrime_report_preparation,Cybercrime,,Cybercrime,
CLS000735,NAR000245_HILATN,Cybercrime,Identity theft;digital_platform_incident,complaint_followup;evidence_preservation,prepare a cybercrime report and preserve digital evidence,legal_aid_or_process_help,False,False,False,hybrid,recent,True,False,False,False,unknown,True,True,cybercrime_report_preparation,Cybercrime,,Cybercrime,
CLS000736,NAR000246_EN,Family Law,Alimony and maintenance claim;family_legal_support,legal_navigation;evidence_preservation,organise family-law facts and identify support options,legal_aid_or_process_help,False,False,False,online,past,True,False,False,False,unknown,False,True,family_legal_aid_intake,Family Law,,Family Law,
CLS000737,NAR000246_ENVAR,Family Law,Alimony and maintenance claim;family_legal_support;uncertain_or_incomplete_user_account;timeline_reconstruction_needed,legal_navigation;evidence_preservation;clarification_needed,organise family-law facts and identify support options,legal_aid_or_process_help,False,False,False,online,past,True,False,False,False,unknown,False,True,family_legal_aid_intake,Family Law,,Family Law,
CLS000738,NAR000246_HI,Family Law,Alimony and maintenance claim;family_legal_support,legal_navigation;evidence_preservation,organise family-law facts and identify support options,legal_aid_or_process_help,False,False,False,online,past,True,False,False,False,unknown,False,True,family_legal_aid_intake,Family Law,,Family Law,
CLS000739,NAR000247_EN,Theft and robbery,Armed robbery;property_loss,complaint_followup;evidence_preservation,prepare a theft or robbery complaint and list lost property,legal_aid_or_process_help,False,False,False,physical,past,True,True,False,True,unknown,True,True,police_complaint_preparation,Theft and robbery,,Theft and robbery,
CLS000740,NAR000247_HI,Theft and robbery,Armed robbery;property_loss,complaint_followup;evidence_preservation,prepare a theft or robbery complaint and list lost property,legal_aid_or_process_help,False,False,False,physical,past,True,True,False,True,unknown,True,True,police_complaint_preparation,Theft and robbery,,Theft and robbery,
CLS000741,NAR000247_HILATN,Theft and robbery,Armed robbery;property_loss;timeline_reconstruction_needed,complaint_followup;evidence_preservation,prepare a theft or robbery complaint and list lost property,legal_aid_or_process_help,False,False,False,physical,past,True,True,False,True,unknown,True,True,police_complaint_preparation,Theft and robbery,,Theft and robbery,
CLS000742,NAR000248_EN,Property Disputes,Inheritance property claim;property_conflict,legal_navigation;evidence_preservation,organise property-dispute facts and identify documentation gaps,legal_aid_or_process_help,False,False,False,hybrid,past,True,True,False,False,unknown,False,True,property_document_review_intake,Property Disputes,,Property Disputes,
CLS000743,NAR000248_ENVAR,Property Disputes,Inheritance property claim;property_conflict,legal_navigation;evidence_preservation,organise property-dispute facts and identify documentation gaps,legal_aid_or_process_help,False,False,False,hybrid,past,True,True,False,False,unknown,False,True,property_document_review_intake,Property Disputes,,Property Disputes,
CLS000744,NAR000248_HI,Property Disputes,Inheritance property claim;property_conflict,legal_navigation;evidence_preservation,organise property-dispute facts and identify documentation gaps,legal_aid_or_process_help,False,False,False,hybrid,past,True,True,False,False,unknown,False,True,property_document_review_intake,Property Disputes,,Property Disputes,
CLS000745,NAR000249_EN,Cybercrime,Online banking fraud;digital_platform_incident,complaint_followup;evidence_preservation,prepare a cybercrime report and preserve digital evidence,legal_aid_or_process_help,False,False,False,online,recent,True,True,False,False,unknown,True,True,cybercrime_report_preparation,Cybercrime,,Cybercrime,
CLS000746,NAR000249_HI,Cybercrime,Online banking fraud;digital_platform_incident,complaint_followup;evidence_preservation,prepare a cybercrime report and preserve digital evidence,legal_aid_or_process_help,False,False,False,online,recent,True,True,False,False,unknown,True,True,cybercrime_report_preparation,Cybercrime,,Cybercrime,
CLS000747,NAR000249_HILATN,Cybercrime,Online banking fraud;digital_platform_incident;timeline_reconstruction_needed,complaint_followup;evidence_preservation,prepare a cybercrime report and preserve digital evidence,legal_aid_or_process_help,False,False,False,online,recent,True,True,False,False,unknown,True,True,cybercrime_report_preparation,Cybercrime,,Cybercrime,
CLS000748,NAR000250_EN,Assault & Threats,Online harassment & threats;personal_safety,reporting_guidance,document the threat or assault and understand police reporting options,reporting_time_sensitive,False,False,False,online,past,False,True,False,False,unknown,False,False,police_complaint_preparation,Assault & Threats,,Assault & Threats,
CLS000749,NAR000250_ENVAR,Assault & Threats,Online harassment & threats;personal_safety;uncertain_or_incomplete_user_account;timeline_reconstruction_needed,reporting_guidance;clarification_needed,document the threat or assault and understand police reporting options,reporting_time_sensitive,False,False,False,online,past,False,True,False,False,unknown,False,False,police_complaint_preparation,Assault & Threats,,Assault & Threats,
CLS000750,NAR000250_HI,Assault & Threats,Online harassment & threats;personal_safety,reporting_guidance,document the threat or assault and understand police reporting options,reporting_time_sensitive,False,False,False,online,past,False,True,False,False,unknown,False,False,police_complaint_preparation,Assault & Threats,,Assault & Threats,
CLS000751,NAR000251_EN,Cybercrime,Phishing scam;digital_platform_incident,reporting_guidance;evidence_preservation,prepare a cybercrime report and preserve digital evidence,reporting_time_sensitive,False,False,False,online,recent,True,False,False,False,unknown,False,False,cybercrime_report_preparation,Cybercrime,,Cybercrime,
CLS000752,NAR000251_HI,Cybercrime,Phishing scam;digital_platform_incident,reporting_guidance;evidence_preservation,prepare a cybercrime report and preserve digital evidence,reporting_time_sensitive,False,False,False,online,recent,True,False,False,False,unknown,False,False,cybercrime_report_preparation,Cybercrime,,Cybercrime,
CLS000753,NAR000251_HILATN,Cybercrime,Phishing scam;digital_platform_incident;timeline_reconstruction_needed,reporting_guidance;evidence_preservation,prepare a cybercrime report and preserve digital evidence,reporting_time_sensitive,False,False,False,online,recent,True,False,False,False,unknown,False,False,cybercrime_report_preparation,Cybercrime,,Cybercrime,
CLS000754,NAR000252_EN,Assault & Threats,Physical altercation;personal_safety,complaint_followup;evidence_preservation,document the threat or assault and understand police reporting options,legal_aid_or_process_help,False,False,False,physical,past,True,True,False,False,unknown,True,True,police_complaint_preparation,Assault & Threats,,Assault & Threats,
CLS000755,NAR000252_ENVAR,Assault & Threats,Physical altercation;personal_safety;uncertain_or_incomplete_user_account;timeline_reconstruction_needed,complaint_followup;evidence_preservation;clarification_needed,document the threat or assault and understand police reporting options,legal_aid_or_process_help,False,False,False,physical,past,True,True,False,False,unknown,True,True,police_complaint_preparation,Assault & Threats,,Assault & Threats,
CLS000756,NAR000252_HI,Assault & Threats,Physical altercation;personal_safety,complaint_followup;evidence_preservation,document the threat or assault and understand police reporting options,legal_aid_or_process_help,False,False,False,physical,past,True,True,False,False,unknown,True,True,police_complaint_preparation,Assault & Threats,,Assault & Threats,
CLS000757,NAR000253_EN,Consumer Disputes,Overcharging and hidden fees;consumer_grievance,complaint_followup;legal_navigation;evidence_preservation,prepare a consumer complaint and identify refund or service remedies,case_preparation,False,False,False,physical,recent,True,False,False,False,unknown,True,False,consumer_grievance_preparation,Consumer Disputes,,Consumer Disputes,
CLS000758,NAR000253_HI,Consumer Disputes,Overcharging and hidden fees;consumer_grievance,complaint_followup;legal_navigation;evidence_preservation,prepare a consumer complaint and identify refund or service remedies,case_preparation,False,False,False,physical,recent,True,False,False,False,unknown,True,False,consumer_grievance_preparation,Consumer Disputes,,Consumer Disputes,
CLS000759,NAR000253_HILATN,Consumer Disputes,Overcharging and hidden fees;consumer_grievance;uncertain_or_incomplete_user_account;timeline_reconstruction_needed,complaint_followup;legal_navigation;evidence_preservation;clarification_needed,prepare a consumer complaint and identify refund or service remedies,needs_clarification,False,False,False,physical,recent,True,False,False,False,unknown,True,False,consumer_grievance_preparation,Consumer Disputes,,Consumer Disputes,
CLS000760,NAR000254_EN,Theft and robbery,Online phishing theft;property_loss,complaint_followup;evidence_preservation,prepare a theft or robbery complaint and list lost property,legal_aid_or_process_help,False,False,False,hybrid,recent,True,True,False,False,unknown,True,True,police_complaint_preparation,Theft and robbery,,Theft and robbery,
CLS000761,NAR000254_ENVAR,Theft and robbery,Online phishing theft;property_loss,complaint_followup;evidence_preservation,prepare a theft or robbery complaint and list lost property,legal_aid_or_process_help,False,False,False,hybrid,recent,True,True,False,False,unknown,True,True,police_complaint_preparation,Theft and robbery,,Theft and robbery,
CLS000762,NAR000254_HI,Theft and robbery,Online phishing theft;property_loss,complaint_followup;evidence_preservation,prepare a theft or robbery complaint and list lost property,legal_aid_or_process_help,False,False,False,hybrid,recent,True,True,False,False,unknown,True,True,police_complaint_preparation,Theft and robbery,,Theft and robbery,
CLS000763,NAR000255_EN,Consumer Disputes,Refusal of service refund;consumer_grievance,complaint_followup;legal_navigation;evidence_preservation,prepare a consumer complaint and identify refund or service remedies,legal_aid_or_process_help,False,False,False,online,recent,True,False,False,False,unknown,True,True,consumer_grievance_preparation,Consumer Disputes,,Consumer Disputes,
CLS000764,NAR000255_HI,Consumer Disputes,Refusal of service refund;consumer_grievance,complaint_followup;legal_navigation;evidence_preservation,prepare a consumer complaint and identify refund or service remedies,legal_aid_or_process_help,False,False,False,online,recent,True,False,False,False,unknown,True,True,consumer_grievance_preparation,Consumer Disputes,,Consumer Disputes,
CLS000765,NAR000255_HILATN,Consumer Disputes,Refusal of service refund;consumer_grievance,complaint_followup;legal_navigation;evidence_preservation,prepare a consumer complaint and identify refund or service remedies,legal_aid_or_process_help,False,False,False,online,recent,True,False,False,False,unknown,True,True,consumer_grievance_preparation,Consumer Disputes,,Consumer Disputes,
CLS000766,NAR000256_EN,Assault & Threats,Domestic dispute;personal_safety,complaint_followup;evidence_preservation,document the threat or assault and understand police reporting options,case_preparation,False,False,False,physical,recent,True,True,False,False,unknown,True,False,police_complaint_preparation,Assault & Threats,,Assault & Threats,
CLS000767,NAR000256_ENVAR,Assault & Threats,Domestic dispute;personal_safety;uncertain_or_incomplete_user_account;timeline_reconstruction_needed,complaint_followup;evidence_preservation;clarification_needed,document the threat or assault and understand police reporting options,case_preparation,False,False,False,physical,recent,True,True,False,False,unknown,True,False,police_complaint_preparation,Assault & Threats,,Assault & Threats,
CLS000768,NAR000256_HI,Assault & Threats,Domestic dispute;personal_safety,complaint_followup;evidence_preservation,document the threat or assault and understand police reporting options,case_preparation,False,False,False,physical,recent,True,True,False,False,unknown,True,False,police_complaint_preparation,Assault & Threats,,Assault & Threats,
CLS000769,NAR000257_EN,Family Law,Guardianship dispute;family_legal_support,complaint_followup;legal_navigation,organise family-law facts and identify support options,legal_aid_or_process_help,False,False,False,physical,recent,False,False,False,False,unknown,True,True,family_legal_aid_intake,Family Law,,Family Law,
CLS000770,NAR000257_HI,Family Law,Guardianship dispute;family_legal_support,complaint_followup;legal_navigation,organise family-law facts and identify support options,legal_aid_or_process_help,False,False,False,physical,recent,False,False,False,False,unknown,True,True,family_legal_aid_intake,Family Law,,Family Law,
CLS000771,NAR000257_HILATN,Family Law,Guardianship dispute;family_legal_support;timeline_reconstruction_needed,complaint_followup;legal_navigation,organise family-law facts and identify support options,legal_aid_or_process_help,False,False,False,physical,recent,False,False,False,False,unknown,True,True,family_legal_aid_intake,Family Law,,Family Law,
CLS000772,NAR000258_EN,Domestic Violence,Dowry harassment;domestic_safety,reporting_guidance,seek safety-focused help and prepare a support or complaint record,reporting_time_sensitive,False,False,False,hybrid,past,False,True,False,False,unknown,False,False,police_complaint_preparation,Domestic Violence,,Domestic Violence,
CLS000773,NAR000258_ENVAR,Domestic Violence,Dowry harassment;domestic_safety;uncertain_or_incomplete_user_account;timeline_reconstruction_needed,reporting_guidance;clarification_needed,seek safety-focused help and prepare a support or complaint record,reporting_time_sensitive,False,False,False,hybrid,past,False,True,False,False,unknown,False,False,police_complaint_preparation,Domestic Violence,,Domestic Violence,
CLS000774,NAR000258_HI,Domestic Violence,Dowry harassment;domestic_safety,reporting_guidance,seek safety-focused help and prepare a support or complaint record,reporting_time_sensitive,False,False,False,hybrid,past,False,True,False,False,unknown,False,False,police_complaint_preparation,Domestic Violence,,Domestic Violence,
CLS000775,NAR000259_EN,Assault & Threats,Physical altercation;personal_safety,safety_triage;complaint_followup,document the threat or assault and understand police reporting options,emergency_current_danger,True,True,False,physical,current,False,True,False,False,unknown,True,False,safety_redirect_and_case_intake,Assault & Threats,,Assault & Threats,
CLS000776,NAR000259_HI,Assault & Threats,Physical altercation;personal_safety,safety_triage;complaint_followup,document the threat or assault and understand police reporting options,emergency_current_danger,True,True,False,physical,current,False,True,False,False,unknown,True,False,safety_redirect_and_case_intake,Assault & Threats,,Assault & Threats,
CLS000777,NAR000259_HILATN,Assault & Threats,Physical altercation;personal_safety;timeline_reconstruction_needed,safety_triage;complaint_followup,document the threat or assault and understand police reporting options,emergency_current_danger,True,True,False,physical,current,False,True,False,False,unknown,True,False,safety_redirect_and_case_intake,Assault & Threats,,Assault & Threats,
CLS000778,NAR000260_EN,Family Law,Alimony and maintenance claim;family_legal_support,complaint_followup;legal_navigation;evidence_preservation,organise family-law facts and identify support options,legal_aid_or_process_help,False,True,False,hybrid,current,True,False,False,False,unknown,True,True,family_legal_aid_intake,Family Law,,Family Law,
CLS000779,NAR000260_ENVAR,Family Law,Alimony and maintenance claim;family_legal_support,complaint_followup;legal_navigation;evidence_preservation,organise family-law facts and identify support options,legal_aid_or_process_help,False,True,False,hybrid,current,True,False,False,False,unknown,True,True,family_legal_aid_intake,Family Law,,Family Law,
CLS000780,NAR000260_HI,Family Law,Alimony and maintenance claim;family_legal_support,complaint_followup;legal_navigation;evidence_preservation,organise family-law facts and identify support options,legal_aid_or_process_help,False,True,False,hybrid,current,True,False,False,False,unknown,True,True,family_legal_aid_intake,Family Law,,Family Law,
CLS000781,NAR000261_EN,Employment/Labour,Breach of employment contract;workplace_rights,legal_navigation;evidence_preservation,prepare a workplace rights complaint or legal-aid intake,legal_aid_or_process_help,False,False,False,online,past,True,False,False,False,unknown,False,True,labour_or_workplace_intake,Employment/Labour,,Employment/Labour,
CLS000782,NAR000261_HI,Employment/Labour,Breach of employment contract;workplace_rights,legal_navigation;evidence_preservation,prepare a workplace rights complaint or legal-aid intake,legal_aid_or_process_help,False,False,False,online,past,True,False,False,False,unknown,False,True,labour_or_workplace_intake,Employment/Labour,,Employment/Labour,
CLS000783,NAR000261_HILATN,Employment/Labour,Breach of employment contract;workplace_rights;timeline_reconstruction_needed,legal_navigation;evidence_preservation,prepare a workplace rights complaint or legal-aid intake,legal_aid_or_process_help,False,False,False,online,past,True,False,False,False,unknown,False,True,labour_or_workplace_intake,Employment/Labour,,Employment/Labour,
CLS000784,NAR000262_EN,Family Law,Restitution of conjugal rights;family_legal_support,complaint_followup;legal_navigation,organise family-law facts and identify support options,legal_aid_or_process_help,False,True,False,physical,current,False,False,False,False,unknown,True,True,family_legal_aid_intake,Family Law,,Family Law,
CLS000785,NAR000262_ENVAR,Family Law,Restitution of conjugal rights;family_legal_support;uncertain_or_incomplete_user_account;timeline_reconstruction_needed,complaint_followup;legal_navigation;clarification_needed,organise family-law facts and identify support options,legal_aid_or_process_help,False,True,False,physical,current,False,False,False,False,unknown,True,True,family_legal_aid_intake,Family Law,,Family Law,
CLS000786,NAR000262_HI,Family Law,Restitution of conjugal rights;family_legal_support,complaint_followup;legal_navigation,organise family-law facts and identify support options,legal_aid_or_process_help,False,True,False,physical,current,False,False,False,False,unknown,True,True,family_legal_aid_intake,Family Law,,Family Law,
CLS000787,NAR000263_EN,Traffic & Road Incidents,Traffic signal violation dispute;traffic_or_road_safety,reporting_guidance,document the road incident and understand reporting options,case_preparation,False,False,False,physical,recent,False,False,False,False,unknown,False,False,traffic_incident_documentation,Traffic & Road Incidents,,Traffic & Road Incidents,
CLS000788,NAR000263_HI,Traffic & Road Incidents,Traffic signal violation dispute;traffic_or_road_safety,reporting_guidance,document the road incident and understand reporting options,case_preparation,False,False,False,physical,recent,False,False,False,False,unknown,False,False,traffic_incident_documentation,Traffic & Road Incidents,,Traffic & Road Incidents,
CLS000789,NAR000263_HILATN,Traffic & Road Incidents,Traffic signal violation dispute;traffic_or_road_safety;uncertain_or_incomplete_user_account;timeline_reconstruction_needed,reporting_guidance;clarification_needed,document the road incident and understand reporting options,needs_clarification,False,False,False,physical,recent,False,False,False,False,unknown,False,False,traffic_incident_documentation,Traffic & Road Incidents,,Traffic & Road Incidents,
CLS000790,NAR000264_EN,Cybercrime,Cyberstalking;digital_platform_incident,complaint_followup;evidence_preservation,prepare a cybercrime report and preserve digital evidence,ongoing_threat,False,True,False,online,current,False,True,False,False,unknown,True,True,cybercrime_report_preparation,Cybercrime,,Cybercrime,
CLS000791,NAR000264_ENVAR,Cybercrime,Cyberstalking;digital_platform_incident;uncertain_or_incomplete_user_account;timeline_reconstruction_needed,complaint_followup;evidence_preservation;clarification_needed,prepare a cybercrime report and preserve digital evidence,ongoing_threat,False,True,False,online,current,False,True,False,False,unknown,True,True,cybercrime_report_preparation,Cybercrime,,Cybercrime,
CLS000792,NAR000264_HI,Cybercrime,Cyberstalking;digital_platform_incident,complaint_followup;evidence_preservation,prepare a cybercrime report and preserve digital evidence,ongoing_threat,False,True,False,online,current,False,True,False,False,unknown,True,True,cybercrime_report_preparation,Cybercrime,,Cybercrime,
CLS000793,NAR000265_EN,Family Law,Restitution of conjugal rights;family_legal_support,legal_navigation;evidence_preservation,organise family-law facts and identify support options,legal_aid_or_process_help,False,False,False,physical,past,True,False,False,False,true,False,True,family_legal_aid_intake,Family Law,,Family Law,
CLS000794,NAR000265_HI,Family Law,Restitution of conjugal rights;family_legal_support,legal_navigation;evidence_preservation,organise family-law facts and identify support options,legal_aid_or_process_help,False,False,False,physical,past,True,False,False,False,true,False,True,family_legal_aid_intake,Family Law,,Family Law,
CLS000795,NAR000265_HILATN,Family Law,Restitution of conjugal rights;family_legal_support,legal_navigation;evidence_preservation,organise family-law facts and identify support options,legal_aid_or_process_help,False,False,False,physical,past,True,False,False,False,true,False,True,family_legal_aid_intake,Family Law,,Family Law,
CLS000796,NAR000266_EN,Theft and robbery,Chain snatching;property_loss,reporting_guidance;evidence_preservation,prepare a theft or robbery complaint and list lost property,reporting_time_sensitive,False,False,False,physical,past,True,True,False,False,unknown,False,False,police_complaint_preparation,Theft and robbery,,Theft and robbery,
CLS000797,NAR000266_ENVAR,Theft and robbery,Chain snatching;property_loss,reporting_guidance;evidence_preservation,prepare a theft or robbery complaint and list lost property,reporting_time_sensitive,False,False,False,physical,past,True,True,False,False,unknown,False,False,police_complaint_preparation,Theft and robbery,,Theft and robbery,
CLS000798,NAR000266_HI,Theft and robbery,Chain snatching;property_loss,reporting_guidance;evidence_preservation,prepare a theft or robbery complaint and list lost property,reporting_time_sensitive,False,False,False,physical,past,True,True,False,False,unknown,False,False,police_complaint_preparation,Theft and robbery,,Theft and robbery,
CLS000799,NAR000267_EN,Employment/Labour,Safe working conditions violation;workplace_rights,complaint_followup;legal_navigation;evidence_preservation,prepare a workplace rights complaint or legal-aid intake,legal_aid_or_process_help,False,False,False,physical,recent,True,False,True,False,unknown,True,True,labour_or_workplace_intake,Employment/Labour,,Employment/Labour,
CLS000800,NAR000267_HI,Employment/Labour,Safe working conditions violation;workplace_rights,complaint_followup;legal_navigation;evidence_preservation,prepare a workplace rights complaint or legal-aid intake,medical_attention_needed,False,False,True,physical,recent,True,False,True,False,unknown,True,True,labour_or_workplace_intake,Employment/Labour,,Employment/Labour,
CLS000801,NAR000267_HILATN,Employment/Labour,Safe working conditions violation;workplace_rights;timeline_reconstruction_needed,complaint_followup;legal_navigation;evidence_preservation,prepare a workplace rights complaint or legal-aid intake,legal_aid_or_process_help,False,False,False,physical,recent,True,False,True,False,unknown,True,True,labour_or_workplace_intake,Employment/Labour,,Employment/Labour,
CLS000802,NAR000268_EN,Consumer Disputes,False advertising and misrepresentation;consumer_grievance,complaint_followup;legal_navigation;evidence_preservation,prepare a consumer complaint and identify refund or service remedies,legal_aid_or_process_help,False,False,False,physical,recent,True,False,False,False,unknown,True,True,consumer_grievance_preparation,Consumer Disputes,,Consumer Disputes,
CLS000803,NAR000268_ENVAR,Consumer Disputes,False advertising and misrepresentation;consumer_grievance;uncertain_or_incomplete_user_account;timeline_reconstruction_needed,complaint_followup;legal_navigation;evidence_preservation;clarification_needed,prepare a consumer complaint and identify refund or service remedies,legal_aid_or_process_help,False,False,False,physical,recent,True,False,False,False,unknown,True,True,consumer_grievance_preparation,Consumer Disputes,,Consumer Disputes,
CLS000804,NAR000268_HI,Consumer Disputes,False advertising and misrepresentation;consumer_grievance,complaint_followup;legal_navigation;evidence_preservation,prepare a consumer complaint and identify refund or service remedies,legal_aid_or_process_help,False,False,False,physical,recent,True,False,False,False,unknown,True,True,consumer_grievance_preparation,Consumer Disputes,,Consumer Disputes,
CLS000805,NAR000269_EN,Cybercrime,Phishing scam;digital_platform_incident,complaint_followup;evidence_preservation,prepare a cybercrime report and preserve digital evidence,case_preparation,False,False,False,online,recent,True,False,False,False,unknown,True,False,cybercrime_report_preparation,Cybercrime,,Cybercrime,
CLS000806,NAR000269_HI,Cybercrime,Phishing scam;digital_platform_incident,complaint_followup;evidence_preservation,prepare a cybercrime report and preserve digital evidence,case_preparation,False,False,False,online,recent,True,False,False,False,unknown,True,False,cybercrime_report_preparation,Cybercrime,,Cybercrime,
CLS000807,NAR000269_HILATN,Cybercrime,Phishing scam;digital_platform_incident;timeline_reconstruction_needed,complaint_followup;evidence_preservation,prepare a cybercrime report and preserve digital evidence,case_preparation,False,False,False,online,recent,True,False,False,False,unknown,True,False,cybercrime_report_preparation,Cybercrime,,Cybercrime,
CLS000808,NAR000270_EN,Family Law,Restitution of conjugal rights;family_legal_support,legal_navigation,organise family-law facts and identify support options,legal_aid_or_process_help,False,False,False,physical,recent,False,False,False,False,unknown,False,True,family_legal_aid_intake,Family Law,,Family Law,
CLS000809,NAR000270_ENVAR,Family Law,Restitution of conjugal rights;family_legal_support;uncertain_or_incomplete_user_account;timeline_reconstruction_needed,legal_navigation;clarification_needed,organise family-law facts and identify support options,legal_aid_or_process_help,False,False,False,physical,recent,False,False,False,False,unknown,False,True,family_legal_aid_intake,Family Law,,Family Law,
CLS000810,NAR000270_HI,Family Law,Restitution of conjugal rights;family_legal_support,legal_navigation,organise family-law facts and identify support options,legal_aid_or_process_help,False,False,False,physical,recent,False,False,False,False,unknown,False,True,family_legal_aid_intake,Family Law,,Family Law,
CLS000811,NAR000271_EN,Family Law,Restitution of conjugal rights;family_legal_support,complaint_followup;legal_navigation,organise family-law facts and identify support options,legal_aid_or_process_help,False,False,False,physical,past,False,False,False,False,unknown,True,True,family_legal_aid_intake,Family Law,,Family Law,
CLS000812,NAR000271_HI,Family Law,Restitution of conjugal rights;family_legal_support,complaint_followup;legal_navigation,organise family-law facts and identify support options,legal_aid_or_process_help,False,False,False,physical,past,False,False,False,False,unknown,True,True,family_legal_aid_intake,Family Law,,Family Law,
CLS000813,NAR000271_HILATN,Family Law,Restitution of conjugal rights;family_legal_support;timeline_reconstruction_needed,complaint_followup;legal_navigation,organise family-law facts and identify support options,legal_aid_or_process_help,False,False,False,physical,past,False,False,False,False,unknown,True,True,family_legal_aid_intake,Family Law,,Family Law,
CLS000814,NAR000272_EN,Family Law,Guardianship dispute;family_legal_support,complaint_followup;legal_navigation,organise family-law facts and identify support options,legal_aid_or_process_help,False,False,False,physical,past,False,False,False,False,true,True,True,family_legal_aid_intake,Family Law,,Family Law,
CLS000815,NAR000272_ENVAR,Family Law,Guardianship dispute;family_legal_support,complaint_followup;legal_navigation,organise family-law facts and identify support options,legal_aid_or_process_help,False,False,False,physical,past,False,False,False,False,true,True,True,family_legal_aid_intake,Family Law,,Family Law,
CLS000816,NAR000272_HI,Family Law,Guardianship dispute;family_legal_support,complaint_followup;legal_navigation,organise family-law facts and identify support options,legal_aid_or_process_help,False,False,False,physical,past,False,False,False,False,true,True,True,family_legal_aid_intake,Family Law,,Family Law,
CLS000817,NAR000273_EN,Assault & Threats,Domestic dispute;personal_safety,reporting_guidance;evidence_preservation,document the threat or assault and understand police reporting options,reporting_time_sensitive,False,False,False,physical,recent,True,True,False,False,unknown,False,False,police_complaint_preparation,Assault & Threats,,Assault & Threats,
CLS000818,NAR000273_HI,Assault & Threats,Domestic dispute;personal_safety,reporting_guidance;evidence_preservation,document the threat or assault and understand police reporting options,reporting_time_sensitive,False,False,False,physical,recent,True,True,False,False,unknown,False,False,police_complaint_preparation,Assault & Threats,,Assault & Threats,
CLS000819,NAR000273_HILATN,Assault & Threats,Domestic dispute;personal_safety;uncertain_or_incomplete_user_account;timeline_reconstruction_needed,reporting_guidance;evidence_preservation;clarification_needed,document the threat or assault and understand police reporting options,reporting_time_sensitive,False,False,False,physical,recent,True,True,False,False,unknown,False,False,police_complaint_preparation,Assault & Threats,,Assault & Threats,
CLS000820,NAR000274_EN,Assault & Threats,Domestic dispute;personal_safety,complaint_followup,document the threat or assault and understand police reporting options,case_preparation,False,False,False,physical,past,False,True,False,False,unknown,True,False,police_complaint_preparation,Assault & Threats,,Assault & Threats,
CLS000821,NAR000274_ENVAR,Assault & Threats,Domestic dispute;personal_safety;uncertain_or_incomplete_user_account;timeline_reconstruction_needed,complaint_followup;clarification_needed,document the threat or assault and understand police reporting options,case_preparation,False,False,False,physical,past,False,True,False,False,unknown,True,False,police_complaint_preparation,Assault & Threats,,Assault & Threats,
CLS000822,NAR000274_HI,Assault & Threats,Domestic dispute;personal_safety,complaint_followup,document the threat or assault and understand police reporting options,case_preparation,False,False,False,physical,past,False,True,False,False,unknown,True,False,police_complaint_preparation,Assault & Threats,,Assault & Threats,
CLS000823,NAR000275_EN,Miscellaneous,Stray animal hazard;civic_or_public_safety,legal_navigation;evidence_preservation,prepare a civic complaint and identify the right authority,case_preparation,False,False,False,physical,past,True,False,False,False,unknown,False,False,general_legal_navigation,Miscellaneous,,Miscellaneous,
CLS000824,NAR000275_HI,Miscellaneous,Stray animal hazard;civic_or_public_safety,legal_navigation;evidence_preservation,prepare a civic complaint and identify the right authority,case_preparation,False,False,False,physical,past,True,False,False,False,unknown,False,False,general_legal_navigation,Miscellaneous,,Miscellaneous,
CLS000825,NAR000275_HILATN,Miscellaneous,Stray animal hazard;civic_or_public_safety,legal_navigation;evidence_preservation,prepare a civic complaint and identify the right authority,case_preparation,False,False,False,physical,past,True,False,False,False,unknown,False,False,general_legal_navigation,Miscellaneous,,Miscellaneous,
CLS000826,NAR000276_EN,Traffic & Road Incidents,Drunk driving accident;traffic_or_road_safety,reporting_guidance;evidence_preservation,document the road incident and understand reporting options,legal_aid_or_process_help,False,False,False,physical,past,True,False,False,False,unknown,False,True,traffic_incident_documentation,Traffic & Road Incidents,,Traffic & Road Incidents,
CLS000827,NAR000276_ENVAR,Traffic & Road Incidents,Drunk driving accident;traffic_or_road_safety;uncertain_or_incomplete_user_account;timeline_reconstruction_needed,reporting_guidance;evidence_preservation;clarification_needed,document the road incident and understand reporting options,legal_aid_or_process_help,False,False,False,physical,past,True,False,False,False,unknown,False,True,traffic_incident_documentation,Traffic & Road Incidents,,Traffic & Road Incidents,
CLS000828,NAR000276_HI,Traffic & Road Incidents,Drunk driving accident;traffic_or_road_safety,reporting_guidance;evidence_preservation,document the road incident and understand reporting options,legal_aid_or_process_help,False,False,False,physical,past,True,False,False,False,unknown,False,True,traffic_incident_documentation,Traffic & Road Incidents,,Traffic & Road Incidents,
CLS000829,NAR000277_EN,Property Disputes,Illegal property possession;property_conflict,legal_navigation;evidence_preservation,organise property-dispute facts and identify documentation gaps,legal_aid_or_process_help,False,False,False,physical,past,True,False,False,False,unknown,False,True,property_document_review_intake,Property Disputes,,Property Disputes,
CLS000830,NAR000277_HI,Property Disputes,Illegal property possession;property_conflict,legal_navigation;evidence_preservation,organise property-dispute facts and identify documentation gaps,legal_aid_or_process_help,False,False,False,physical,past,True,False,False,False,unknown,False,True,property_document_review_intake,Property Disputes,,Property Disputes,
CLS000831,NAR000277_HILATN,Property Disputes,Illegal property possession;property_conflict;timeline_reconstruction_needed,legal_navigation;evidence_preservation,organise property-dispute facts and identify documentation gaps,legal_aid_or_process_help,False,False,False,physical,past,True,False,False,False,unknown,False,True,property_document_review_intake,Property Disputes,,Property Disputes,
CLS000832,NAR000278_EN,Assault & Threats,Verbal intimidation;personal_safety,complaint_followup;evidence_preservation,document the threat or assault and understand police reporting options,legal_aid_or_process_help,False,False,False,hybrid,past,True,True,False,False,unknown,True,True,police_complaint_preparation,Assault & Threats,,Assault & Threats,
CLS000833,NAR000278_ENVAR,Assault & Threats,Verbal intimidation;personal_safety,complaint_followup;evidence_preservation,document the threat or assault and understand police reporting options,legal_aid_or_process_help,False,False,False,hybrid,past,True,True,False,False,unknown,True,True,police_complaint_preparation,Assault & Threats,,Assault & Threats,
CLS000834,NAR000278_HI,Assault & Threats,Verbal intimidation;personal_safety,complaint_followup;evidence_preservation,document the threat or assault and understand police reporting options,legal_aid_or_process_help,False,False,False,hybrid,past,True,True,False,False,unknown,True,True,police_complaint_preparation,Assault & Threats,,Assault & Threats,
CLS000835,NAR000279_EN,Assault & Threats,Verbal intimidation;personal_safety,reporting_guidance;evidence_preservation,document the threat or assault and understand police reporting options,reporting_time_sensitive,False,False,False,hybrid,past,True,True,False,False,unknown,False,False,police_complaint_preparation,Assault & Threats,,Assault & Threats,
CLS000836,NAR000279_HI,Assault & Threats,Verbal intimidation;personal_safety,reporting_guidance;evidence_preservation,document the threat or assault and understand police reporting options,reporting_time_sensitive,False,False,False,hybrid,past,True,True,False,False,unknown,False,False,police_complaint_preparation,Assault & Threats,,Assault & Threats,
CLS000837,NAR000279_HILATN,Assault & Threats,Verbal intimidation;personal_safety;timeline_reconstruction_needed,reporting_guidance;evidence_preservation,document the threat or assault and understand police reporting options,reporting_time_sensitive,False,False,False,hybrid,past,True,True,False,False,unknown,False,False,police_complaint_preparation,Assault & Threats,,Assault & Threats,
CLS000838,NAR000280_EN,Traffic & Road Incidents,Illegal parking blockage;traffic_or_road_safety,reporting_guidance;evidence_preservation,document the road incident and understand reporting options,legal_aid_or_process_help,False,False,False,physical,recent,True,False,False,False,unknown,False,True,traffic_incident_documentation,Traffic & Road Incidents,,Traffic & Road Incidents,
CLS000839,NAR000280_ENVAR,Traffic & Road Incidents,Illegal parking blockage;traffic_or_road_safety;uncertain_or_incomplete_user_account;timeline_reconstruction_needed,reporting_guidance;evidence_preservation;clarification_needed,document the road incident and understand reporting options,legal_aid_or_process_help,False,False,False,physical,recent,True,False,False,False,unknown,False,True,traffic_incident_documentation,Traffic & Road Incidents,,Traffic & Road Incidents,
CLS000840,NAR000280_HI,Traffic & Road Incidents,Illegal parking blockage;traffic_or_road_safety,reporting_guidance;evidence_preservation,document the road incident and understand reporting options,legal_aid_or_process_help,False,False,False,physical,recent,True,False,False,False,unknown,False,True,traffic_incident_documentation,Traffic & Road Incidents,,Traffic & Road Incidents,
CLS000841,NAR000281_EN,Theft and robbery,Armed robbery;property_loss,reporting_guidance;evidence_preservation,prepare a theft or robbery complaint and list lost property,reporting_time_sensitive,False,False,False,physical,recent,True,True,True,True,unknown,False,False,police_complaint_preparation,Theft and robbery,,Theft and robbery,
CLS000842,NAR000281_HI,Theft and robbery,Armed robbery;property_loss,reporting_guidance;evidence_preservation,prepare a theft or robbery complaint and list lost property,medical_attention_needed,False,False,True,physical,recent,True,True,True,True,unknown,False,False,police_complaint_preparation,Theft and robbery,,Theft and robbery,
CLS000843,NAR000281_HILATN,Theft and robbery,Armed robbery;property_loss;timeline_reconstruction_needed,reporting_guidance;evidence_preservation,prepare a theft or robbery complaint and list lost property,reporting_time_sensitive,False,False,False,physical,recent,True,True,True,True,unknown,False,False,police_complaint_preparation,Theft and robbery,,Theft and robbery,
CLS000844,NAR000282_EN,Assault & Threats,Physical altercation;personal_safety,complaint_followup,document the threat or assault and understand police reporting options,case_preparation,False,False,False,physical,recent,False,True,True,False,unknown,True,False,police_complaint_preparation,Assault & Threats,,Assault & Threats,
CLS000845,NAR000282_ENVAR,Assault & Threats,Physical altercation;personal_safety;uncertain_or_incomplete_user_account;timeline_reconstruction_needed,complaint_followup;clarification_needed,document the threat or assault and understand police reporting options,needs_clarification,False,False,False,physical,recent,False,True,True,False,unknown,True,False,police_complaint_preparation,Assault & Threats,,Assault & Threats,
CLS000846,NAR000282_HI,Assault & Threats,Physical altercation;personal_safety,complaint_followup,document the threat or assault and understand police reporting options,medical_attention_needed,False,False,True,physical,recent,False,True,True,False,unknown,True,False,police_complaint_preparation,Assault & Threats,,Assault & Threats,
CLS000847,NAR000283_EN,Theft and robbery,Armed robbery;property_loss,complaint_followup;evidence_preservation,prepare a theft or robbery complaint and list lost property,case_preparation,False,False,False,physical,recent,True,True,True,True,unknown,True,False,police_complaint_preparation,Theft and robbery,,Theft and robbery,
CLS000848,NAR000283_HI,Theft and robbery,Armed robbery;property_loss,complaint_followup;evidence_preservation,prepare a theft or robbery complaint and list lost property,medical_attention_needed,False,False,True,physical,recent,True,True,True,True,unknown,True,False,police_complaint_preparation,Theft and robbery,,Theft and robbery,
CLS000849,NAR000283_HILATN,Theft and robbery,Armed robbery;property_loss;uncertain_or_incomplete_user_account;timeline_reconstruction_needed,complaint_followup;evidence_preservation;clarification_needed,prepare a theft or robbery complaint and list lost property,needs_clarification,False,False,False,physical,recent,True,True,True,True,unknown,True,False,police_complaint_preparation,Theft and robbery,,Theft and robbery,
CLS000850,NAR000284_EN,Property Disputes,Illegal property possession;property_conflict,complaint_followup;legal_navigation;evidence_preservation,organise property-dispute facts and identify documentation gaps,legal_aid_or_process_help,False,False,False,physical,recent,True,True,False,False,unknown,True,True,property_document_review_intake,Property Disputes,,Property Disputes,
CLS000851,NAR000284_ENVAR,Property Disputes,Illegal property possession;property_conflict,complaint_followup;legal_navigation;evidence_preservation,organise property-dispute facts and identify documentation gaps,legal_aid_or_process_help,False,False,False,physical,recent,True,True,False,False,unknown,True,True,property_document_review_intake,Property Disputes,,Property Disputes,
CLS000852,NAR000284_HI,Property Disputes,Illegal property possession;property_conflict,complaint_followup;legal_navigation;evidence_preservation,organise property-dispute facts and identify documentation gaps,legal_aid_or_process_help,False,False,False,physical,recent,True,True,False,False,unknown,True,True,property_document_review_intake,Property Disputes,,Property Disputes,
CLS000853,NAR000285_EN,Financial Fraud,Loan approval scam;financial_loss_or_fraud,reporting_guidance;evidence_preservation,report financial fraud and preserve transaction evidence,reporting_time_sensitive,False,False,False,hybrid,recent,True,False,False,False,unknown,False,False,financial_fraud_report_preparation,Financial Fraud,,Financial Fraud,
CLS000854,NAR000285_HI,Financial Fraud,Loan approval scam;financial_loss_or_fraud,reporting_guidance;evidence_preservation,report financial fraud and preserve transaction evidence,reporting_time_sensitive,False,False,False,hybrid,recent,True,False,False,False,unknown,False,False,financial_fraud_report_preparation,Financial Fraud,,Financial Fraud,
CLS000855,NAR000285_HILATN,Financial Fraud,Loan approval scam;financial_loss_or_fraud,reporting_guidance;evidence_preservation,report financial fraud and preserve transaction evidence,reporting_time_sensitive,False,False,False,hybrid,recent,True,False,False,False,unknown,False,False,financial_fraud_report_preparation,Financial Fraud,,Financial Fraud,
CLS000856,NAR000286_EN,Property Disputes,Land encroachment;property_conflict,complaint_followup;legal_navigation;evidence_preservation,organise property-dispute facts and identify documentation gaps,legal_aid_or_process_help,False,False,False,physical,past,True,True,False,False,unknown,True,True,property_document_review_intake,Property Disputes,,Property Disputes,
CLS000857,NAR000286_ENVAR,Property Disputes,Land encroachment;property_conflict;uncertain_or_incomplete_user_account;timeline_reconstruction_needed,complaint_followup;legal_navigation;evidence_preservation;clarification_needed,organise property-dispute facts and identify documentation gaps,legal_aid_or_process_help,False,False,False,physical,past,True,True,False,False,unknown,True,True,property_document_review_intake,Property Disputes,,Property Disputes,
CLS000858,NAR000286_HI,Property Disputes,Land encroachment;property_conflict,complaint_followup;legal_navigation;evidence_preservation,organise property-dispute facts and identify documentation gaps,legal_aid_or_process_help,False,False,False,physical,past,True,True,False,False,unknown,True,True,property_document_review_intake,Property Disputes,,Property Disputes,
CLS000859,NAR000287_EN,Family Law,Restitution of conjugal rights;family_legal_support,legal_navigation;evidence_preservation,organise family-law facts and identify support options,legal_aid_or_process_help,False,False,False,physical,past,True,False,False,False,unknown,False,True,family_legal_aid_intake,Family Law,,Family Law,
CLS000860,NAR000287_HI,Family Law,Restitution of conjugal rights;family_legal_support,legal_navigation;evidence_preservation,organise family-law facts and identify support options,legal_aid_or_process_help,False,False,False,physical,past,True,False,False,False,unknown,False,True,family_legal_aid_intake,Family Law,,Family Law,
CLS000861,NAR000287_HILATN,Family Law,Restitution of conjugal rights;family_legal_support;timeline_reconstruction_needed,legal_navigation;evidence_preservation,organise family-law facts and identify support options,legal_aid_or_process_help,False,False,False,physical,past,True,False,False,False,unknown,False,True,family_legal_aid_intake,Family Law,,Family Law,
CLS000862,NAR000288_EN,Domestic Violence,Emotional and verbal abuse;domestic_safety,reporting_guidance;evidence_preservation,seek safety-focused help and prepare a support or complaint record,reporting_time_sensitive,False,False,False,physical,recent,True,True,False,False,unknown,False,True,police_complaint_preparation,Domestic Violence,,Domestic Violence,
CLS000863,NAR000288_ENVAR,Domestic Violence,Emotional and verbal abuse;domestic_safety;uncertain_or_incomplete_user_account;timeline_reconstruction_needed,reporting_guidance;evidence_preservation;clarification_needed,seek safety-focused help and prepare a support or complaint record,reporting_time_sensitive,False,False,False,physical,recent,True,True,False,False,unknown,False,True,police_complaint_preparation,Domestic Violence,,Domestic Violence,
CLS000864,NAR000288_HI,Domestic Violence,Emotional and verbal abuse;domestic_safety,reporting_guidance;evidence_preservation,seek safety-focused help and prepare a support or complaint record,reporting_time_sensitive,False,False,False,physical,recent,True,True,False,False,unknown,False,True,police_complaint_preparation,Domestic Violence,,Domestic Violence,
CLS000865,NAR000289_EN,Assault & Threats,Verbal intimidation;personal_safety,reporting_guidance,document the threat or assault and understand police reporting options,reporting_time_sensitive,False,False,False,hybrid,recent,False,True,False,False,unknown,False,False,police_complaint_preparation,Assault & Threats,,Assault & Threats,
CLS000866,NAR000289_HI,Assault & Threats,Verbal intimidation;personal_safety,reporting_guidance,document the threat or assault and understand police reporting options,reporting_time_sensitive,False,False,False,hybrid,recent,False,True,False,False,unknown,False,False,police_complaint_preparation,Assault & Threats,,Assault & Threats,
CLS000867,NAR000289_HILATN,Assault & Threats,Verbal intimidation;personal_safety;timeline_reconstruction_needed,reporting_guidance,document the threat or assault and understand police reporting options,reporting_time_sensitive,False,False,False,hybrid,recent,False,True,False,False,unknown,False,False,police_complaint_preparation,Assault & Threats,,Assault & Threats,
CLS000868,NAR000290_EN,Property Disputes,Land encroachment;property_conflict,legal_navigation;evidence_preservation,organise property-dispute facts and identify documentation gaps,legal_aid_or_process_help,False,False,False,physical,past,True,False,False,False,unknown,False,True,property_document_review_intake,Property Disputes,,Property Disputes,
CLS000869,NAR000290_ENVAR,Property Disputes,Land encroachment;property_conflict,legal_navigation;evidence_preservation,organise property-dispute facts and identify documentation gaps,legal_aid_or_process_help,False,False,False,physical,past,True,False,False,False,unknown,False,True,property_document_review_intake,Property Disputes,,Property Disputes,
CLS000870,NAR000290_HI,Property Disputes,Land encroachment;property_conflict,legal_navigation;evidence_preservation,organise property-dispute facts and identify documentation gaps,legal_aid_or_process_help,False,False,False,physical,past,True,False,False,False,unknown,False,True,property_document_review_intake,Property Disputes,,Property Disputes,
CLS000871,NAR000291_EN,Employment/Labour,Safe working conditions violation;workplace_rights,legal_navigation,prepare a workplace rights complaint or legal-aid intake,legal_aid_or_process_help,False,False,False,physical,past,False,False,False,False,unknown,False,True,labour_or_workplace_intake,Employment/Labour,,Employment/Labour,
CLS000872,NAR000291_HI,Employment/Labour,Safe working conditions violation;workplace_rights,legal_navigation,prepare a workplace rights complaint or legal-aid intake,legal_aid_or_process_help,False,False,False,physical,past,False,False,False,False,unknown,False,True,labour_or_workplace_intake,Employment/Labour,,Employment/Labour,
CLS000873,NAR000291_HILATN,Employment/Labour,Safe working conditions violation;workplace_rights;timeline_reconstruction_needed,legal_navigation,prepare a workplace rights complaint or legal-aid intake,legal_aid_or_process_help,False,False,False,physical,past,False,False,False,False,unknown,False,True,labour_or_workplace_intake,Employment/Labour,,Employment/Labour,
CLS000874,NAR000292_EN,Assault & Threats,Domestic dispute;personal_safety,reporting_guidance,document the threat or assault and understand police reporting options,reporting_time_sensitive,False,False,False,physical,past,False,True,False,False,unknown,False,False,police_complaint_preparation,Assault & Threats,,Assault & Threats,
CLS000875,NAR000292_ENVAR,Assault & Threats,Domestic dispute;personal_safety;uncertain_or_incomplete_user_account;timeline_reconstruction_needed,reporting_guidance;clarification_needed,document the threat or assault and understand police reporting options,reporting_time_sensitive,False,False,False,physical,past,False,True,False,False,unknown,False,False,police_complaint_preparation,Assault & Threats,,Assault & Threats,
CLS000876,NAR000292_HI,Assault & Threats,Domestic dispute;personal_safety,reporting_guidance,document the threat or assault and understand police reporting options,reporting_time_sensitive,False,False,False,physical,past,False,True,False,False,unknown,False,False,police_complaint_preparation,Assault & Threats,,Assault & Threats,
CLS000877,NAR000293_EN,Domestic Violence,Economic deprivation;domestic_safety,complaint_followup;evidence_preservation,seek safety-focused help and prepare a support or complaint record,legal_aid_or_process_help,False,False,False,physical,recent,True,True,False,False,unknown,True,True,police_complaint_preparation,Domestic Violence,,Domestic Violence,
CLS000878,NAR000293_HI,Domestic Violence,Economic deprivation;domestic_safety,complaint_followup;evidence_preservation,seek safety-focused help and prepare a support or complaint record,legal_aid_or_process_help,False,False,False,physical,recent,True,True,False,False,unknown,True,True,police_complaint_preparation,Domestic Violence,,Domestic Violence,
CLS000879,NAR000293_HILATN,Domestic Violence,Economic deprivation;domestic_safety;uncertain_or_incomplete_user_account;timeline_reconstruction_needed,complaint_followup;evidence_preservation;clarification_needed,seek safety-focused help and prepare a support or complaint record,legal_aid_or_process_help,False,False,False,physical,recent,True,True,False,False,unknown,True,True,police_complaint_preparation,Domestic Violence,,Domestic Violence,
CLS000880,NAR000294_EN,Assault & Threats,Verbal intimidation;personal_safety,reporting_guidance,document the threat or assault and understand police reporting options,reporting_time_sensitive,False,False,False,hybrid,recent,False,True,False,False,unknown,False,False,police_complaint_preparation,Assault & Threats,,Assault & Threats,
CLS000881,NAR000294_ENVAR,Assault & Threats,Verbal intimidation;personal_safety;uncertain_or_incomplete_user_account;timeline_reconstruction_needed,reporting_guidance;clarification_needed,document the threat or assault and understand police reporting options,reporting_time_sensitive,False,False,False,hybrid,recent,False,True,False,False,unknown,False,False,police_complaint_preparation,Assault & Threats,,Assault & Threats,
CLS000882,NAR000294_HI,Assault & Threats,Verbal intimidation;personal_safety,reporting_guidance,document the threat or assault and understand police reporting options,reporting_time_sensitive,False,False,False,hybrid,recent,False,True,False,False,unknown,False,False,police_complaint_preparation,Assault & Threats,,Assault & Threats,
CLS000883,NAR000295_EN,Cybercrime,Cyberstalking;digital_platform_incident,reporting_guidance;evidence_preservation,prepare a cybercrime report and preserve digital evidence,reporting_time_sensitive,False,False,False,online,recent,False,True,False,False,unknown,False,False,cybercrime_report_preparation,Cybercrime,,Cybercrime,
CLS000884,NAR000295_HI,Cybercrime,Cyberstalking;digital_platform_incident,reporting_guidance;evidence_preservation,prepare a cybercrime report and preserve digital evidence,reporting_time_sensitive,False,False,False,online,recent,False,True,False,False,unknown,False,False,cybercrime_report_preparation,Cybercrime,,Cybercrime,
CLS000885,NAR000295_HILATN,Cybercrime,Cyberstalking;digital_platform_incident,reporting_guidance;evidence_preservation,prepare a cybercrime report and preserve digital evidence,reporting_time_sensitive,False,False,False,online,recent,False,True,False,False,unknown,False,False,cybercrime_report_preparation,Cybercrime,,Cybercrime,
CLS000886,NAR000296_EN,Domestic Violence,Economic deprivation;domestic_safety,reporting_guidance;evidence_preservation,seek safety-focused help and prepare a support or complaint record,reporting_time_sensitive,False,False,False,physical,recent,True,True,False,False,unknown,False,True,police_complaint_preparation,Domestic Violence,,Domestic Violence,
CLS000887,NAR000296_ENVAR,Domestic Violence,Economic deprivation;domestic_safety,reporting_guidance;evidence_preservation,seek safety-focused help and prepare a support or complaint record,reporting_time_sensitive,False,False,False,physical,recent,True,True,False,False,unknown,False,True,police_complaint_preparation,Domestic Violence,,Domestic Violence,
CLS000888,NAR000296_HI,Domestic Violence,Economic deprivation;domestic_safety,reporting_guidance;evidence_preservation,seek safety-focused help and prepare a support or complaint record,reporting_time_sensitive,False,False,False,physical,recent,True,True,False,False,unknown,False,True,police_complaint_preparation,Domestic Violence,,Domestic Violence,
CLS000889,NAR000297_EN,Traffic & Road Incidents,Hit and run collision;traffic_or_road_safety,complaint_followup;evidence_preservation,document the road incident and understand reporting options,legal_aid_or_process_help,False,False,False,physical,past,True,False,True,False,unknown,True,True,traffic_incident_documentation,Traffic & Road Incidents,,Traffic & Road Incidents,
CLS000890,NAR000297_HI,Traffic & Road Incidents,Hit and run collision;traffic_or_road_safety,complaint_followup;evidence_preservation,document the road incident and understand reporting options,medical_attention_needed,False,False,True,physical,past,True,False,True,False,unknown,True,True,traffic_incident_documentation,Traffic & Road Incidents,,Traffic & Road Incidents,
CLS000891,NAR000297_HILATN,Traffic & Road Incidents,Hit and run collision;traffic_or_road_safety;timeline_reconstruction_needed,complaint_followup;evidence_preservation,document the road incident and understand reporting options,legal_aid_or_process_help,False,False,False,physical,past,True,False,True,False,unknown,True,True,traffic_incident_documentation,Traffic & Road Incidents,,Traffic & Road Incidents,
CLS000892,NAR000298_EN,Cybercrime,Cyberstalking;digital_platform_incident,reporting_guidance;evidence_preservation,prepare a cybercrime report and preserve digital evidence,reporting_time_sensitive,False,False,False,online,past,False,True,False,False,unknown,False,True,cybercrime_report_preparation,Cybercrime,,Cybercrime,
CLS000893,NAR000298_ENVAR,Cybercrime,Cyberstalking;digital_platform_incident;uncertain_or_incomplete_user_account;timeline_reconstruction_needed,reporting_guidance;evidence_preservation;clarification_needed,prepare a cybercrime report and preserve digital evidence,reporting_time_sensitive,False,False,False,online,past,False,True,False,False,unknown,False,True,cybercrime_report_preparation,Cybercrime,,Cybercrime,
CLS000894,NAR000298_HI,Cybercrime,Cyberstalking;digital_platform_incident,reporting_guidance;evidence_preservation,prepare a cybercrime report and preserve digital evidence,reporting_time_sensitive,False,False,False,online,past,False,True,False,False,unknown,False,True,cybercrime_report_preparation,Cybercrime,,Cybercrime,
CLS000895,NAR000299_EN,Theft and robbery,Pickpocketing;property_loss,complaint_followup;evidence_preservation,prepare a theft or robbery complaint and list lost property,legal_aid_or_process_help,False,False,False,physical,recent,True,False,False,False,unknown,True,True,police_complaint_preparation,Theft and robbery,,Theft and robbery,
CLS000896,NAR000299_HI,Theft and robbery,Pickpocketing;property_loss,complaint_followup;evidence_preservation,prepare a theft or robbery complaint and list lost property,legal_aid_or_process_help,False,False,False,physical,recent,True,False,False,False,unknown,True,True,police_complaint_preparation,Theft and robbery,,Theft and robbery,
CLS000897,NAR000299_HILATN,Theft and robbery,Pickpocketing;property_loss;timeline_reconstruction_needed,complaint_followup;evidence_preservation,prepare a theft or robbery complaint and list lost property,legal_aid_or_process_help,False,False,False,physical,recent,True,False,False,False,unknown,True,True,police_complaint_preparation,Theft and robbery,,Theft and robbery,
CLS000898,NAR000300_EN,Financial Fraud,Loan approval scam;financial_loss_or_fraud,complaint_followup;evidence_preservation,report financial fraud and preserve transaction evidence,legal_aid_or_process_help,False,False,False,hybrid,past,True,True,False,False,unknown,True,True,financial_fraud_report_preparation,Financial Fraud,,Financial Fraud,
CLS000899,NAR000300_ENVAR,Financial Fraud,Loan approval scam;financial_loss_or_fraud;uncertain_or_incomplete_user_account;timeline_reconstruction_needed,complaint_followup;evidence_preservation;clarification_needed,report financial fraud and preserve transaction evidence,legal_aid_or_process_help,False,False,False,hybrid,past,True,True,False,False,unknown,True,True,financial_fraud_report_preparation,Financial Fraud,,Financial Fraud,
CLS000900,NAR000300_HI,Financial Fraud,Loan approval scam;financial_loss_or_fraud,complaint_followup;evidence_preservation,report financial fraud and preserve transaction evidence,legal_aid_or_process_help,False,False,False,hybrid,past,True,True,False,False,unknown,True,True,financial_fraud_report_preparation,Financial Fraud,,Financial Fraud,
CLS000901,NAR000301_EN,Cybercrime,Ransomware attack;digital_platform_incident,complaint_followup;evidence_preservation,prepare a cybercrime report and preserve digital evidence,legal_aid_or_process_help,False,False,False,online,past,True,True,False,False,unknown,True,True,cybercrime_report_preparation,Cybercrime,,Cybercrime,
CLS000902,NAR000301_HI,Cybercrime,Ransomware attack;digital_platform_incident,complaint_followup;evidence_preservation,prepare a cybercrime report and preserve digital evidence,legal_aid_or_process_help,False,False,False,online,past,True,True,False,False,unknown,True,True,cybercrime_report_preparation,Cybercrime,,Cybercrime,
CLS000903,NAR000302_EN,Theft and robbery,Online phishing theft;property_loss,complaint_followup;evidence_preservation,prepare a theft or robbery complaint and list lost property,case_preparation,False,False,False,online,past,True,False,False,False,unknown,True,False,police_complaint_preparation,Theft and robbery,,Theft and robbery,
CLS000904,NAR000302_HI,Theft and robbery,Online phishing theft;property_loss,complaint_followup;evidence_preservation,prepare a theft or robbery complaint and list lost property,case_preparation,False,False,False,online,past,True,False,False,False,unknown,True,False,police_complaint_preparation,Theft and robbery,,Theft and robbery,
CLS000905,NAR000303_EN,Traffic & Road Incidents,Illegal parking blockage;traffic_or_road_safety,complaint_followup;evidence_preservation,document the road incident and understand reporting options,legal_aid_or_process_help,False,False,False,physical,past,True,False,False,False,unknown,True,True,traffic_incident_documentation,Traffic & Road Incidents,,Traffic & Road Incidents,
CLS000906,NAR000303_HI,Traffic & Road Incidents,Illegal parking blockage;traffic_or_road_safety,complaint_followup;evidence_preservation,document the road incident and understand reporting options,legal_aid_or_process_help,False,False,False,physical,past,True,False,False,False,unknown,True,True,traffic_incident_documentation,Traffic & Road Incidents,,Traffic & Road Incidents,
CLS000907,NAR000304_EN,Theft and robbery,Armed robbery;property_loss,reporting_guidance;evidence_preservation,prepare a theft or robbery complaint and list lost property,reporting_time_sensitive,False,False,False,physical,past,True,True,False,False,unknown,False,False,police_complaint_preparation,Theft and robbery,,Theft and robbery,
CLS000908,NAR000304_HI,Theft and robbery,Armed robbery;property_loss,reporting_guidance;evidence_preservation,prepare a theft or robbery complaint and list lost property,reporting_time_sensitive,False,False,False,physical,past,True,True,False,True,unknown,False,False,police_complaint_preparation,Theft and robbery,,Theft and robbery,
CLS000909,NAR000305_EN,Consumer Disputes,Refusal of service refund;consumer_grievance,complaint_followup;legal_navigation;evidence_preservation,prepare a consumer complaint and identify refund or service remedies,legal_aid_or_process_help,False,False,False,online,past,True,False,False,False,unknown,True,True,consumer_grievance_preparation,Consumer Disputes,,Consumer Disputes,
CLS000910,NAR000305_HI,Consumer Disputes,Refusal of service refund;consumer_grievance,complaint_followup;legal_navigation;evidence_preservation,prepare a consumer complaint and identify refund or service remedies,legal_aid_or_process_help,False,False,False,online,past,True,False,False,False,unknown,True,True,consumer_grievance_preparation,Consumer Disputes,,Consumer Disputes,
CLS000911,NAR000306_EN,Family Law,Child custody dispute;family_legal_support,legal_navigation,organise family-law facts and identify support options,legal_aid_or_process_help,False,False,False,hybrid,past,False,False,False,False,true,False,True,family_legal_aid_intake,Family Law,,Family Law,
CLS000912,NAR000306_HI,Family Law,Child custody dispute;family_legal_support,legal_navigation,organise family-law facts and identify support options,legal_aid_or_process_help,False,False,False,hybrid,past,False,False,False,False,true,False,True,family_legal_aid_intake,Family Law,,Family Law,
CLS000913,NAR000307_EN,Cybercrime,Social media hacking;digital_platform_incident,reporting_guidance;evidence_preservation,prepare a cybercrime report and preserve digital evidence,reporting_time_sensitive,False,False,False,online,past,False,False,False,False,unknown,False,True,cybercrime_report_preparation,Cybercrime,,Cybercrime,
CLS000914,NAR000307_HI,Cybercrime,Social media hacking;digital_platform_incident,reporting_guidance;evidence_preservation,prepare a cybercrime report and preserve digital evidence,reporting_time_sensitive,False,False,False,online,past,False,False,False,False,unknown,False,True,cybercrime_report_preparation,Cybercrime,,Cybercrime,
CLS000915,NAR000308_EN,Financial Fraud,Credit card cloning;financial_loss_or_fraud,complaint_followup;evidence_preservation,report financial fraud and preserve transaction evidence,legal_aid_or_process_help,False,False,False,physical,past,True,False,False,False,unknown,True,True,financial_fraud_report_preparation,Financial Fraud,,Financial Fraud,
CLS000916,NAR000308_HI,Financial Fraud,Credit card cloning;financial_loss_or_fraud,complaint_followup;evidence_preservation,report financial fraud and preserve transaction evidence,legal_aid_or_process_help,False,False,False,physical,past,True,False,False,False,unknown,True,True,financial_fraud_report_preparation,Financial Fraud,,Financial Fraud,
CLS000917,NAR000309_EN,Cybercrime,Social media hacking;digital_platform_incident,complaint_followup;evidence_preservation,prepare a cybercrime report and preserve digital evidence,legal_aid_or_process_help,False,False,False,online,past,True,True,False,False,unknown,True,True,cybercrime_report_preparation,Cybercrime,,Cybercrime,
CLS000918,NAR000309_HI,Cybercrime,Social media hacking;digital_platform_incident,complaint_followup;evidence_preservation,prepare a cybercrime report and preserve digital evidence,legal_aid_or_process_help,False,False,False,online,past,True,True,False,False,unknown,True,True,cybercrime_report_preparation,Cybercrime,,Cybercrime,
CLS000919,NAR000310_EN,Cybercrime,Social media hacking;digital_platform_incident,reporting_guidance;evidence_preservation,prepare a cybercrime report and preserve digital evidence,reporting_time_sensitive,False,False,False,online,past,True,True,False,False,unknown,False,False,cybercrime_report_preparation,Cybercrime,,Cybercrime,
CLS000920,NAR000310_HI,Cybercrime,Social media hacking;digital_platform_incident,reporting_guidance;evidence_preservation,prepare a cybercrime report and preserve digital evidence,reporting_time_sensitive,False,False,False,online,past,True,True,False,False,unknown,False,False,cybercrime_report_preparation,Cybercrime,,Cybercrime,
CLS000921,NAR000311_EN,Cybercrime,Ransomware attack;digital_platform_incident,complaint_followup;evidence_preservation,prepare a cybercrime report and preserve digital evidence,case_preparation,False,False,False,online,past,True,True,False,False,unknown,True,False,cybercrime_report_preparation,Cybercrime,,Cybercrime,
CLS000922,NAR000311_HI,Cybercrime,Ransomware attack;digital_platform_incident,complaint_followup;evidence_preservation,prepare a cybercrime report and preserve digital evidence,case_preparation,False,False,False,online,past,True,True,False,False,unknown,True,False,cybercrime_report_preparation,Cybercrime,,Cybercrime,
CLS000923,NAR000312_EN,Theft and robbery,Shopbreaking;property_loss,complaint_followup;evidence_preservation,prepare a theft or robbery complaint and list lost property,case_preparation,False,False,False,physical,recent,True,False,False,False,unknown,True,False,police_complaint_preparation,Theft and robbery,,Theft and robbery,
CLS000924,NAR000312_HI,Theft and robbery,Shopbreaking;property_loss,complaint_followup;evidence_preservation,prepare a theft or robbery complaint and list lost property,case_preparation,False,False,False,physical,recent,True,False,False,False,unknown,True,False,police_complaint_preparation,Theft and robbery,,Theft and robbery,
CLS000925,NAR000313_EN,Financial Fraud,Credit card cloning;financial_loss_or_fraud,reporting_guidance;evidence_preservation,report financial fraud and preserve transaction evidence,reporting_time_sensitive,False,False,False,hybrid,recent,True,False,False,False,unknown,False,True,financial_fraud_report_preparation,Financial Fraud,,Financial Fraud,
CLS000926,NAR000313_HI,Financial Fraud,Credit card cloning;financial_loss_or_fraud,reporting_guidance;evidence_preservation,report financial fraud and preserve transaction evidence,reporting_time_sensitive,False,False,False,hybrid,recent,True,False,False,False,unknown,False,True,financial_fraud_report_preparation,Financial Fraud,,Financial Fraud,
CLS000927,NAR000314_EN,Theft and robbery,Online phishing theft;property_loss,reporting_guidance;evidence_preservation,prepare a theft or robbery complaint and list lost property,reporting_time_sensitive,False,False,False,hybrid,recent,True,True,False,False,unknown,False,True,police_complaint_preparation,Theft and robbery,,Theft and robbery,
CLS000928,NAR000314_HI,Theft and robbery,Online phishing theft;property_loss,reporting_guidance;evidence_preservation,prepare a theft or robbery complaint and list lost property,reporting_time_sensitive,False,False,False,hybrid,recent,True,True,False,False,unknown,False,True,police_complaint_preparation,Theft and robbery,,Theft and robbery,
CLS000929,NAR000315_EN,Family Law,Guardianship dispute;family_legal_support,complaint_followup;legal_navigation;evidence_preservation,organise family-law facts and identify support options,legal_aid_or_process_help,False,False,False,physical,recent,True,True,False,False,unknown,True,True,family_legal_aid_intake,Family Law,,Family Law,
CLS000930,NAR000315_HI,Family Law,Guardianship dispute;family_legal_support,complaint_followup;legal_navigation;evidence_preservation,organise family-law facts and identify support options,legal_aid_or_process_help,False,False,False,physical,recent,True,True,False,False,unknown,True,True,family_legal_aid_intake,Family Law,,Family Law,
CLS000931,NAR000316_EN,Consumer Disputes,Overcharging and hidden fees;consumer_grievance,complaint_followup;legal_navigation;evidence_preservation,prepare a consumer complaint and identify refund or service remedies,legal_aid_or_process_help,False,False,False,physical,recent,True,False,False,False,unknown,True,True,consumer_grievance_preparation,Consumer Disputes,,Consumer Disputes,
CLS000932,NAR000316_HI,Consumer Disputes,Overcharging and hidden fees;consumer_grievance,complaint_followup;legal_navigation;evidence_preservation,prepare a consumer complaint and identify refund or service remedies,legal_aid_or_process_help,False,False,False,physical,recent,True,False,False,False,unknown,True,True,consumer_grievance_preparation,Consumer Disputes,,Consumer Disputes,
CLS000933,NAR000317_EN,Miscellaneous,Noise pollution grievance;civic_or_public_safety,legal_navigation,prepare a civic complaint and identify the right authority,legal_aid_or_process_help,False,False,False,physical,recent,False,False,False,False,unknown,False,True,general_legal_navigation,Miscellaneous,,Miscellaneous,
CLS000934,NAR000317_HI,Miscellaneous,Noise pollution grievance;civic_or_public_safety,legal_navigation,prepare a civic complaint and identify the right authority,legal_aid_or_process_help,False,False,False,physical,recent,False,False,False,False,unknown,False,True,general_legal_navigation,Miscellaneous,,Miscellaneous,
CLS000935,NAR000318_EN,Consumer Disputes,False advertising and misrepresentation;consumer_grievance,complaint_followup;legal_navigation;evidence_preservation,prepare a consumer complaint and identify refund or service remedies,legal_aid_or_process_help,False,False,False,online,recent,True,True,False,False,unknown,True,True,consumer_grievance_preparation,Consumer Disputes,,Consumer Disputes,
CLS000936,NAR000318_HI,Consumer Disputes,False advertising and misrepresentation;consumer_grievance,complaint_followup;legal_navigation;evidence_preservation,prepare a consumer complaint and identify refund or service remedies,legal_aid_or_process_help,False,False,False,online,recent,True,True,False,False,unknown,True,True,consumer_grievance_preparation,Consumer Disputes,,Consumer Disputes,
CLS000937,NAR000319_EN,Property Disputes,Inheritance property claim;property_conflict,legal_navigation;evidence_preservation,organise property-dispute facts and identify documentation gaps,legal_aid_or_process_help,False,False,False,physical,recent,True,True,False,False,unknown,False,True,property_document_review_intake,Property Disputes,,Property Disputes,
CLS000938,NAR000319_HI,Property Disputes,Inheritance property claim;property_conflict,legal_navigation;evidence_preservation,organise property-dispute facts and identify documentation gaps,legal_aid_or_process_help,False,False,False,physical,recent,True,True,False,False,unknown,False,True,property_document_review_intake,Property Disputes,,Property Disputes,
CLS000939,NAR000320_EN,Traffic & Road Incidents,Reckless driving confrontation;traffic_or_road_safety,complaint_followup,document the road incident and understand reporting options,case_preparation,False,False,False,physical,past,False,True,True,False,unknown,True,False,traffic_incident_documentation,Traffic & Road Incidents,,Traffic & Road Incidents,
CLS000940,NAR000320_HI,Traffic & Road Incidents,Reckless driving confrontation;traffic_or_road_safety,complaint_followup,document the road incident and understand reporting options,medical_attention_needed,False,False,True,physical,past,False,True,True,False,unknown,True,False,traffic_incident_documentation,Traffic & Road Incidents,,Traffic & Road Incidents,
CLS000941,NAR000321_EN,Consumer Disputes,Defective product delivery;consumer_grievance,legal_navigation;evidence_preservation,prepare a consumer complaint and identify refund or service remedies,case_preparation,False,False,False,physical,recent,True,False,False,False,unknown,False,False,consumer_grievance_preparation,Consumer Disputes,,Consumer Disputes,
CLS000942,NAR000321_HI,Consumer Disputes,Defective product delivery;consumer_grievance,legal_navigation;evidence_preservation,prepare a consumer complaint and identify refund or service remedies,case_preparation,False,False,False,physical,recent,True,False,False,False,unknown,False,False,consumer_grievance_preparation,Consumer Disputes,,Consumer Disputes,
CLS000943,NAR000322_EN,Miscellaneous,Minor civic infrastructure issue;civic_or_public_safety,legal_navigation;evidence_preservation,prepare a civic complaint and identify the right authority,case_preparation,False,False,False,physical,recent,True,False,False,False,true,False,False,general_legal_navigation,Miscellaneous,,Miscellaneous,
CLS000944,NAR000322_HI,Miscellaneous,Minor civic infrastructure issue;civic_or_public_safety,legal_navigation;evidence_preservation,prepare a civic complaint and identify the right authority,case_preparation,False,False,False,physical,recent,True,False,False,False,true,False,False,general_legal_navigation,Miscellaneous,,Miscellaneous,
CLS000945,NAR000323_EN,Miscellaneous,Lost item reporting;civic_or_public_safety,legal_navigation;evidence_preservation,prepare a civic complaint and identify the right authority,legal_aid_or_process_help,False,False,False,physical,past,True,False,False,False,unknown,False,True,general_legal_navigation,Miscellaneous,,Miscellaneous,
CLS000946,NAR000323_HI,Miscellaneous,Lost item reporting;civic_or_public_safety,legal_navigation;evidence_preservation,prepare a civic complaint and identify the right authority,legal_aid_or_process_help,False,False,False,physical,past,True,False,False,False,unknown,False,True,general_legal_navigation,Miscellaneous,,Miscellaneous,
CLS000947,NAR000324_EN,Theft and robbery,Chain snatching;property_loss,complaint_followup;evidence_preservation,prepare a theft or robbery complaint and list lost property,case_preparation,False,False,False,physical,past,True,True,False,False,unknown,True,False,police_complaint_preparation,Theft and robbery,,Theft and robbery,
CLS000948,NAR000324_HI,Theft and robbery,Chain snatching;property_loss,complaint_followup;evidence_preservation,prepare a theft or robbery complaint and list lost property,case_preparation,False,False,False,physical,past,True,True,False,False,unknown,True,False,police_complaint_preparation,Theft and robbery,,Theft and robbery,
CLS000949,NAR000325_EN,Domestic Violence,Dowry harassment;domestic_safety,reporting_guidance,seek safety-focused help and prepare a support or complaint record,reporting_time_sensitive,False,False,False,hybrid,recent,False,True,False,False,unknown,False,False,police_complaint_preparation,Domestic Violence,,Domestic Violence,
CLS000950,NAR000325_HI,Domestic Violence,Dowry harassment;domestic_safety,reporting_guidance,seek safety-focused help and prepare a support or complaint record,reporting_time_sensitive,False,False,False,hybrid,recent,False,True,False,False,unknown,False,False,police_complaint_preparation,Domestic Violence,,Domestic Violence,
CLS000951,NAR000326_EN,Financial Fraud,Cheque forgery;financial_loss_or_fraud,reporting_guidance;evidence_preservation,report financial fraud and preserve transaction evidence,reporting_time_sensitive,False,False,False,physical,recent,True,False,False,False,unknown,False,False,financial_fraud_report_preparation,Financial Fraud,,Financial Fraud,
CLS000952,NAR000326_HI,Financial Fraud,Cheque forgery;financial_loss_or_fraud,reporting_guidance;evidence_preservation,report financial fraud and preserve transaction evidence,reporting_time_sensitive,False,False,False,physical,recent,True,False,False,False,unknown,False,False,financial_fraud_report_preparation,Financial Fraud,,Financial Fraud,
CLS000953,NAR000327_EN,Family Law,Divorce proceedings conflict;family_legal_support,legal_navigation,organise family-law facts and identify support options,legal_aid_or_process_help,False,False,False,physical,recent,False,False,False,False,unknown,False,True,family_legal_aid_intake,Family Law,,Family Law,
CLS000954,NAR000327_HI,Family Law,Divorce proceedings conflict;family_legal_support,legal_navigation,organise family-law facts and identify support options,legal_aid_or_process_help,False,False,False,physical,recent,False,False,False,False,unknown,False,True,family_legal_aid_intake,Family Law,,Family Law,
CLS000955,NAR000328_EN,Financial Fraud,Loan approval scam;financial_loss_or_fraud,reporting_guidance;evidence_preservation,report financial fraud and preserve transaction evidence,reporting_time_sensitive,False,False,False,hybrid,recent,True,False,False,False,unknown,False,True,financial_fraud_report_preparation,Financial Fraud,,Financial Fraud,
CLS000956,NAR000328_HI,Financial Fraud,Loan approval scam;financial_loss_or_fraud,reporting_guidance;evidence_preservation,report financial fraud and preserve transaction evidence,reporting_time_sensitive,False,False,False,hybrid,recent,True,False,False,False,unknown,False,True,financial_fraud_report_preparation,Financial Fraud,,Financial Fraud,
CLS000957,NAR000329_EN,Miscellaneous,Minor civic infrastructure issue;civic_or_public_safety,complaint_followup;legal_navigation,prepare a civic complaint and identify the right authority,legal_aid_or_process_help,False,False,False,physical,recent,False,False,False,False,true,True,True,general_legal_navigation,Miscellaneous,,Miscellaneous,
CLS000958,NAR000329_HI,Miscellaneous,Minor civic infrastructure issue;civic_or_public_safety,complaint_followup;legal_navigation,prepare a civic complaint and identify the right authority,legal_aid_or_process_help,False,False,False,physical,recent,False,False,False,False,true,True,True,general_legal_navigation,Miscellaneous,,Miscellaneous,
CLS000959,NAR000330_EN,Assault & Threats,Online harassment & threats;personal_safety,reporting_guidance;evidence_preservation,document the threat or assault and understand police reporting options,reporting_time_sensitive,False,False,False,online,recent,True,True,False,False,unknown,False,True,police_complaint_preparation,Assault & Threats,,Assault & Threats,
CLS000960,NAR000330_HI,Assault & Threats,Online harassment & threats;personal_safety,reporting_guidance;evidence_preservation,document the threat or assault and understand police reporting options,reporting_time_sensitive,False,False,False,online,recent,True,True,False,False,unknown,False,True,police_complaint_preparation,Assault & Threats,,Assault & Threats,
CLS000961,NAR000331_EN,Financial Fraud,Insurance claim fraud;financial_loss_or_fraud,reporting_guidance;evidence_preservation,report financial fraud and preserve transaction evidence,reporting_time_sensitive,False,False,False,online,recent,True,False,False,False,unknown,False,False,financial_fraud_report_preparation,Financial Fraud,,Financial Fraud,
CLS000962,NAR000331_HI,Financial Fraud,Insurance claim fraud;financial_loss_or_fraud,reporting_guidance;evidence_preservation,report financial fraud and preserve transaction evidence,reporting_time_sensitive,False,False,False,online,recent,True,False,False,False,unknown,False,False,financial_fraud_report_preparation,Financial Fraud,,Financial Fraud,
CLS000963,NAR000332_EN,Assault & Threats,Verbal intimidation;personal_safety,complaint_followup,document the threat or assault and understand police reporting options,legal_aid_or_process_help,False,False,False,hybrid,recent,False,True,False,False,unknown,True,True,police_complaint_preparation,Assault & Threats,,Assault & Threats,
CLS000964,NAR000332_HI,Assault & Threats,Verbal intimidation;personal_safety,complaint_followup,document the threat or assault and understand police reporting options,legal_aid_or_process_help,False,False,False,hybrid,recent,False,True,False,False,unknown,True,True,police_complaint_preparation,Assault & Threats,,Assault & Threats,
CLS000965,NAR000333_EN,Cybercrime,Phishing scam;digital_platform_incident,complaint_followup;evidence_preservation,prepare a cybercrime report and preserve digital evidence,case_preparation,False,False,False,online,past,True,True,False,False,unknown,True,False,cybercrime_report_preparation,Cybercrime,,Cybercrime,
CLS000966,NAR000333_HI,Cybercrime,Phishing scam;digital_platform_incident,complaint_followup;evidence_preservation,prepare a cybercrime report and preserve digital evidence,case_preparation,False,False,False,online,past,True,True,False,False,unknown,True,False,cybercrime_report_preparation,Cybercrime,,Cybercrime,
CLS000967,NAR000334_EN,Family Law,Alimony and maintenance claim;family_legal_support,legal_navigation;evidence_preservation,organise family-law facts and identify support options,legal_aid_or_process_help,False,False,False,hybrid,past,True,False,False,False,unknown,False,True,family_legal_aid_intake,Family Law,,Family Law,
CLS000968,NAR000334_HI,Family Law,Alimony and maintenance claim;family_legal_support,legal_navigation;evidence_preservation,organise family-law facts and identify support options,legal_aid_or_process_help,False,False,False,hybrid,past,True,False,False,False,unknown,False,True,family_legal_aid_intake,Family Law,,Family Law,
CLS000969,NAR000335_EN,Employment/Labour,Safe working conditions violation;workplace_rights,legal_navigation;evidence_preservation,prepare a workplace rights complaint or legal-aid intake,legal_aid_or_process_help,False,False,False,physical,past,True,False,True,False,unknown,False,True,labour_or_workplace_intake,Employment/Labour,,Employment/Labour,
CLS000970,NAR000335_HI,Employment/Labour,Safe working conditions violation;workplace_rights,legal_navigation;evidence_preservation,prepare a workplace rights complaint or legal-aid intake,medical_attention_needed,False,False,True,physical,past,True,False,True,False,unknown,False,True,labour_or_workplace_intake,Employment/Labour,,Employment/Labour,
CLS000971,NAR000336_EN,Theft and robbery,House burglary;property_loss,complaint_followup;evidence_preservation,prepare a theft or robbery complaint and list lost property,case_preparation,False,False,False,physical,recent,True,True,False,False,unknown,True,False,police_complaint_preparation,Theft and robbery,,Theft and robbery,
CLS000972,NAR000336_HI,Theft and robbery,House burglary;property_loss,complaint_followup;evidence_preservation,prepare a theft or robbery complaint and list lost property,case_preparation,False,False,False,physical,recent,True,True,False,False,unknown,True,False,police_complaint_preparation,Theft and robbery,,Theft and robbery,
CLS000973,NAR000337_EN,Assault & Threats,Online harassment & threats;personal_safety,reporting_guidance,document the threat or assault and understand police reporting options,reporting_time_sensitive,False,False,False,online,past,False,True,False,False,unknown,False,False,police_complaint_preparation,Assault & Threats,,Assault & Threats,
CLS000974,NAR000337_HI,Assault & Threats,Online harassment & threats;personal_safety,reporting_guidance,document the threat or assault and understand police reporting options,reporting_time_sensitive,False,False,False,online,past,False,True,False,False,unknown,False,False,police_complaint_preparation,Assault & Threats,,Assault & Threats,
CLS000975,NAR000338_EN,Consumer Disputes,False advertising and misrepresentation;consumer_grievance,complaint_followup;legal_navigation;evidence_preservation,prepare a consumer complaint and identify refund or service remedies,legal_aid_or_process_help,False,False,False,online,past,True,False,False,False,unknown,True,True,consumer_grievance_preparation,Consumer Disputes,,Consumer Disputes,
CLS000976,NAR000338_HI,Consumer Disputes,False advertising and misrepresentation;consumer_grievance,complaint_followup;legal_navigation;evidence_preservation,prepare a consumer complaint and identify refund or service remedies,legal_aid_or_process_help,False,False,False,online,past,True,False,False,False,unknown,True,True,consumer_grievance_preparation,Consumer Disputes,,Consumer Disputes,
CLS000977,NAR000339_EN,Financial Fraud,Loan approval scam;financial_loss_or_fraud,complaint_followup;evidence_preservation,report financial fraud and preserve transaction evidence,legal_aid_or_process_help,False,False,False,online,recent,True,False,False,False,unknown,True,True,financial_fraud_report_preparation,Financial Fraud,,Financial Fraud,
CLS000978,NAR000339_HI,Financial Fraud,Loan approval scam;financial_loss_or_fraud,complaint_followup;evidence_preservation,report financial fraud and preserve transaction evidence,legal_aid_or_process_help,False,False,False,online,recent,True,False,False,False,unknown,True,True,financial_fraud_report_preparation,Financial Fraud,,Financial Fraud,
CLS000979,NAR000340_EN,Financial Fraud,Credit card cloning;financial_loss_or_fraud,reporting_guidance;evidence_preservation,report financial fraud and preserve transaction evidence,reporting_time_sensitive,False,False,False,hybrid,past,True,False,False,False,unknown,False,True,financial_fraud_report_preparation,Financial Fraud,,Financial Fraud,
CLS000980,NAR000340_HI,Financial Fraud,Credit card cloning;financial_loss_or_fraud,reporting_guidance;evidence_preservation,report financial fraud and preserve transaction evidence,reporting_time_sensitive,False,False,False,hybrid,past,True,False,False,False,unknown,False,True,financial_fraud_report_preparation,Financial Fraud,,Financial Fraud,
CLS000981,NAR000341_EN,Employment/Labour,Unpaid wage dispute;workplace_rights,legal_navigation;evidence_preservation,prepare a workplace rights complaint or legal-aid intake,legal_aid_or_process_help,False,False,False,physical,past,True,False,False,False,unknown,False,True,labour_or_workplace_intake,Employment/Labour,,Employment/Labour,
CLS000982,NAR000341_HI,Employment/Labour,Unpaid wage dispute;workplace_rights,legal_navigation;evidence_preservation,prepare a workplace rights complaint or legal-aid intake,legal_aid_or_process_help,False,False,False,physical,past,True,False,False,False,unknown,False,True,labour_or_workplace_intake,Employment/Labour,,Employment/Labour,
CLS000983,NAR000342_EN,Theft and robbery,Shopbreaking;property_loss,reporting_guidance;evidence_preservation,prepare a theft or robbery complaint and list lost property,reporting_time_sensitive,False,False,False,physical,recent,True,True,False,False,unknown,False,True,police_complaint_preparation,Theft and robbery,,Theft and robbery,
CLS000984,NAR000342_HI,Theft and robbery,Shopbreaking;property_loss,reporting_guidance;evidence_preservation,prepare a theft or robbery complaint and list lost property,reporting_time_sensitive,False,False,False,physical,recent,True,True,False,False,unknown,False,True,police_complaint_preparation,Theft and robbery,,Theft and robbery,
CLS000985,NAR000343_EN,Family Law,Restitution of conjugal rights;family_legal_support,legal_navigation,organise family-law facts and identify support options,legal_aid_or_process_help,False,False,False,physical,recent,False,False,False,False,true,False,True,family_legal_aid_intake,Family Law,,Family Law,
CLS000986,NAR000343_HI,Family Law,Restitution of conjugal rights;family_legal_support,legal_navigation,organise family-law facts and identify support options,legal_aid_or_process_help,False,False,False,physical,recent,False,False,False,False,true,False,True,family_legal_aid_intake,Family Law,,Family Law,
CLS000987,NAR000344_EN,Cybercrime,Social media hacking;digital_platform_incident,complaint_followup;evidence_preservation,prepare a cybercrime report and preserve digital evidence,legal_aid_or_process_help,False,False,False,online,recent,False,False,False,False,unknown,True,True,cybercrime_report_preparation,Cybercrime,,Cybercrime,
CLS000988,NAR000344_HI,Cybercrime,Social media hacking;digital_platform_incident,complaint_followup;evidence_preservation,prepare a cybercrime report and preserve digital evidence,legal_aid_or_process_help,False,False,False,online,recent,False,False,False,False,unknown,True,True,cybercrime_report_preparation,Cybercrime,,Cybercrime,
CLS000989,NAR000345_EN,Theft and robbery,Shopbreaking;property_loss,reporting_guidance;evidence_preservation,prepare a theft or robbery complaint and list lost property,reporting_time_sensitive,False,False,False,physical,recent,True,True,False,False,unknown,False,False,police_complaint_preparation,Theft and robbery,,Theft and robbery,
CLS000990,NAR000345_HI,Theft and robbery,Shopbreaking;property_loss,reporting_guidance;evidence_preservation,prepare a theft or robbery complaint and list lost property,reporting_time_sensitive,False,False,False,physical,recent,True,True,False,False,unknown,False,False,police_complaint_preparation,Theft and robbery,,Theft and robbery,
CLS000991,NAR000346_EN,Employment/Labour,Breach of employment contract;workplace_rights,complaint_followup;legal_navigation;evidence_preservation,prepare a workplace rights complaint or legal-aid intake,legal_aid_or_process_help,False,False,False,online,past,True,False,False,False,unknown,True,True,labour_or_workplace_intake,Employment/Labour,,Employment/Labour,
CLS000992,NAR000346_HI,Employment/Labour,Breach of employment contract;workplace_rights,complaint_followup;legal_navigation;evidence_preservation,prepare a workplace rights complaint or legal-aid intake,legal_aid_or_process_help,False,False,False,online,past,True,False,False,False,unknown,True,True,labour_or_workplace_intake,Employment/Labour,,Employment/Labour,
CLS000993,NAR000347_EN,Theft and robbery,House burglary;property_loss,reporting_guidance;evidence_preservation,prepare a theft or robbery complaint and list lost property,reporting_time_sensitive,False,False,False,physical,recent,True,True,False,False,unknown,False,False,police_complaint_preparation,Theft and robbery,,Theft and robbery,
CLS000994,NAR000347_HI,Theft and robbery,House burglary;property_loss,reporting_guidance;evidence_preservation,prepare a theft or robbery complaint and list lost property,reporting_time_sensitive,False,False,False,physical,recent,True,True,False,False,unknown,False,False,police_complaint_preparation,Theft and robbery,,Theft and robbery,
CLS000995,NAR000348_EN,Assault & Threats,Online harassment & threats;personal_safety,complaint_followup;evidence_preservation,document the threat or assault and understand police reporting options,case_preparation,False,False,False,online,recent,True,True,False,False,unknown,True,False,police_complaint_preparation,Assault & Threats,,Assault & Threats,
CLS000996,NAR000348_HI,Assault & Threats,Online harassment & threats;personal_safety,complaint_followup;evidence_preservation,document the threat or assault and understand police reporting options,case_preparation,False,False,False,online,recent,True,True,False,False,unknown,True,False,police_complaint_preparation,Assault & Threats,,Assault & Threats,
CLS000997,NAR000349_EN,Property Disputes,Illegal property possession;property_conflict,complaint_followup;legal_navigation;evidence_preservation,organise property-dispute facts and identify documentation gaps,legal_aid_or_process_help,False,False,False,physical,past,True,True,False,False,unknown,True,True,property_document_review_intake,Property Disputes,,Property Disputes,
CLS000998,NAR000349_HI,Property Disputes,Illegal property possession;property_conflict,complaint_followup;legal_navigation;evidence_preservation,organise property-dispute facts and identify documentation gaps,legal_aid_or_process_help,False,False,False,physical,past,True,True,False,False,unknown,True,True,property_document_review_intake,Property Disputes,,Property Disputes,
CLS000999,NAR000350_EN,Family Law,Divorce proceedings conflict;family_legal_support,legal_navigation,organise family-law facts and identify support options,legal_aid_or_process_help,False,False,False,physical,recent,False,False,False,False,unknown,False,True,family_legal_aid_intake,Family Law,,Family Law,
CLS001000,NAR000350_HI,Family Law,Divorce proceedings conflict;family_legal_support,legal_navigation,organise family-law facts and identify support options,legal_aid_or_process_help,False,False,False,physical,recent,False,False,False,False,unknown,False,True,family_legal_aid_intake,Family Law,,Family Law,
CLS001001,NAR000351_EN,Cybercrime,Social media hacking;digital_platform_incident,reporting_guidance;evidence_preservation,prepare a cybercrime report and preserve digital evidence,reporting_time_sensitive,False,False,False,online,past,False,False,False,False,unknown,False,False,cybercrime_report_preparation,Cybercrime,,Cybercrime,
CLS001002,NAR000351_HI,Cybercrime,Social media hacking;digital_platform_incident,reporting_guidance;evidence_preservation,prepare a cybercrime report and preserve digital evidence,reporting_time_sensitive,False,False,False,online,past,False,False,False,False,unknown,False,False,cybercrime_report_preparation,Cybercrime,,Cybercrime,
CLS001003,NAR000352_EN,Financial Fraud,Credit card cloning;financial_loss_or_fraud,complaint_followup;evidence_preservation,report financial fraud and preserve transaction evidence,legal_aid_or_process_help,False,False,False,physical,recent,True,True,False,False,unknown,True,True,financial_fraud_report_preparation,Financial Fraud,,Financial Fraud,
CLS001004,NAR000352_HI,Financial Fraud,Credit card cloning;financial_loss_or_fraud,complaint_followup;evidence_preservation,report financial fraud and preserve transaction evidence,legal_aid_or_process_help,False,False,False,physical,recent,True,True,False,False,unknown,True,True,financial_fraud_report_preparation,Financial Fraud,,Financial Fraud,
CLS001005,NAR000353_EN,Cybercrime,Cyberstalking;digital_platform_incident,reporting_guidance;evidence_preservation,prepare a cybercrime report and preserve digital evidence,reporting_time_sensitive,False,False,False,hybrid,past,True,True,False,False,unknown,False,True,cybercrime_report_preparation,Cybercrime,,Cybercrime,
CLS001006,NAR000353_HI,Cybercrime,Cyberstalking;digital_platform_incident,reporting_guidance;evidence_preservation,prepare a cybercrime report and preserve digital evidence,reporting_time_sensitive,False,False,False,hybrid,past,True,True,False,False,unknown,False,True,cybercrime_report_preparation,Cybercrime,,Cybercrime,
CLS001007,NAR000354_EN,Property Disputes,Land encroachment;property_conflict,legal_navigation;evidence_preservation,organise property-dispute facts and identify documentation gaps,legal_aid_or_process_help,False,False,False,physical,recent,True,True,False,False,unknown,False,True,property_document_review_intake,Property Disputes,,Property Disputes,
CLS001008,NAR000354_HI,Property Disputes,Land encroachment;property_conflict,legal_navigation;evidence_preservation,organise property-dispute facts and identify documentation gaps,legal_aid_or_process_help,False,False,False,physical,recent,True,True,False,False,unknown,False,True,property_document_review_intake,Property Disputes,,Property Disputes,
CLS001009,NAR000355_EN,Cybercrime,Online banking fraud;digital_platform_incident,reporting_guidance;evidence_preservation,prepare a cybercrime report and preserve digital evidence,reporting_time_sensitive,False,False,False,online,recent,True,False,False,False,unknown,False,True,cybercrime_report_preparation,Cybercrime,,Cybercrime,
CLS001010,NAR000355_HI,Cybercrime,Online banking fraud;digital_platform_incident,reporting_guidance;evidence_preservation,prepare a cybercrime report and preserve digital evidence,reporting_time_sensitive,False,False,False,online,recent,True,False,False,False,unknown,False,True,cybercrime_report_preparation,Cybercrime,,Cybercrime,
CLS001011,NAR000356_EN,Theft and robbery,Chain snatching;property_loss,complaint_followup;evidence_preservation,prepare a theft or robbery complaint and list lost property,case_preparation,False,False,False,physical,recent,True,True,False,False,unknown,True,False,police_complaint_preparation,Theft and robbery,,Theft and robbery,
CLS001012,NAR000356_HI,Theft and robbery,Chain snatching;property_loss,complaint_followup;evidence_preservation,prepare a theft or robbery complaint and list lost property,case_preparation,False,False,False,physical,recent,True,True,False,False,unknown,True,False,police_complaint_preparation,Theft and robbery,,Theft and robbery,
CLS001013,NAR000357_EN,Property Disputes,Boundary wall dispute;property_conflict,legal_navigation;evidence_preservation,organise property-dispute facts and identify documentation gaps,legal_aid_or_process_help,False,False,False,physical,recent,True,False,True,False,unknown,False,True,property_document_review_intake,Property Disputes,,Property Disputes,
CLS001014,NAR000357_HI,Property Disputes,Boundary wall dispute;property_conflict,legal_navigation;evidence_preservation,organise property-dispute facts and identify documentation gaps,medical_attention_needed,False,False,True,physical,recent,True,False,True,False,unknown,False,True,property_document_review_intake,Property Disputes,,Property Disputes,
CLS001015,NAR000358_EN,Financial Fraud,Cheque forgery;financial_loss_or_fraud,complaint_followup;evidence_preservation,report financial fraud and preserve transaction evidence,legal_aid_or_process_help,False,False,False,physical,recent,True,True,False,False,unknown,True,True,financial_fraud_report_preparation,Financial Fraud,,Financial Fraud,
CLS001016,NAR000358_HI,Financial Fraud,Cheque forgery;financial_loss_or_fraud,complaint_followup;evidence_preservation,report financial fraud and preserve transaction evidence,legal_aid_or_process_help,False,False,False,physical,recent,True,True,False,False,unknown,True,True,financial_fraud_report_preparation,Financial Fraud,,Financial Fraud,
CLS001017,NAR000359_EN,Family Law,Alimony and maintenance claim;family_legal_support,legal_navigation;evidence_preservation,organise family-law facts and identify support options,legal_aid_or_process_help,False,False,False,online,recent,True,False,False,False,true,False,True,family_legal_aid_intake,Family Law,,Family Law,
CLS001018,NAR000359_HI,Family Law,Alimony and maintenance claim;family_legal_support,legal_navigation;evidence_preservation,organise family-law facts and identify support options,legal_aid_or_process_help,False,False,False,online,recent,True,False,False,False,true,False,True,family_legal_aid_intake,Family Law,,Family Law,
CLS001019,NAR000360_EN,Theft and robbery,House burglary;property_loss,reporting_guidance;evidence_preservation,prepare a theft or robbery complaint and list lost property,reporting_time_sensitive,False,False,False,physical,past,True,False,False,False,unknown,False,True,police_complaint_preparation,Theft and robbery,,Theft and robbery,
CLS001020,NAR000360_HI,Theft and robbery,House burglary;property_loss,reporting_guidance;evidence_preservation,prepare a theft or robbery complaint and list lost property,reporting_time_sensitive,False,False,False,physical,past,True,False,False,False,unknown,False,True,police_complaint_preparation,Theft and robbery,,Theft and robbery,
CLS001021,NAR000361_EN,Cybercrime,Identity theft;digital_platform_incident,complaint_followup;evidence_preservation,prepare a cybercrime report and preserve digital evidence,case_preparation,False,False,False,hybrid,recent,False,True,False,False,unknown,True,False,cybercrime_report_preparation,Cybercrime,,Cybercrime,
CLS001022,NAR000361_HI,Cybercrime,Identity theft;digital_platform_incident,complaint_followup;evidence_preservation,prepare a cybercrime report and preserve digital evidence,case_preparation,False,False,False,hybrid,recent,False,True,False,False,unknown,True,False,cybercrime_report_preparation,Cybercrime,,Cybercrime,
CLS001023,NAR000362_EN,Theft and robbery,Vehicle theft;property_loss,complaint_followup;evidence_preservation,prepare a theft or robbery complaint and list lost property,case_preparation,False,False,False,physical,past,True,True,False,False,unknown,True,False,police_complaint_preparation,Theft and robbery,,Theft and robbery,
CLS001024,NAR000362_HI,Theft and robbery,Vehicle theft;property_loss,complaint_followup;evidence_preservation,prepare a theft or robbery complaint and list lost property,case_preparation,False,False,False,physical,past,True,True,False,False,unknown,True,False,police_complaint_preparation,Theft and robbery,,Theft and robbery,
CLS001025,NAR000363_EN,Consumer Disputes,Overcharging and hidden fees;consumer_grievance,legal_navigation;evidence_preservation,prepare a consumer complaint and identify refund or service remedies,legal_aid_or_process_help,False,False,False,physical,past,True,True,False,False,unknown,False,True,consumer_grievance_preparation,Consumer Disputes,,Consumer Disputes,
CLS001026,NAR000363_HI,Consumer Disputes,Overcharging and hidden fees;consumer_grievance,legal_navigation;evidence_preservation,prepare a consumer complaint and identify refund or service remedies,legal_aid_or_process_help,False,False,False,physical,past,True,True,False,False,unknown,False,True,consumer_grievance_preparation,Consumer Disputes,,Consumer Disputes,
CLS001027,NAR000364_EN,Cybercrime,Online banking fraud;digital_platform_incident,reporting_guidance;evidence_preservation,prepare a cybercrime report and preserve digital evidence,reporting_time_sensitive,False,False,False,online,recent,True,False,False,False,unknown,False,True,cybercrime_report_preparation,Cybercrime,,Cybercrime,
CLS001028,NAR000364_HI,Cybercrime,Online banking fraud;digital_platform_incident,reporting_guidance;evidence_preservation,prepare a cybercrime report and preserve digital evidence,reporting_time_sensitive,False,False,False,online,recent,True,False,False,False,unknown,False,True,cybercrime_report_preparation,Cybercrime,,Cybercrime,
CLS001029,NAR000365_EN,Property Disputes,Inheritance property claim;property_conflict,legal_navigation;evidence_preservation,organise property-dispute facts and identify documentation gaps,legal_aid_or_process_help,False,False,False,hybrid,recent,True,False,False,False,unknown,False,True,property_document_review_intake,Property Disputes,,Property Disputes,
CLS001030,NAR000365_HI,Property Disputes,Inheritance property claim;property_conflict,legal_navigation;evidence_preservation,organise property-dispute facts and identify documentation gaps,legal_aid_or_process_help,False,False,False,hybrid,recent,True,False,False,False,unknown,False,True,property_document_review_intake,Property Disputes,,Property Disputes,
CLS001031,NAR000366_EN,Domestic Violence,Spousal physical abuse;domestic_safety,reporting_guidance;evidence_preservation,seek safety-focused help and prepare a support or complaint record,reporting_time_sensitive,False,False,False,physical,past,True,True,True,False,unknown,False,False,police_complaint_preparation,Domestic Violence,,Domestic Violence,
CLS001032,NAR000366_HI,Domestic Violence,Spousal physical abuse;domestic_safety,reporting_guidance;evidence_preservation,seek safety-focused help and prepare a support or complaint record,medical_attention_needed,False,False,True,physical,past,True,True,True,False,unknown,False,False,police_complaint_preparation,Domestic Violence,,Domestic Violence,
CLS001033,NAR000367_EN,Consumer Disputes,Expired or contaminated goods sale;consumer_grievance,complaint_followup;legal_navigation;evidence_preservation,prepare a consumer complaint and identify refund or service remedies,legal_aid_or_process_help,False,False,False,physical,past,True,False,True,False,unknown,True,True,consumer_grievance_preparation,Consumer Disputes,,Consumer Disputes,
CLS001034,NAR000367_HI,Consumer Disputes,Expired or contaminated goods sale;consumer_grievance,complaint_followup;legal_navigation;evidence_preservation,prepare a consumer complaint and identify refund or service remedies,medical_attention_needed,False,False,True,physical,past,True,False,True,False,unknown,True,True,consumer_grievance_preparation,Consumer Disputes,,Consumer Disputes,
CLS001035,NAR000368_EN,Family Law,Child custody dispute;family_legal_support,complaint_followup;legal_navigation;evidence_preservation,organise family-law facts and identify support options,legal_aid_or_process_help,False,False,False,physical,past,True,False,False,False,true,True,True,family_legal_aid_intake,Family Law,,Family Law,
CLS001036,NAR000368_HI,Family Law,Child custody dispute;family_legal_support,complaint_followup;legal_navigation;evidence_preservation,organise family-law facts and identify support options,legal_aid_or_process_help,False,False,False,physical,past,True,False,False,False,true,True,True,family_legal_aid_intake,Family Law,,Family Law,
CLS001037,NAR000369_EN,Employment/Labour,Unpaid wage dispute;workplace_rights,legal_navigation;evidence_preservation,prepare a workplace rights complaint or legal-aid intake,legal_aid_or_process_help,False,False,False,hybrid,recent,True,False,False,False,unknown,False,True,labour_or_workplace_intake,Employment/Labour,,Employment/Labour,
CLS001038,NAR000369_HI,Employment/Labour,Unpaid wage dispute;workplace_rights,legal_navigation;evidence_preservation,prepare a workplace rights complaint or legal-aid intake,legal_aid_or_process_help,False,False,False,hybrid,recent,True,False,False,False,unknown,False,True,labour_or_workplace_intake,Employment/Labour,,Employment/Labour,
CLS001039,NAR000370_EN,Family Law,Guardianship dispute;family_legal_support,complaint_followup;legal_navigation,organise family-law facts and identify support options,legal_aid_or_process_help,False,False,False,hybrid,past,False,True,False,False,unknown,True,True,family_legal_aid_intake,Family Law,,Family Law,
CLS001040,NAR000370_HI,Family Law,Guardianship dispute;family_legal_support,complaint_followup;legal_navigation,organise family-law facts and identify support options,legal_aid_or_process_help,False,False,False,hybrid,past,False,True,False,False,unknown,True,True,family_legal_aid_intake,Family Law,,Family Law,
CLS001041,NAR000371_EN,Property Disputes,Tenant-landlord conflict;property_conflict,legal_navigation;evidence_preservation,organise property-dispute facts and identify documentation gaps,legal_aid_or_process_help,False,False,False,physical,past,True,True,False,False,unknown,False,True,property_document_review_intake,Property Disputes,,Property Disputes,
CLS001042,NAR000371_HI,Property Disputes,Tenant-landlord conflict;property_conflict,legal_navigation;evidence_preservation,organise property-dispute facts and identify documentation gaps,legal_aid_or_process_help,False,False,False,physical,past,True,True,False,False,unknown,False,True,property_document_review_intake,Property Disputes,,Property Disputes,
CLS001043,NAR000372_EN,Cybercrime,Phishing scam;digital_platform_incident,complaint_followup;evidence_preservation,prepare a cybercrime report and preserve digital evidence,case_preparation,False,False,False,online,past,True,True,False,False,unknown,True,False,cybercrime_report_preparation,Cybercrime,,Cybercrime,
CLS001044,NAR000372_HI,Cybercrime,Phishing scam;digital_platform_incident,complaint_followup;evidence_preservation,prepare a cybercrime report and preserve digital evidence,case_preparation,False,False,False,online,past,True,True,False,False,unknown,True,False,cybercrime_report_preparation,Cybercrime,,Cybercrime,
CLS001045,NAR000373_EN,Cybercrime,Ransomware attack;digital_platform_incident,reporting_guidance;evidence_preservation,prepare a cybercrime report and preserve digital evidence,reporting_time_sensitive,False,False,False,online,recent,True,True,False,False,unknown,False,True,cybercrime_report_preparation,Cybercrime,,Cybercrime,
CLS001046,NAR000373_HI,Cybercrime,Ransomware attack;digital_platform_incident,reporting_guidance;evidence_preservation,prepare a cybercrime report and preserve digital evidence,reporting_time_sensitive,False,False,False,online,recent,True,True,False,False,unknown,False,True,cybercrime_report_preparation,Cybercrime,,Cybercrime,
CLS001047,NAR000374_EN,Domestic Violence,Spousal physical abuse;domestic_safety,complaint_followup;evidence_preservation,seek safety-focused help and prepare a support or complaint record,case_preparation,False,False,False,physical,past,True,True,True,False,unknown,True,False,police_complaint_preparation,Domestic Violence,,Domestic Violence,
CLS001048,NAR000374_HI,Domestic Violence,Spousal physical abuse;domestic_safety,complaint_followup;evidence_preservation,seek safety-focused help and prepare a support or complaint record,medical_attention_needed,False,False,True,physical,past,True,True,True,False,unknown,True,False,police_complaint_preparation,Domestic Violence,,Domestic Violence,
CLS001049,NAR000375_EN,Family Law,Restitution of conjugal rights;family_legal_support,legal_navigation,organise family-law facts and identify support options,legal_aid_or_process_help,False,False,False,physical,past,False,False,False,False,unknown,False,True,family_legal_aid_intake,Family Law,,Family Law,
CLS001050,NAR000375_HI,Family Law,Restitution of conjugal rights;family_legal_support,legal_navigation,organise family-law facts and identify support options,legal_aid_or_process_help,False,False,False,physical,past,False,False,False,False,unknown,False,True,family_legal_aid_intake,Family Law,,Family Law,
CLS001051,NAR000376_EN,Employment/Labour,Breach of employment contract;workplace_rights,legal_navigation;evidence_preservation,prepare a workplace rights complaint or legal-aid intake,legal_aid_or_process_help,False,False,False,online,past,True,False,False,False,unknown,False,True,labour_or_workplace_intake,Employment/Labour,,Employment/Labour,
CLS001052,NAR000376_HI,Employment/Labour,Breach of employment contract;workplace_rights,legal_navigation;evidence_preservation,prepare a workplace rights complaint or legal-aid intake,legal_aid_or_process_help,False,False,False,online,past,True,False,False,False,unknown,False,True,labour_or_workplace_intake,Employment/Labour,,Employment/Labour,
CLS001053,NAR000377_EN,Theft and robbery,Online phishing theft;property_loss,reporting_guidance;evidence_preservation,prepare a theft or robbery complaint and list lost property,reporting_time_sensitive,False,False,False,hybrid,past,True,False,False,False,unknown,False,True,police_complaint_preparation,Theft and robbery,,Theft and robbery,
CLS001054,NAR000377_HI,Theft and robbery,Online phishing theft;property_loss,reporting_guidance;evidence_preservation,prepare a theft or robbery complaint and list lost property,reporting_time_sensitive,False,False,False,hybrid,past,True,False,False,False,unknown,False,True,police_complaint_preparation,Theft and robbery,,Theft and robbery,
CLS001055,NAR000378_EN,Property Disputes,Boundary wall dispute;property_conflict,legal_navigation;evidence_preservation,organise property-dispute facts and identify documentation gaps,legal_aid_or_process_help,False,False,False,physical,past,True,True,True,False,unknown,False,True,property_document_review_intake,Property Disputes,,Property Disputes,
CLS001056,NAR000378_HI,Property Disputes,Boundary wall dispute;property_conflict,legal_navigation;evidence_preservation,organise property-dispute facts and identify documentation gaps,medical_attention_needed,False,False,True,physical,past,True,True,True,False,unknown,False,True,property_document_review_intake,Property Disputes,,Property Disputes,
CLS001057,NAR000379_EN,Property Disputes,Land encroachment;property_conflict,complaint_followup;legal_navigation;evidence_preservation,organise property-dispute facts and identify documentation gaps,legal_aid_or_process_help,False,False,False,physical,recent,True,True,False,False,unknown,True,True,property_document_review_intake,Property Disputes,,Property Disputes,
CLS001058,NAR000379_HI,Property Disputes,Land encroachment;property_conflict,complaint_followup;legal_navigation;evidence_preservation,organise property-dispute facts and identify documentation gaps,legal_aid_or_process_help,False,False,False,physical,recent,True,True,False,False,unknown,True,True,property_document_review_intake,Property Disputes,,Property Disputes,
CLS001059,NAR000380_EN,Theft and robbery,Chain snatching;property_loss,reporting_guidance;evidence_preservation,prepare a theft or robbery complaint and list lost property,reporting_time_sensitive,False,False,False,physical,past,True,True,False,False,unknown,False,True,police_complaint_preparation,Theft and robbery,,Theft and robbery,
CLS001060,NAR000380_HI,Theft and robbery,Chain snatching;property_loss,reporting_guidance;evidence_preservation,prepare a theft or robbery complaint and list lost property,reporting_time_sensitive,False,False,False,physical,past,True,True,False,False,unknown,False,True,police_complaint_preparation,Theft and robbery,,Theft and robbery,
CLS001061,NAR000381_EN,Theft and robbery,Shopbreaking;property_loss,reporting_guidance;evidence_preservation,prepare a theft or robbery complaint and list lost property,reporting_time_sensitive,False,False,False,physical,recent,True,False,False,False,unknown,False,True,police_complaint_preparation,Theft and robbery,,Theft and robbery,
CLS001062,NAR000381_HI,Theft and robbery,Shopbreaking;property_loss,reporting_guidance;evidence_preservation,prepare a theft or robbery complaint and list lost property,reporting_time_sensitive,False,False,False,physical,recent,True,False,False,False,unknown,False,True,police_complaint_preparation,Theft and robbery,,Theft and robbery,
CLS001063,NAR000382_EN,Miscellaneous,Noise pollution grievance;civic_or_public_safety,legal_navigation;evidence_preservation,prepare a civic complaint and identify the right authority,case_preparation,False,False,False,physical,recent,True,False,False,False,unknown,False,False,general_legal_navigation,Miscellaneous,,Miscellaneous,
CLS001064,NAR000382_HI,Miscellaneous,Noise pollution grievance;civic_or_public_safety,legal_navigation;evidence_preservation,prepare a civic complaint and identify the right authority,case_preparation,False,False,False,physical,recent,True,False,False,False,unknown,False,False,general_legal_navigation,Miscellaneous,,Miscellaneous,
CLS001065,NAR000383_EN,Traffic & Road Incidents,Reckless driving confrontation;traffic_or_road_safety,complaint_followup;evidence_preservation,document the road incident and understand reporting options,legal_aid_or_process_help,False,False,False,physical,recent,True,True,True,False,unknown,True,True,traffic_incident_documentation,Traffic & Road Incidents,,Traffic & Road Incidents,
CLS001066,NAR000383_HI,Traffic & Road Incidents,Reckless driving confrontation;traffic_or_road_safety,complaint_followup;evidence_preservation,document the road incident and understand reporting options,medical_attention_needed,False,False,True,physical,recent,True,True,True,False,unknown,True,True,traffic_incident_documentation,Traffic & Road Incidents,,Traffic & Road Incidents,
CLS001067,NAR000384_EN,Cybercrime,Identity theft;digital_platform_incident,reporting_guidance;evidence_preservation,prepare a cybercrime report and preserve digital evidence,reporting_time_sensitive,False,False,False,online,recent,True,True,False,False,unknown,False,True,cybercrime_report_preparation,Cybercrime,,Cybercrime,
CLS001068,NAR000384_HI,Cybercrime,Identity theft;digital_platform_incident,reporting_guidance;evidence_preservation,prepare a cybercrime report and preserve digital evidence,reporting_time_sensitive,False,False,False,online,recent,True,True,False,False,unknown,False,True,cybercrime_report_preparation,Cybercrime,,Cybercrime,
CLS001069,NAR000385_EN,Domestic Violence,Dowry harassment;domestic_safety,complaint_followup;evidence_preservation,seek safety-focused help and prepare a support or complaint record,case_preparation,False,False,False,hybrid,past,True,True,False,False,unknown,True,False,police_complaint_preparation,Domestic Violence,,Domestic Violence,
CLS001070,NAR000385_HI,Domestic Violence,Dowry harassment;domestic_safety,complaint_followup;evidence_preservation,seek safety-focused help and prepare a support or complaint record,case_preparation,False,False,False,hybrid,past,True,True,False,False,unknown,True,False,police_complaint_preparation,Domestic Violence,,Domestic Violence,
CLS001071,NAR000386_EN,Financial Fraud,Credit card cloning;financial_loss_or_fraud,complaint_followup;evidence_preservation,report financial fraud and preserve transaction evidence,legal_aid_or_process_help,False,False,False,hybrid,recent,True,False,False,False,unknown,True,True,financial_fraud_report_preparation,Financial Fraud,,Financial Fraud,
CLS001072,NAR000386_HI,Financial Fraud,Credit card cloning;financial_loss_or_fraud,complaint_followup;evidence_preservation,report financial fraud and preserve transaction evidence,legal_aid_or_process_help,False,False,False,hybrid,recent,True,False,False,False,unknown,True,True,financial_fraud_report_preparation,Financial Fraud,,Financial Fraud,
CLS001073,NAR000387_EN,Assault & Threats,Online harassment & threats;personal_safety,complaint_followup,document the threat or assault and understand police reporting options,case_preparation,False,False,False,online,past,False,True,False,False,unknown,True,False,police_complaint_preparation,Assault & Threats,,Assault & Threats,
CLS001074,NAR000387_HI,Assault & Threats,Online harassment & threats;personal_safety,complaint_followup,document the threat or assault and understand police reporting options,case_preparation,False,False,False,online,past,False,True,False,False,unknown,True,False,police_complaint_preparation,Assault & Threats,,Assault & Threats,
CLS001075,NAR000388_EN,Domestic Violence,Economic deprivation;domestic_safety,reporting_guidance;evidence_preservation,seek safety-focused help and prepare a support or complaint record,reporting_time_sensitive,False,False,False,physical,past,True,True,False,False,unknown,False,True,police_complaint_preparation,Domestic Violence,,Domestic Violence,
CLS001076,NAR000388_HI,Domestic Violence,Economic deprivation;domestic_safety,reporting_guidance;evidence_preservation,seek safety-focused help and prepare a support or complaint record,reporting_time_sensitive,False,False,False,physical,past,True,True,False,False,unknown,False,True,police_complaint_preparation,Domestic Violence,,Domestic Violence,
CLS001077,NAR000389_EN,Cybercrime,Phishing scam;digital_platform_incident,complaint_followup;evidence_preservation,prepare a cybercrime report and preserve digital evidence,legal_aid_or_process_help,False,False,False,online,recent,True,False,False,False,unknown,True,True,cybercrime_report_preparation,Cybercrime,,Cybercrime,
CLS001078,NAR000389_HI,Cybercrime,Phishing scam;digital_platform_incident,complaint_followup;evidence_preservation,prepare a cybercrime report and preserve digital evidence,legal_aid_or_process_help,False,False,False,online,recent,True,False,False,False,unknown,True,True,cybercrime_report_preparation,Cybercrime,,Cybercrime,
CLS001079,NAR000390_EN,Theft and robbery,Armed robbery;property_loss,complaint_followup;evidence_preservation,prepare a theft or robbery complaint and list lost property,case_preparation,False,False,False,physical,past,True,True,True,True,unknown,True,False,police_complaint_preparation,Theft and robbery,,Theft and robbery,
CLS001080,NAR000390_HI,Theft and robbery,Armed robbery;property_loss,complaint_followup;evidence_preservation,prepare a theft or robbery complaint and list lost property,medical_attention_needed,False,False,True,physical,past,True,True,True,True,unknown,True,False,police_complaint_preparation,Theft and robbery,,Theft and robbery,
CLS001081,NAR000391_EN,Miscellaneous,Public nuisance dispute;civic_or_public_safety,legal_navigation;evidence_preservation,prepare a civic complaint and identify the right authority,legal_aid_or_process_help,False,False,False,physical,recent,True,False,False,False,true,False,True,general_legal_navigation,Miscellaneous,,Miscellaneous,
CLS001082,NAR000391_HI,Miscellaneous,Public nuisance dispute;civic_or_public_safety,legal_navigation;evidence_preservation,prepare a civic complaint and identify the right authority,legal_aid_or_process_help,False,False,False,physical,recent,True,False,False,False,true,False,True,general_legal_navigation,Miscellaneous,,Miscellaneous,
CLS001083,NAR000392_EN,Property Disputes,Illegal property possession;property_conflict,complaint_followup;legal_navigation;evidence_preservation,organise property-dispute facts and identify documentation gaps,legal_aid_or_process_help,False,False,False,physical,recent,True,True,False,False,unknown,True,True,property_document_review_intake,Property Disputes,,Property Disputes,
CLS001084,NAR000392_HI,Property Disputes,Illegal property possession;property_conflict,complaint_followup;legal_navigation;evidence_preservation,organise property-dispute facts and identify documentation gaps,legal_aid_or_process_help,False,False,False,physical,recent,True,True,False,False,unknown,True,True,property_document_review_intake,Property Disputes,,Property Disputes,
CLS001085,NAR000393_EN,Theft and robbery,Online phishing theft;property_loss,complaint_followup;evidence_preservation,prepare a theft or robbery complaint and list lost property,case_preparation,False,False,False,hybrid,recent,True,True,False,False,unknown,True,False,police_complaint_preparation,Theft and robbery,,Theft and robbery,
CLS001086,NAR000393_HI,Theft and robbery,Online phishing theft;property_loss,complaint_followup;evidence_preservation,prepare a theft or robbery complaint and list lost property,case_preparation,False,False,False,hybrid,recent,True,True,False,False,unknown,True,False,police_complaint_preparation,Theft and robbery,,Theft and robbery,
CLS001087,NAR000394_EN,Miscellaneous,Lost item reporting;civic_or_public_safety,complaint_followup;legal_navigation;evidence_preservation,prepare a civic complaint and identify the right authority,legal_aid_or_process_help,False,False,False,physical,past,True,False,False,False,unknown,True,True,general_legal_navigation,Miscellaneous,,Miscellaneous,
CLS001088,NAR000394_HI,Miscellaneous,Lost item reporting;civic_or_public_safety,complaint_followup;legal_navigation;evidence_preservation,prepare a civic complaint and identify the right authority,legal_aid_or_process_help,False,False,False,physical,past,True,False,False,False,unknown,True,True,general_legal_navigation,Miscellaneous,,Miscellaneous,
CLS001089,NAR000395_EN,Traffic & Road Incidents,Drunk driving accident;traffic_or_road_safety,complaint_followup;evidence_preservation,document the road incident and understand reporting options,medical_attention_needed,False,False,True,physical,recent,True,False,True,False,unknown,True,False,traffic_incident_documentation,Traffic & Road Incidents,,Traffic & Road Incidents,
CLS001090,NAR000395_HI,Traffic & Road Incidents,Drunk driving accident;traffic_or_road_safety,complaint_followup;evidence_preservation,document the road incident and understand reporting options,medical_attention_needed,False,False,True,physical,recent,True,False,True,False,unknown,True,False,traffic_incident_documentation,Traffic & Road Incidents,,Traffic & Road Incidents,
CLS001091,NAR000396_EN,Miscellaneous,Minor civic infrastructure issue;civic_or_public_safety,legal_navigation,prepare a civic complaint and identify the right authority,legal_aid_or_process_help,False,False,False,physical,recent,False,False,False,False,true,False,True,general_legal_navigation,Miscellaneous,,Miscellaneous,
CLS001092,NAR000396_HI,Miscellaneous,Minor civic infrastructure issue;civic_or_public_safety,legal_navigation,prepare a civic complaint and identify the right authority,legal_aid_or_process_help,False,False,False,physical,recent,False,False,False,False,true,False,True,general_legal_navigation,Miscellaneous,,Miscellaneous,
CLS001093,NAR000397_EN,Miscellaneous,Minor civic infrastructure issue;civic_or_public_safety,complaint_followup;legal_navigation;evidence_preservation,prepare a civic complaint and identify the right authority,legal_aid_or_process_help,False,False,False,physical,past,True,False,False,False,true,True,True,general_legal_navigation,Miscellaneous,,Miscellaneous,
CLS001094,NAR000397_HI,Miscellaneous,Minor civic infrastructure issue;civic_or_public_safety,complaint_followup;legal_navigation;evidence_preservation,prepare a civic complaint and identify the right authority,legal_aid_or_process_help,False,False,False,physical,past,True,False,False,False,true,True,True,general_legal_navigation,Miscellaneous,,Miscellaneous,
CLS001095,NAR000398_EN,Traffic & Road Incidents,Hit and run collision;traffic_or_road_safety,complaint_followup;evidence_preservation,document the road incident and understand reporting options,case_preparation,False,False,False,physical,past,True,False,False,False,unknown,True,False,traffic_incident_documentation,Traffic & Road Incidents,,Traffic & Road Incidents,
CLS001096,NAR000398_HI,Traffic & Road Incidents,Hit and run collision;traffic_or_road_safety,complaint_followup;evidence_preservation,document the road incident and understand reporting options,case_preparation,False,False,False,physical,past,True,False,False,False,unknown,True,False,traffic_incident_documentation,Traffic & Road Incidents,,Traffic & Road Incidents,
CLS001097,NAR000399_EN,Family Law,Restitution of conjugal rights;family_legal_support,complaint_followup;legal_navigation,organise family-law facts and identify support options,legal_aid_or_process_help,False,False,False,physical,recent,False,False,False,False,unknown,True,True,family_legal_aid_intake,Family Law,,Family Law,
CLS001098,NAR000399_HI,Family Law,Restitution of conjugal rights;family_legal_support,complaint_followup;legal_navigation,organise family-law facts and identify support options,legal_aid_or_process_help,False,False,False,physical,recent,False,False,False,False,unknown,True,True,family_legal_aid_intake,Family Law,,Family Law,
CLS001099,NAR000400_EN,Theft and robbery,Chain snatching;property_loss,complaint_followup;evidence_preservation,prepare a theft or robbery complaint and list lost property,case_preparation,False,False,False,physical,recent,True,True,False,False,unknown,True,False,police_complaint_preparation,Theft and robbery,,Theft and robbery,
CLS001100,NAR000400_HI,Theft and robbery,Chain snatching;property_loss,complaint_followup;evidence_preservation,prepare a theft or robbery complaint and list lost property,case_preparation,False,False,False,physical,recent,True,True,False,False,unknown,True,False,police_complaint_preparation,Theft and robbery,,Theft and robbery,
CLS001101,NAR000401_EN,Theft and robbery,Online phishing theft;property_loss,complaint_followup;evidence_preservation,prepare a theft or robbery complaint and list lost property,case_preparation,False,False,False,hybrid,recent,True,True,False,False,unknown,True,False,police_complaint_preparation,Theft and robbery,,Theft and robbery,
CLS001102,NAR000401_HI,Theft and robbery,Online phishing theft;property_loss,complaint_followup;evidence_preservation,prepare a theft or robbery complaint and list lost property,case_preparation,False,False,False,hybrid,recent,True,True,False,False,unknown,True,False,police_complaint_preparation,Theft and robbery,,Theft and robbery,
CLS001103,NAR000402_EN,Miscellaneous,Minor civic infrastructure issue;civic_or_public_safety,complaint_followup;legal_navigation;evidence_preservation,prepare a civic complaint and identify the right authority,legal_aid_or_process_help,False,False,False,physical,recent,True,False,False,False,true,True,True,general_legal_navigation,Miscellaneous,,Miscellaneous,
CLS001104,NAR000402_HI,Miscellaneous,Minor civic infrastructure issue;civic_or_public_safety,complaint_followup;legal_navigation;evidence_preservation,prepare a civic complaint and identify the right authority,legal_aid_or_process_help,False,False,False,physical,recent,True,False,False,False,true,True,True,general_legal_navigation,Miscellaneous,,Miscellaneous,
CLS001105,NAR000403_EN,Consumer Disputes,Overcharging and hidden fees;consumer_grievance,legal_navigation;evidence_preservation,prepare a consumer complaint and identify refund or service remedies,legal_aid_or_process_help,False,False,False,physical,past,True,False,False,False,unknown,False,True,consumer_grievance_preparation,Consumer Disputes,,Consumer Disputes,
CLS001106,NAR000403_HI,Consumer Disputes,Overcharging and hidden fees;consumer_grievance,legal_navigation;evidence_preservation,prepare a consumer complaint and identify refund or service remedies,legal_aid_or_process_help,False,False,False,physical,past,True,False,False,False,unknown,False,True,consumer_grievance_preparation,Consumer Disputes,,Consumer Disputes,
CLS001107,NAR000404_EN,Cybercrime,Social media hacking;digital_platform_incident,reporting_guidance;evidence_preservation,prepare a cybercrime report and preserve digital evidence,reporting_time_sensitive,False,False,False,online,recent,False,True,False,False,unknown,False,False,cybercrime_report_preparation,Cybercrime,,Cybercrime,
CLS001108,NAR000404_HI,Cybercrime,Social media hacking;digital_platform_incident,reporting_guidance;evidence_preservation,prepare a cybercrime report and preserve digital evidence,reporting_time_sensitive,False,False,False,online,recent,False,True,False,False,unknown,False,False,cybercrime_report_preparation,Cybercrime,,Cybercrime,
CLS001109,NAR000405_EN,Property Disputes,Tenant-landlord conflict;property_conflict,legal_navigation;evidence_preservation,organise property-dispute facts and identify documentation gaps,legal_aid_or_process_help,False,False,False,hybrid,past,True,True,False,False,unknown,False,True,property_document_review_intake,Property Disputes,,Property Disputes,
CLS001110,NAR000405_HI,Property Disputes,Tenant-landlord conflict;property_conflict,legal_navigation;evidence_preservation,organise property-dispute facts and identify documentation gaps,legal_aid_or_process_help,False,False,False,hybrid,past,True,True,False,False,unknown,False,True,property_document_review_intake,Property Disputes,,Property Disputes,
CLS001111,NAR000406_EN,Property Disputes,Tenant-landlord conflict;property_conflict,complaint_followup;legal_navigation;evidence_preservation,organise property-dispute facts and identify documentation gaps,legal_aid_or_process_help,False,False,False,hybrid,recent,True,False,False,False,unknown,True,True,property_document_review_intake,Property Disputes,,Property Disputes,
CLS001112,NAR000406_HI,Property Disputes,Tenant-landlord conflict;property_conflict,complaint_followup;legal_navigation;evidence_preservation,organise property-dispute facts and identify documentation gaps,legal_aid_or_process_help,False,False,False,hybrid,recent,True,False,False,False,unknown,True,True,property_document_review_intake,Property Disputes,,Property Disputes,
CLS001113,NAR000407_EN,Property Disputes,Land encroachment;property_conflict,legal_navigation;evidence_preservation,organise property-dispute facts and identify documentation gaps,legal_aid_or_process_help,False,False,False,physical,past,True,True,False,False,unknown,False,True,property_document_review_intake,Property Disputes,,Property Disputes,
CLS001114,NAR000407_HI,Property Disputes,Land encroachment;property_conflict,legal_navigation;evidence_preservation,organise property-dispute facts and identify documentation gaps,legal_aid_or_process_help,False,False,False,physical,past,True,True,False,False,unknown,False,True,property_document_review_intake,Property Disputes,,Property Disputes,
CLS001115,NAR000408_EN,Financial Fraud,Credit card cloning;financial_loss_or_fraud,reporting_guidance;evidence_preservation,report financial fraud and preserve transaction evidence,reporting_time_sensitive,False,False,False,physical,past,True,False,False,False,unknown,False,True,financial_fraud_report_preparation,Financial Fraud,,Financial Fraud,
CLS001116,NAR000408_HI,Financial Fraud,Credit card cloning;financial_loss_or_fraud,reporting_guidance;evidence_preservation,report financial fraud and preserve transaction evidence,reporting_time_sensitive,False,False,False,physical,past,True,False,False,False,unknown,False,True,financial_fraud_report_preparation,Financial Fraud,,Financial Fraud,
CLS001117,NAR000409_EN,Family Law,Divorce proceedings conflict;family_legal_support,complaint_followup;legal_navigation,organise family-law facts and identify support options,legal_aid_or_process_help,False,False,False,physical,recent,False,False,False,False,unknown,True,True,family_legal_aid_intake,Family Law,,Family Law,
CLS001118,NAR000409_HI,Family Law,Divorce proceedings conflict;family_legal_support,complaint_followup;legal_navigation,organise family-law facts and identify support options,legal_aid_or_process_help,False,False,False,physical,recent,False,False,False,False,unknown,True,True,family_legal_aid_intake,Family Law,,Family Law,
CLS001119,NAR000410_EN,Cybercrime,Online banking fraud;digital_platform_incident,reporting_guidance;evidence_preservation,prepare a cybercrime report and preserve digital evidence,reporting_time_sensitive,False,False,False,online,past,True,False,False,False,unknown,False,False,cybercrime_report_preparation,Cybercrime,,Cybercrime,
CLS001120,NAR000410_HI,Cybercrime,Online banking fraud;digital_platform_incident,reporting_guidance;evidence_preservation,prepare a cybercrime report and preserve digital evidence,reporting_time_sensitive,False,False,False,online,past,True,False,False,False,unknown,False,False,cybercrime_report_preparation,Cybercrime,,Cybercrime,
CLS001121,NAR000411_EN,Traffic & Road Incidents,Traffic signal violation dispute;traffic_or_road_safety,reporting_guidance,document the road incident and understand reporting options,case_preparation,False,False,False,physical,recent,False,False,False,False,unknown,False,False,traffic_incident_documentation,Traffic & Road Incidents,,Traffic & Road Incidents,
CLS001122,NAR000411_HI,Traffic & Road Incidents,Traffic signal violation dispute;traffic_or_road_safety,reporting_guidance,document the road incident and understand reporting options,case_preparation,False,False,False,physical,recent,False,False,False,False,unknown,False,False,traffic_incident_documentation,Traffic & Road Incidents,,Traffic & Road Incidents,
CLS001123,NAR000412_EN,Domestic Violence,Dowry harassment;domestic_safety,complaint_followup,seek safety-focused help and prepare a support or complaint record,legal_aid_or_process_help,False,False,False,hybrid,recent,False,True,False,False,unknown,True,True,police_complaint_preparation,Domestic Violence,,Domestic Violence,
CLS001124,NAR000412_HI,Domestic Violence,Dowry harassment;domestic_safety,complaint_followup,seek safety-focused help and prepare a support or complaint record,legal_aid_or_process_help,False,False,False,hybrid,recent,False,True,False,False,unknown,True,True,police_complaint_preparation,Domestic Violence,,Domestic Violence,
CLS001125,NAR000413_EN,Family Law,Restitution of conjugal rights;family_legal_support,complaint_followup;legal_navigation;evidence_preservation,organise family-law facts and identify support options,legal_aid_or_process_help,False,False,False,physical,recent,True,False,False,False,unknown,True,True,family_legal_aid_intake,Family Law,,Family Law,
CLS001126,NAR000413_HI,Family Law,Restitution of conjugal rights;family_legal_support,complaint_followup;legal_navigation;evidence_preservation,organise family-law facts and identify support options,legal_aid_or_process_help,False,False,False,physical,recent,True,False,False,False,unknown,True,True,family_legal_aid_intake,Family Law,,Family Law,
CLS001127,NAR000414_EN,Theft and robbery,Vehicle theft;property_loss,complaint_followup;evidence_preservation,prepare a theft or robbery complaint and list lost property,legal_aid_or_process_help,False,False,False,physical,recent,True,False,False,False,unknown,True,True,police_complaint_preparation,Theft and robbery,,Theft and robbery,
CLS001128,NAR000414_HI,Theft and robbery,Vehicle theft;property_loss,complaint_followup;evidence_preservation,prepare a theft or robbery complaint and list lost property,legal_aid_or_process_help,False,False,False,physical,recent,True,False,False,False,unknown,True,True,police_complaint_preparation,Theft and robbery,,Theft and robbery,
CLS001129,NAR000415_EN,Cybercrime,Social media hacking;digital_platform_incident,complaint_followup;evidence_preservation,prepare a cybercrime report and preserve digital evidence,case_preparation,False,False,False,online,recent,True,True,False,False,unknown,True,False,cybercrime_report_preparation,Cybercrime,,Cybercrime,
CLS001130,NAR000415_HI,Cybercrime,Social media hacking;digital_platform_incident,complaint_followup;evidence_preservation,prepare a cybercrime report and preserve digital evidence,case_preparation,False,False,False,online,recent,True,True,False,False,unknown,True,False,cybercrime_report_preparation,Cybercrime,,Cybercrime,
CLS001131,NAR000416_EN,Family Law,Restitution of conjugal rights;family_legal_support,legal_navigation,organise family-law facts and identify support options,legal_aid_or_process_help,False,False,False,physical,past,False,False,False,False,unknown,False,True,family_legal_aid_intake,Family Law,,Family Law,
CLS001132,NAR000416_HI,Family Law,Restitution of conjugal rights;family_legal_support,legal_navigation,organise family-law facts and identify support options,legal_aid_or_process_help,False,False,False,physical,past,False,False,False,False,unknown,False,True,family_legal_aid_intake,Family Law,,Family Law,
CLS001133,NAR000417_EN,Cybercrime,Online banking fraud;digital_platform_incident,reporting_guidance;evidence_preservation,prepare a cybercrime report and preserve digital evidence,reporting_time_sensitive,False,False,False,online,recent,True,True,False,False,unknown,False,False,cybercrime_report_preparation,Cybercrime,,Cybercrime,
CLS001134,NAR000417_HI,Cybercrime,Online banking fraud;digital_platform_incident,reporting_guidance;evidence_preservation,prepare a cybercrime report and preserve digital evidence,reporting_time_sensitive,False,False,False,online,recent,True,True,False,False,unknown,False,False,cybercrime_report_preparation,Cybercrime,,Cybercrime,
CLS001135,NAR000418_EN,Miscellaneous,Minor civic infrastructure issue;civic_or_public_safety,legal_navigation;evidence_preservation,prepare a civic complaint and identify the right authority,case_preparation,False,False,False,physical,past,True,False,False,False,true,False,False,general_legal_navigation,Miscellaneous,,Miscellaneous,
CLS001136,NAR000418_HI,Miscellaneous,Minor civic infrastructure issue;civic_or_public_safety,legal_navigation;evidence_preservation,prepare a civic complaint and identify the right authority,case_preparation,False,False,False,physical,past,True,False,False,False,true,False,False,general_legal_navigation,Miscellaneous,,Miscellaneous,
CLS001137,NAR000419_EN,Cybercrime,Cyberstalking;digital_platform_incident,reporting_guidance;evidence_preservation,prepare a cybercrime report and preserve digital evidence,reporting_time_sensitive,False,False,False,hybrid,past,True,True,False,False,unknown,False,False,cybercrime_report_preparation,Cybercrime,,Cybercrime,
CLS001138,NAR000419_HI,Cybercrime,Cyberstalking;digital_platform_incident,reporting_guidance;evidence_preservation,prepare a cybercrime report and preserve digital evidence,reporting_time_sensitive,False,False,False,hybrid,past,True,True,False,False,unknown,False,False,cybercrime_report_preparation,Cybercrime,,Cybercrime,
CLS001139,NAR000420_EN,Traffic & Road Incidents,Hit and run collision;traffic_or_road_safety,complaint_followup;evidence_preservation,document the road incident and understand reporting options,case_preparation,False,False,False,physical,past,True,False,True,False,unknown,True,False,traffic_incident_documentation,Traffic & Road Incidents,,Traffic & Road Incidents,
CLS001140,NAR000420_HI,Traffic & Road Incidents,Hit and run collision;traffic_or_road_safety,complaint_followup;evidence_preservation,document the road incident and understand reporting options,medical_attention_needed,False,False,True,physical,past,True,False,True,False,unknown,True,False,traffic_incident_documentation,Traffic & Road Incidents,,Traffic & Road Incidents,
CLS001141,NAR000421_EN,Employment/Labour,Unpaid wage dispute;workplace_rights,legal_navigation;evidence_preservation,prepare a workplace rights complaint or legal-aid intake,case_preparation,False,False,False,physical,recent,True,False,False,False,unknown,False,False,labour_or_workplace_intake,Employment/Labour,,Employment/Labour,
CLS001142,NAR000421_HI,Employment/Labour,Unpaid wage dispute;workplace_rights,legal_navigation;evidence_preservation,prepare a workplace rights complaint or legal-aid intake,case_preparation,False,False,False,physical,recent,True,False,False,False,unknown,False,False,labour_or_workplace_intake,Employment/Labour,,Employment/Labour,
CLS001143,NAR000422_EN,Domestic Violence,Dowry harassment;domestic_safety,reporting_guidance;evidence_preservation,seek safety-focused help and prepare a support or complaint record,reporting_time_sensitive,False,False,False,hybrid,past,True,True,False,False,unknown,False,False,police_complaint_preparation,Domestic Violence,,Domestic Violence,
CLS001144,NAR000422_HI,Domestic Violence,Dowry harassment;domestic_safety,reporting_guidance;evidence_preservation,seek safety-focused help and prepare a support or complaint record,reporting_time_sensitive,False,False,False,hybrid,past,True,True,False,False,unknown,False,False,police_complaint_preparation,Domestic Violence,,Domestic Violence,
CLS001145,NAR000423_EN,Consumer Disputes,Defective product delivery;consumer_grievance,complaint_followup;legal_navigation;evidence_preservation,prepare a consumer complaint and identify refund or service remedies,legal_aid_or_process_help,False,False,False,hybrid,recent,True,False,False,False,unknown,True,True,consumer_grievance_preparation,Consumer Disputes,,Consumer Disputes,
CLS001146,NAR000423_HI,Consumer Disputes,Defective product delivery;consumer_grievance,complaint_followup;legal_navigation;evidence_preservation,prepare a consumer complaint and identify refund or service remedies,legal_aid_or_process_help,False,False,False,hybrid,recent,True,False,False,False,unknown,True,True,consumer_grievance_preparation,Consumer Disputes,,Consumer Disputes,
CLS001147,NAR000424_EN,Cybercrime,Social media hacking;digital_platform_incident,reporting_guidance;evidence_preservation,prepare a cybercrime report and preserve digital evidence,reporting_time_sensitive,False,False,False,online,past,True,False,False,False,unknown,False,True,cybercrime_report_preparation,Cybercrime,,Cybercrime,
CLS001148,NAR000424_HI,Cybercrime,Social media hacking;digital_platform_incident,reporting_guidance;evidence_preservation,prepare a cybercrime report and preserve digital evidence,reporting_time_sensitive,False,False,False,online,past,True,False,False,False,unknown,False,True,cybercrime_report_preparation,Cybercrime,,Cybercrime,
CLS001149,NAR000425_EN,Theft and robbery,Pickpocketing;property_loss,reporting_guidance;evidence_preservation,prepare a theft or robbery complaint and list lost property,reporting_time_sensitive,False,False,False,physical,past,True,True,False,False,unknown,False,False,police_complaint_preparation,Theft and robbery,,Theft and robbery,
CLS001150,NAR000425_HI,Theft and robbery,Pickpocketing;property_loss,reporting_guidance;evidence_preservation,prepare a theft or robbery complaint and list lost property,reporting_time_sensitive,False,False,False,physical,past,True,True,False,False,unknown,False,False,police_complaint_preparation,Theft and robbery,,Theft and robbery,
CLS001151,NAR000426_EN,Financial Fraud,Cheque forgery;financial_loss_or_fraud,reporting_guidance;evidence_preservation,report financial fraud and preserve transaction evidence,reporting_time_sensitive,False,False,False,physical,past,True,True,False,False,unknown,False,False,financial_fraud_report_preparation,Financial Fraud,,Financial Fraud,
CLS001152,NAR000426_HI,Financial Fraud,Cheque forgery;financial_loss_or_fraud,reporting_guidance;evidence_preservation,report financial fraud and preserve transaction evidence,reporting_time_sensitive,False,False,False,physical,past,True,True,False,False,unknown,False,False,financial_fraud_report_preparation,Financial Fraud,,Financial Fraud,
CLS001153,NAR000427_EN,Miscellaneous,Public nuisance dispute;civic_or_public_safety,legal_navigation;evidence_preservation,prepare a civic complaint and identify the right authority,case_preparation,False,False,False,physical,recent,True,False,False,False,unknown,False,False,general_legal_navigation,Miscellaneous,,Miscellaneous,
CLS001154,NAR000427_HI,Miscellaneous,Public nuisance dispute;civic_or_public_safety,legal_navigation;evidence_preservation,prepare a civic complaint and identify the right authority,case_preparation,False,False,False,physical,recent,True,False,False,False,unknown,False,False,general_legal_navigation,Miscellaneous,,Miscellaneous,
CLS001155,NAR000428_EN,Domestic Violence,Spousal physical abuse;domestic_safety,complaint_followup,seek safety-focused help and prepare a support or complaint record,case_preparation,False,False,False,physical,past,False,True,True,False,unknown,True,False,police_complaint_preparation,Domestic Violence,,Domestic Violence,
CLS001156,NAR000428_HI,Domestic Violence,Spousal physical abuse;domestic_safety,complaint_followup,seek safety-focused help and prepare a support or complaint record,medical_attention_needed,False,False,True,physical,past,False,True,True,False,unknown,True,False,police_complaint_preparation,Domestic Violence,,Domestic Violence,
CLS001157,NAR000429_EN,Traffic & Road Incidents,Reckless driving confrontation;traffic_or_road_safety,complaint_followup,document the road incident and understand reporting options,case_preparation,False,False,False,physical,recent,False,True,True,False,unknown,True,False,traffic_incident_documentation,Traffic & Road Incidents,,Traffic & Road Incidents,
CLS001158,NAR000429_HI,Traffic & Road Incidents,Reckless driving confrontation;traffic_or_road_safety,complaint_followup,document the road incident and understand reporting options,medical_attention_needed,False,False,True,physical,recent,False,True,True,False,unknown,True,False,traffic_incident_documentation,Traffic & Road Incidents,,Traffic & Road Incidents,
CLS001159,NAR000430_EN,Property Disputes,Land encroachment;property_conflict,legal_navigation;evidence_preservation,organise property-dispute facts and identify documentation gaps,legal_aid_or_process_help,False,False,False,physical,past,True,False,False,False,unknown,False,True,property_document_review_intake,Property Disputes,,Property Disputes,
CLS001160,NAR000430_HI,Property Disputes,Land encroachment;property_conflict,legal_navigation;evidence_preservation,organise property-dispute facts and identify documentation gaps,legal_aid_or_process_help,False,False,False,physical,past,True,False,False,False,unknown,False,True,property_document_review_intake,Property Disputes,,Property Disputes,
CLS001161,NAR000431_EN,Financial Fraud,Cheque forgery;financial_loss_or_fraud,complaint_followup;evidence_preservation,report financial fraud and preserve transaction evidence,legal_aid_or_process_help,False,False,False,physical,recent,True,False,False,False,unknown,True,True,financial_fraud_report_preparation,Financial Fraud,,Financial Fraud,
CLS001162,NAR000431_HI,Financial Fraud,Cheque forgery;financial_loss_or_fraud,complaint_followup;evidence_preservation,report financial fraud and preserve transaction evidence,legal_aid_or_process_help,False,False,False,physical,recent,True,False,False,False,unknown,True,True,financial_fraud_report_preparation,Financial Fraud,,Financial Fraud,
CLS001163,NAR000432_EN,Cybercrime,Phishing scam;digital_platform_incident,complaint_followup;evidence_preservation,prepare a cybercrime report and preserve digital evidence,legal_aid_or_process_help,False,False,False,online,past,True,False,False,False,unknown,True,True,cybercrime_report_preparation,Cybercrime,,Cybercrime,
CLS001164,NAR000432_HI,Cybercrime,Phishing scam;digital_platform_incident,complaint_followup;evidence_preservation,prepare a cybercrime report and preserve digital evidence,legal_aid_or_process_help,False,False,False,online,past,True,False,False,False,unknown,True,True,cybercrime_report_preparation,Cybercrime,,Cybercrime,
CLS001165,NAR000433_EN,Traffic & Road Incidents,Traffic signal violation dispute;traffic_or_road_safety,complaint_followup,document the road incident and understand reporting options,case_preparation,False,False,False,physical,recent,False,False,False,False,unknown,True,False,traffic_incident_documentation,Traffic & Road Incidents,,Traffic & Road Incidents,
CLS001166,NAR000433_HI,Traffic & Road Incidents,Traffic signal violation dispute;traffic_or_road_safety,complaint_followup,document the road incident and understand reporting options,case_preparation,False,False,False,physical,recent,False,False,False,False,unknown,True,False,traffic_incident_documentation,Traffic & Road Incidents,,Traffic & Road Incidents,
CLS001167,NAR000434_EN,Employment/Labour,Unfair termination;workplace_rights,complaint_followup;legal_navigation;evidence_preservation,prepare a workplace rights complaint or legal-aid intake,legal_aid_or_process_help,False,False,False,online,recent,True,False,False,False,unknown,True,True,labour_or_workplace_intake,Employment/Labour,,Employment/Labour,
CLS001168,NAR000434_HI,Employment/Labour,Unfair termination;workplace_rights,complaint_followup;legal_navigation;evidence_preservation,prepare a workplace rights complaint or legal-aid intake,legal_aid_or_process_help,False,False,False,online,recent,True,False,False,False,unknown,True,True,labour_or_workplace_intake,Employment/Labour,,Employment/Labour,
CLS001169,NAR000435_EN,Theft and robbery,Armed robbery;property_loss,complaint_followup;evidence_preservation,prepare a theft or robbery complaint and list lost property,case_preparation,False,False,False,physical,recent,True,True,True,False,unknown,True,False,police_complaint_preparation,Theft and robbery,,Theft and robbery,
CLS001170,NAR000435_HI,Theft and robbery,Armed robbery;property_loss,complaint_followup;evidence_preservation,prepare a theft or robbery complaint and list lost property,medical_attention_needed,False,False,True,physical,recent,True,True,True,True,unknown,True,False,police_complaint_preparation,Theft and robbery,,Theft and robbery,
CLS001171,NAR000436_EN,Assault & Threats,Domestic dispute;personal_safety,reporting_guidance,document the threat or assault and understand police reporting options,reporting_time_sensitive,False,False,False,physical,past,False,True,False,False,unknown,False,False,police_complaint_preparation,Assault & Threats,,Assault & Threats,
CLS001172,NAR000436_HI,Assault & Threats,Domestic dispute;personal_safety,reporting_guidance,document the threat or assault and understand police reporting options,reporting_time_sensitive,False,False,False,physical,past,False,True,False,False,unknown,False,False,police_complaint_preparation,Assault & Threats,,Assault & Threats,
CLS001173,NAR000437_EN,Consumer Disputes,Overcharging and hidden fees;consumer_grievance,legal_navigation;evidence_preservation,prepare a consumer complaint and identify refund or service remedies,legal_aid_or_process_help,False,False,False,physical,recent,True,False,False,False,unknown,False,True,consumer_grievance_preparation,Consumer Disputes,,Consumer Disputes,
CLS001174,NAR000437_HI,Consumer Disputes,Overcharging and hidden fees;consumer_grievance,legal_navigation;evidence_preservation,prepare a consumer complaint and identify refund or service remedies,legal_aid_or_process_help,False,False,False,physical,recent,True,False,False,False,unknown,False,True,consumer_grievance_preparation,Consumer Disputes,,Consumer Disputes,
CLS001175,NAR000438_EN,Traffic & Road Incidents,Traffic signal violation dispute;traffic_or_road_safety,complaint_followup,document the road incident and understand reporting options,case_preparation,False,False,False,physical,past,False,False,False,False,unknown,True,False,traffic_incident_documentation,Traffic & Road Incidents,,Traffic & Road Incidents,
CLS001176,NAR000438_HI,Traffic & Road Incidents,Traffic signal violation dispute;traffic_or_road_safety,complaint_followup,document the road incident and understand reporting options,case_preparation,False,False,False,physical,past,False,False,False,False,unknown,True,False,traffic_incident_documentation,Traffic & Road Incidents,,Traffic & Road Incidents,
CLS001177,NAR000439_EN,Property Disputes,Inheritance property claim;property_conflict,complaint_followup;legal_navigation;evidence_preservation,organise property-dispute facts and identify documentation gaps,legal_aid_or_process_help,False,False,False,hybrid,past,True,False,False,False,unknown,True,True,property_document_review_intake,Property Disputes,,Property Disputes,
CLS001178,NAR000439_HI,Property Disputes,Inheritance property claim;property_conflict,complaint_followup;legal_navigation;evidence_preservation,organise property-dispute facts and identify documentation gaps,legal_aid_or_process_help,False,False,False,hybrid,past,True,False,False,False,unknown,True,True,property_document_review_intake,Property Disputes,,Property Disputes,
CLS001179,NAR000440_EN,Cybercrime,Ransomware attack;digital_platform_incident,complaint_followup;evidence_preservation,prepare a cybercrime report and preserve digital evidence,case_preparation,False,False,False,online,recent,True,True,False,False,unknown,True,False,cybercrime_report_preparation,Cybercrime,,Cybercrime,
CLS001180,NAR000440_HI,Cybercrime,Ransomware attack;digital_platform_incident,complaint_followup;evidence_preservation,prepare a cybercrime report and preserve digital evidence,case_preparation,False,False,False,online,recent,True,True,False,False,unknown,True,False,cybercrime_report_preparation,Cybercrime,,Cybercrime,
CLS001181,NAR000441_EN,Theft and robbery,Vehicle theft;property_loss,reporting_guidance;evidence_preservation,prepare a theft or robbery complaint and list lost property,reporting_time_sensitive,False,True,False,physical,current,True,False,False,False,unknown,False,False,police_complaint_preparation,Theft and robbery,,Theft and robbery,
CLS001182,NAR000441_HI,Theft and robbery,Vehicle theft;property_loss,reporting_guidance;evidence_preservation,prepare a theft or robbery complaint and list lost property,reporting_time_sensitive,False,True,False,physical,current,True,False,False,False,unknown,False,False,police_complaint_preparation,Theft and robbery,,Theft and robbery,
CLS001183,NAR000442_EN,Assault & Threats,Online harassment & threats;personal_safety,reporting_guidance,document the threat or assault and understand police reporting options,reporting_time_sensitive,False,False,False,online,past,False,True,False,False,unknown,False,False,police_complaint_preparation,Assault & Threats,,Assault & Threats,
CLS001184,NAR000442_HI,Assault & Threats,Online harassment & threats;personal_safety,reporting_guidance,document the threat or assault and understand police reporting options,reporting_time_sensitive,False,False,False,online,past,False,True,False,False,unknown,False,False,police_complaint_preparation,Assault & Threats,,Assault & Threats,
CLS001185,NAR000443_EN,Cybercrime,Cyberstalking;digital_platform_incident,reporting_guidance;evidence_preservation,prepare a cybercrime report and preserve digital evidence,reporting_time_sensitive,False,False,False,hybrid,past,False,True,False,False,unknown,False,False,cybercrime_report_preparation,Cybercrime,,Cybercrime,
CLS001186,NAR000443_HI,Cybercrime,Cyberstalking;digital_platform_incident,reporting_guidance;evidence_preservation,prepare a cybercrime report and preserve digital evidence,reporting_time_sensitive,False,False,False,hybrid,past,False,True,False,False,unknown,False,False,cybercrime_report_preparation,Cybercrime,,Cybercrime,
CLS001187,NAR000444_EN,Consumer Disputes,False advertising and misrepresentation;consumer_grievance,legal_navigation;evidence_preservation,prepare a consumer complaint and identify refund or service remedies,legal_aid_or_process_help,False,False,False,physical,past,True,False,False,False,unknown,False,True,consumer_grievance_preparation,Consumer Disputes,,Consumer Disputes,
CLS001188,NAR000444_HI,Consumer Disputes,False advertising and misrepresentation;consumer_grievance,legal_navigation;evidence_preservation,prepare a consumer complaint and identify refund or service remedies,legal_aid_or_process_help,False,False,False,physical,past,True,False,False,False,unknown,False,True,consumer_grievance_preparation,Consumer Disputes,,Consumer Disputes,
CLS001189,NAR000445_EN,Employment/Labour,Safe working conditions violation;workplace_rights,complaint_followup;legal_navigation;evidence_preservation,prepare a workplace rights complaint or legal-aid intake,legal_aid_or_process_help,False,False,False,physical,past,True,False,True,False,unknown,True,True,labour_or_workplace_intake,Employment/Labour,,Employment/Labour,
CLS001190,NAR000445_HI,Employment/Labour,Safe working conditions violation;workplace_rights,complaint_followup;legal_navigation;evidence_preservation,prepare a workplace rights complaint or legal-aid intake,medical_attention_needed,False,False,True,physical,past,True,False,True,False,unknown,True,True,labour_or_workplace_intake,Employment/Labour,,Employment/Labour,
CLS001191,NAR000446_EN,Consumer Disputes,Expired or contaminated goods sale;consumer_grievance,legal_navigation;evidence_preservation,prepare a consumer complaint and identify refund or service remedies,legal_aid_or_process_help,False,False,False,physical,past,True,False,True,False,unknown,False,True,consumer_grievance_preparation,Consumer Disputes,,Consumer Disputes,
CLS001192,NAR000446_HI,Consumer Disputes,Expired or contaminated goods sale;consumer_grievance,legal_navigation;evidence_preservation,prepare a consumer complaint and identify refund or service remedies,medical_attention_needed,False,False,True,physical,past,True,False,True,False,unknown,False,True,consumer_grievance_preparation,Consumer Disputes,,Consumer Disputes,
CLS001193,NAR000447_EN,Employment/Labour,Safe working conditions violation;workplace_rights,complaint_followup;legal_navigation;evidence_preservation,prepare a workplace rights complaint or legal-aid intake,legal_aid_or_process_help,False,False,False,physical,recent,True,False,True,False,unknown,True,True,labour_or_workplace_intake,Employment/Labour,,Employment/Labour,
CLS001194,NAR000447_HI,Employment/Labour,Safe working conditions violation;workplace_rights,complaint_followup;legal_navigation;evidence_preservation,prepare a workplace rights complaint or legal-aid intake,medical_attention_needed,False,False,True,physical,recent,True,False,True,False,unknown,True,True,labour_or_workplace_intake,Employment/Labour,,Employment/Labour,
CLS001195,NAR000448_EN,Cybercrime,Identity theft;digital_platform_incident,complaint_followup;evidence_preservation,prepare a cybercrime report and preserve digital evidence,case_preparation,False,False,False,online,recent,False,False,False,False,unknown,True,False,cybercrime_report_preparation,Cybercrime,,Cybercrime,
CLS001196,NAR000448_HI,Cybercrime,Identity theft;digital_platform_incident,complaint_followup;evidence_preservation,prepare a cybercrime report and preserve digital evidence,case_preparation,False,False,False,online,recent,False,False,False,False,unknown,True,False,cybercrime_report_preparation,Cybercrime,,Cybercrime,
CLS001197,NAR000449_EN,Family Law,Alimony and maintenance claim;family_legal_support,complaint_followup;legal_navigation;evidence_preservation,organise family-law facts and identify support options,legal_aid_or_process_help,False,False,False,hybrid,past,True,False,False,False,unknown,True,True,family_legal_aid_intake,Family Law,,Family Law,
CLS001198,NAR000449_HI,Family Law,Alimony and maintenance claim;family_legal_support,complaint_followup;legal_navigation;evidence_preservation,organise family-law facts and identify support options,legal_aid_or_process_help,False,False,False,hybrid,past,True,False,False,False,unknown,True,True,family_legal_aid_intake,Family Law,,Family Law,
CLS001199,NAR000450_EN,Cybercrime,Phishing scam;digital_platform_incident,reporting_guidance;evidence_preservation,prepare a cybercrime report and preserve digital evidence,reporting_time_sensitive,False,False,False,online,past,True,False,False,False,unknown,False,True,cybercrime_report_preparation,Cybercrime,,Cybercrime,
CLS001200,NAR000450_HI,Cybercrime,Phishing scam;digital_platform_incident,reporting_guidance;evidence_preservation,prepare a cybercrime report and preserve digital evidence,reporting_time_sensitive,False,False,False,online,past,True,False,False,False,unknown,False,True,cybercrime_report_preparation,Cybercrime,,Cybercrime,
CLS001201,NAR000451_EN,Assault & Threats,Domestic dispute;personal_safety,complaint_followup,document the threat or assault and understand police reporting options,case_preparation,False,False,False,physical,past,False,True,False,False,unknown,True,False,police_complaint_preparation,Assault & Threats,,Assault & Threats,
CLS001202,NAR000451_HI,Assault & Threats,Domestic dispute;personal_safety,complaint_followup,document the threat or assault and understand police reporting options,case_preparation,False,False,False,physical,past,False,True,False,False,unknown,True,False,police_complaint_preparation,Assault & Threats,,Assault & Threats,
CLS001203,NAR000452_EN,Assault & Threats,Road rage assault;personal_safety,reporting_guidance;evidence_preservation,document the threat or assault and understand police reporting options,medical_attention_needed,False,False,True,physical,recent,True,True,True,False,unknown,False,True,police_complaint_preparation,Assault & Threats,,Assault & Threats,
CLS001204,NAR000452_HI,Assault & Threats,Road rage assault;personal_safety,reporting_guidance;evidence_preservation,document the threat or assault and understand police reporting options,medical_attention_needed,False,False,True,physical,recent,True,True,True,False,unknown,False,True,police_complaint_preparation,Assault & Threats,,Assault & Threats,
CLS001205,NAR000453_EN,Assault & Threats,Road rage assault;personal_safety,reporting_guidance;evidence_preservation,document the threat or assault and understand police reporting options,medical_attention_needed,False,False,True,physical,past,True,True,True,False,unknown,False,False,police_complaint_preparation,Assault & Threats,,Assault & Threats,
CLS001206,NAR000453_HI,Assault & Threats,Road rage assault;personal_safety,reporting_guidance;evidence_preservation,document the threat or assault and understand police reporting options,medical_attention_needed,False,False,True,physical,past,True,True,True,False,unknown,False,False,police_complaint_preparation,Assault & Threats,,Assault & Threats,
CLS001207,NAR000454_EN,Cybercrime,Ransomware attack;digital_platform_incident,complaint_followup;evidence_preservation,prepare a cybercrime report and preserve digital evidence,legal_aid_or_process_help,False,False,False,online,past,True,True,False,False,unknown,True,True,cybercrime_report_preparation,Cybercrime,,Cybercrime,
CLS001208,NAR000454_HI,Cybercrime,Ransomware attack;digital_platform_incident,complaint_followup;evidence_preservation,prepare a cybercrime report and preserve digital evidence,legal_aid_or_process_help,False,False,False,online,past,True,True,False,False,unknown,True,True,cybercrime_report_preparation,Cybercrime,,Cybercrime,
CLS001209,NAR000455_EN,Cybercrime,Social media hacking;digital_platform_incident,complaint_followup;evidence_preservation,prepare a cybercrime report and preserve digital evidence,legal_aid_or_process_help,False,False,False,online,past,True,True,False,False,unknown,True,True,cybercrime_report_preparation,Cybercrime,,Cybercrime,
CLS001210,NAR000455_HI,Cybercrime,Social media hacking;digital_platform_incident,complaint_followup;evidence_preservation,prepare a cybercrime report and preserve digital evidence,legal_aid_or_process_help,False,False,False,online,past,True,True,False,False,unknown,True,True,cybercrime_report_preparation,Cybercrime,,Cybercrime,
CLS001211,NAR000456_EN,Domestic Violence,Dowry harassment;domestic_safety,complaint_followup,seek safety-focused help and prepare a support or complaint record,case_preparation,False,False,False,hybrid,past,False,True,False,False,unknown,True,False,police_complaint_preparation,Domestic Violence,,Domestic Violence,
CLS001212,NAR000456_HI,Domestic Violence,Dowry harassment;domestic_safety,complaint_followup,seek safety-focused help and prepare a support or complaint record,case_preparation,False,False,False,hybrid,past,False,True,False,False,unknown,True,False,police_complaint_preparation,Domestic Violence,,Domestic Violence,
CLS001213,NAR000457_EN,Property Disputes,Illegal property possession;property_conflict,complaint_followup;legal_navigation;evidence_preservation,organise property-dispute facts and identify documentation gaps,legal_aid_or_process_help,False,False,False,physical,past,True,True,False,False,unknown,True,True,property_document_review_intake,Property Disputes,,Property Disputes,
CLS001214,NAR000457_HI,Property Disputes,Illegal property possession;property_conflict,complaint_followup;legal_navigation;evidence_preservation,organise property-dispute facts and identify documentation gaps,legal_aid_or_process_help,False,False,False,physical,past,True,True,False,False,unknown,True,True,property_document_review_intake,Property Disputes,,Property Disputes,
CLS001215,NAR000458_EN,Domestic Violence,Dowry harassment;domestic_safety,complaint_followup,seek safety-focused help and prepare a support or complaint record,case_preparation,False,False,False,hybrid,recent,False,True,False,False,unknown,True,False,police_complaint_preparation,Domestic Violence,,Domestic Violence,
CLS001216,NAR000458_HI,Domestic Violence,Dowry harassment;domestic_safety,complaint_followup,seek safety-focused help and prepare a support or complaint record,case_preparation,False,False,False,hybrid,recent,False,True,False,False,unknown,True,False,police_complaint_preparation,Domestic Violence,,Domestic Violence,
CLS001217,NAR000459_EN,Theft and robbery,House burglary;property_loss,reporting_guidance;evidence_preservation,prepare a theft or robbery complaint and list lost property,reporting_time_sensitive,False,False,False,physical,past,True,True,False,False,unknown,False,False,police_complaint_preparation,Theft and robbery,,Theft and robbery,
CLS001218,NAR000459_HI,Theft and robbery,House burglary;property_loss,reporting_guidance;evidence_preservation,prepare a theft or robbery complaint and list lost property,reporting_time_sensitive,False,False,False,physical,past,True,True,False,False,unknown,False,False,police_complaint_preparation,Theft and robbery,,Theft and robbery,
CLS001219,NAR000460_EN,Theft and robbery,Vehicle theft;property_loss,reporting_guidance;evidence_preservation,prepare a theft or robbery complaint and list lost property,reporting_time_sensitive,False,False,False,physical,past,True,True,False,False,unknown,False,True,police_complaint_preparation,Theft and robbery,,Theft and robbery,
CLS001220,NAR000460_HI,Theft and robbery,Vehicle theft;property_loss,reporting_guidance;evidence_preservation,prepare a theft or robbery complaint and list lost property,reporting_time_sensitive,False,False,False,physical,past,True,True,False,False,unknown,False,True,police_complaint_preparation,Theft and robbery,,Theft and robbery,
CLS001221,NAR000461_EN,Consumer Disputes,Refusal of service refund;consumer_grievance,complaint_followup;legal_navigation;evidence_preservation,prepare a consumer complaint and identify refund or service remedies,legal_aid_or_process_help,False,False,False,hybrid,past,True,True,False,False,unknown,True,True,consumer_grievance_preparation,Consumer Disputes,,Consumer Disputes,
CLS001222,NAR000461_HI,Consumer Disputes,Refusal of service refund;consumer_grievance,complaint_followup;legal_navigation;evidence_preservation,prepare a consumer complaint and identify refund or service remedies,legal_aid_or_process_help,False,False,False,hybrid,past,True,True,False,False,unknown,True,True,consumer_grievance_preparation,Consumer Disputes,,Consumer Disputes,
CLS001223,NAR000462_EN,Assault & Threats,Verbal intimidation;personal_safety,reporting_guidance;evidence_preservation,document the threat or assault and understand police reporting options,reporting_time_sensitive,False,False,False,hybrid,recent,True,True,False,False,unknown,False,True,police_complaint_preparation,Assault & Threats,,Assault & Threats,
CLS001224,NAR000462_HI,Assault & Threats,Verbal intimidation;personal_safety,reporting_guidance;evidence_preservation,document the threat or assault and understand police reporting options,reporting_time_sensitive,False,False,False,hybrid,recent,True,True,False,False,unknown,False,True,police_complaint_preparation,Assault & Threats,,Assault & Threats,
CLS001225,NAR000463_EN,Employment/Labour,Unfair termination;workplace_rights,legal_navigation;evidence_preservation,prepare a workplace rights complaint or legal-aid intake,legal_aid_or_process_help,False,False,False,hybrid,past,True,False,False,False,unknown,False,True,labour_or_workplace_intake,Employment/Labour,,Employment/Labour,
CLS001226,NAR000463_HI,Employment/Labour,Unfair termination;workplace_rights,legal_navigation;evidence_preservation,prepare a workplace rights complaint or legal-aid intake,legal_aid_or_process_help,False,False,False,hybrid,past,True,False,False,False,unknown,False,True,labour_or_workplace_intake,Employment/Labour,,Employment/Labour,
CLS001227,NAR000464_EN,Theft and robbery,House burglary;property_loss,complaint_followup;evidence_preservation,prepare a theft or robbery complaint and list lost property,case_preparation,False,False,False,physical,recent,True,False,False,False,unknown,True,False,police_complaint_preparation,Theft and robbery,,Theft and robbery,
CLS001228,NAR000464_HI,Theft and robbery,House burglary;property_loss,complaint_followup;evidence_preservation,prepare a theft or robbery complaint and list lost property,case_preparation,False,False,False,physical,recent,True,False,False,False,unknown,True,False,police_complaint_preparation,Theft and robbery,,Theft and robbery,
CLS001229,NAR000465_EN,Financial Fraud,Credit card cloning;financial_loss_or_fraud,complaint_followup;evidence_preservation,report financial fraud and preserve transaction evidence,legal_aid_or_process_help,False,False,False,physical,recent,True,False,False,False,unknown,True,True,financial_fraud_report_preparation,Financial Fraud,,Financial Fraud,
CLS001230,NAR000465_HI,Financial Fraud,Credit card cloning;financial_loss_or_fraud,complaint_followup;evidence_preservation,report financial fraud and preserve transaction evidence,legal_aid_or_process_help,False,False,False,physical,recent,True,False,False,False,unknown,True,True,financial_fraud_report_preparation,Financial Fraud,,Financial Fraud,
CLS001231,NAR000466_EN,Cybercrime,Ransomware attack;digital_platform_incident,reporting_guidance;evidence_preservation,prepare a cybercrime report and preserve digital evidence,reporting_time_sensitive,False,False,False,online,past,True,True,False,False,unknown,False,True,cybercrime_report_preparation,Cybercrime,,Cybercrime,
CLS001232,NAR000466_HI,Cybercrime,Ransomware attack;digital_platform_incident,reporting_guidance;evidence_preservation,prepare a cybercrime report and preserve digital evidence,reporting_time_sensitive,False,False,False,online,past,True,True,False,False,unknown,False,True,cybercrime_report_preparation,Cybercrime,,Cybercrime,
CLS001233,NAR000467_EN,Theft and robbery,Shopbreaking;property_loss,complaint_followup;evidence_preservation,prepare a theft or robbery complaint and list lost property,case_preparation,False,False,False,physical,recent,True,True,False,False,unknown,True,False,police_complaint_preparation,Theft and robbery,,Theft and robbery,
CLS001234,NAR000467_HI,Theft and robbery,Shopbreaking;property_loss,complaint_followup;evidence_preservation,prepare a theft or robbery complaint and list lost property,case_preparation,False,False,False,physical,recent,True,True,False,False,unknown,True,False,police_complaint_preparation,Theft and robbery,,Theft and robbery,
CLS001235,NAR000468_EN,Property Disputes,Tenant-landlord conflict;property_conflict,legal_navigation;evidence_preservation,organise property-dispute facts and identify documentation gaps,legal_aid_or_process_help,False,False,False,hybrid,recent,True,False,False,False,unknown,False,True,property_document_review_intake,Property Disputes,,Property Disputes,
CLS001236,NAR000468_HI,Property Disputes,Tenant-landlord conflict;property_conflict,legal_navigation;evidence_preservation,organise property-dispute facts and identify documentation gaps,legal_aid_or_process_help,False,False,False,hybrid,recent,True,False,False,False,unknown,False,True,property_document_review_intake,Property Disputes,,Property Disputes,
CLS001237,NAR000469_EN,Theft and robbery,Pickpocketing;property_loss,reporting_guidance;evidence_preservation,prepare a theft or robbery complaint and list lost property,reporting_time_sensitive,False,False,False,physical,recent,True,False,False,False,unknown,False,True,police_complaint_preparation,Theft and robbery,,Theft and robbery,
CLS001238,NAR000469_HI,Theft and robbery,Pickpocketing;property_loss,reporting_guidance;evidence_preservation,prepare a theft or robbery complaint and list lost property,reporting_time_sensitive,False,False,False,physical,recent,True,False,False,False,unknown,False,True,police_complaint_preparation,Theft and robbery,,Theft and robbery,
CLS001239,NAR000470_EN,Assault & Threats,Verbal intimidation;personal_safety,complaint_followup;evidence_preservation,document the threat or assault and understand police reporting options,case_preparation,False,False,False,physical,past,True,True,False,False,unknown,True,False,police_complaint_preparation,Assault & Threats,,Assault & Threats,
CLS001240,NAR000470_HI,Assault & Threats,Verbal intimidation;personal_safety,complaint_followup;evidence_preservation,document the threat or assault and understand police reporting options,case_preparation,False,False,False,physical,past,True,True,False,False,unknown,True,False,police_complaint_preparation,Assault & Threats,,Assault & Threats,
CLS001241,NAR000471_EN,Theft and robbery,Shopbreaking;property_loss,reporting_guidance;evidence_preservation,prepare a theft or robbery complaint and list lost property,reporting_time_sensitive,False,False,False,physical,recent,True,False,False,False,unknown,False,True,police_complaint_preparation,Theft and robbery,,Theft and robbery,
CLS001242,NAR000471_HI,Theft and robbery,Shopbreaking;property_loss,reporting_guidance;evidence_preservation,prepare a theft or robbery complaint and list lost property,reporting_time_sensitive,False,False,False,physical,recent,True,False,False,False,unknown,False,True,police_complaint_preparation,Theft and robbery,,Theft and robbery,
CLS001243,NAR000472_EN,Theft and robbery,Online phishing theft;property_loss,reporting_guidance;evidence_preservation,prepare a theft or robbery complaint and list lost property,reporting_time_sensitive,False,False,False,hybrid,past,True,True,False,False,unknown,False,True,police_complaint_preparation,Theft and robbery,,Theft and robbery,
CLS001244,NAR000472_HI,Theft and robbery,Online phishing theft;property_loss,reporting_guidance;evidence_preservation,prepare a theft or robbery complaint and list lost property,reporting_time_sensitive,False,False,False,hybrid,past,True,True,False,False,unknown,False,True,police_complaint_preparation,Theft and robbery,,Theft and robbery,
CLS001245,NAR000473_EN,Domestic Violence,Emotional and verbal abuse;domestic_safety,reporting_guidance,seek safety-focused help and prepare a support or complaint record,reporting_time_sensitive,False,False,False,physical,recent,False,True,False,False,unknown,False,True,police_complaint_preparation,Domestic Violence,,Domestic Violence,
CLS001246,NAR000473_HI,Domestic Violence,Emotional and verbal abuse;domestic_safety,reporting_guidance,seek safety-focused help and prepare a support or complaint record,reporting_time_sensitive,False,False,False,physical,recent,False,True,False,False,unknown,False,True,police_complaint_preparation,Domestic Violence,,Domestic Violence,
CLS001247,NAR000474_EN,Miscellaneous,Minor civic infrastructure issue;civic_or_public_safety,legal_navigation;evidence_preservation,prepare a civic complaint and identify the right authority,case_preparation,False,False,False,physical,past,True,False,False,False,true,False,False,general_legal_navigation,Miscellaneous,,Miscellaneous,
CLS001248,NAR000474_HI,Miscellaneous,Minor civic infrastructure issue;civic_or_public_safety,legal_navigation;evidence_preservation,prepare a civic complaint and identify the right authority,case_preparation,False,False,False,physical,past,True,False,False,False,true,False,False,general_legal_navigation,Miscellaneous,,Miscellaneous,
CLS001249,NAR000475_EN,Employment/Labour,Unfair termination;workplace_rights,complaint_followup;legal_navigation,prepare a workplace rights complaint or legal-aid intake,legal_aid_or_process_help,False,False,False,online,recent,False,False,False,False,unknown,True,True,labour_or_workplace_intake,Employment/Labour,,Employment/Labour,
CLS001250,NAR000475_HI,Employment/Labour,Unfair termination;workplace_rights,complaint_followup;legal_navigation,prepare a workplace rights complaint or legal-aid intake,legal_aid_or_process_help,False,False,False,online,recent,False,False,False,False,unknown,True,True,labour_or_workplace_intake,Employment/Labour,,Employment/Labour,
CLS001251,NAR000476_EN,Financial Fraud,Cheque forgery;financial_loss_or_fraud,complaint_followup;evidence_preservation,report financial fraud and preserve transaction evidence,legal_aid_or_process_help,False,False,False,physical,past,True,False,False,False,unknown,True,True,financial_fraud_report_preparation,Financial Fraud,,Financial Fraud,
CLS001252,NAR000476_HI,Financial Fraud,Cheque forgery;financial_loss_or_fraud,complaint_followup;evidence_preservation,report financial fraud and preserve transaction evidence,legal_aid_or_process_help,False,False,False,physical,past,True,False,False,False,unknown,True,True,financial_fraud_report_preparation,Financial Fraud,,Financial Fraud,
CLS001253,NAR000477_EN,Miscellaneous,Lost item reporting;civic_or_public_safety,legal_navigation;evidence_preservation,prepare a civic complaint and identify the right authority,legal_aid_or_process_help,False,False,False,physical,recent,True,False,False,False,unknown,False,True,general_legal_navigation,Miscellaneous,,Miscellaneous,
CLS001254,NAR000477_HI,Miscellaneous,Lost item reporting;civic_or_public_safety,legal_navigation;evidence_preservation,prepare a civic complaint and identify the right authority,legal_aid_or_process_help,False,False,False,physical,recent,True,False,False,False,unknown,False,True,general_legal_navigation,Miscellaneous,,Miscellaneous,
CLS001255,NAR000478_EN,Employment/Labour,Breach of employment contract;workplace_rights,complaint_followup;legal_navigation;evidence_preservation,prepare a workplace rights complaint or legal-aid intake,legal_aid_or_process_help,False,False,False,hybrid,past,True,False,False,False,unknown,True,True,labour_or_workplace_intake,Employment/Labour,,Employment/Labour,
CLS001256,NAR000478_HI,Employment/Labour,Breach of employment contract;workplace_rights,complaint_followup;legal_navigation;evidence_preservation,prepare a workplace rights complaint or legal-aid intake,legal_aid_or_process_help,False,False,False,hybrid,past,True,False,False,False,unknown,True,True,labour_or_workplace_intake,Employment/Labour,,Employment/Labour,
CLS001257,NAR000479_EN,Domestic Violence,Dowry harassment;domestic_safety,complaint_followup;evidence_preservation,seek safety-focused help and prepare a support or complaint record,legal_aid_or_process_help,False,False,False,physical,recent,True,True,False,False,unknown,True,True,police_complaint_preparation,Domestic Violence,,Domestic Violence,
CLS001258,NAR000479_HI,Domestic Violence,Dowry harassment;domestic_safety,complaint_followup;evidence_preservation,seek safety-focused help and prepare a support or complaint record,legal_aid_or_process_help,False,False,False,physical,recent,True,True,False,False,unknown,True,True,police_complaint_preparation,Domestic Violence,,Domestic Violence,
CLS001259,NAR000480_EN,Assault & Threats,Verbal intimidation;personal_safety,reporting_guidance;evidence_preservation,document the threat or assault and understand police reporting options,reporting_time_sensitive,False,False,False,hybrid,past,True,True,False,False,unknown,False,False,police_complaint_preparation,Assault & Threats,,Assault & Threats,
CLS001260,NAR000480_HI,Assault & Threats,Verbal intimidation;personal_safety,reporting_guidance;evidence_preservation,document the threat or assault and understand police reporting options,reporting_time_sensitive,False,False,False,hybrid,past,True,True,False,False,unknown,False,False,police_complaint_preparation,Assault & Threats,,Assault & Threats,
CLS001261,NAR000481_EN,Employment/Labour,Safe working conditions violation;workplace_rights,legal_navigation;evidence_preservation,prepare a workplace rights complaint or legal-aid intake,legal_aid_or_process_help,False,False,False,physical,past,True,False,True,False,unknown,False,True,labour_or_workplace_intake,Employment/Labour,,Employment/Labour,
CLS001262,NAR000481_HI,Employment/Labour,Safe working conditions violation;workplace_rights,legal_navigation;evidence_preservation,prepare a workplace rights complaint or legal-aid intake,medical_attention_needed,False,False,True,physical,past,True,False,True,False,unknown,False,True,labour_or_workplace_intake,Employment/Labour,,Employment/Labour,
CLS001263,NAR000482_EN,Traffic & Road Incidents,Reckless driving confrontation;traffic_or_road_safety,complaint_followup,document the road incident and understand reporting options,case_preparation,False,False,False,physical,past,False,False,False,False,unknown,True,False,traffic_incident_documentation,Traffic & Road Incidents,,Traffic & Road Incidents,
CLS001264,NAR000482_HI,Traffic & Road Incidents,Reckless driving confrontation;traffic_or_road_safety,complaint_followup,document the road incident and understand reporting options,case_preparation,False,False,False,physical,past,False,False,False,False,unknown,True,False,traffic_incident_documentation,Traffic & Road Incidents,,Traffic & Road Incidents,
CLS001265,NAR000483_EN,Theft and robbery,House burglary;property_loss,reporting_guidance;evidence_preservation,prepare a theft or robbery complaint and list lost property,reporting_time_sensitive,False,False,False,physical,recent,True,False,False,False,unknown,False,True,police_complaint_preparation,Theft and robbery,,Theft and robbery,
CLS001266,NAR000483_HI,Theft and robbery,House burglary;property_loss,reporting_guidance;evidence_preservation,prepare a theft or robbery complaint and list lost property,reporting_time_sensitive,False,False,False,physical,recent,True,False,False,False,unknown,False,True,police_complaint_preparation,Theft and robbery,,Theft and robbery,
CLS001267,NAR000484_EN,Property Disputes,Boundary wall dispute;property_conflict,legal_navigation;evidence_preservation,organise property-dispute facts and identify documentation gaps,legal_aid_or_process_help,False,False,False,physical,recent,True,True,False,False,unknown,False,True,property_document_review_intake,Property Disputes,,Property Disputes,
CLS001268,NAR000484_HI,Property Disputes,Boundary wall dispute;property_conflict,legal_navigation;evidence_preservation,organise property-dispute facts and identify documentation gaps,legal_aid_or_process_help,False,False,False,physical,recent,True,True,False,False,unknown,False,True,property_document_review_intake,Property Disputes,,Property Disputes,
CLS001269,NAR000485_EN,Consumer Disputes,Expired or contaminated goods sale;consumer_grievance,complaint_followup;legal_navigation;evidence_preservation,prepare a consumer complaint and identify refund or service remedies,legal_aid_or_process_help,False,False,False,physical,recent,True,False,False,False,unknown,True,True,consumer_grievance_preparation,Consumer Disputes,,Consumer Disputes,
CLS001270,NAR000485_HI,Consumer Disputes,Expired or contaminated goods sale;consumer_grievance,complaint_followup;legal_navigation;evidence_preservation,prepare a consumer complaint and identify refund or service remedies,legal_aid_or_process_help,False,False,False,physical,recent,True,False,False,False,unknown,True,True,consumer_grievance_preparation,Consumer Disputes,,Consumer Disputes,
CLS001271,NAR000486_EN,Domestic Violence,Economic deprivation;domestic_safety,complaint_followup,seek safety-focused help and prepare a support or complaint record,case_preparation,False,False,False,hybrid,past,False,True,False,False,unknown,True,False,police_complaint_preparation,Domestic Violence,,Domestic Violence,
CLS001272,NAR000486_HI,Domestic Violence,Economic deprivation;domestic_safety,complaint_followup,seek safety-focused help and prepare a support or complaint record,case_preparation,False,False,False,hybrid,past,False,True,False,False,unknown,True,False,police_complaint_preparation,Domestic Violence,,Domestic Violence,
CLS001273,NAR000487_EN,Theft and robbery,Online phishing theft;property_loss,complaint_followup;evidence_preservation,prepare a theft or robbery complaint and list lost property,case_preparation,False,False,False,hybrid,past,True,True,False,False,unknown,True,False,police_complaint_preparation,Theft and robbery,,Theft and robbery,
CLS001274,NAR000487_HI,Theft and robbery,Online phishing theft;property_loss,complaint_followup;evidence_preservation,prepare a theft or robbery complaint and list lost property,case_preparation,False,False,False,hybrid,past,True,True,False,False,unknown,True,False,police_complaint_preparation,Theft and robbery,,Theft and robbery,
CLS001275,NAR000488_EN,Property Disputes,Illegal property possession;property_conflict,legal_navigation;evidence_preservation,organise property-dispute facts and identify documentation gaps,legal_aid_or_process_help,False,False,False,physical,past,True,True,False,False,unknown,False,True,property_document_review_intake,Property Disputes,,Property Disputes,
CLS001276,NAR000488_HI,Property Disputes,Illegal property possession;property_conflict,legal_navigation;evidence_preservation,organise property-dispute facts and identify documentation gaps,legal_aid_or_process_help,False,False,False,physical,past,True,True,False,False,unknown,False,True,property_document_review_intake,Property Disputes,,Property Disputes,
CLS001277,NAR000489_EN,Traffic & Road Incidents,Hit and run collision;traffic_or_road_safety,complaint_followup;evidence_preservation,document the road incident and understand reporting options,case_preparation,False,False,False,physical,past,True,False,False,False,unknown,True,False,traffic_incident_documentation,Traffic & Road Incidents,,Traffic & Road Incidents,
CLS001278,NAR000489_HI,Traffic & Road Incidents,Hit and run collision;traffic_or_road_safety,complaint_followup;evidence_preservation,document the road incident and understand reporting options,case_preparation,False,False,False,physical,past,True,False,False,False,unknown,True,False,traffic_incident_documentation,Traffic & Road Incidents,,Traffic & Road Incidents,
CLS001279,NAR000490_EN,Domestic Violence,Emotional and verbal abuse;domestic_safety,reporting_guidance;evidence_preservation,seek safety-focused help and prepare a support or complaint record,reporting_time_sensitive,False,False,False,physical,recent,True,True,False,False,unknown,False,False,police_complaint_preparation,Domestic Violence,,Domestic Violence,
CLS001280,NAR000490_HI,Domestic Violence,Emotional and verbal abuse;domestic_safety,reporting_guidance;evidence_preservation,seek safety-focused help and prepare a support or complaint record,reporting_time_sensitive,False,False,False,physical,recent,True,True,False,False,unknown,False,False,police_complaint_preparation,Domestic Violence,,Domestic Violence,
CLS001281,NAR000491_EN,Financial Fraud,Cheque forgery;financial_loss_or_fraud,reporting_guidance;evidence_preservation,report financial fraud and preserve transaction evidence,reporting_time_sensitive,False,False,False,physical,recent,True,False,False,False,unknown,False,True,financial_fraud_report_preparation,Financial Fraud,,Financial Fraud,
CLS001282,NAR000491_HI,Financial Fraud,Cheque forgery;financial_loss_or_fraud,reporting_guidance;evidence_preservation,report financial fraud and preserve transaction evidence,reporting_time_sensitive,False,False,False,physical,recent,True,False,False,False,unknown,False,True,financial_fraud_report_preparation,Financial Fraud,,Financial Fraud,
CLS001283,NAR000492_EN,Cybercrime,Online banking fraud;digital_platform_incident,reporting_guidance;evidence_preservation,prepare a cybercrime report and preserve digital evidence,reporting_time_sensitive,False,False,False,online,recent,True,True,False,False,unknown,False,False,cybercrime_report_preparation,Cybercrime,,Cybercrime,
CLS001284,NAR000492_HI,Cybercrime,Online banking fraud;digital_platform_incident,reporting_guidance;evidence_preservation,prepare a cybercrime report and preserve digital evidence,reporting_time_sensitive,False,False,False,online,recent,True,True,False,False,unknown,False,False,cybercrime_report_preparation,Cybercrime,,Cybercrime,
CLS001285,NAR000493_EN,Consumer Disputes,Defective product delivery;consumer_grievance,complaint_followup;legal_navigation;evidence_preservation,prepare a consumer complaint and identify refund or service remedies,legal_aid_or_process_help,False,False,False,hybrid,past,True,False,False,False,unknown,True,True,consumer_grievance_preparation,Consumer Disputes,,Consumer Disputes,
CLS001286,NAR000493_HI,Consumer Disputes,Defective product delivery;consumer_grievance,complaint_followup;legal_navigation;evidence_preservation,prepare a consumer complaint and identify refund or service remedies,legal_aid_or_process_help,False,False,False,hybrid,past,True,False,False,False,unknown,True,True,consumer_grievance_preparation,Consumer Disputes,,Consumer Disputes,
CLS001287,NAR000494_EN,Family Law,Restitution of conjugal rights;family_legal_support,complaint_followup;legal_navigation;evidence_preservation,organise family-law facts and identify support options,legal_aid_or_process_help,False,False,False,physical,recent,True,False,False,False,unknown,True,True,family_legal_aid_intake,Family Law,,Family Law,
CLS001288,NAR000494_HI,Family Law,Restitution of conjugal rights;family_legal_support,complaint_followup;legal_navigation;evidence_preservation,organise family-law facts and identify support options,legal_aid_or_process_help,False,False,False,physical,recent,True,False,False,False,unknown,True,True,family_legal_aid_intake,Family Law,,Family Law,
CLS001289,NAR000495_EN,Domestic Violence,Emotional and verbal abuse;domestic_safety,complaint_followup,seek safety-focused help and prepare a support or complaint record,case_preparation,False,False,False,physical,past,False,True,False,False,unknown,True,False,police_complaint_preparation,Domestic Violence,,Domestic Violence,
CLS001290,NAR000495_HI,Domestic Violence,Emotional and verbal abuse;domestic_safety,complaint_followup,seek safety-focused help and prepare a support or complaint record,case_preparation,False,False,False,physical,past,False,True,False,False,unknown,True,False,police_complaint_preparation,Domestic Violence,,Domestic Violence,
CLS001291,NAR000496_EN,Consumer Disputes,Defective product delivery;consumer_grievance,legal_navigation;evidence_preservation,prepare a consumer complaint and identify refund or service remedies,legal_aid_or_process_help,False,False,False,physical,past,True,True,False,False,unknown,False,True,consumer_grievance_preparation,Consumer Disputes,,Consumer Disputes,
CLS001292,NAR000496_HI,Consumer Disputes,Defective product delivery;consumer_grievance,legal_navigation;evidence_preservation,prepare a consumer complaint and identify refund or service remedies,legal_aid_or_process_help,False,False,False,physical,past,True,True,False,False,unknown,False,True,consumer_grievance_preparation,Consumer Disputes,,Consumer Disputes,
CLS001293,NAR000497_EN,Assault & Threats,Road rage assault;personal_safety,complaint_followup,document the threat or assault and understand police reporting options,case_preparation,False,False,False,physical,past,False,True,False,False,unknown,True,False,police_complaint_preparation,Assault & Threats,,Assault & Threats,
CLS001294,NAR000497_HI,Assault & Threats,Road rage assault;personal_safety,complaint_followup,document the threat or assault and understand police reporting options,case_preparation,False,False,False,physical,past,False,True,False,False,unknown,True,False,police_complaint_preparation,Assault & Threats,,Assault & Threats,
CLS001295,NAR000498_EN,Miscellaneous,Lost item reporting;civic_or_public_safety,complaint_followup;legal_navigation;evidence_preservation,prepare a civic complaint and identify the right authority,case_preparation,False,False,False,physical,past,True,False,False,False,unknown,True,False,general_legal_navigation,Miscellaneous,,Miscellaneous,
CLS001296,NAR000498_HI,Miscellaneous,Lost item reporting;civic_or_public_safety,complaint_followup;legal_navigation;evidence_preservation,prepare a civic complaint and identify the right authority,case_preparation,False,False,False,physical,past,True,False,False,False,unknown,True,False,general_legal_navigation,Miscellaneous,,Miscellaneous,
CLS001297,NAR000499_EN,Assault & Threats,Physical altercation;personal_safety,reporting_guidance;evidence_preservation,document the threat or assault and understand police reporting options,reporting_time_sensitive,False,False,False,physical,recent,True,True,True,False,unknown,False,True,police_complaint_preparation,Assault & Threats,,Assault & Threats,
CLS001298,NAR000499_HI,Assault & Threats,Physical altercation;personal_safety,reporting_guidance;evidence_preservation,document the threat or assault and understand police reporting options,medical_attention_needed,False,False,True,physical,recent,True,True,True,False,unknown,False,True,police_complaint_preparation,Assault & Threats,,Assault & Threats,
CLS001299,NAR000500_EN,Miscellaneous,Public nuisance dispute;civic_or_public_safety,complaint_followup;legal_navigation,prepare a civic complaint and identify the right authority,legal_aid_or_process_help,False,False,False,physical,past,False,False,False,False,true,True,True,general_legal_navigation,Miscellaneous,,Miscellaneous,
CLS001300,NAR000500_HI,Miscellaneous,Public nuisance dispute;civic_or_public_safety,complaint_followup;legal_navigation,prepare a civic complaint and identify the right authority,legal_aid_or_process_help,False,False,False,physical,past,False,False,False,False,true,True,True,general_legal_navigation,Miscellaneous,,Miscellaneous,
CLS001301,NAR000501_EN,Employment/Labour,Safe working conditions violation;workplace_rights,complaint_followup;legal_navigation;evidence_preservation,prepare a workplace rights complaint or legal-aid intake,legal_aid_or_process_help,False,False,False,physical,recent,True,False,False,False,unknown,True,True,labour_or_workplace_intake,Employment/Labour,,Employment/Labour,
CLS001302,NAR000501_HI,Employment/Labour,Safe working conditions violation;workplace_rights,complaint_followup;legal_navigation;evidence_preservation,prepare a workplace rights complaint or legal-aid intake,legal_aid_or_process_help,False,False,False,physical,recent,True,False,False,False,unknown,True,True,labour_or_workplace_intake,Employment/Labour,,Employment/Labour,
CLS001303,NAR000502_EN,Family Law,Guardianship dispute;family_legal_support,legal_navigation,organise family-law facts and identify support options,legal_aid_or_process_help,False,False,False,physical,recent,False,False,False,False,unknown,False,True,family_legal_aid_intake,Family Law,,Family Law,
CLS001304,NAR000502_HI,Family Law,Guardianship dispute;family_legal_support,legal_navigation,organise family-law facts and identify support options,legal_aid_or_process_help,False,False,False,physical,recent,False,False,False,False,unknown,False,True,family_legal_aid_intake,Family Law,,Family Law,
CLS001305,NAR000503_EN,Domestic Violence,Economic deprivation;domestic_safety,complaint_followup;evidence_preservation,seek safety-focused help and prepare a support or complaint record,case_preparation,False,False,False,physical,past,True,True,False,False,unknown,True,False,police_complaint_preparation,Domestic Violence,,Domestic Violence,
CLS001306,NAR000503_HI,Domestic Violence,Economic deprivation;domestic_safety,complaint_followup;evidence_preservation,seek safety-focused help and prepare a support or complaint record,case_preparation,False,False,False,physical,past,True,True,False,False,unknown,True,False,police_complaint_preparation,Domestic Violence,,Domestic Violence,
CLS001307,NAR000504_EN,Cybercrime,Phishing scam;digital_platform_incident,reporting_guidance;evidence_preservation,prepare a cybercrime report and preserve digital evidence,reporting_time_sensitive,False,False,False,online,recent,True,True,False,False,unknown,False,True,cybercrime_report_preparation,Cybercrime,,Cybercrime,
CLS001308,NAR000504_HI,Cybercrime,Phishing scam;digital_platform_incident,reporting_guidance;evidence_preservation,prepare a cybercrime report and preserve digital evidence,reporting_time_sensitive,False,False,False,online,recent,True,True,False,False,unknown,False,True,cybercrime_report_preparation,Cybercrime,,Cybercrime,
CLS001309,NAR000505_EN,Assault & Threats,Verbal intimidation;personal_safety,complaint_followup,document the threat or assault and understand police reporting options,legal_aid_or_process_help,False,False,False,hybrid,recent,False,True,False,False,unknown,True,True,police_complaint_preparation,Assault & Threats,,Assault & Threats,
CLS001310,NAR000505_HI,Assault & Threats,Verbal intimidation;personal_safety,complaint_followup,document the threat or assault and understand police reporting options,legal_aid_or_process_help,False,False,False,hybrid,recent,False,True,False,False,unknown,True,True,police_complaint_preparation,Assault & Threats,,Assault & Threats,
CLS001311,NAR000506_EN,Theft and robbery,Chain snatching;property_loss,reporting_guidance;evidence_preservation,prepare a theft or robbery complaint and list lost property,reporting_time_sensitive,False,False,False,physical,past,True,True,False,False,unknown,False,True,police_complaint_preparation,Theft and robbery,,Theft and robbery,
CLS001312,NAR000506_HI,Theft and robbery,Chain snatching;property_loss,reporting_guidance;evidence_preservation,prepare a theft or robbery complaint and list lost property,reporting_time_sensitive,False,False,False,physical,past,True,True,False,False,unknown,False,True,police_complaint_preparation,Theft and robbery,,Theft and robbery,
CLS001313,NAR000507_EN,Theft and robbery,House burglary;property_loss,reporting_guidance;evidence_preservation,prepare a theft or robbery complaint and list lost property,reporting_time_sensitive,False,False,False,physical,recent,True,False,False,False,unknown,False,False,police_complaint_preparation,Theft and robbery,,Theft and robbery,
CLS001314,NAR000507_HI,Theft and robbery,House burglary;property_loss,reporting_guidance;evidence_preservation,prepare a theft or robbery complaint and list lost property,reporting_time_sensitive,False,False,False,physical,recent,True,False,False,False,unknown,False,False,police_complaint_preparation,Theft and robbery,,Theft and robbery,
CLS001315,NAR000508_EN,Domestic Violence,Economic deprivation;domestic_safety,complaint_followup;evidence_preservation,seek safety-focused help and prepare a support or complaint record,legal_aid_or_process_help,False,False,False,hybrid,recent,True,True,False,False,unknown,True,True,police_complaint_preparation,Domestic Violence,,Domestic Violence,
CLS001316,NAR000508_HI,Domestic Violence,Economic deprivation;domestic_safety,complaint_followup;evidence_preservation,seek safety-focused help and prepare a support or complaint record,legal_aid_or_process_help,False,False,False,hybrid,recent,True,True,False,False,unknown,True,True,police_complaint_preparation,Domestic Violence,,Domestic Violence,
CLS001317,NAR000509_EN,Theft and robbery,Shopbreaking;property_loss,reporting_guidance;evidence_preservation,prepare a theft or robbery complaint and list lost property,reporting_time_sensitive,False,False,False,physical,recent,True,False,False,False,unknown,False,True,police_complaint_preparation,Theft and robbery,,Theft and robbery,
CLS001318,NAR000509_HI,Theft and robbery,Shopbreaking;property_loss,reporting_guidance;evidence_preservation,prepare a theft or robbery complaint and list lost property,reporting_time_sensitive,False,False,False,physical,recent,True,False,False,False,unknown,False,True,police_complaint_preparation,Theft and robbery,,Theft and robbery,
CLS001319,NAR000510_EN,Employment/Labour,Unpaid wage dispute;workplace_rights,legal_navigation;evidence_preservation,prepare a workplace rights complaint or legal-aid intake,legal_aid_or_process_help,False,False,False,hybrid,past,True,False,False,False,unknown,False,True,labour_or_workplace_intake,Employment/Labour,,Employment/Labour,
CLS001320,NAR000510_HI,Employment/Labour,Unpaid wage dispute;workplace_rights,legal_navigation;evidence_preservation,prepare a workplace rights complaint or legal-aid intake,legal_aid_or_process_help,False,False,False,hybrid,past,True,False,False,False,unknown,False,True,labour_or_workplace_intake,Employment/Labour,,Employment/Labour,
CLS001321,NAR000511_EN,Financial Fraud,Cheque forgery;financial_loss_or_fraud,complaint_followup;evidence_preservation,report financial fraud and preserve transaction evidence,legal_aid_or_process_help,False,False,False,physical,recent,True,False,False,False,unknown,True,True,financial_fraud_report_preparation,Financial Fraud,,Financial Fraud,
CLS001322,NAR000511_HI,Financial Fraud,Cheque forgery;financial_loss_or_fraud,complaint_followup;evidence_preservation,report financial fraud and preserve transaction evidence,legal_aid_or_process_help,False,False,False,physical,recent,True,False,False,False,unknown,True,True,financial_fraud_report_preparation,Financial Fraud,,Financial Fraud,
CLS001323,NAR000512_EN,Employment/Labour,Workplace harassment;workplace_rights,legal_navigation;evidence_preservation,prepare a workplace rights complaint or legal-aid intake,case_preparation,False,False,False,hybrid,past,True,False,False,False,unknown,False,False,labour_or_workplace_intake,Employment/Labour,,Employment/Labour,
CLS001324,NAR000512_HI,Employment/Labour,Workplace harassment;workplace_rights,legal_navigation;evidence_preservation,prepare a workplace rights complaint or legal-aid intake,case_preparation,False,False,False,hybrid,past,True,False,False,False,unknown,False,False,labour_or_workplace_intake,Employment/Labour,,Employment/Labour,
CLS001325,NAR000513_EN,Miscellaneous,Stray animal hazard;civic_or_public_safety,complaint_followup;legal_navigation;evidence_preservation,prepare a civic complaint and identify the right authority,case_preparation,False,False,False,physical,recent,True,False,False,False,unknown,True,False,general_legal_navigation,Miscellaneous,,Miscellaneous,
CLS001326,NAR000513_HI,Miscellaneous,Stray animal hazard;civic_or_public_safety,complaint_followup;legal_navigation;evidence_preservation,prepare a civic complaint and identify the right authority,case_preparation,False,False,False,physical,recent,True,False,False,False,unknown,True,False,general_legal_navigation,Miscellaneous,,Miscellaneous,
CLS001327,NAR000514_EN,Theft and robbery,Armed robbery;property_loss,safety_triage;reporting_guidance;evidence_preservation,prepare a theft or robbery complaint and list lost property,emergency_current_danger,True,True,False,physical,current,True,True,True,True,unknown,False,False,safety_redirect_and_case_intake,Theft and robbery,,Theft and robbery,
CLS001328,NAR000514_HI,Theft and robbery,Armed robbery;property_loss,safety_triage;reporting_guidance;evidence_preservation,prepare a theft or robbery complaint and list lost property,emergency_current_danger,True,True,False,physical,current,True,True,True,True,unknown,False,False,safety_redirect_and_case_intake,Theft and robbery,,Theft and robbery,
CLS001329,NAR000515_EN,Miscellaneous,Minor civic infrastructure issue;civic_or_public_safety,complaint_followup;legal_navigation,prepare a civic complaint and identify the right authority,case_preparation,False,False,False,physical,past,False,False,False,False,true,True,False,general_legal_navigation,Miscellaneous,,Miscellaneous,
CLS001330,NAR000515_HI,Miscellaneous,Minor civic infrastructure issue;civic_or_public_safety,complaint_followup;legal_navigation,prepare a civic complaint and identify the right authority,case_preparation,False,False,False,physical,past,False,False,False,False,true,True,False,general_legal_navigation,Miscellaneous,,Miscellaneous,
CLS001331,NAR000516_EN,Cybercrime,Identity theft;digital_platform_incident,reporting_guidance;evidence_preservation,prepare a cybercrime report and preserve digital evidence,reporting_time_sensitive,False,False,False,hybrid,past,True,False,False,False,unknown,False,True,cybercrime_report_preparation,Cybercrime,,Cybercrime,
CLS001332,NAR000516_HI,Cybercrime,Identity theft;digital_platform_incident,reporting_guidance;evidence_preservation,prepare a cybercrime report and preserve digital evidence,reporting_time_sensitive,False,False,False,hybrid,past,True,False,False,False,unknown,False,True,cybercrime_report_preparation,Cybercrime,,Cybercrime,
CLS001333,NAR000517_EN,Consumer Disputes,Defective product delivery;consumer_grievance,legal_navigation;evidence_preservation,prepare a consumer complaint and identify refund or service remedies,legal_aid_or_process_help,False,False,False,hybrid,past,True,False,False,False,unknown,False,True,consumer_grievance_preparation,Consumer Disputes,,Consumer Disputes,
CLS001334,NAR000517_HI,Consumer Disputes,Defective product delivery;consumer_grievance,legal_navigation;evidence_preservation,prepare a consumer complaint and identify refund or service remedies,legal_aid_or_process_help,False,False,False,hybrid,past,True,False,False,False,unknown,False,True,consumer_grievance_preparation,Consumer Disputes,,Consumer Disputes,
CLS001335,NAR000518_EN,Property Disputes,Illegal property possession;property_conflict,complaint_followup;legal_navigation;evidence_preservation,organise property-dispute facts and identify documentation gaps,legal_aid_or_process_help,False,False,False,physical,past,True,False,False,False,unknown,True,True,property_document_review_intake,Property Disputes,,Property Disputes,
CLS001336,NAR000518_HI,Property Disputes,Illegal property possession;property_conflict,complaint_followup;legal_navigation;evidence_preservation,organise property-dispute facts and identify documentation gaps,legal_aid_or_process_help,False,False,False,physical,past,True,False,False,False,unknown,True,True,property_document_review_intake,Property Disputes,,Property Disputes,
CLS001337,NAR000519_EN,Cybercrime,Online banking fraud;digital_platform_incident,safety_triage;complaint_followup;evidence_preservation,prepare a cybercrime report and preserve digital evidence,emergency_current_danger,True,True,False,online,current,True,True,False,False,unknown,True,True,safety_redirect_and_case_intake,Cybercrime,,Cybercrime,
CLS001338,NAR000519_HI,Cybercrime,Online banking fraud;digital_platform_incident,safety_triage;complaint_followup;evidence_preservation,prepare a cybercrime report and preserve digital evidence,emergency_current_danger,True,True,False,online,current,True,True,False,False,unknown,True,True,safety_redirect_and_case_intake,Cybercrime,,Cybercrime,
CLS001339,NAR000520_EN,Traffic & Road Incidents,Traffic signal violation dispute;traffic_or_road_safety,complaint_followup;evidence_preservation,document the road incident and understand reporting options,case_preparation,False,False,False,physical,recent,True,False,False,False,unknown,True,False,traffic_incident_documentation,Traffic & Road Incidents,,Traffic & Road Incidents,
CLS001340,NAR000520_HI,Traffic & Road Incidents,Traffic signal violation dispute;traffic_or_road_safety,complaint_followup;evidence_preservation,document the road incident and understand reporting options,case_preparation,False,False,False,physical,recent,True,False,False,False,unknown,True,False,traffic_incident_documentation,Traffic & Road Incidents,,Traffic & Road Incidents,
CLS001341,NAR000521_EN,Theft and robbery,Vehicle theft;property_loss,reporting_guidance;evidence_preservation,prepare a theft or robbery complaint and list lost property,reporting_time_sensitive,False,False,False,physical,recent,True,True,False,False,unknown,False,False,police_complaint_preparation,Theft and robbery,,Theft and robbery,
CLS001342,NAR000521_HI,Theft and robbery,Vehicle theft;property_loss,reporting_guidance;evidence_preservation,prepare a theft or robbery complaint and list lost property,reporting_time_sensitive,False,False,False,physical,recent,True,True,False,False,unknown,False,False,police_complaint_preparation,Theft and robbery,,Theft and robbery,
CLS001343,NAR000522_EN,Consumer Disputes,Defective product delivery;consumer_grievance,legal_navigation;evidence_preservation,prepare a consumer complaint and identify refund or service remedies,case_preparation,False,False,False,physical,past,True,False,False,False,unknown,False,False,consumer_grievance_preparation,Consumer Disputes,,Consumer Disputes,
CLS001344,NAR000522_HI,Consumer Disputes,Defective product delivery;consumer_grievance,legal_navigation;evidence_preservation,prepare a consumer complaint and identify refund or service remedies,case_preparation,False,False,False,physical,past,True,False,False,False,unknown,False,False,consumer_grievance_preparation,Consumer Disputes,,Consumer Disputes,
CLS001345,NAR000523_EN,Assault & Threats,Domestic dispute;personal_safety,reporting_guidance;evidence_preservation,document the threat or assault and understand police reporting options,reporting_time_sensitive,False,False,False,physical,past,True,True,False,False,unknown,False,False,police_complaint_preparation,Assault & Threats,,Assault & Threats,
CLS001346,NAR000523_HI,Assault & Threats,Domestic dispute;personal_safety,reporting_guidance;evidence_preservation,document the threat or assault and understand police reporting options,reporting_time_sensitive,False,False,False,physical,past,True,True,False,False,unknown,False,False,police_complaint_preparation,Assault & Threats,,Assault & Threats,
CLS001347,NAR000524_EN,Assault & Threats,Domestic dispute;personal_safety,reporting_guidance;evidence_preservation,document the threat or assault and understand police reporting options,reporting_time_sensitive,False,False,False,physical,past,True,True,False,False,unknown,False,True,police_complaint_preparation,Assault & Threats,,Assault & Threats,
CLS001348,NAR000524_HI,Assault & Threats,Domestic dispute;personal_safety,reporting_guidance;evidence_preservation,document the threat or assault and understand police reporting options,reporting_time_sensitive,False,False,False,physical,past,True,True,False,False,unknown,False,True,police_complaint_preparation,Assault & Threats,,Assault & Threats,
CLS001349,NAR000525_EN,Cybercrime,Phishing scam;digital_platform_incident,complaint_followup;evidence_preservation,prepare a cybercrime report and preserve digital evidence,case_preparation,False,False,False,online,recent,True,True,False,False,unknown,True,False,cybercrime_report_preparation,Cybercrime,,Cybercrime,
CLS001350,NAR000525_HI,Cybercrime,Phishing scam;digital_platform_incident,complaint_followup;evidence_preservation,prepare a cybercrime report and preserve digital evidence,case_preparation,False,False,False,online,recent,True,True,False,False,unknown,True,False,cybercrime_report_preparation,Cybercrime,,Cybercrime,
CLS001351,NAR000526_EN,Theft and robbery,Vehicle theft;property_loss,reporting_guidance;evidence_preservation,prepare a theft or robbery complaint and list lost property,reporting_time_sensitive,False,False,False,physical,recent,True,True,False,False,unknown,False,True,police_complaint_preparation,Theft and robbery,,Theft and robbery,
CLS001352,NAR000526_HI,Theft and robbery,Vehicle theft;property_loss,reporting_guidance;evidence_preservation,prepare a theft or robbery complaint and list lost property,reporting_time_sensitive,False,False,False,physical,recent,True,True,False,False,unknown,False,True,police_complaint_preparation,Theft and robbery,,Theft and robbery,
CLS001353,NAR000527_EN,Financial Fraud,Credit card cloning;financial_loss_or_fraud,complaint_followup;evidence_preservation,report financial fraud and preserve transaction evidence,legal_aid_or_process_help,False,False,False,hybrid,past,True,False,False,False,unknown,True,True,financial_fraud_report_preparation,Financial Fraud,,Financial Fraud,
CLS001354,NAR000527_HI,Financial Fraud,Credit card cloning;financial_loss_or_fraud,complaint_followup;evidence_preservation,report financial fraud and preserve transaction evidence,legal_aid_or_process_help,False,False,False,hybrid,past,True,False,False,False,unknown,True,True,financial_fraud_report_preparation,Financial Fraud,,Financial Fraud,
CLS001355,NAR000528_EN,Cybercrime,Cyberstalking;digital_platform_incident,safety_triage;complaint_followup;evidence_preservation,prepare a cybercrime report and preserve digital evidence,emergency_current_danger,True,True,False,online,current,False,True,False,False,unknown,True,False,safety_redirect_and_case_intake,Cybercrime,,Cybercrime,
CLS001356,NAR000528_HI,Cybercrime,Cyberstalking;digital_platform_incident,safety_triage;complaint_followup;evidence_preservation,prepare a cybercrime report and preserve digital evidence,emergency_current_danger,True,True,False,online,current,False,True,False,False,unknown,True,False,safety_redirect_and_case_intake,Cybercrime,,Cybercrime,
CLS001357,NAR000529_EN,Domestic Violence,Economic deprivation;domestic_safety,complaint_followup,seek safety-focused help and prepare a support or complaint record,case_preparation,False,False,False,physical,past,False,True,False,False,unknown,True,False,police_complaint_preparation,Domestic Violence,,Domestic Violence,
CLS001358,NAR000529_HI,Domestic Violence,Economic deprivation;domestic_safety,complaint_followup,seek safety-focused help and prepare a support or complaint record,case_preparation,False,False,False,physical,past,False,True,False,False,unknown,True,False,police_complaint_preparation,Domestic Violence,,Domestic Violence,
CLS001359,NAR000530_EN,Assault & Threats,Road rage assault;personal_safety,reporting_guidance;evidence_preservation,document the threat or assault and understand police reporting options,reporting_time_sensitive,False,False,False,physical,past,True,True,False,False,unknown,False,True,police_complaint_preparation,Assault & Threats,,Assault & Threats,
CLS001360,NAR000530_HI,Assault & Threats,Road rage assault;personal_safety,reporting_guidance;evidence_preservation,document the threat or assault and understand police reporting options,reporting_time_sensitive,False,False,False,physical,past,True,True,False,False,unknown,False,True,police_complaint_preparation,Assault & Threats,,Assault & Threats,
CLS001361,NAR000531_EN,Family Law,Restitution of conjugal rights;family_legal_support,complaint_followup;legal_navigation,organise family-law facts and identify support options,legal_aid_or_process_help,False,False,False,physical,recent,False,False,False,False,unknown,True,True,family_legal_aid_intake,Family Law,,Family Law,
CLS001362,NAR000531_HI,Family Law,Restitution of conjugal rights;family_legal_support,complaint_followup;legal_navigation,organise family-law facts and identify support options,legal_aid_or_process_help,False,False,False,physical,recent,False,False,False,False,unknown,True,True,family_legal_aid_intake,Family Law,,Family Law,
CLS001363,NAR000532_EN,Family Law,Divorce proceedings conflict;family_legal_support,legal_navigation,organise family-law facts and identify support options,legal_aid_or_process_help,False,False,False,hybrid,recent,False,False,False,False,unknown,False,True,family_legal_aid_intake,Family Law,,Family Law,
CLS001364,NAR000532_HI,Family Law,Divorce proceedings conflict;family_legal_support,legal_navigation,organise family-law facts and identify support options,legal_aid_or_process_help,False,False,False,hybrid,recent,False,False,False,False,unknown,False,True,family_legal_aid_intake,Family Law,,Family Law,
CLS001365,NAR000533_EN,Employment/Labour,Safe working conditions violation;workplace_rights,complaint_followup;legal_navigation;evidence_preservation,prepare a workplace rights complaint or legal-aid intake,legal_aid_or_process_help,False,False,False,physical,past,True,False,True,False,unknown,True,True,labour_or_workplace_intake,Employment/Labour,,Employment/Labour,
CLS001366,NAR000533_HI,Employment/Labour,Safe working conditions violation;workplace_rights,complaint_followup;legal_navigation;evidence_preservation,prepare a workplace rights complaint or legal-aid intake,medical_attention_needed,False,False,True,physical,past,True,False,True,False,unknown,True,True,labour_or_workplace_intake,Employment/Labour,,Employment/Labour,
CLS001367,NAR000534_EN,Property Disputes,Inheritance property claim;property_conflict,legal_navigation;evidence_preservation,organise property-dispute facts and identify documentation gaps,legal_aid_or_process_help,False,False,False,physical,past,True,True,False,False,unknown,False,True,property_document_review_intake,Property Disputes,,Property Disputes,
CLS001368,NAR000534_HI,Property Disputes,Inheritance property claim;property_conflict,legal_navigation;evidence_preservation,organise property-dispute facts and identify documentation gaps,legal_aid_or_process_help,False,False,False,physical,past,True,True,False,False,unknown,False,True,property_document_review_intake,Property Disputes,,Property Disputes,
CLS001369,NAR000535_EN,Property Disputes,Tenant-landlord conflict;property_conflict,complaint_followup;legal_navigation;evidence_preservation,organise property-dispute facts and identify documentation gaps,legal_aid_or_process_help,False,False,False,hybrid,past,True,False,True,False,unknown,True,True,property_document_review_intake,Property Disputes,,Property Disputes,
CLS001370,NAR000535_HI,Property Disputes,Tenant-landlord conflict;property_conflict,complaint_followup;legal_navigation;evidence_preservation,organise property-dispute facts and identify documentation gaps,medical_attention_needed,False,False,True,hybrid,past,True,False,True,False,unknown,True,True,property_document_review_intake,Property Disputes,,Property Disputes,
CLS001371,NAR000536_EN,Traffic & Road Incidents,Drunk driving accident;traffic_or_road_safety,complaint_followup;evidence_preservation,document the road incident and understand reporting options,legal_aid_or_process_help,False,False,False,physical,recent,True,False,True,False,unknown,True,True,traffic_incident_documentation,Traffic & Road Incidents,,Traffic & Road Incidents,
CLS001372,NAR000536_HI,Traffic & Road Incidents,Drunk driving accident;traffic_or_road_safety,complaint_followup;evidence_preservation,document the road incident and understand reporting options,medical_attention_needed,False,False,True,physical,recent,True,False,True,False,unknown,True,True,traffic_incident_documentation,Traffic & Road Incidents,,Traffic & Road Incidents,
CLS001373,NAR000537_EN,Employment/Labour,Workplace harassment;workplace_rights,complaint_followup;legal_navigation;evidence_preservation,prepare a workplace rights complaint or legal-aid intake,legal_aid_or_process_help,False,False,False,physical,past,True,True,False,False,unknown,True,True,labour_or_workplace_intake,Employment/Labour,,Employment/Labour,
CLS001374,NAR000537_HI,Employment/Labour,Workplace harassment;workplace_rights,complaint_followup;legal_navigation;evidence_preservation,prepare a workplace rights complaint or legal-aid intake,legal_aid_or_process_help,False,False,False,physical,past,True,True,False,False,unknown,True,True,labour_or_workplace_intake,Employment/Labour,,Employment/Labour,
CLS001375,NAR000538_EN,Domestic Violence,Dowry harassment;domestic_safety,complaint_followup,seek safety-focused help and prepare a support or complaint record,case_preparation,False,False,False,physical,recent,False,True,False,False,unknown,True,False,police_complaint_preparation,Domestic Violence,,Domestic Violence,
CLS001376,NAR000538_HI,Domestic Violence,Dowry harassment;domestic_safety,complaint_followup,seek safety-focused help and prepare a support or complaint record,case_preparation,False,False,False,physical,recent,False,True,False,False,unknown,True,False,police_complaint_preparation,Domestic Violence,,Domestic Violence,
CLS001377,NAR000539_EN,Cybercrime,Social media hacking;digital_platform_incident,reporting_guidance;evidence_preservation,prepare a cybercrime report and preserve digital evidence,reporting_time_sensitive,False,False,False,online,recent,False,False,False,False,unknown,False,True,cybercrime_report_preparation,Cybercrime,,Cybercrime,
CLS001378,NAR000539_HI,Cybercrime,Social media hacking;digital_platform_incident,reporting_guidance;evidence_preservation,prepare a cybercrime report and preserve digital evidence,reporting_time_sensitive,False,False,False,online,recent,False,False,False,False,unknown,False,True,cybercrime_report_preparation,Cybercrime,,Cybercrime,
CLS001379,NAR000540_EN,Miscellaneous,Stray animal hazard;civic_or_public_safety,legal_navigation;evidence_preservation,prepare a civic complaint and identify the right authority,case_preparation,False,False,False,physical,past,True,False,False,False,true,False,False,general_legal_navigation,Miscellaneous,,Miscellaneous,
CLS001380,NAR000540_HI,Miscellaneous,Stray animal hazard;civic_or_public_safety,legal_navigation;evidence_preservation,prepare a civic complaint and identify the right authority,case_preparation,False,False,False,physical,past,True,False,False,False,true,False,False,general_legal_navigation,Miscellaneous,,Miscellaneous,
CLS001381,NAR000541_EN,Property Disputes,Tenant-landlord conflict;property_conflict,complaint_followup;legal_navigation;evidence_preservation,organise property-dispute facts and identify documentation gaps,legal_aid_or_process_help,False,False,False,hybrid,recent,True,False,True,False,unknown,True,True,property_document_review_intake,Property Disputes,,Property Disputes,
CLS001382,NAR000541_HI,Property Disputes,Tenant-landlord conflict;property_conflict,complaint_followup;legal_navigation;evidence_preservation,organise property-dispute facts and identify documentation gaps,medical_attention_needed,False,False,True,hybrid,recent,True,False,True,False,unknown,True,True,property_document_review_intake,Property Disputes,,Property Disputes,
CLS001383,NAR000542_EN,Consumer Disputes,Refusal of service refund;consumer_grievance,legal_navigation;evidence_preservation,prepare a consumer complaint and identify refund or service remedies,legal_aid_or_process_help,False,False,False,online,recent,True,False,False,False,unknown,False,True,consumer_grievance_preparation,Consumer Disputes,,Consumer Disputes,
CLS001384,NAR000542_HI,Consumer Disputes,Refusal of service refund;consumer_grievance,legal_navigation;evidence_preservation,prepare a consumer complaint and identify refund or service remedies,legal_aid_or_process_help,False,False,False,online,recent,True,False,False,False,unknown,False,True,consumer_grievance_preparation,Consumer Disputes,,Consumer Disputes,
CLS001385,NAR000543_EN,Miscellaneous,Minor civic infrastructure issue;civic_or_public_safety,legal_navigation,prepare a civic complaint and identify the right authority,legal_aid_or_process_help,False,False,False,physical,recent,False,False,False,False,true,False,True,general_legal_navigation,Miscellaneous,,Miscellaneous,
CLS001386,NAR000543_HI,Miscellaneous,Minor civic infrastructure issue;civic_or_public_safety,legal_navigation,prepare a civic complaint and identify the right authority,legal_aid_or_process_help,False,False,False,physical,recent,False,False,False,False,true,False,True,general_legal_navigation,Miscellaneous,,Miscellaneous,
CLS001387,NAR000544_EN,Assault & Threats,Verbal intimidation;personal_safety,complaint_followup,document the threat or assault and understand police reporting options,case_preparation,False,False,False,physical,recent,False,True,False,False,unknown,True,False,police_complaint_preparation,Assault & Threats,,Assault & Threats,
CLS001388,NAR000544_HI,Assault & Threats,Verbal intimidation;personal_safety,complaint_followup,document the threat or assault and understand police reporting options,case_preparation,False,False,False,physical,recent,False,True,False,False,unknown,True,False,police_complaint_preparation,Assault & Threats,,Assault & Threats,
CLS001389,NAR000545_EN,Theft and robbery,Online phishing theft;property_loss,complaint_followup;evidence_preservation,prepare a theft or robbery complaint and list lost property,case_preparation,False,False,False,online,recent,True,False,False,False,unknown,True,False,police_complaint_preparation,Theft and robbery,,Theft and robbery,
CLS001390,NAR000545_HI,Theft and robbery,Online phishing theft;property_loss,complaint_followup;evidence_preservation,prepare a theft or robbery complaint and list lost property,case_preparation,False,False,False,online,recent,True,False,False,False,unknown,True,False,police_complaint_preparation,Theft and robbery,,Theft and robbery,
CLS001391,NAR000546_EN,Consumer Disputes,Defective product delivery;consumer_grievance,complaint_followup;legal_navigation;evidence_preservation,prepare a consumer complaint and identify refund or service remedies,legal_aid_or_process_help,False,False,False,physical,past,True,False,False,False,unknown,True,True,consumer_grievance_preparation,Consumer Disputes,,Consumer Disputes,
CLS001392,NAR000546_HI,Consumer Disputes,Defective product delivery;consumer_grievance,complaint_followup;legal_navigation;evidence_preservation,prepare a consumer complaint and identify refund or service remedies,legal_aid_or_process_help,False,False,False,physical,past,True,False,False,False,unknown,True,True,consumer_grievance_preparation,Consumer Disputes,,Consumer Disputes,
CLS001393,NAR000547_EN,Domestic Violence,Dowry harassment;domestic_safety,reporting_guidance;evidence_preservation,seek safety-focused help and prepare a support or complaint record,reporting_time_sensitive,False,False,False,hybrid,recent,True,True,False,False,unknown,False,True,police_complaint_preparation,Domestic Violence,,Domestic Violence,
CLS001394,NAR000547_HI,Domestic Violence,Dowry harassment;domestic_safety,reporting_guidance;evidence_preservation,seek safety-focused help and prepare a support or complaint record,reporting_time_sensitive,False,False,False,hybrid,recent,True,True,False,False,unknown,False,True,police_complaint_preparation,Domestic Violence,,Domestic Violence,
CLS001395,NAR000548_EN,Assault & Threats,Verbal intimidation;personal_safety,reporting_guidance,document the threat or assault and understand police reporting options,reporting_time_sensitive,False,False,False,physical,past,False,True,False,False,unknown,False,False,police_complaint_preparation,Assault & Threats,,Assault & Threats,
CLS001396,NAR000548_HI,Assault & Threats,Verbal intimidation;personal_safety,reporting_guidance,document the threat or assault and understand police reporting options,reporting_time_sensitive,False,False,False,physical,past,False,True,False,False,unknown,False,False,police_complaint_preparation,Assault & Threats,,Assault & Threats,
CLS001397,NAR000549_EN,Theft and robbery,Vehicle theft;property_loss,reporting_guidance;evidence_preservation,prepare a theft or robbery complaint and list lost property,reporting_time_sensitive,False,False,False,physical,recent,True,True,False,False,unknown,False,True,police_complaint_preparation,Theft and robbery,,Theft and robbery,
CLS001398,NAR000549_HI,Theft and robbery,Vehicle theft;property_loss,reporting_guidance;evidence_preservation,prepare a theft or robbery complaint and list lost property,reporting_time_sensitive,False,False,False,physical,recent,True,True,False,False,unknown,False,True,police_complaint_preparation,Theft and robbery,,Theft and robbery,
CLS001399,NAR000550_EN,Property Disputes,Land encroachment;property_conflict,legal_navigation;evidence_preservation,organise property-dispute facts and identify documentation gaps,legal_aid_or_process_help,False,False,False,physical,past,True,False,False,False,unknown,False,True,property_document_review_intake,Property Disputes,,Property Disputes,
CLS001400,NAR000550_HI,Property Disputes,Land encroachment;property_conflict,legal_navigation;evidence_preservation,organise property-dispute facts and identify documentation gaps,legal_aid_or_process_help,False,False,False,physical,past,True,False,False,False,unknown,False,True,property_document_review_intake,Property Disputes,,Property Disputes,
CLS001401,NAR000551_EN,Property Disputes,Tenant-landlord conflict;property_conflict,legal_navigation;evidence_preservation,organise property-dispute facts and identify documentation gaps,legal_aid_or_process_help,False,False,False,physical,past,True,False,False,False,unknown,False,True,property_document_review_intake,Property Disputes,,Property Disputes,
CLS001402,NAR000551_HI,Property Disputes,Tenant-landlord conflict;property_conflict,legal_navigation;evidence_preservation,organise property-dispute facts and identify documentation gaps,legal_aid_or_process_help,False,False,False,physical,past,True,False,False,False,unknown,False,True,property_document_review_intake,Property Disputes,,Property Disputes,
CLS001403,NAR000552_EN,Consumer Disputes,False advertising and misrepresentation;consumer_grievance,complaint_followup;legal_navigation;evidence_preservation,prepare a consumer complaint and identify refund or service remedies,legal_aid_or_process_help,False,False,False,physical,recent,True,False,False,False,unknown,True,True,consumer_grievance_preparation,Consumer Disputes,,Consumer Disputes,
CLS001404,NAR000552_HI,Consumer Disputes,False advertising and misrepresentation;consumer_grievance,complaint_followup;legal_navigation;evidence_preservation,prepare a consumer complaint and identify refund or service remedies,legal_aid_or_process_help,False,False,False,physical,recent,True,False,False,False,unknown,True,True,consumer_grievance_preparation,Consumer Disputes,,Consumer Disputes,
CLS001405,NAR000553_EN,Financial Fraud,Loan approval scam;financial_loss_or_fraud,reporting_guidance;evidence_preservation,report financial fraud and preserve transaction evidence,reporting_time_sensitive,False,False,False,online,recent,True,False,False,False,unknown,False,True,financial_fraud_report_preparation,Financial Fraud,,Financial Fraud,
CLS001406,NAR000553_HI,Financial Fraud,Loan approval scam;financial_loss_or_fraud,reporting_guidance;evidence_preservation,report financial fraud and preserve transaction evidence,reporting_time_sensitive,False,False,False,online,recent,True,False,False,False,unknown,False,True,financial_fraud_report_preparation,Financial Fraud,,Financial Fraud,
CLS001407,NAR000554_EN,Family Law,Child custody dispute;family_legal_support,legal_navigation,organise family-law facts and identify support options,legal_aid_or_process_help,False,False,False,hybrid,recent,False,False,False,False,true,False,True,family_legal_aid_intake,Family Law,,Family Law,
CLS001408,NAR000554_HI,Family Law,Child custody dispute;family_legal_support,legal_navigation,organise family-law facts and identify support options,legal_aid_or_process_help,False,False,False,hybrid,recent,False,False,False,False,true,False,True,family_legal_aid_intake,Family Law,,Family Law,
CLS001409,NAR000555_EN,Financial Fraud,Credit card cloning;financial_loss_or_fraud,reporting_guidance;evidence_preservation,report financial fraud and preserve transaction evidence,reporting_time_sensitive,False,False,False,physical,recent,True,False,False,False,unknown,False,False,financial_fraud_report_preparation,Financial Fraud,,Financial Fraud,
CLS001410,NAR000555_HI,Financial Fraud,Credit card cloning;financial_loss_or_fraud,reporting_guidance;evidence_preservation,report financial fraud and preserve transaction evidence,reporting_time_sensitive,False,False,False,physical,recent,True,False,False,False,unknown,False,False,financial_fraud_report_preparation,Financial Fraud,,Financial Fraud,
CLS001411,NAR000556_EN,Employment/Labour,Safe working conditions violation;workplace_rights,complaint_followup;legal_navigation;evidence_preservation,prepare a workplace rights complaint or legal-aid intake,legal_aid_or_process_help,False,False,False,physical,recent,True,False,True,False,unknown,True,True,labour_or_workplace_intake,Employment/Labour,,Employment/Labour,
CLS001412,NAR000556_HI,Employment/Labour,Safe working conditions violation;workplace_rights,complaint_followup;legal_navigation;evidence_preservation,prepare a workplace rights complaint or legal-aid intake,medical_attention_needed,False,False,True,physical,recent,True,False,True,False,unknown,True,True,labour_or_workplace_intake,Employment/Labour,,Employment/Labour,
CLS001413,NAR000557_EN,Assault & Threats,Physical altercation;personal_safety,reporting_guidance,document the threat or assault and understand police reporting options,reporting_time_sensitive,False,False,False,physical,past,False,True,False,False,unknown,False,True,police_complaint_preparation,Assault & Threats,,Assault & Threats,
CLS001414,NAR000557_HI,Assault & Threats,Physical altercation;personal_safety,reporting_guidance,document the threat or assault and understand police reporting options,reporting_time_sensitive,False,False,False,physical,past,False,True,False,False,unknown,False,True,police_complaint_preparation,Assault & Threats,,Assault & Threats,
CLS001415,NAR000558_EN,Family Law,Guardianship dispute;family_legal_support,legal_navigation,organise family-law facts and identify support options,legal_aid_or_process_help,False,False,False,hybrid,recent,False,False,False,False,unknown,False,True,family_legal_aid_intake,Family Law,,Family Law,
CLS001416,NAR000558_HI,Family Law,Guardianship dispute;family_legal_support,legal_navigation,organise family-law facts and identify support options,legal_aid_or_process_help,False,False,False,hybrid,recent,False,False,False,False,unknown,False,True,family_legal_aid_intake,Family Law,,Family Law,
CLS001417,NAR000559_EN,Miscellaneous,Stray animal hazard;civic_or_public_safety,legal_navigation,prepare a civic complaint and identify the right authority,legal_aid_or_process_help,False,False,False,physical,recent,False,False,False,False,true,False,True,general_legal_navigation,Miscellaneous,,Miscellaneous,
CLS001418,NAR000559_HI,Miscellaneous,Stray animal hazard;civic_or_public_safety,legal_navigation,prepare a civic complaint and identify the right authority,legal_aid_or_process_help,False,False,False,physical,recent,False,False,False,False,true,False,True,general_legal_navigation,Miscellaneous,,Miscellaneous,
CLS001419,NAR000560_EN,Employment/Labour,Breach of employment contract;workplace_rights,complaint_followup;legal_navigation;evidence_preservation,prepare a workplace rights complaint or legal-aid intake,legal_aid_or_process_help,False,False,False,online,recent,True,False,False,False,unknown,True,True,labour_or_workplace_intake,Employment/Labour,,Employment/Labour,
CLS001420,NAR000560_HI,Employment/Labour,Breach of employment contract;workplace_rights,complaint_followup;legal_navigation;evidence_preservation,prepare a workplace rights complaint or legal-aid intake,legal_aid_or_process_help,False,False,False,online,recent,True,False,False,False,unknown,True,True,labour_or_workplace_intake,Employment/Labour,,Employment/Labour,
CLS001421,NAR000561_EN,Cybercrime,Ransomware attack;digital_platform_incident,complaint_followup;evidence_preservation,prepare a cybercrime report and preserve digital evidence,case_preparation,False,False,False,online,past,True,True,False,False,unknown,True,False,cybercrime_report_preparation,Cybercrime,,Cybercrime,
CLS001422,NAR000561_HI,Cybercrime,Ransomware attack;digital_platform_incident,complaint_followup;evidence_preservation,prepare a cybercrime report and preserve digital evidence,case_preparation,False,False,False,online,past,True,True,False,False,unknown,True,False,cybercrime_report_preparation,Cybercrime,,Cybercrime,
CLS001423,NAR000562_EN,Traffic & Road Incidents,Illegal parking blockage;traffic_or_road_safety,complaint_followup;evidence_preservation,document the road incident and understand reporting options,legal_aid_or_process_help,False,False,False,physical,past,True,False,False,False,unknown,True,True,traffic_incident_documentation,Traffic & Road Incidents,,Traffic & Road Incidents,
CLS001424,NAR000562_HI,Traffic & Road Incidents,Illegal parking blockage;traffic_or_road_safety,complaint_followup;evidence_preservation,document the road incident and understand reporting options,legal_aid_or_process_help,False,False,False,physical,past,True,False,False,False,unknown,True,True,traffic_incident_documentation,Traffic & Road Incidents,,Traffic & Road Incidents,
CLS001425,NAR000563_EN,Theft and robbery,Armed robbery;property_loss,reporting_guidance;evidence_preservation,prepare a theft or robbery complaint and list lost property,reporting_time_sensitive,False,False,False,physical,recent,True,True,True,True,unknown,False,False,police_complaint_preparation,Theft and robbery,,Theft and robbery,
CLS001426,NAR000563_HI,Theft and robbery,Armed robbery;property_loss,reporting_guidance;evidence_preservation,prepare a theft or robbery complaint and list lost property,medical_attention_needed,False,False,True,physical,recent,True,True,True,True,unknown,False,False,police_complaint_preparation,Theft and robbery,,Theft and robbery,
CLS001427,NAR000564_EN,Traffic & Road Incidents,Illegal parking blockage;traffic_or_road_safety,reporting_guidance;evidence_preservation,document the road incident and understand reporting options,case_preparation,False,False,False,physical,recent,True,False,False,False,unknown,False,False,traffic_incident_documentation,Traffic & Road Incidents,,Traffic & Road Incidents,
CLS001428,NAR000564_HI,Traffic & Road Incidents,Illegal parking blockage;traffic_or_road_safety,reporting_guidance;evidence_preservation,document the road incident and understand reporting options,case_preparation,False,False,False,physical,recent,True,False,False,False,unknown,False,False,traffic_incident_documentation,Traffic & Road Incidents,,Traffic & Road Incidents,
CLS001429,NAR000565_EN,Theft and robbery,Online phishing theft;property_loss,complaint_followup;evidence_preservation,prepare a theft or robbery complaint and list lost property,case_preparation,False,False,False,online,recent,True,False,False,False,unknown,True,False,police_complaint_preparation,Theft and robbery,,Theft and robbery,
CLS001430,NAR000565_HI,Theft and robbery,Online phishing theft;property_loss,complaint_followup;evidence_preservation,prepare a theft or robbery complaint and list lost property,case_preparation,False,False,False,online,recent,True,False,False,False,unknown,True,False,police_complaint_preparation,Theft and robbery,,Theft and robbery,
CLS001431,NAR000566_EN,Employment/Labour,Safe working conditions violation;workplace_rights,legal_navigation,prepare a workplace rights complaint or legal-aid intake,legal_aid_or_process_help,False,False,False,physical,past,False,False,False,False,unknown,False,True,labour_or_workplace_intake,Employment/Labour,,Employment/Labour,
CLS001432,NAR000566_HI,Employment/Labour,Safe working conditions violation;workplace_rights,legal_navigation,prepare a workplace rights complaint or legal-aid intake,legal_aid_or_process_help,False,False,False,physical,past,False,False,False,False,unknown,False,True,labour_or_workplace_intake,Employment/Labour,,Employment/Labour,
CLS001433,NAR000567_EN,Traffic & Road Incidents,Traffic signal violation dispute;traffic_or_road_safety,complaint_followup;evidence_preservation,document the road incident and understand reporting options,case_preparation,False,False,False,physical,recent,True,False,False,False,unknown,True,False,traffic_incident_documentation,Traffic & Road Incidents,,Traffic & Road Incidents,
CLS001434,NAR000567_HI,Traffic & Road Incidents,Traffic signal violation dispute;traffic_or_road_safety,complaint_followup;evidence_preservation,document the road incident and understand reporting options,case_preparation,False,False,False,physical,recent,True,False,False,False,unknown,True,False,traffic_incident_documentation,Traffic & Road Incidents,,Traffic & Road Incidents,
CLS001435,NAR000568_EN,Cybercrime,Social media hacking;digital_platform_incident,reporting_guidance;evidence_preservation,prepare a cybercrime report and preserve digital evidence,reporting_time_sensitive,False,False,False,online,past,True,True,False,False,unknown,False,False,cybercrime_report_preparation,Cybercrime,,Cybercrime,
CLS001436,NAR000568_HI,Cybercrime,Social media hacking;digital_platform_incident,reporting_guidance;evidence_preservation,prepare a cybercrime report and preserve digital evidence,reporting_time_sensitive,False,False,False,online,past,True,True,False,False,unknown,False,False,cybercrime_report_preparation,Cybercrime,,Cybercrime,
CLS001437,NAR000569_EN,Property Disputes,Illegal property possession;property_conflict,complaint_followup;legal_navigation;evidence_preservation,organise property-dispute facts and identify documentation gaps,legal_aid_or_process_help,False,False,False,physical,past,True,True,False,False,unknown,True,True,property_document_review_intake,Property Disputes,,Property Disputes,
CLS001438,NAR000569_HI,Property Disputes,Illegal property possession;property_conflict,complaint_followup;legal_navigation;evidence_preservation,organise property-dispute facts and identify documentation gaps,legal_aid_or_process_help,False,False,False,physical,past,True,True,False,False,unknown,True,True,property_document_review_intake,Property Disputes,,Property Disputes,
CLS001439,NAR000570_EN,Theft and robbery,Shopbreaking;property_loss,complaint_followup;evidence_preservation,prepare a theft or robbery complaint and list lost property,legal_aid_or_process_help,False,False,False,physical,past,True,True,False,False,unknown,True,True,police_complaint_preparation,Theft and robbery,,Theft and robbery,
CLS001440,NAR000570_HI,Theft and robbery,Shopbreaking;property_loss,complaint_followup;evidence_preservation,prepare a theft or robbery complaint and list lost property,legal_aid_or_process_help,False,False,False,physical,past,True,True,False,False,unknown,True,True,police_complaint_preparation,Theft and robbery,,Theft and robbery,
CLS001441,NAR000571_EN,Property Disputes,Illegal property possession;property_conflict,safety_triage;complaint_followup;legal_navigation;evidence_preservation,organise property-dispute facts and identify documentation gaps,emergency_current_danger,True,True,False,physical,current,True,True,False,False,unknown,True,True,safety_redirect_and_case_intake,Property Disputes,,Property Disputes,
CLS001442,NAR000571_HI,Property Disputes,Illegal property possession;property_conflict,safety_triage;complaint_followup;legal_navigation;evidence_preservation,organise property-dispute facts and identify documentation gaps,emergency_current_danger,True,True,False,physical,current,True,True,False,False,unknown,True,True,safety_redirect_and_case_intake,Property Disputes,,Property Disputes,
CLS001443,NAR000572_EN,Assault & Threats,Domestic dispute;personal_safety,complaint_followup;evidence_preservation,document the threat or assault and understand police reporting options,case_preparation,False,False,False,physical,recent,True,True,False,False,unknown,True,False,police_complaint_preparation,Assault & Threats,,Assault & Threats,
CLS001444,NAR000572_HI,Assault & Threats,Domestic dispute;personal_safety,complaint_followup;evidence_preservation,document the threat or assault and understand police reporting options,case_preparation,False,False,False,physical,recent,True,True,False,False,unknown,True,False,police_complaint_preparation,Assault & Threats,,Assault & Threats,
CLS001445,NAR000573_EN,Traffic & Road Incidents,Drunk driving accident;traffic_or_road_safety,complaint_followup;evidence_preservation,document the road incident and understand reporting options,case_preparation,False,False,False,physical,recent,True,False,True,False,unknown,True,False,traffic_incident_documentation,Traffic & Road Incidents,,Traffic & Road Incidents,
CLS001446,NAR000573_HI,Traffic & Road Incidents,Drunk driving accident;traffic_or_road_safety,complaint_followup;evidence_preservation,document the road incident and understand reporting options,medical_attention_needed,False,False,True,physical,recent,True,False,True,False,unknown,True,False,traffic_incident_documentation,Traffic & Road Incidents,,Traffic & Road Incidents,
CLS001447,NAR000574_EN,Employment/Labour,Breach of employment contract;workplace_rights,legal_navigation;evidence_preservation,prepare a workplace rights complaint or legal-aid intake,legal_aid_or_process_help,False,False,False,online,recent,True,False,False,False,unknown,False,True,labour_or_workplace_intake,Employment/Labour,,Employment/Labour,
CLS001448,NAR000574_HI,Employment/Labour,Breach of employment contract;workplace_rights,legal_navigation;evidence_preservation,prepare a workplace rights complaint or legal-aid intake,legal_aid_or_process_help,False,False,False,online,recent,True,False,False,False,unknown,False,True,labour_or_workplace_intake,Employment/Labour,,Employment/Labour,
CLS001449,NAR000575_EN,Assault & Threats,Domestic dispute;personal_safety,reporting_guidance;evidence_preservation,document the threat or assault and understand police reporting options,reporting_time_sensitive,False,False,False,physical,recent,True,True,False,False,unknown,False,False,police_complaint_preparation,Assault & Threats,,Assault & Threats,
CLS001450,NAR000575_HI,Assault & Threats,Domestic dispute;personal_safety,reporting_guidance;evidence_preservation,document the threat or assault and understand police reporting options,reporting_time_sensitive,False,False,False,physical,recent,True,True,False,False,unknown,False,False,police_complaint_preparation,Assault & Threats,,Assault & Threats,
CLS001451,NAR000576_EN,Family Law,Alimony and maintenance claim;family_legal_support,complaint_followup;legal_navigation;evidence_preservation,organise family-law facts and identify support options,legal_aid_or_process_help,False,False,False,hybrid,recent,True,False,False,False,unknown,True,True,family_legal_aid_intake,Family Law,,Family Law,
CLS001452,NAR000576_HI,Family Law,Alimony and maintenance claim;family_legal_support,complaint_followup;legal_navigation;evidence_preservation,organise family-law facts and identify support options,legal_aid_or_process_help,False,False,False,hybrid,recent,True,False,False,False,unknown,True,True,family_legal_aid_intake,Family Law,,Family Law,
CLS001453,NAR000577_EN,Property Disputes,Tenant-landlord conflict;property_conflict,legal_navigation;evidence_preservation,organise property-dispute facts and identify documentation gaps,legal_aid_or_process_help,False,False,False,hybrid,past,True,True,False,False,unknown,False,True,property_document_review_intake,Property Disputes,,Property Disputes,
CLS001454,NAR000577_HI,Property Disputes,Tenant-landlord conflict;property_conflict,legal_navigation;evidence_preservation,organise property-dispute facts and identify documentation gaps,legal_aid_or_process_help,False,False,False,hybrid,past,True,True,False,False,unknown,False,True,property_document_review_intake,Property Disputes,,Property Disputes,
CLS001455,NAR000578_EN,Cybercrime,Social media hacking;digital_platform_incident,reporting_guidance;evidence_preservation,prepare a cybercrime report and preserve digital evidence,reporting_time_sensitive,False,False,False,online,past,True,True,False,False,unknown,False,False,cybercrime_report_preparation,Cybercrime,,Cybercrime,
CLS001456,NAR000578_HI,Cybercrime,Social media hacking;digital_platform_incident,reporting_guidance;evidence_preservation,prepare a cybercrime report and preserve digital evidence,reporting_time_sensitive,False,False,False,online,past,True,True,False,False,unknown,False,False,cybercrime_report_preparation,Cybercrime,,Cybercrime,
CLS001457,NAR000579_EN,Employment/Labour,Unpaid wage dispute;workplace_rights,legal_navigation;evidence_preservation,prepare a workplace rights complaint or legal-aid intake,legal_aid_or_process_help,False,False,False,hybrid,recent,True,False,False,False,unknown,False,True,labour_or_workplace_intake,Employment/Labour,,Employment/Labour,
CLS001458,NAR000579_HI,Employment/Labour,Unpaid wage dispute;workplace_rights,legal_navigation;evidence_preservation,prepare a workplace rights complaint or legal-aid intake,legal_aid_or_process_help,False,False,False,hybrid,recent,True,False,False,False,unknown,False,True,labour_or_workplace_intake,Employment/Labour,,Employment/Labour,
CLS001459,NAR000580_EN,Cybercrime,Identity theft;digital_platform_incident,reporting_guidance;evidence_preservation,prepare a cybercrime report and preserve digital evidence,reporting_time_sensitive,False,False,False,online,recent,False,True,False,False,unknown,False,False,cybercrime_report_preparation,Cybercrime,,Cybercrime,
CLS001460,NAR000580_HI,Cybercrime,Identity theft;digital_platform_incident,reporting_guidance;evidence_preservation,prepare a cybercrime report and preserve digital evidence,reporting_time_sensitive,False,False,False,online,recent,False,True,False,False,unknown,False,False,cybercrime_report_preparation,Cybercrime,,Cybercrime,
CLS001461,NAR000581_EN,Miscellaneous,Noise pollution grievance;civic_or_public_safety,legal_navigation,prepare a civic complaint and identify the right authority,legal_aid_or_process_help,False,False,False,physical,recent,False,False,False,False,unknown,False,True,general_legal_navigation,Miscellaneous,,Miscellaneous,
CLS001462,NAR000581_HI,Miscellaneous,Noise pollution grievance;civic_or_public_safety,legal_navigation,prepare a civic complaint and identify the right authority,legal_aid_or_process_help,False,False,False,physical,recent,False,False,False,False,unknown,False,True,general_legal_navigation,Miscellaneous,,Miscellaneous,
CLS001463,NAR000582_EN,Miscellaneous,Lost item reporting;civic_or_public_safety,legal_navigation;evidence_preservation,prepare a civic complaint and identify the right authority,legal_aid_or_process_help,False,True,False,physical,current,True,False,False,False,unknown,False,True,general_legal_navigation,Miscellaneous,,Miscellaneous,
CLS001464,NAR000582_HI,Miscellaneous,Lost item reporting;civic_or_public_safety,legal_navigation;evidence_preservation,prepare a civic complaint and identify the right authority,legal_aid_or_process_help,False,True,False,physical,current,True,False,False,False,unknown,False,True,general_legal_navigation,Miscellaneous,,Miscellaneous,
CLS001465,NAR000583_EN,Theft and robbery,Online phishing theft;property_loss,complaint_followup;evidence_preservation,prepare a theft or robbery complaint and list lost property,legal_aid_or_process_help,False,False,False,hybrid,past,True,False,False,False,unknown,True,True,police_complaint_preparation,Theft and robbery,,Theft and robbery,
CLS001466,NAR000583_HI,Theft and robbery,Online phishing theft;property_loss,complaint_followup;evidence_preservation,prepare a theft or robbery complaint and list lost property,legal_aid_or_process_help,False,False,False,hybrid,past,True,False,False,False,unknown,True,True,police_complaint_preparation,Theft and robbery,,Theft and robbery,
CLS001467,NAR000584_EN,Financial Fraud,Credit card cloning;financial_loss_or_fraud,complaint_followup;evidence_preservation,report financial fraud and preserve transaction evidence,legal_aid_or_process_help,False,False,False,physical,recent,True,True,False,False,unknown,True,True,financial_fraud_report_preparation,Financial Fraud,,Financial Fraud,
CLS001468,NAR000584_HI,Financial Fraud,Credit card cloning;financial_loss_or_fraud,complaint_followup;evidence_preservation,report financial fraud and preserve transaction evidence,legal_aid_or_process_help,False,False,False,physical,recent,True,True,False,False,unknown,True,True,financial_fraud_report_preparation,Financial Fraud,,Financial Fraud,
CLS001469,NAR000585_EN,Family Law,Alimony and maintenance claim;family_legal_support,complaint_followup;legal_navigation;evidence_preservation,organise family-law facts and identify support options,legal_aid_or_process_help,False,False,False,hybrid,past,True,False,False,False,unknown,True,True,family_legal_aid_intake,Family Law,,Family Law,
CLS001470,NAR000585_HI,Family Law,Alimony and maintenance claim;family_legal_support,complaint_followup;legal_navigation;evidence_preservation,organise family-law facts and identify support options,legal_aid_or_process_help,False,False,False,hybrid,past,True,False,False,False,unknown,True,True,family_legal_aid_intake,Family Law,,Family Law,
CLS001471,NAR000586_EN,Cybercrime,Cyberstalking;digital_platform_incident,reporting_guidance;evidence_preservation,prepare a cybercrime report and preserve digital evidence,reporting_time_sensitive,False,False,False,hybrid,past,True,True,False,False,unknown,False,False,cybercrime_report_preparation,Cybercrime,,Cybercrime,
CLS001472,NAR000586_HI,Cybercrime,Cyberstalking;digital_platform_incident,reporting_guidance;evidence_preservation,prepare a cybercrime report and preserve digital evidence,reporting_time_sensitive,False,False,False,hybrid,past,True,True,False,False,unknown,False,False,cybercrime_report_preparation,Cybercrime,,Cybercrime,
CLS001473,NAR000587_EN,Consumer Disputes,Expired or contaminated goods sale;consumer_grievance,legal_navigation;evidence_preservation,prepare a consumer complaint and identify refund or service remedies,legal_aid_or_process_help,False,False,False,physical,recent,True,False,True,False,unknown,False,True,consumer_grievance_preparation,Consumer Disputes,,Consumer Disputes,
CLS001474,NAR000587_HI,Consumer Disputes,Expired or contaminated goods sale;consumer_grievance,legal_navigation;evidence_preservation,prepare a consumer complaint and identify refund or service remedies,medical_attention_needed,False,False,True,physical,recent,True,False,True,False,unknown,False,True,consumer_grievance_preparation,Consumer Disputes,,Consumer Disputes,
CLS001475,NAR000588_EN,Financial Fraud,Loan approval scam;financial_loss_or_fraud,reporting_guidance;evidence_preservation,report financial fraud and preserve transaction evidence,reporting_time_sensitive,False,False,False,online,recent,True,False,False,False,unknown,False,True,financial_fraud_report_preparation,Financial Fraud,,Financial Fraud,
CLS001476,NAR000588_HI,Financial Fraud,Loan approval scam;financial_loss_or_fraud,reporting_guidance;evidence_preservation,report financial fraud and preserve transaction evidence,reporting_time_sensitive,False,False,False,online,recent,True,False,False,False,unknown,False,True,financial_fraud_report_preparation,Financial Fraud,,Financial Fraud,
CLS001477,NAR000589_EN,Consumer Disputes,False advertising and misrepresentation;consumer_grievance,complaint_followup;legal_navigation;evidence_preservation,prepare a consumer complaint and identify refund or service remedies,legal_aid_or_process_help,False,False,False,physical,past,True,False,False,False,unknown,True,True,consumer_grievance_preparation,Consumer Disputes,,Consumer Disputes,
CLS001478,NAR000589_HI,Consumer Disputes,False advertising and misrepresentation;consumer_grievance,complaint_followup;legal_navigation;evidence_preservation,prepare a consumer complaint and identify refund or service remedies,legal_aid_or_process_help,False,False,False,physical,past,True,False,False,False,unknown,True,True,consumer_grievance_preparation,Consumer Disputes,,Consumer Disputes,
CLS001479,NAR000590_EN,Property Disputes,Illegal property possession;property_conflict,safety_triage;legal_navigation;evidence_preservation,organise property-dispute facts and identify documentation gaps,emergency_current_danger,True,True,False,physical,current,True,True,False,False,unknown,False,True,safety_redirect_and_case_intake,Property Disputes,,Property Disputes,
CLS001480,NAR000590_HI,Property Disputes,Illegal property possession;property_conflict,safety_triage;legal_navigation;evidence_preservation,organise property-dispute facts and identify documentation gaps,emergency_current_danger,True,True,False,physical,current,True,True,False,False,unknown,False,True,safety_redirect_and_case_intake,Property Disputes,,Property Disputes,
CLS001481,NAR000591_EN,Family Law,Child custody dispute;family_legal_support,complaint_followup;legal_navigation;evidence_preservation,organise family-law facts and identify support options,legal_aid_or_process_help,False,False,False,hybrid,recent,True,False,False,False,true,True,True,family_legal_aid_intake,Family Law,,Family Law,
CLS001482,NAR000591_HI,Family Law,Child custody dispute;family_legal_support,complaint_followup;legal_navigation;evidence_preservation,organise family-law facts and identify support options,legal_aid_or_process_help,False,False,False,hybrid,recent,True,False,False,False,true,True,True,family_legal_aid_intake,Family Law,,Family Law,
CLS001483,NAR000592_EN,Domestic Violence,Dowry harassment;domestic_safety,reporting_guidance;evidence_preservation,seek safety-focused help and prepare a support or complaint record,reporting_time_sensitive,False,False,False,hybrid,recent,True,True,False,False,unknown,False,False,police_complaint_preparation,Domestic Violence,,Domestic Violence,
CLS001484,NAR000592_HI,Domestic Violence,Dowry harassment;domestic_safety,reporting_guidance;evidence_preservation,seek safety-focused help and prepare a support or complaint record,reporting_time_sensitive,False,False,False,hybrid,recent,True,True,False,False,unknown,False,False,police_complaint_preparation,Domestic Violence,,Domestic Violence,
CLS001485,NAR000593_EN,Property Disputes,Boundary wall dispute;property_conflict,complaint_followup;legal_navigation;evidence_preservation,organise property-dispute facts and identify documentation gaps,legal_aid_or_process_help,False,False,False,physical,past,True,True,False,False,unknown,True,True,property_document_review_intake,Property Disputes,,Property Disputes,
CLS001486,NAR000593_HI,Property Disputes,Boundary wall dispute;property_conflict,complaint_followup;legal_navigation;evidence_preservation,organise property-dispute facts and identify documentation gaps,legal_aid_or_process_help,False,False,False,physical,past,True,True,False,False,unknown,True,True,property_document_review_intake,Property Disputes,,Property Disputes,
CLS001487,NAR000594_EN,Cybercrime,Social media hacking;digital_platform_incident,complaint_followup;evidence_preservation,prepare a cybercrime report and preserve digital evidence,case_preparation,False,False,False,online,recent,False,False,False,False,unknown,True,False,cybercrime_report_preparation,Cybercrime,,Cybercrime,
CLS001488,NAR000594_HI,Cybercrime,Social media hacking;digital_platform_incident,complaint_followup;evidence_preservation,prepare a cybercrime report and preserve digital evidence,case_preparation,False,False,False,online,recent,False,False,False,False,unknown,True,False,cybercrime_report_preparation,Cybercrime,,Cybercrime,
CLS001489,NAR000595_EN,Assault & Threats,Verbal intimidation;personal_safety,reporting_guidance,document the threat or assault and understand police reporting options,reporting_time_sensitive,False,False,False,hybrid,past,False,True,False,False,unknown,False,False,police_complaint_preparation,Assault & Threats,,Assault & Threats,
CLS001490,NAR000595_HI,Assault & Threats,Verbal intimidation;personal_safety,reporting_guidance,document the threat or assault and understand police reporting options,reporting_time_sensitive,False,False,False,hybrid,past,False,True,False,False,unknown,False,False,police_complaint_preparation,Assault & Threats,,Assault & Threats,
CLS001491,NAR000596_EN,Consumer Disputes,False advertising and misrepresentation;consumer_grievance,legal_navigation;evidence_preservation,prepare a consumer complaint and identify refund or service remedies,legal_aid_or_process_help,False,False,False,physical,past,True,False,False,False,unknown,False,True,consumer_grievance_preparation,Consumer Disputes,,Consumer Disputes,
CLS001492,NAR000596_HI,Consumer Disputes,False advertising and misrepresentation;consumer_grievance,legal_navigation;evidence_preservation,prepare a consumer complaint and identify refund or service remedies,legal_aid_or_process_help,False,False,False,physical,past,True,False,False,False,unknown,False,True,consumer_grievance_preparation,Consumer Disputes,,Consumer Disputes,
CLS001493,NAR000597_EN,Consumer Disputes,Expired or contaminated goods sale;consumer_grievance,complaint_followup;legal_navigation;evidence_preservation,prepare a consumer complaint and identify refund or service remedies,legal_aid_or_process_help,False,False,False,physical,recent,True,False,True,False,unknown,True,True,consumer_grievance_preparation,Consumer Disputes,,Consumer Disputes,
CLS001494,NAR000597_HI,Consumer Disputes,Expired or contaminated goods sale;consumer_grievance,complaint_followup;legal_navigation;evidence_preservation,prepare a consumer complaint and identify refund or service remedies,medical_attention_needed,False,False,True,physical,recent,True,False,True,False,unknown,True,True,consumer_grievance_preparation,Consumer Disputes,,Consumer Disputes,
CLS001495,NAR000598_EN,Employment/Labour,Unpaid wage dispute;workplace_rights,legal_navigation;evidence_preservation,prepare a workplace rights complaint or legal-aid intake,legal_aid_or_process_help,False,False,False,physical,recent,True,False,False,False,unknown,False,True,labour_or_workplace_intake,Employment/Labour,,Employment/Labour,
CLS001496,NAR000598_HI,Employment/Labour,Unpaid wage dispute;workplace_rights,legal_navigation;evidence_preservation,prepare a workplace rights complaint or legal-aid intake,legal_aid_or_process_help,False,False,False,physical,recent,True,False,False,False,unknown,False,True,labour_or_workplace_intake,Employment/Labour,,Employment/Labour,
CLS001497,NAR000599_EN,Property Disputes,Boundary wall dispute;property_conflict,complaint_followup;legal_navigation;evidence_preservation,organise property-dispute facts and identify documentation gaps,legal_aid_or_process_help,False,False,False,physical,recent,True,True,False,False,unknown,True,True,property_document_review_intake,Property Disputes,,Property Disputes,
CLS001498,NAR000599_HI,Property Disputes,Boundary wall dispute;property_conflict,complaint_followup;legal_navigation;evidence_preservation,organise property-dispute facts and identify documentation gaps,legal_aid_or_process_help,False,False,False,physical,recent,True,True,False,False,unknown,True,True,property_document_review_intake,Property Disputes,,Property Disputes,
CLS001499,NAR000600_EN,Consumer Disputes,Overcharging and hidden fees;consumer_grievance,legal_navigation;evidence_preservation,prepare a consumer complaint and identify refund or service remedies,legal_aid_or_process_help,False,False,False,physical,past,True,False,False,False,unknown,False,True,consumer_grievance_preparation,Consumer Disputes,,Consumer Disputes,
CLS001500,NAR000600_HI,Consumer Disputes,Overcharging and hidden fees;consumer_grievance,legal_navigation;evidence_preservation,prepare a consumer complaint and identify refund or service remedies,legal_aid_or_process_help,False,False,False,physical,past,True,False,False,False,unknown,False,True,consumer_grievance_preparation,Consumer Disputes,,Consumer Disputes,
