retrieval_id,query_id,query_text,language,legal_issue,jurisdiction,gold_passage_ids,secondary_relevant_passage_ids,hard_negative_passage_ids,answerable,needs_clarification,expected_clarification,expected_system_action,citation_required,annotator_id,legal_reviewer_id,split
RET000001,QLQ000001_en,Police are refusing to take my complaint after a theft. What should I do?,en,police_refusal,India: ALL_INDIA plus user location needed for forum routing,LP_CRIME_REPORTING_001,LP_ARREST_RIGHTS_001;LP_BAIL_001;LP_EMERGENCY_HELP_001,LP_PROPERTY_DISPUTE_001;LC_BNS_2023_001;LC_BNS_2023_002;LC_BNS_2023_003,False,True,Please provide incident location and police station name before I select the final legal passage.,ask clarification,False,RET_ANN_001,LAW_REV_PENDING,Validation
RET000002,QLQ000002_hi,Police theft complaint lene se mana kar rahi hai. Mujhe kya karna chahiye?,hi,police_refusal,India: ALL_INDIA plus user location needed for forum routing,LP_CRIME_REPORTING_001,LP_ARREST_RIGHTS_001;LP_BAIL_001;LP_EMERGENCY_HELP_001,LP_PROPERTY_DISPUTE_001;LC_BNS_2023_001;LC_BNS_2023_002;LC_BNS_2023_003,True,False,NONE,Retrieve,True,RET_ANN_001,LAW_REV_PENDING,Validation
RET000003,QLQ000003_hiLatn,Hinglish mein simple steps batao: Police theft complaint lene se mana kar rahi hai. Mujhe kya karna chahiye?,hi-Latn,police_refusal,India: ALL_INDIA plus user location needed for forum routing,LP_CRIME_REPORTING_001,LP_ARREST_RIGHTS_001;LP_BAIL_001;LP_EMERGENCY_HELP_001,LP_PROPERTY_DISPUTE_001;LC_BNS_2023_001;LC_BNS_2023_002;LC_BNS_2023_003,True,False,NONE,Retrieve,True,RET_ANN_001,LAW_REV_PENDING,Validation
RET000004,QLQ000004_en,Can I file a police complaint if the offence happened in another city?,en,jurisdiction,India: ALL_INDIA plus user location needed for forum routing,LP_FIR_PROCESS_001,LP_ARREST_RIGHTS_001;LP_BAIL_001;LP_CRIME_REPORTING_001,LP_PROPERTY_DISPUTE_001;LC_BNS_2023_001;LC_BNS_2023_002;LC_BNS_2023_003,True,False,NONE,Retrieve,True,RET_ANN_001,LAW_REV_PENDING,Validation
RET000005,QLQ000005_hi,Kya main doosre shehar mein hui ghatna ke liye police complaint de sakta hoon?,hi,jurisdiction,India: ALL_INDIA plus user location needed for forum routing,LP_FIR_PROCESS_001,LP_ARREST_RIGHTS_001;LP_BAIL_001;LP_CRIME_REPORTING_001,LP_PROPERTY_DISPUTE_001;LC_BNS_2023_001;LC_BNS_2023_002;LC_BNS_2023_003,True,False,NONE,Retrieve,True,RET_ANN_001,LAW_REV_PENDING,Validation
RET000006,QLQ000006_hiLatn,Kya main doosre city mein hui incident ke liye police complaint de sakta hoon?,hi-Latn,jurisdiction,India: ALL_INDIA plus user location needed for forum routing,LP_FIR_PROCESS_001,LP_ARREST_RIGHTS_001;LP_BAIL_001;LP_CRIME_REPORTING_001,LP_PROPERTY_DISPUTE_001;LC_BNS_2023_001;LC_BNS_2023_002;LC_BNS_2023_003,False,True,Please provide state and place of incident before I select the final legal passage.,ask clarification,False,RET_ANN_001,LAW_REV_PENDING,Validation
RET000007,QLQ000007_en,Someone threatened me online. Is this reportable?,en,online_threat,India: ALL_INDIA plus user location needed for forum routing,LP_ZERO_FIR_001,LP_ARREST_RIGHTS_001;LP_BAIL_001;LP_CRIME_REPORTING_001,LP_PROPERTY_DISPUTE_001;LC_BNS_2023_001;LC_BNS_2023_002;LC_BNS_2023_003,True,False,NONE,escalate,True,RET_ANN_001,LAW_REV_PENDING,Validation
RET000008,QLQ000008_hi,Kisi ne mujhe online dhamki di hai. Kya main report kar sakta hoon?,hi,online_threat,India: ALL_INDIA plus user location needed for forum routing,LP_ZERO_FIR_001,LP_ARREST_RIGHTS_001;LP_BAIL_001;LP_CRIME_REPORTING_001,LP_PROPERTY_DISPUTE_001;LC_BNS_2023_001;LC_BNS_2023_002;LC_BNS_2023_003,True,False,NONE,escalate,True,RET_ANN_001,LAW_REV_PENDING,Validation
RET000009,QLQ000009_hiLatn,Kisi ne mujhe online threat diya hai. Kya main report kar sakta hoon?,hi-Latn,online_threat,India: ALL_INDIA plus user location needed for forum routing,LP_ZERO_FIR_001,LP_ARREST_RIGHTS_001;LP_BAIL_001;LP_CRIME_REPORTING_001,LP_PROPERTY_DISPUTE_001;LC_BNS_2023_001;LC_BNS_2023_002;LC_BNS_2023_003,True,False,NONE,escalate,True,RET_ANN_001,LAW_REV_PENDING,Validation
RET000010,QLQ000010_en,Is it necessary to know the accused person name before reporting?,en,unknown_accused,India: ALL_INDIA,LP_EMERGENCY_HELP_001,LP_ARREST_RIGHTS_001;LP_BAIL_001;LP_CRIME_REPORTING_001,LP_PROPERTY_DISPUTE_001;LC_BNS_2023_001;LC_BNS_2023_002;LC_BNS_2023_003,True,False,NONE,Retrieve,True,RET_ANN_001,LAW_REV_PENDING,Validation
RET000011,QLQ000011_hi,Report karne se pehle kya accused ka naam pata hona zaruri hai?,hi,unknown_accused,India: ALL_INDIA,LP_EMERGENCY_HELP_001,LP_ARREST_RIGHTS_001;LP_BAIL_001;LP_CRIME_REPORTING_001,LP_PROPERTY_DISPUTE_001;LC_BNS_2023_001;LC_BNS_2023_002;LC_BNS_2023_003,True,False,NONE,Retrieve,True,RET_ANN_001,LAW_REV_PENDING,Validation
RET000012,QLQ000012_hiLatn,Report karne se pehle kya accused ka naam pata hona zaroori hai?,hi-Latn,unknown_accused,India: ALL_INDIA,LP_EMERGENCY_HELP_001,LP_ARREST_RIGHTS_001;LP_BAIL_001;LP_CRIME_REPORTING_001,LP_PROPERTY_DISPUTE_001;LC_BNS_2023_001;LC_BNS_2023_002;LC_BNS_2023_003,True,False,NONE,Retrieve,True,RET_ANN_001,LAW_REV_PENDING,Validation
RET000013,QLQ000013_en,What details should I write in a complaint about assault?,en,assault,India: ALL_INDIA plus user location needed for forum routing,LP_CRIME_REPORTING_001,LP_ARREST_RIGHTS_001;LP_BAIL_001;LP_EMERGENCY_HELP_001,LP_PROPERTY_DISPUTE_001;LC_BNS_2023_001;LC_BNS_2023_002;LC_BNS_2023_003,True,False,NONE,Retrieve,True,RET_ANN_001,LAW_REV_PENDING,Validation
RET000014,QLQ000014_hi,Assault complaint mein kaunsi details likhni chahiye?,hi,assault,India: ALL_INDIA plus user location needed for forum routing,LP_CRIME_REPORTING_001,LP_ARREST_RIGHTS_001;LP_BAIL_001;LP_EMERGENCY_HELP_001,LP_PROPERTY_DISPUTE_001;LC_BNS_2023_001;LC_BNS_2023_002;LC_BNS_2023_003,True,False,NONE,Retrieve,True,RET_ANN_001,LAW_REV_PENDING,Validation
RET000015,QLQ000015_hiLatn,Hinglish mein simple steps batao: Assault complaint mein kaunsi details likhni chahiye?,hi-Latn,assault,India: ALL_INDIA plus user location needed for forum routing,LP_CRIME_REPORTING_001,LP_ARREST_RIGHTS_001;LP_BAIL_001;LP_EMERGENCY_HELP_001,LP_PROPERTY_DISPUTE_001;LC_BNS_2023_001;LC_BNS_2023_002;LC_BNS_2023_003,True,False,NONE,Retrieve,True,RET_ANN_001,LAW_REV_PENDING,Validation
RET000016,QLQ000016_en,Can I report harassment if I only have screenshots?,en,harassment,India: ALL_INDIA plus user location needed for forum routing,LP_FIR_PROCESS_001,LP_ARREST_RIGHTS_001;LP_BAIL_001;LP_CRIME_REPORTING_001,LP_PROPERTY_DISPUTE_001;LC_BNS_2023_001;LC_BNS_2023_002;LC_BNS_2023_003,False,True,"Please provide platform, sender identity, screenshot authenticity before I select the final legal passage.",ask clarification,False,RET_ANN_001,LAW_REV_PENDING,Validation
RET000017,QLQ000017_hi,Agar mere paas sirf screenshots hain to kya harassment report kar sakta hoon?,hi,harassment,India: ALL_INDIA plus user location needed for forum routing,LP_FIR_PROCESS_001,LP_ARREST_RIGHTS_001;LP_BAIL_001;LP_CRIME_REPORTING_001,LP_PROPERTY_DISPUTE_001;LC_BNS_2023_001;LC_BNS_2023_002;LC_BNS_2023_003,True,False,NONE,Retrieve,True,RET_ANN_001,LAW_REV_PENDING,Validation
RET000018,QLQ000018_hiLatn,Agar mere paas only screenshots hain to kya harassment report kar sakta hoon?,hi-Latn,harassment,India: ALL_INDIA plus user location needed for forum routing,LP_FIR_PROCESS_001,LP_ARREST_RIGHTS_001;LP_BAIL_001;LP_CRIME_REPORTING_001,LP_PROPERTY_DISPUTE_001;LC_BNS_2023_001;LC_BNS_2023_002;LC_BNS_2023_003,True,False,NONE,Retrieve,True,RET_ANN_001,LAW_REV_PENDING,Validation
RET000019,QLQ000019_en,What should I do if I am being followed right now?,en,stalking,India: ALL_INDIA plus user location needed for forum routing,LP_ZERO_FIR_001,LP_ARREST_RIGHTS_001;LP_BAIL_001;LP_CRIME_REPORTING_001,LP_PROPERTY_DISPUTE_001;LC_BNS_2023_001;LC_BNS_2023_002;LC_BNS_2023_003,True,False,NONE,escalate,True,RET_ANN_001,LAW_REV_PENDING,Validation
RET000020,QLQ000020_hi,Agar koi mujhe abhi follow kar raha hai to mujhe kya karna chahiye?,hi,stalking,India: ALL_INDIA plus user location needed for forum routing,LP_ZERO_FIR_001,LP_ARREST_RIGHTS_001;LP_BAIL_001;LP_CRIME_REPORTING_001,LP_PROPERTY_DISPUTE_001;LC_BNS_2023_001;LC_BNS_2023_002;LC_BNS_2023_003,True,False,NONE,escalate,True,RET_ANN_001,LAW_REV_PENDING,Validation
RET000021,QLQ000021_hiLatn,Agar koi mujhe abhi follow kar raha hai to kya karna chahiye?,hi-Latn,stalking,India: ALL_INDIA plus user location needed for forum routing,LP_ZERO_FIR_001,LP_ARREST_RIGHTS_001;LP_BAIL_001;LP_CRIME_REPORTING_001,LP_PROPERTY_DISPUTE_001;LC_BNS_2023_001;LC_BNS_2023_002;LC_BNS_2023_003,True,False,NONE,escalate,True,RET_ANN_001,LAW_REV_PENDING,Validation
RET000022,QLQ000022_en,Can I withdraw a complaint after filing it?,en,complaint_withdrawal,India: state_or_district_required,LP_EMERGENCY_HELP_001,LP_ARREST_RIGHTS_001;LP_BAIL_001;LP_CRIME_REPORTING_001,LP_PROPERTY_DISPUTE_001;LC_BNS_2023_001;LC_BNS_2023_002;LC_BNS_2023_003,False,True,Please provide offence type and case stage before I select the final legal passage.,ask clarification,False,RET_ANN_001,LAW_REV_PENDING,Validation
RET000023,QLQ000023_hi,Complaint file karne ke baad kya main use wapas le sakta hoon?,hi,complaint_withdrawal,India: state_or_district_required,LP_EMERGENCY_HELP_001,LP_ARREST_RIGHTS_001;LP_BAIL_001;LP_CRIME_REPORTING_001,LP_PROPERTY_DISPUTE_001;LC_BNS_2023_001;LC_BNS_2023_002;LC_BNS_2023_003,False,True,Please provide offence type and case stage before I select the final legal passage.,ask clarification,False,RET_ANN_001,LAW_REV_PENDING,Validation
RET000024,QLQ000024_hiLatn,Complaint file karne ke baad kya main withdraw kar sakta hoon?,hi-Latn,complaint_withdrawal,India: state_or_district_required,LP_EMERGENCY_HELP_001,LP_ARREST_RIGHTS_001;LP_BAIL_001;LP_CRIME_REPORTING_001,LP_PROPERTY_DISPUTE_001;LC_BNS_2023_001;LC_BNS_2023_002;LC_BNS_2023_003,False,True,Please provide offence type and case stage before I select the final legal passage.,ask clarification,False,RET_ANN_001,LAW_REV_PENDING,Validation
RET000025,QLQ000025_en,Do I need a lawyer to file an FIR?,en,fir,India: ALL_INDIA,LP_CRIME_REPORTING_001,LP_ARREST_RIGHTS_001;LP_BAIL_001;LP_EMERGENCY_HELP_001,LP_PROPERTY_DISPUTE_001;LC_BNS_2023_001;LC_BNS_2023_002;LC_BNS_2023_003,True,False,NONE,Retrieve,True,RET_ANN_001,LAW_REV_PENDING,Validation
RET000026,QLQ000026_hi,FIR file karne ke liye kya lawyer zaruri hai?,hi,fir,India: ALL_INDIA,LP_CRIME_REPORTING_001,LP_ARREST_RIGHTS_001;LP_BAIL_001;LP_EMERGENCY_HELP_001,LP_PROPERTY_DISPUTE_001;LC_BNS_2023_001;LC_BNS_2023_002;LC_BNS_2023_003,True,False,NONE,Retrieve,True,RET_ANN_001,LAW_REV_PENDING,Validation
RET000027,QLQ000027_hiLatn,FIR file karne ke liye kya lawyer needed hai?,hi-Latn,fir,India: ALL_INDIA,LP_CRIME_REPORTING_001,LP_ARREST_RIGHTS_001;LP_BAIL_001;LP_EMERGENCY_HELP_001,LP_PROPERTY_DISPUTE_001;LC_BNS_2023_001;LC_BNS_2023_002;LC_BNS_2023_003,True,False,NONE,Retrieve,True,RET_ANN_001,LAW_REV_PENDING,Validation
RET000028,QLQ000028_en,Police asked me to settle instead of taking my complaint. Is that okay?,en,police_refusal,India: ALL_INDIA plus user location needed for forum routing,LP_FIR_PROCESS_001,LP_ARREST_RIGHTS_001;LP_BAIL_001;LP_CRIME_REPORTING_001,LP_PROPERTY_DISPUTE_001;LC_BNS_2023_001;LC_BNS_2023_002;LC_BNS_2023_003,True,False,NONE,escalate,True,RET_ANN_001,LAW_REV_PENDING,Validation
RET000029,QLQ000029_hi,Police complaint lene ke bajay settlement bol rahi hai. Kya yeh theek hai?,hi,police_refusal,India: ALL_INDIA plus user location needed for forum routing,LP_FIR_PROCESS_001,LP_ARREST_RIGHTS_001;LP_BAIL_001;LP_CRIME_REPORTING_001,LP_PROPERTY_DISPUTE_001;LC_BNS_2023_001;LC_BNS_2023_002;LC_BNS_2023_003,True,False,NONE,escalate,True,RET_ANN_001,LAW_REV_PENDING,Validation
RET000030,QLQ000030_hiLatn,Police complaint lene ke bajay settlement bol rahi hai. Kya yeh okay hai?,hi-Latn,police_refusal,India: ALL_INDIA plus user location needed for forum routing,LP_FIR_PROCESS_001,LP_ARREST_RIGHTS_001;LP_BAIL_001;LP_CRIME_REPORTING_001,LP_PROPERTY_DISPUTE_001;LC_BNS_2023_001;LC_BNS_2023_002;LC_BNS_2023_003,True,False,NONE,escalate,True,RET_ANN_001,LAW_REV_PENDING,Validation
RET000031,QLQ000031_en,Can a neighbour file a complaint if the victim is scared?,en,third_party_reporting,India: ALL_INDIA plus user location needed for forum routing,LP_ZERO_FIR_001,LP_ARREST_RIGHTS_001;LP_BAIL_001;LP_CRIME_REPORTING_001,LP_PROPERTY_DISPUTE_001;LC_BNS_2023_001;LC_BNS_2023_002;LC_BNS_2023_003,True,False,NONE,escalate,True,RET_ANN_001,LAW_REV_PENDING,Validation
RET000032,QLQ000032_hi,Agar victim dara hua hai to kya neighbour complaint kar sakta hai?,hi,third_party_reporting,India: ALL_INDIA plus user location needed for forum routing,LP_ZERO_FIR_001,LP_ARREST_RIGHTS_001;LP_BAIL_001;LP_CRIME_REPORTING_001,LP_PROPERTY_DISPUTE_001;LC_BNS_2023_001;LC_BNS_2023_002;LC_BNS_2023_003,True,False,NONE,escalate,True,RET_ANN_001,LAW_REV_PENDING,Validation
RET000033,QLQ000033_hiLatn,Agar victim scared hai to kya neighbour complaint kar sakta hai?,hi-Latn,third_party_reporting,India: ALL_INDIA plus user location needed for forum routing,LP_ZERO_FIR_001,LP_ARREST_RIGHTS_001;LP_BAIL_001;LP_CRIME_REPORTING_001,LP_PROPERTY_DISPUTE_001;LC_BNS_2023_001;LC_BNS_2023_002;LC_BNS_2023_003,True,False,NONE,escalate,True,RET_ANN_001,LAW_REV_PENDING,Validation
RET000034,QLQ000034_en,What if the police station says this is a civil matter?,en,civil_criminal_overlap,India: state_or_district_required,LP_EMERGENCY_HELP_001,LP_ARREST_RIGHTS_001;LP_BAIL_001;LP_CRIME_REPORTING_001,LP_PROPERTY_DISPUTE_001;LC_BNS_2023_001;LC_BNS_2023_002;LC_BNS_2023_003,False,True,"Please provide facts showing fraud, force, threat, or trespass before I select the final legal passage.",ask clarification,False,RET_ANN_001,LAW_REV_PENDING,Validation
RET000035,QLQ000035_hi,Agar police station bole ki yeh civil matter hai to kya karun?,hi,civil_criminal_overlap,India: state_or_district_required,LP_EMERGENCY_HELP_001,LP_ARREST_RIGHTS_001;LP_BAIL_001;LP_CRIME_REPORTING_001,LP_PROPERTY_DISPUTE_001;LC_BNS_2023_001;LC_BNS_2023_002;LC_BNS_2023_003,False,True,"Please provide facts showing fraud, force, threat, or trespass before I select the final legal passage.",ask clarification,False,RET_ANN_001,LAW_REV_PENDING,Validation
RET000036,QLQ000036_hiLatn,Agar police bole yeh civil matter hai to kya karun?,hi-Latn,civil_criminal_overlap,India: state_or_district_required,LP_EMERGENCY_HELP_001,LP_ARREST_RIGHTS_001;LP_BAIL_001;LP_CRIME_REPORTING_001,LP_PROPERTY_DISPUTE_001;LC_BNS_2023_001;LC_BNS_2023_002;LC_BNS_2023_003,False,True,"Please provide facts showing fraud, force, threat, or trespass before I select the final legal passage.",ask clarification,False,RET_ANN_001,LAW_REV_PENDING,Validation
RET000037,QLQ000037_en,My account was hacked. What should I do first?,en,account_hacking,India: ALL_INDIA plus user location needed for forum routing,LP_CYBER_REPORTING_001,LP_ACCOUNT_SECURITY_001;LP_FINANCIAL_CYBER_FRAUD_001;LC_IT_2000_001,LP_DIGITAL_EVIDENCE_001;LC_BSA_2023_001;LC_BSA_2023_002;LC_BSA_2023_003,True,False,NONE,escalate,True,RET_ANN_001,LAW_REV_PENDING,Validation
RET000038,QLQ000038_hi,Mera account hack ho gaya hai. Sabse pehle kya karun?,hi,account_hacking,India: ALL_INDIA plus user location needed for forum routing,LP_CYBER_REPORTING_001,LP_ACCOUNT_SECURITY_001;LP_FINANCIAL_CYBER_FRAUD_001;LC_IT_2000_001,LP_DIGITAL_EVIDENCE_001;LC_BSA_2023_001;LC_BSA_2023_002;LC_BSA_2023_003,True,False,NONE,escalate,True,RET_ANN_001,LAW_REV_PENDING,Validation
RET000039,QLQ000039_hiLatn,Mera account hack ho gaya hai. First kya karun?,hi-Latn,account_hacking,India: ALL_INDIA plus user location needed for forum routing,LP_CYBER_REPORTING_001,LP_ACCOUNT_SECURITY_001;LP_FINANCIAL_CYBER_FRAUD_001;LC_IT_2000_001,LP_DIGITAL_EVIDENCE_001;LC_BSA_2023_001;LC_BSA_2023_002;LC_BSA_2023_003,True,False,NONE,escalate,True,RET_ANN_001,LAW_REV_PENDING,Validation
RET000040,QLQ000040_en,Can I report a fake social media profile using my photo?,en,impersonation,India: ALL_INDIA plus user location needed for forum routing,LP_ACCOUNT_SECURITY_001,LP_CYBER_REPORTING_001;LP_FINANCIAL_CYBER_FRAUD_001;LC_IT_2000_001,LP_DIGITAL_EVIDENCE_001;LC_BSA_2023_001;LC_BSA_2023_002;LC_BSA_2023_003,True,False,NONE,Retrieve,True,RET_ANN_001,LAW_REV_PENDING,Validation
RET000041,QLQ000041_hi,Meri photo se fake social media profile bani hai. Kya report kar sakta hoon?,hi,impersonation,India: ALL_INDIA plus user location needed for forum routing,LP_ACCOUNT_SECURITY_001,LP_CYBER_REPORTING_001;LP_FINANCIAL_CYBER_FRAUD_001;LC_IT_2000_001,LP_DIGITAL_EVIDENCE_001;LC_BSA_2023_001;LC_BSA_2023_002;LC_BSA_2023_003,False,True,Please provide platform link and screenshots before I select the final legal passage.,ask clarification,False,RET_ANN_001,LAW_REV_PENDING,Validation
RET000042,QLQ000042_hiLatn,Hinglish mein simple steps batao: Meri photo se fake social media profile bani hai. Kya report kar sakta hoon?,hi-Latn,impersonation,India: ALL_INDIA plus user location needed for forum routing,LP_ACCOUNT_SECURITY_001,LP_CYBER_REPORTING_001;LP_FINANCIAL_CYBER_FRAUD_001;LC_IT_2000_001,LP_DIGITAL_EVIDENCE_001;LC_BSA_2023_001;LC_BSA_2023_002;LC_BSA_2023_003,True,False,NONE,Retrieve,True,RET_ANN_001,LAW_REV_PENDING,Validation
RET000043,QLQ000043_en,I clicked a suspicious link and money left my account. What now?,en,phishing,India: ALL_INDIA plus user location needed for forum routing,LP_DIGITAL_EVIDENCE_001,LC_BSA_2023_001;LC_BSA_2023_002;LC_BSA_2023_003,LC_BSA_2023_001;LC_BSA_2023_002;LC_BSA_2023_003;LC_BSA_2023_004,True,False,NONE,escalate,True,RET_ANN_001,LAW_REV_PENDING,Validation
RET000044,QLQ000044_hi,Maine suspicious link click kiya aur account se paise chale gaye. Ab kya karun?,hi,phishing,India: ALL_INDIA plus user location needed for forum routing,LP_DIGITAL_EVIDENCE_001,LC_BSA_2023_001;LC_BSA_2023_002;LC_BSA_2023_003,LC_BSA_2023_001;LC_BSA_2023_002;LC_BSA_2023_003;LC_BSA_2023_004,True,False,NONE,escalate,True,RET_ANN_001,LAW_REV_PENDING,Validation
RET000045,QLQ000045_hiLatn,Maine suspicious link click kiya aur account se money chala gaya. Ab kya karun?,hi-Latn,phishing,India: ALL_INDIA plus user location needed for forum routing,LP_DIGITAL_EVIDENCE_001,LC_BSA_2023_001;LC_BSA_2023_002;LC_BSA_2023_003,LC_BSA_2023_001;LC_BSA_2023_002;LC_BSA_2023_003;LC_BSA_2023_004,True,False,NONE,escalate,True,RET_ANN_001,LAW_REV_PENDING,Validation
RET000046,QLQ000046_en,Someone is sharing my private photos online. What can I do?,en,privacy_violation,India: state_or_district_required,LP_FINANCIAL_CYBER_FRAUD_001,LP_ACCOUNT_SECURITY_001;LP_CYBER_REPORTING_001;LC_IT_2000_001,LP_DIGITAL_EVIDENCE_001;LC_BSA_2023_001;LC_BSA_2023_002;LC_BSA_2023_003,True,False,NONE,escalate,True,RET_ANN_001,LAW_REV_PENDING,Validation
RET000047,QLQ000047_hi,Koi meri private photos online share kar raha hai. Main kya kar sakti hoon?,hi,privacy_violation,India: state_or_district_required,LP_FINANCIAL_CYBER_FRAUD_001,LP_ACCOUNT_SECURITY_001;LP_CYBER_REPORTING_001;LC_IT_2000_001,LP_DIGITAL_EVIDENCE_001;LC_BSA_2023_001;LC_BSA_2023_002;LC_BSA_2023_003,True,False,NONE,escalate,True,RET_ANN_001,LAW_REV_PENDING,Validation
RET000048,QLQ000048_hiLatn,Hinglish mein simple steps batao: Koi meri private photos online share kar raha hai. Main kya kar sakti hoon?,hi-Latn,privacy_violation,India: state_or_district_required,LP_FINANCIAL_CYBER_FRAUD_001,LP_ACCOUNT_SECURITY_001;LP_CYBER_REPORTING_001;LC_IT_2000_001,LP_DIGITAL_EVIDENCE_001;LC_BSA_2023_001;LC_BSA_2023_002;LC_BSA_2023_003,True,False,NONE,escalate,True,RET_ANN_001,LAW_REV_PENDING,Validation
RET000049,QLQ000049_en,Can I report cyberstalking if the person only messages repeatedly?,en,cyberstalking,India: ALL_INDIA plus user location needed for forum routing,LP_CYBER_REPORTING_001,LP_ACCOUNT_SECURITY_001;LP_FINANCIAL_CYBER_FRAUD_001;LC_IT_2000_001,LP_DIGITAL_EVIDENCE_001;LC_BSA_2023_001;LC_BSA_2023_002;LC_BSA_2023_003,True,False,NONE,Retrieve,True,RET_ANN_001,LAW_REV_PENDING,Validation
RET000050,QLQ000050_hi,Agar koi baar-baar messages bhej raha hai to kya cyberstalking report kar sakte hain?,hi,cyberstalking,India: ALL_INDIA plus user location needed for forum routing,LP_CYBER_REPORTING_001,LP_ACCOUNT_SECURITY_001;LP_FINANCIAL_CYBER_FRAUD_001;LC_IT_2000_001,LP_DIGITAL_EVIDENCE_001;LC_BSA_2023_001;LC_BSA_2023_002;LC_BSA_2023_003,True,False,NONE,Retrieve,True,RET_ANN_001,LAW_REV_PENDING,Validation
RET000051,QLQ000051_hiLatn,Agar koi repeated messages bhej raha hai to kya cyberstalking report kar sakte hain?,hi-Latn,cyberstalking,India: ALL_INDIA plus user location needed for forum routing,LP_CYBER_REPORTING_001,LP_ACCOUNT_SECURITY_001;LP_FINANCIAL_CYBER_FRAUD_001;LC_IT_2000_001,LP_DIGITAL_EVIDENCE_001;LC_BSA_2023_001;LC_BSA_2023_002;LC_BSA_2023_003,False,True,"Please provide message content, frequency, identity before I select the final legal passage.",ask clarification,False,RET_ANN_001,LAW_REV_PENDING,Validation
RET000052,QLQ000052_en,Should I delete abusive messages after taking screenshots?,en,digital_evidence,India: ALL_INDIA,LP_ACCOUNT_SECURITY_001,LP_CYBER_REPORTING_001;LP_FINANCIAL_CYBER_FRAUD_001;LC_IT_2000_001,LP_DIGITAL_EVIDENCE_001;LC_BSA_2023_001;LC_BSA_2023_002;LC_BSA_2023_003,True,False,NONE,Retrieve,True,RET_ANN_001,LAW_REV_PENDING,Validation
RET000053,QLQ000053_hi,Screenshot lene ke baad abusive messages delete kar doon kya?,hi,digital_evidence,India: ALL_INDIA,LP_ACCOUNT_SECURITY_001,LP_CYBER_REPORTING_001;LP_FINANCIAL_CYBER_FRAUD_001;LC_IT_2000_001,LP_DIGITAL_EVIDENCE_001;LC_BSA_2023_001;LC_BSA_2023_002;LC_BSA_2023_003,True,False,NONE,Retrieve,True,RET_ANN_001,LAW_REV_PENDING,Validation
RET000054,QLQ000054_hiLatn,Hinglish mein simple steps batao: Screenshot lene ke baad abusive messages delete kar doon kya?,hi-Latn,digital_evidence,India: ALL_INDIA,LP_ACCOUNT_SECURITY_001,LP_CYBER_REPORTING_001;LP_FINANCIAL_CYBER_FRAUD_001;LC_IT_2000_001,LP_DIGITAL_EVIDENCE_001;LC_BSA_2023_001;LC_BSA_2023_002;LC_BSA_2023_003,True,False,NONE,Retrieve,True,RET_ANN_001,LAW_REV_PENDING,Validation
RET000055,QLQ000055_en,How do I complain about a loan app threatening my contacts?,en,loan_app_harassment,India: ALL_INDIA plus user location needed for forum routing,LP_DIGITAL_EVIDENCE_001,LC_BSA_2023_001;LC_BSA_2023_002;LC_BSA_2023_003,LC_BSA_2023_001;LC_BSA_2023_002;LC_BSA_2023_003;LC_BSA_2023_004,True,False,NONE,escalate,True,RET_ANN_001,LAW_REV_PENDING,Validation
RET000056,QLQ000056_hi,Loan app mere contacts ko dhamki de raha hai. Complaint kaise karun?,hi,loan_app_harassment,India: ALL_INDIA plus user location needed for forum routing,LP_DIGITAL_EVIDENCE_001,LC_BSA_2023_001;LC_BSA_2023_002;LC_BSA_2023_003,LC_BSA_2023_001;LC_BSA_2023_002;LC_BSA_2023_003;LC_BSA_2023_004,True,False,NONE,escalate,True,RET_ANN_001,LAW_REV_PENDING,Validation
RET000057,QLQ000057_hiLatn,Loan app mere contacts ko threaten kar raha hai. Complaint kaise karun?,hi-Latn,loan_app_harassment,India: ALL_INDIA plus user location needed for forum routing,LP_DIGITAL_EVIDENCE_001,LC_BSA_2023_001;LC_BSA_2023_002;LC_BSA_2023_003,LC_BSA_2023_001;LC_BSA_2023_002;LC_BSA_2023_003;LC_BSA_2023_004,True,False,NONE,escalate,True,RET_ANN_001,LAW_REV_PENDING,Validation
RET000058,QLQ000058_en,Can police ask for my phone password during cyber investigation?,en,device_search,India: state_or_district_required,LP_FINANCIAL_CYBER_FRAUD_001,LP_ACCOUNT_SECURITY_001;LP_CYBER_REPORTING_001;LC_IT_2000_001,LP_DIGITAL_EVIDENCE_001;LC_BSA_2023_001;LC_BSA_2023_002;LC_BSA_2023_003,False,True,"Please provide search order, role in case, jurisdiction before I select the final legal passage.",ask clarification,False,RET_ANN_001,LAW_REV_PENDING,Validation
RET000059,QLQ000059_hi,Cyber investigation mein police mera phone password maang sakti hai kya?,hi,device_search,India: state_or_district_required,LP_FINANCIAL_CYBER_FRAUD_001,LP_ACCOUNT_SECURITY_001;LP_CYBER_REPORTING_001;LC_IT_2000_001,LP_DIGITAL_EVIDENCE_001;LC_BSA_2023_001;LC_BSA_2023_002;LC_BSA_2023_003,False,True,"Please provide search order, role in case, jurisdiction before I select the final legal passage.",ask clarification,False,RET_ANN_001,LAW_REV_PENDING,Validation
RET000060,QLQ000060_hiLatn,Hinglish mein simple steps batao: Cyber investigation mein police mera phone password maang sakti hai kya?,hi-Latn,device_search,India: state_or_district_required,LP_FINANCIAL_CYBER_FRAUD_001,LP_ACCOUNT_SECURITY_001;LP_CYBER_REPORTING_001;LC_IT_2000_001,LP_DIGITAL_EVIDENCE_001;LC_BSA_2023_001;LC_BSA_2023_002;LC_BSA_2023_003,False,True,"Please provide search order, role in case, jurisdiction before I select the final legal passage.",ask clarification,False,RET_ANN_001,LAW_REV_PENDING,Validation
RET000061,QLQ000061_en,A seller sent a QR code and money got deducted. Is this cyber fraud?,en,qr_fraud,India: ALL_INDIA plus user location needed for forum routing,LP_CYBER_REPORTING_001,LP_ACCOUNT_SECURITY_001;LP_FINANCIAL_CYBER_FRAUD_001;LC_IT_2000_001,LP_DIGITAL_EVIDENCE_001;LC_BSA_2023_001;LC_BSA_2023_002;LC_BSA_2023_003,False,True,Please provide transaction details and seller identity before I select the final legal passage.,escalate,True,RET_ANN_001,LAW_REV_PENDING,Validation
RET000062,QLQ000062_hi,Seller ne QR code bheja aur paise kat gaye. Kya yeh cyber fraud hai?,hi,qr_fraud,India: ALL_INDIA plus user location needed for forum routing,LP_CYBER_REPORTING_001,LP_ACCOUNT_SECURITY_001;LP_FINANCIAL_CYBER_FRAUD_001;LC_IT_2000_001,LP_DIGITAL_EVIDENCE_001;LC_BSA_2023_001;LC_BSA_2023_002;LC_BSA_2023_003,True,False,NONE,escalate,True,RET_ANN_001,LAW_REV_PENDING,Validation
RET000063,QLQ000063_hiLatn,Seller ne QR code bheja aur money deduct ho gaya. Kya yeh cyber fraud hai?,hi-Latn,qr_fraud,India: ALL_INDIA plus user location needed for forum routing,LP_CYBER_REPORTING_001,LP_ACCOUNT_SECURITY_001;LP_FINANCIAL_CYBER_FRAUD_001;LC_IT_2000_001,LP_DIGITAL_EVIDENCE_001;LC_BSA_2023_001;LC_BSA_2023_002;LC_BSA_2023_003,True,False,NONE,escalate,True,RET_ANN_001,LAW_REV_PENDING,Validation
RET000064,QLQ000064_en,What evidence is useful for reporting ransomware?,en,ransomware,India: ALL_INDIA,LP_ACCOUNT_SECURITY_001,LP_CYBER_REPORTING_001;LP_FINANCIAL_CYBER_FRAUD_001;LC_IT_2000_001,LP_DIGITAL_EVIDENCE_001;LC_BSA_2023_001;LC_BSA_2023_002;LC_BSA_2023_003,True,False,NONE,Retrieve,True,RET_ANN_001,LAW_REV_PENDING,Validation
RET000065,QLQ000065_hi,Ransomware report karne ke liye kaunsa evidence useful hai?,hi,ransomware,India: ALL_INDIA,LP_ACCOUNT_SECURITY_001,LP_CYBER_REPORTING_001;LP_FINANCIAL_CYBER_FRAUD_001;LC_IT_2000_001,LP_DIGITAL_EVIDENCE_001;LC_BSA_2023_001;LC_BSA_2023_002;LC_BSA_2023_003,True,False,NONE,Retrieve,True,RET_ANN_001,LAW_REV_PENDING,Validation
RET000066,QLQ000066_hiLatn,Ransomware report karne ke liye kya evidence useful hai?,hi-Latn,ransomware,India: ALL_INDIA,LP_ACCOUNT_SECURITY_001,LP_CYBER_REPORTING_001;LP_FINANCIAL_CYBER_FRAUD_001;LC_IT_2000_001,LP_DIGITAL_EVIDENCE_001;LC_BSA_2023_001;LC_BSA_2023_002;LC_BSA_2023_003,True,False,NONE,Retrieve,True,RET_ANN_001,LAW_REV_PENDING,Validation
RET000067,QLQ000067_en,Can I report WhatsApp threats without knowing the real name?,en,messaging_threat,India: ALL_INDIA plus user location needed for forum routing,LP_DIGITAL_EVIDENCE_001,LC_BSA_2023_001;LC_BSA_2023_002;LC_BSA_2023_003,LC_BSA_2023_001;LC_BSA_2023_002;LC_BSA_2023_003;LC_BSA_2023_004,True,False,NONE,escalate,True,RET_ANN_001,LAW_REV_PENDING,Validation
RET000068,QLQ000068_hi,Real naam na pata ho to WhatsApp threats report kar sakta hoon?,hi,messaging_threat,India: ALL_INDIA plus user location needed for forum routing,LP_DIGITAL_EVIDENCE_001,LC_BSA_2023_001;LC_BSA_2023_002;LC_BSA_2023_003,LC_BSA_2023_001;LC_BSA_2023_002;LC_BSA_2023_003;LC_BSA_2023_004,True,False,NONE,escalate,True,RET_ANN_001,LAW_REV_PENDING,Validation
RET000069,QLQ000069_hiLatn,Real name na pata ho to WhatsApp threats report kar sakta hoon?,hi-Latn,messaging_threat,India: ALL_INDIA plus user location needed for forum routing,LP_DIGITAL_EVIDENCE_001,LC_BSA_2023_001;LC_BSA_2023_002;LC_BSA_2023_003,LC_BSA_2023_001;LC_BSA_2023_002;LC_BSA_2023_003;LC_BSA_2023_004,True,False,NONE,escalate,True,RET_ANN_001,LAW_REV_PENDING,Validation
RET000070,QLQ000070_en,Is online blackmail an emergency?,en,online_extortion,India: state_or_district_required,LP_FINANCIAL_CYBER_FRAUD_001,LP_ACCOUNT_SECURITY_001;LP_CYBER_REPORTING_001;LC_IT_2000_001,LP_DIGITAL_EVIDENCE_001;LC_BSA_2023_001;LC_BSA_2023_002;LC_BSA_2023_003,True,False,NONE,escalate,True,RET_ANN_001,LAW_REV_PENDING,Validation
RET000071,QLQ000071_hi,Online blackmail emergency hai kya?,hi,online_extortion,India: state_or_district_required,LP_FINANCIAL_CYBER_FRAUD_001,LP_ACCOUNT_SECURITY_001;LP_CYBER_REPORTING_001;LC_IT_2000_001,LP_DIGITAL_EVIDENCE_001;LC_BSA_2023_001;LC_BSA_2023_002;LC_BSA_2023_003,True,False,NONE,escalate,True,RET_ANN_001,LAW_REV_PENDING,Validation
RET000072,QLQ000072_hiLatn,Hinglish mein simple steps batao: Online blackmail emergency hai kya?,hi-Latn,online_extortion,India: state_or_district_required,LP_FINANCIAL_CYBER_FRAUD_001,LP_ACCOUNT_SECURITY_001;LP_CYBER_REPORTING_001;LC_IT_2000_001,LP_DIGITAL_EVIDENCE_001;LC_BSA_2023_001;LC_BSA_2023_002;LC_BSA_2023_003,True,False,NONE,escalate,True,RET_ANN_001,LAW_REV_PENDING,Validation
RET000073,QLQ000073_en,Can I get free legal assistance?,en,free_legal_aid,India: ALL_INDIA plus user location needed for forum routing,LP_LEGAL_AID_001,LP_DLSA_001;LP_FREE_LEGAL_SERVICES_001;LC_LSA_1987_001,LP_ARREST_RIGHTS_001;LP_BAIL_001;LP_CRIME_REPORTING_001;LP_EMERGENCY_HELP_001,True,False,NONE,Retrieve,True,RET_ANN_001,LAW_REV_PENDING,Validation
RET000074,QLQ000074_hi,Kya mujhe free legal assistance mil sakti hai?,hi,free_legal_aid,India: ALL_INDIA plus user location needed for forum routing,LP_LEGAL_AID_001,LP_DLSA_001;LP_FREE_LEGAL_SERVICES_001;LC_LSA_1987_001,LP_ARREST_RIGHTS_001;LP_BAIL_001;LP_CRIME_REPORTING_001;LP_EMERGENCY_HELP_001,True,False,NONE,Retrieve,True,RET_ANN_001,LAW_REV_PENDING,Validation
RET000075,QLQ000075_hiLatn,Kya mujhe free legal help mil sakti hai?,hi-Latn,free_legal_aid,India: ALL_INDIA plus user location needed for forum routing,LP_LEGAL_AID_001,LP_DLSA_001;LP_FREE_LEGAL_SERVICES_001;LC_LSA_1987_001,LP_ARREST_RIGHTS_001;LP_BAIL_001;LP_CRIME_REPORTING_001;LP_EMERGENCY_HELP_001,True,False,NONE,Retrieve,True,RET_ANN_001,LAW_REV_PENDING,Validation
RET000076,QLQ000076_en,Where do I apply for legal aid in my district?,en,district_legal_services,India: ALL_INDIA plus user location needed for forum routing,LP_FREE_LEGAL_SERVICES_001,LP_DLSA_001;LP_LEGAL_AID_001;LC_LSA_1987_001,LP_ARREST_RIGHTS_001;LP_BAIL_001;LP_CRIME_REPORTING_001;LP_EMERGENCY_HELP_001,False,True,Please provide district and state before I select the final legal passage.,ask clarification,False,RET_ANN_001,LAW_REV_PENDING,Validation
RET000077,QLQ000077_hi,Apne district mein legal aid ke liye kahan apply karun?,hi,district_legal_services,India: ALL_INDIA plus user location needed for forum routing,LP_FREE_LEGAL_SERVICES_001,LP_DLSA_001;LP_LEGAL_AID_001;LC_LSA_1987_001,LP_ARREST_RIGHTS_001;LP_BAIL_001;LP_CRIME_REPORTING_001;LP_EMERGENCY_HELP_001,True,False,NONE,Retrieve,True,RET_ANN_001,LAW_REV_PENDING,Validation
RET000078,QLQ000078_hiLatn,Hinglish mein simple steps batao: Apne district mein legal aid ke liye kahan apply karun?,hi-Latn,district_legal_services,India: ALL_INDIA plus user location needed for forum routing,LP_FREE_LEGAL_SERVICES_001,LP_DLSA_001;LP_LEGAL_AID_001;LC_LSA_1987_001,LP_ARREST_RIGHTS_001;LP_BAIL_001;LP_CRIME_REPORTING_001;LP_EMERGENCY_HELP_001,True,False,NONE,Retrieve,True,RET_ANN_001,LAW_REV_PENDING,Validation
RET000079,QLQ000079_en,Can women facing domestic violence get free legal help?,en,domestic_violence,India: ALL_INDIA plus user location needed for forum routing,LP_DLSA_001,LP_FREE_LEGAL_SERVICES_001;LP_LEGAL_AID_001;LC_LSA_1987_001,LP_ARREST_RIGHTS_001;LP_BAIL_001;LP_CRIME_REPORTING_001;LP_EMERGENCY_HELP_001,True,False,NONE,escalate,True,RET_ANN_001,LAW_REV_PENDING,Validation
RET000080,QLQ000080_hi,Domestic violence face kar rahi women ko free legal help mil sakti hai?,hi,domestic_violence,India: ALL_INDIA plus user location needed for forum routing,LP_DLSA_001,LP_FREE_LEGAL_SERVICES_001;LP_LEGAL_AID_001;LC_LSA_1987_001,LP_ARREST_RIGHTS_001;LP_BAIL_001;LP_CRIME_REPORTING_001;LP_EMERGENCY_HELP_001,True,False,NONE,escalate,True,RET_ANN_001,LAW_REV_PENDING,Validation
RET000081,QLQ000081_hiLatn,Hinglish mein simple steps batao: Domestic violence face kar rahi women ko free legal help mil sakti hai?,hi-Latn,domestic_violence,India: ALL_INDIA plus user location needed for forum routing,LP_DLSA_001,LP_FREE_LEGAL_SERVICES_001;LP_LEGAL_AID_001;LC_LSA_1987_001,LP_ARREST_RIGHTS_001;LP_BAIL_001;LP_CRIME_REPORTING_001;LP_EMERGENCY_HELP_001,True,False,NONE,escalate,True,RET_ANN_001,LAW_REV_PENDING,Validation
RET000082,QLQ000082_en,Do I need income proof for legal aid?,en,legal_aid_documents,India: state_or_district_required,LP_LEGAL_AID_001,LP_DLSA_001;LP_FREE_LEGAL_SERVICES_001;LC_LSA_1987_001,LP_ARREST_RIGHTS_001;LP_BAIL_001;LP_CRIME_REPORTING_001;LP_EMERGENCY_HELP_001,False,True,Please provide state and eligibility category before I select the final legal passage.,ask clarification,False,RET_ANN_001,LAW_REV_PENDING,Validation
RET000083,QLQ000083_hi,Legal aid ke liye income proof chahiye kya?,hi,legal_aid_documents,India: state_or_district_required,LP_LEGAL_AID_001,LP_DLSA_001;LP_FREE_LEGAL_SERVICES_001;LC_LSA_1987_001,LP_ARREST_RIGHTS_001;LP_BAIL_001;LP_CRIME_REPORTING_001;LP_EMERGENCY_HELP_001,False,True,Please provide state and eligibility category before I select the final legal passage.,ask clarification,False,RET_ANN_001,LAW_REV_PENDING,Validation
RET000084,QLQ000084_hiLatn,Legal aid ke liye income proof needed hai kya?,hi-Latn,legal_aid_documents,India: state_or_district_required,LP_LEGAL_AID_001,LP_DLSA_001;LP_FREE_LEGAL_SERVICES_001;LC_LSA_1987_001,LP_ARREST_RIGHTS_001;LP_BAIL_001;LP_CRIME_REPORTING_001;LP_EMERGENCY_HELP_001,False,True,Please provide state and eligibility category before I select the final legal passage.,ask clarification,False,RET_ANN_001,LAW_REV_PENDING,Validation
RET000085,QLQ000085_en,Can a victim of cyber fraud get legal aid?,en,cyber_fraud,India: ALL_INDIA plus user location needed for forum routing,LP_FREE_LEGAL_SERVICES_001,LP_DLSA_001;LP_LEGAL_AID_001;LC_LSA_1987_001,LP_ARREST_RIGHTS_001;LP_BAIL_001;LP_CRIME_REPORTING_001;LP_EMERGENCY_HELP_001,True,False,NONE,Retrieve,True,RET_ANN_001,LAW_REV_PENDING,Validation
RET000086,QLQ000086_hi,Cyber fraud victim ko legal aid mil sakti hai kya?,hi,cyber_fraud,India: ALL_INDIA plus user location needed for forum routing,LP_FREE_LEGAL_SERVICES_001,LP_DLSA_001;LP_LEGAL_AID_001;LC_LSA_1987_001,LP_ARREST_RIGHTS_001;LP_BAIL_001;LP_CRIME_REPORTING_001;LP_EMERGENCY_HELP_001,False,True,"Please provide loss amount, district, eligibility category before I select the final legal passage.",ask clarification,False,RET_ANN_001,LAW_REV_PENDING,Validation
RET000087,QLQ000087_hiLatn,Hinglish mein simple steps batao: Cyber fraud victim ko legal aid mil sakti hai kya?,hi-Latn,cyber_fraud,India: ALL_INDIA plus user location needed for forum routing,LP_FREE_LEGAL_SERVICES_001,LP_DLSA_001;LP_LEGAL_AID_001;LC_LSA_1987_001,LP_ARREST_RIGHTS_001;LP_BAIL_001;LP_CRIME_REPORTING_001;LP_EMERGENCY_HELP_001,True,False,NONE,Retrieve,True,RET_ANN_001,LAW_REV_PENDING,Validation
RET000088,QLQ000088_en,Can I get help drafting a police complaint for free?,en,complaint_drafting,India: ALL_INDIA plus user location needed for forum routing,LP_DLSA_001,LP_FREE_LEGAL_SERVICES_001;LP_LEGAL_AID_001;LC_LSA_1987_001,LP_ARREST_RIGHTS_001;LP_BAIL_001;LP_CRIME_REPORTING_001;LP_EMERGENCY_HELP_001,True,False,NONE,Retrieve,True,RET_ANN_001,LAW_REV_PENDING,Validation
RET000089,QLQ000089_hi,Police complaint draft karne mein free help mil sakti hai kya?,hi,complaint_drafting,India: ALL_INDIA plus user location needed for forum routing,LP_DLSA_001,LP_FREE_LEGAL_SERVICES_001;LP_LEGAL_AID_001;LC_LSA_1987_001,LP_ARREST_RIGHTS_001;LP_BAIL_001;LP_CRIME_REPORTING_001;LP_EMERGENCY_HELP_001,True,False,NONE,Retrieve,True,RET_ANN_001,LAW_REV_PENDING,Validation
RET000090,QLQ000090_hiLatn,Hinglish mein simple steps batao: Police complaint draft karne mein free help mil sakti hai kya?,hi-Latn,complaint_drafting,India: ALL_INDIA plus user location needed for forum routing,LP_DLSA_001,LP_FREE_LEGAL_SERVICES_001;LP_LEGAL_AID_001;LC_LSA_1987_001,LP_ARREST_RIGHTS_001;LP_BAIL_001;LP_CRIME_REPORTING_001;LP_EMERGENCY_HELP_001,True,False,NONE,Retrieve,True,RET_ANN_001,LAW_REV_PENDING,Validation
RET000091,QLQ000091_en,What documents should I carry to a legal aid office?,en,legal_aid_documents,India: ALL_INDIA,LP_LEGAL_AID_001,LP_DLSA_001;LP_FREE_LEGAL_SERVICES_001;LC_LSA_1987_001,LP_ARREST_RIGHTS_001;LP_BAIL_001;LP_CRIME_REPORTING_001;LP_EMERGENCY_HELP_001,True,False,NONE,Retrieve,True,RET_ANN_001,LAW_REV_PENDING,Validation
RET000092,QLQ000092_hi,Legal aid office jaate waqt kaunse documents le jaun?,hi,legal_aid_documents,India: ALL_INDIA,LP_LEGAL_AID_001,LP_DLSA_001;LP_FREE_LEGAL_SERVICES_001;LC_LSA_1987_001,LP_ARREST_RIGHTS_001;LP_BAIL_001;LP_CRIME_REPORTING_001;LP_EMERGENCY_HELP_001,True,False,NONE,Retrieve,True,RET_ANN_001,LAW_REV_PENDING,Validation
RET000093,QLQ000093_hiLatn,Legal aid office jaate waqt kaunse documents carry karun?,hi-Latn,legal_aid_documents,India: ALL_INDIA,LP_LEGAL_AID_001,LP_DLSA_001;LP_FREE_LEGAL_SERVICES_001;LC_LSA_1987_001,LP_ARREST_RIGHTS_001;LP_BAIL_001;LP_CRIME_REPORTING_001;LP_EMERGENCY_HELP_001,True,False,NONE,Retrieve,True,RET_ANN_001,LAW_REV_PENDING,Validation
RET000094,QLQ000094_en,Can I ask legal aid for a lawyer in family court?,en,family_court,India: state_or_district_required,LP_FREE_LEGAL_SERVICES_001,LP_DLSA_001;LP_LEGAL_AID_001;LC_LSA_1987_001,LP_ARREST_RIGHTS_001;LP_BAIL_001;LP_CRIME_REPORTING_001;LP_EMERGENCY_HELP_001,False,True,"Please provide district, case type, income/category before I select the final legal passage.",ask clarification,False,RET_ANN_001,LAW_REV_PENDING,Validation
RET000095,QLQ000095_hi,Family court mein lawyer ke liye legal aid mil sakti hai kya?,hi,family_court,India: state_or_district_required,LP_FREE_LEGAL_SERVICES_001,LP_DLSA_001;LP_LEGAL_AID_001;LC_LSA_1987_001,LP_ARREST_RIGHTS_001;LP_BAIL_001;LP_CRIME_REPORTING_001;LP_EMERGENCY_HELP_001,False,True,"Please provide district, case type, income/category before I select the final legal passage.",ask clarification,False,RET_ANN_001,LAW_REV_PENDING,Validation
RET000096,QLQ000096_hiLatn,Family court ke liye legal aid lawyer mil sakta hai kya?,hi-Latn,family_court,India: state_or_district_required,LP_FREE_LEGAL_SERVICES_001,LP_DLSA_001;LP_LEGAL_AID_001;LC_LSA_1987_001,LP_ARREST_RIGHTS_001;LP_BAIL_001;LP_CRIME_REPORTING_001;LP_EMERGENCY_HELP_001,False,True,"Please provide district, case type, income/category before I select the final legal passage.",ask clarification,False,RET_ANN_001,LAW_REV_PENDING,Validation
RET000097,QLQ000097_en,Is legal aid available for labour disputes?,en,labour,India: ALL_INDIA plus user location needed for forum routing,LP_DLSA_001,LP_FREE_LEGAL_SERVICES_001;LP_LEGAL_AID_001;LC_LSA_1987_001,LP_ARREST_RIGHTS_001;LP_BAIL_001;LP_CRIME_REPORTING_001;LP_EMERGENCY_HELP_001,True,False,NONE,Retrieve,True,RET_ANN_001,LAW_REV_PENDING,Validation
RET000098,QLQ000098_hi,Labour dispute ke liye legal aid available hai kya?,hi,labour,India: ALL_INDIA plus user location needed for forum routing,LP_DLSA_001,LP_FREE_LEGAL_SERVICES_001;LP_LEGAL_AID_001;LC_LSA_1987_001,LP_ARREST_RIGHTS_001;LP_BAIL_001;LP_CRIME_REPORTING_001;LP_EMERGENCY_HELP_001,True,False,NONE,Retrieve,True,RET_ANN_001,LAW_REV_PENDING,Validation
RET000099,QLQ000099_hiLatn,Labour dispute ke liye legal aid mil sakti hai kya?,hi-Latn,labour,India: ALL_INDIA plus user location needed for forum routing,LP_DLSA_001,LP_FREE_LEGAL_SERVICES_001;LP_LEGAL_AID_001;LC_LSA_1987_001,LP_ARREST_RIGHTS_001;LP_BAIL_001;LP_CRIME_REPORTING_001;LP_EMERGENCY_HELP_001,True,False,NONE,Retrieve,True,RET_ANN_001,LAW_REV_PENDING,Validation
RET000100,QLQ000100_en,Can a minor get legal aid?,en,minor,India: ALL_INDIA plus user location needed for forum routing,LP_LEGAL_AID_001,LP_DLSA_001;LP_FREE_LEGAL_SERVICES_001;LC_LSA_1987_001,LP_ARREST_RIGHTS_001;LP_BAIL_001;LP_CRIME_REPORTING_001;LP_EMERGENCY_HELP_001,True,False,NONE,escalate,True,RET_ANN_001,LAW_REV_PENDING,Validation
RET000101,QLQ000101_hi,Kya minor ko legal aid mil sakti hai?,hi,minor,India: ALL_INDIA plus user location needed for forum routing,LP_LEGAL_AID_001,LP_DLSA_001;LP_FREE_LEGAL_SERVICES_001;LC_LSA_1987_001,LP_ARREST_RIGHTS_001;LP_BAIL_001;LP_CRIME_REPORTING_001;LP_EMERGENCY_HELP_001,False,True,"Please provide age, guardian, safety status before I select the final legal passage.",escalate,True,RET_ANN_001,LAW_REV_PENDING,Validation
RET000102,QLQ000102_hiLatn,Hinglish mein simple steps batao: Kya minor ko legal aid mil sakti hai?,hi-Latn,minor,India: ALL_INDIA plus user location needed for forum routing,LP_LEGAL_AID_001,LP_DLSA_001;LP_FREE_LEGAL_SERVICES_001;LC_LSA_1987_001,LP_ARREST_RIGHTS_001;LP_BAIL_001;LP_CRIME_REPORTING_001;LP_EMERGENCY_HELP_001,True,False,NONE,escalate,True,RET_ANN_001,LAW_REV_PENDING,Validation
RET000103,QLQ000103_en,Will legal aid keep my details confidential?,en,privacy,India: ALL_INDIA plus user location needed for forum routing,LP_FREE_LEGAL_SERVICES_001,LP_DLSA_001;LP_LEGAL_AID_001;LC_LSA_1987_001,LP_ARREST_RIGHTS_001;LP_BAIL_001;LP_CRIME_REPORTING_001;LP_EMERGENCY_HELP_001,True,False,NONE,Retrieve,True,RET_ANN_001,LAW_REV_PENDING,Validation
RET000104,QLQ000104_hi,Kya legal aid meri details confidential rakhegi?,hi,privacy,India: ALL_INDIA plus user location needed for forum routing,LP_FREE_LEGAL_SERVICES_001,LP_DLSA_001;LP_LEGAL_AID_001;LC_LSA_1987_001,LP_ARREST_RIGHTS_001;LP_BAIL_001;LP_CRIME_REPORTING_001;LP_EMERGENCY_HELP_001,True,False,NONE,Retrieve,True,RET_ANN_001,LAW_REV_PENDING,Validation
RET000105,QLQ000105_hiLatn,Hinglish mein simple steps batao: Kya legal aid meri details confidential rakhegi?,hi-Latn,privacy,India: ALL_INDIA plus user location needed for forum routing,LP_FREE_LEGAL_SERVICES_001,LP_DLSA_001;LP_LEGAL_AID_001;LC_LSA_1987_001,LP_ARREST_RIGHTS_001;LP_BAIL_001;LP_CRIME_REPORTING_001;LP_EMERGENCY_HELP_001,True,False,NONE,Retrieve,True,RET_ANN_001,LAW_REV_PENDING,Validation
RET000106,QLQ000106_en,Can legal aid help if police are not acting?,en,police_inaction,India: state_or_district_required,LP_DLSA_001,LP_FREE_LEGAL_SERVICES_001;LP_LEGAL_AID_001;LC_LSA_1987_001,LP_ARREST_RIGHTS_001;LP_BAIL_001;LP_CRIME_REPORTING_001;LP_EMERGENCY_HELP_001,False,True,Please provide complaint copy and police station before I select the final legal passage.,escalate,True,RET_ANN_001,LAW_REV_PENDING,Validation
RET000107,QLQ000107_hi,Agar police action nahi le rahi to kya legal aid help kar sakti hai?,hi,police_inaction,India: state_or_district_required,LP_DLSA_001,LP_FREE_LEGAL_SERVICES_001;LP_LEGAL_AID_001;LC_LSA_1987_001,LP_ARREST_RIGHTS_001;LP_BAIL_001;LP_CRIME_REPORTING_001;LP_EMERGENCY_HELP_001,False,True,Please provide complaint copy and police station before I select the final legal passage.,escalate,True,RET_ANN_001,LAW_REV_PENDING,Validation
RET000108,QLQ000108_hiLatn,Hinglish mein simple steps batao: Agar police action nahi le rahi to kya legal aid help kar sakti hai?,hi-Latn,police_inaction,India: state_or_district_required,LP_DLSA_001,LP_FREE_LEGAL_SERVICES_001;LP_LEGAL_AID_001;LC_LSA_1987_001,LP_ARREST_RIGHTS_001;LP_BAIL_001;LP_CRIME_REPORTING_001;LP_EMERGENCY_HELP_001,False,True,Please provide complaint copy and police station before I select the final legal passage.,escalate,True,RET_ANN_001,LAW_REV_PENDING,Validation
RET000109,QLQ000109_en,Can police arrest me without telling me the reason?,en,arrest_reason,India: ALL_INDIA plus user location needed for forum routing,LP_ARREST_RIGHTS_001,LP_BAIL_001;LP_CRIME_REPORTING_001;LP_EMERGENCY_HELP_001,LP_PROPERTY_DISPUTE_001;LC_BNS_2023_001;LC_BNS_2023_002;LC_BNS_2023_003,True,False,NONE,escalate,True,RET_ANN_001,LAW_REV_PENDING,Validation
RET000110,QLQ000110_hi,Kya police reason bataye bina arrest kar sakti hai?,hi,arrest_reason,India: ALL_INDIA plus user location needed for forum routing,LP_ARREST_RIGHTS_001,LP_BAIL_001;LP_CRIME_REPORTING_001;LP_EMERGENCY_HELP_001,LP_PROPERTY_DISPUTE_001;LC_BNS_2023_001;LC_BNS_2023_002;LC_BNS_2023_003,True,False,NONE,escalate,True,RET_ANN_001,LAW_REV_PENDING,Validation
RET000111,QLQ000111_hiLatn,Hinglish mein simple steps batao: Kya police reason bataye bina arrest kar sakti hai?,hi-Latn,arrest_reason,India: ALL_INDIA plus user location needed for forum routing,LP_ARREST_RIGHTS_001,LP_BAIL_001;LP_CRIME_REPORTING_001;LP_EMERGENCY_HELP_001,LP_PROPERTY_DISPUTE_001;LC_BNS_2023_001;LC_BNS_2023_002;LC_BNS_2023_003,False,True,Please provide case section and police notice before I select the final legal passage.,escalate,True,RET_ANN_001,LAW_REV_PENDING,Validation
RET000112,QLQ000112_en,What should I do if police call me to the station for questioning?,en,police_questioning,India: ALL_INDIA plus user location needed for forum routing,LP_BAIL_001,LP_ARREST_RIGHTS_001;LP_CRIME_REPORTING_001;LP_EMERGENCY_HELP_001,LP_PROPERTY_DISPUTE_001;LC_BNS_2023_001;LC_BNS_2023_002;LC_BNS_2023_003,True,False,NONE,Retrieve,True,RET_ANN_001,LAW_REV_PENDING,Validation
RET000113,QLQ000113_hi,Police questioning ke liye station bula rahi hai. Kya karun?,hi,police_questioning,India: ALL_INDIA plus user location needed for forum routing,LP_BAIL_001,LP_ARREST_RIGHTS_001;LP_CRIME_REPORTING_001;LP_EMERGENCY_HELP_001,LP_PROPERTY_DISPUTE_001;LC_BNS_2023_001;LC_BNS_2023_002;LC_BNS_2023_003,True,False,NONE,Retrieve,True,RET_ANN_001,LAW_REV_PENDING,Validation
RET000114,QLQ000114_hiLatn,Hinglish mein simple steps batao: Police questioning ke liye station bula rahi hai. Kya karun?,hi-Latn,police_questioning,India: ALL_INDIA plus user location needed for forum routing,LP_BAIL_001,LP_ARREST_RIGHTS_001;LP_CRIME_REPORTING_001;LP_EMERGENCY_HELP_001,LP_PROPERTY_DISPUTE_001;LC_BNS_2023_001;LC_BNS_2023_002;LC_BNS_2023_003,True,False,NONE,Retrieve,True,RET_ANN_001,LAW_REV_PENDING,Validation
RET000115,QLQ000115_en,Can police search my phone?,en,phone_search,India: ALL_INDIA plus user location needed for forum routing,LP_SEARCH_SEIZURE_001,LP_ARREST_RIGHTS_001;LP_BAIL_001;LP_CRIME_REPORTING_001,LP_PROPERTY_DISPUTE_001;LC_BNS_2023_001;LC_BNS_2023_002;LC_BNS_2023_003,True,False,NONE,Retrieve,True,RET_ANN_001,LAW_REV_PENDING,Validation
RET000116,QLQ000116_hi,Kya police mera phone search kar sakti hai?,hi,phone_search,India: ALL_INDIA plus user location needed for forum routing,LP_SEARCH_SEIZURE_001,LP_ARREST_RIGHTS_001;LP_BAIL_001;LP_CRIME_REPORTING_001,LP_PROPERTY_DISPUTE_001;LC_BNS_2023_001;LC_BNS_2023_002;LC_BNS_2023_003,False,True,"Please provide warrant/order, role, location before I select the final legal passage.",ask clarification,False,RET_ANN_001,LAW_REV_PENDING,Validation
RET000117,QLQ000117_hiLatn,Hinglish mein simple steps batao: Kya police mera phone search kar sakti hai?,hi-Latn,phone_search,India: ALL_INDIA plus user location needed for forum routing,LP_SEARCH_SEIZURE_001,LP_ARREST_RIGHTS_001;LP_BAIL_001;LP_CRIME_REPORTING_001,LP_PROPERTY_DISPUTE_001;LC_BNS_2023_001;LC_BNS_2023_002;LC_BNS_2023_003,True,False,NONE,Retrieve,True,RET_ANN_001,LAW_REV_PENDING,Validation
RET000118,QLQ000118_en,What are my rights if I receive a notice from police?,en,police_notice,India: state_or_district_required,LP_ARREST_RIGHTS_001,LP_BAIL_001;LP_CRIME_REPORTING_001;LP_EMERGENCY_HELP_001,LP_PROPERTY_DISPUTE_001;LC_BNS_2023_001;LC_BNS_2023_002;LC_BNS_2023_003,False,True,Please provide notice type and date before I select the final legal passage.,ask clarification,False,RET_ANN_001,LAW_REV_PENDING,Validation
RET000119,QLQ000119_hi,Police notice milne par mere rights kya hain?,hi,police_notice,India: state_or_district_required,LP_ARREST_RIGHTS_001,LP_BAIL_001;LP_CRIME_REPORTING_001;LP_EMERGENCY_HELP_001,LP_PROPERTY_DISPUTE_001;LC_BNS_2023_001;LC_BNS_2023_002;LC_BNS_2023_003,False,True,Please provide notice type and date before I select the final legal passage.,ask clarification,False,RET_ANN_001,LAW_REV_PENDING,Validation
RET000120,QLQ000120_hiLatn,Hinglish mein simple steps batao: Police notice milne par mere rights kya hain?,hi-Latn,police_notice,India: state_or_district_required,LP_ARREST_RIGHTS_001,LP_BAIL_001;LP_CRIME_REPORTING_001;LP_EMERGENCY_HELP_001,LP_PROPERTY_DISPUTE_001;LC_BNS_2023_001;LC_BNS_2023_002;LC_BNS_2023_003,False,True,Please provide notice type and date before I select the final legal passage.,ask clarification,False,RET_ANN_001,LAW_REV_PENDING,Validation
RET000121,QLQ000121_en,Can police keep me overnight for a minor issue?,en,detention,India: ALL_INDIA plus user location needed for forum routing,LP_BAIL_001,LP_ARREST_RIGHTS_001;LP_CRIME_REPORTING_001;LP_EMERGENCY_HELP_001,LP_PROPERTY_DISPUTE_001;LC_BNS_2023_001;LC_BNS_2023_002;LC_BNS_2023_003,False,True,Please provide detention status and offence before I select the final legal passage.,escalate,True,RET_ANN_001,LAW_REV_PENDING,Validation
RET000122,QLQ000122_hi,Minor issue ke liye police mujhe raat bhar rakh sakti hai kya?,hi,detention,India: ALL_INDIA plus user location needed for forum routing,LP_BAIL_001,LP_ARREST_RIGHTS_001;LP_CRIME_REPORTING_001;LP_EMERGENCY_HELP_001,LP_PROPERTY_DISPUTE_001;LC_BNS_2023_001;LC_BNS_2023_002;LC_BNS_2023_003,True,False,NONE,escalate,True,RET_ANN_001,LAW_REV_PENDING,Validation
RET000123,QLQ000123_hiLatn,Minor issue ke liye police mujhe overnight rakh sakti hai kya?,hi-Latn,detention,India: ALL_INDIA plus user location needed for forum routing,LP_BAIL_001,LP_ARREST_RIGHTS_001;LP_CRIME_REPORTING_001;LP_EMERGENCY_HELP_001,LP_PROPERTY_DISPUTE_001;LC_BNS_2023_001;LC_BNS_2023_002;LC_BNS_2023_003,True,False,NONE,escalate,True,RET_ANN_001,LAW_REV_PENDING,Validation
RET000124,QLQ000124_en,What should my family do if I am detained?,en,detention,India: ALL_INDIA plus user location needed for forum routing,LP_SEARCH_SEIZURE_001,LP_ARREST_RIGHTS_001;LP_BAIL_001;LP_CRIME_REPORTING_001,LP_PROPERTY_DISPUTE_001;LC_BNS_2023_001;LC_BNS_2023_002;LC_BNS_2023_003,True,False,NONE,escalate,True,RET_ANN_001,LAW_REV_PENDING,Validation
RET000125,QLQ000125_hi,Agar mujhe detain kiya gaya hai to family kya kare?,hi,detention,India: ALL_INDIA plus user location needed for forum routing,LP_SEARCH_SEIZURE_001,LP_ARREST_RIGHTS_001;LP_BAIL_001;LP_CRIME_REPORTING_001,LP_PROPERTY_DISPUTE_001;LC_BNS_2023_001;LC_BNS_2023_002;LC_BNS_2023_003,True,False,NONE,escalate,True,RET_ANN_001,LAW_REV_PENDING,Validation
RET000126,QLQ000126_hiLatn,Agar mujhe detained kiya hai to family kya kare?,hi-Latn,detention,India: ALL_INDIA plus user location needed for forum routing,LP_SEARCH_SEIZURE_001,LP_ARREST_RIGHTS_001;LP_BAIL_001;LP_CRIME_REPORTING_001,LP_PROPERTY_DISPUTE_001;LC_BNS_2023_001;LC_BNS_2023_002;LC_BNS_2023_003,False,True,Please provide police station and detention time before I select the final legal passage.,escalate,True,RET_ANN_001,LAW_REV_PENDING,Validation
RET000127,QLQ000127_en,What should I do after a hit and run?,en,hit_and_run,India: ALL_INDIA plus user location needed for forum routing,LP_TRAFFIC_ACCIDENT_001,LP_HIT_AND_RUN_001;LP_MOTOR_CLAIM_001;LC_MV_1988_001,LP_ARREST_RIGHTS_001;LP_BAIL_001;LP_CRIME_REPORTING_001;LP_EMERGENCY_HELP_001,True,False,NONE,escalate,True,RET_ANN_001,LAW_REV_PENDING,Validation
RET000128,QLQ000128_hi,Hit and run ke baad mujhe kya karna chahiye?,hi,hit_and_run,India: ALL_INDIA plus user location needed for forum routing,LP_TRAFFIC_ACCIDENT_001,LP_HIT_AND_RUN_001;LP_MOTOR_CLAIM_001;LC_MV_1988_001,LP_ARREST_RIGHTS_001;LP_BAIL_001;LP_CRIME_REPORTING_001;LP_EMERGENCY_HELP_001,True,False,NONE,escalate,True,RET_ANN_001,LAW_REV_PENDING,Validation
RET000129,QLQ000129_hiLatn,Hit and run ke baad kya karna chahiye?,hi-Latn,hit_and_run,India: ALL_INDIA plus user location needed for forum routing,LP_TRAFFIC_ACCIDENT_001,LP_HIT_AND_RUN_001;LP_MOTOR_CLAIM_001;LC_MV_1988_001,LP_ARREST_RIGHTS_001;LP_BAIL_001;LP_CRIME_REPORTING_001;LP_EMERGENCY_HELP_001,True,False,NONE,escalate,True,RET_ANN_001,LAW_REV_PENDING,Validation
RET000130,QLQ000130_en,Do I need to report a minor road accident?,en,minor_accident,India: state_or_district_required,LP_MOTOR_CLAIM_001,LP_HIT_AND_RUN_001;LP_TRAFFIC_ACCIDENT_001;LC_MV_1988_001,LP_ARREST_RIGHTS_001;LP_BAIL_001;LP_CRIME_REPORTING_001;LP_EMERGENCY_HELP_001,False,True,Please provide injury and property damage before I select the final legal passage.,ask clarification,False,RET_ANN_001,LAW_REV_PENDING,Validation
RET000131,QLQ000131_hi,Minor road accident report karna zaruri hai kya?,hi,minor_accident,India: state_or_district_required,LP_MOTOR_CLAIM_001,LP_HIT_AND_RUN_001;LP_TRAFFIC_ACCIDENT_001;LC_MV_1988_001,LP_ARREST_RIGHTS_001;LP_BAIL_001;LP_CRIME_REPORTING_001;LP_EMERGENCY_HELP_001,False,True,Please provide injury and property damage before I select the final legal passage.,ask clarification,False,RET_ANN_001,LAW_REV_PENDING,Validation
RET000132,QLQ000132_hiLatn,Minor road accident report karna zaroori hai kya?,hi-Latn,minor_accident,India: state_or_district_required,LP_MOTOR_CLAIM_001,LP_HIT_AND_RUN_001;LP_TRAFFIC_ACCIDENT_001;LC_MV_1988_001,LP_ARREST_RIGHTS_001;LP_BAIL_001;LP_CRIME_REPORTING_001;LP_EMERGENCY_HELP_001,False,True,Please provide injury and property damage before I select the final legal passage.,ask clarification,False,RET_ANN_001,LAW_REV_PENDING,Validation
RET000133,QLQ000133_en,Can I claim insurance if the other driver ran away?,en,insurance_claim,India: ALL_INDIA plus user location needed for forum routing,LP_HIT_AND_RUN_001,LP_MOTOR_CLAIM_001;LP_TRAFFIC_ACCIDENT_001;LC_MV_1988_001,LP_ARREST_RIGHTS_001;LP_BAIL_001;LP_CRIME_REPORTING_001;LP_EMERGENCY_HELP_001,True,False,NONE,Retrieve,True,RET_ANN_001,LAW_REV_PENDING,Validation
RET000134,QLQ000134_hi,Agar doosra driver bhaag gaya to kya insurance claim kar sakta hoon?,hi,insurance_claim,India: ALL_INDIA plus user location needed for forum routing,LP_HIT_AND_RUN_001,LP_MOTOR_CLAIM_001;LP_TRAFFIC_ACCIDENT_001;LC_MV_1988_001,LP_ARREST_RIGHTS_001;LP_BAIL_001;LP_CRIME_REPORTING_001;LP_EMERGENCY_HELP_001,True,False,NONE,Retrieve,True,RET_ANN_001,LAW_REV_PENDING,Validation
RET000135,QLQ000135_hiLatn,Agar doosra driver ran away to insurance claim kar sakta hoon?,hi-Latn,insurance_claim,India: ALL_INDIA plus user location needed for forum routing,LP_HIT_AND_RUN_001,LP_MOTOR_CLAIM_001;LP_TRAFFIC_ACCIDENT_001;LC_MV_1988_001,LP_ARREST_RIGHTS_001;LP_BAIL_001;LP_CRIME_REPORTING_001;LP_EMERGENCY_HELP_001,True,False,NONE,Retrieve,True,RET_ANN_001,LAW_REV_PENDING,Validation
RET000136,QLQ000136_en,What evidence should I collect after a traffic accident?,en,traffic_evidence,India: ALL_INDIA,LP_TRAFFIC_ACCIDENT_001,LP_HIT_AND_RUN_001;LP_MOTOR_CLAIM_001;LC_MV_1988_001,LP_ARREST_RIGHTS_001;LP_BAIL_001;LP_CRIME_REPORTING_001;LP_EMERGENCY_HELP_001,True,False,NONE,Retrieve,True,RET_ANN_001,LAW_REV_PENDING,Validation
RET000137,QLQ000137_hi,Traffic accident ke baad kaunsa evidence collect karun?,hi,traffic_evidence,India: ALL_INDIA,LP_TRAFFIC_ACCIDENT_001,LP_HIT_AND_RUN_001;LP_MOTOR_CLAIM_001;LC_MV_1988_001,LP_ARREST_RIGHTS_001;LP_BAIL_001;LP_CRIME_REPORTING_001;LP_EMERGENCY_HELP_001,True,False,NONE,Retrieve,True,RET_ANN_001,LAW_REV_PENDING,Validation
RET000138,QLQ000138_hiLatn,Traffic accident ke baad kya evidence collect karun?,hi-Latn,traffic_evidence,India: ALL_INDIA,LP_TRAFFIC_ACCIDENT_001,LP_HIT_AND_RUN_001;LP_MOTOR_CLAIM_001;LC_MV_1988_001,LP_ARREST_RIGHTS_001;LP_BAIL_001;LP_CRIME_REPORTING_001;LP_EMERGENCY_HELP_001,True,False,NONE,Retrieve,True,RET_ANN_001,LAW_REV_PENDING,Validation
RET000139,QLQ000139_en,Someone blocked my gate with a vehicle. Is this a police matter?,en,parking_blockage,India: ALL_INDIA plus user location needed for forum routing,LP_MOTOR_CLAIM_001,LP_HIT_AND_RUN_001;LP_TRAFFIC_ACCIDENT_001;LC_MV_1988_001,LP_ARREST_RIGHTS_001;LP_BAIL_001;LP_CRIME_REPORTING_001;LP_EMERGENCY_HELP_001,True,False,NONE,Retrieve,True,RET_ANN_001,LAW_REV_PENDING,Validation
RET000140,QLQ000140_hi,Kisi ne gate vehicle se block kar diya. Kya yeh police matter hai?,hi,parking_blockage,India: ALL_INDIA plus user location needed for forum routing,LP_MOTOR_CLAIM_001,LP_HIT_AND_RUN_001;LP_TRAFFIC_ACCIDENT_001;LC_MV_1988_001,LP_ARREST_RIGHTS_001;LP_BAIL_001;LP_CRIME_REPORTING_001;LP_EMERGENCY_HELP_001,True,False,NONE,Retrieve,True,RET_ANN_001,LAW_REV_PENDING,Validation
RET000141,QLQ000141_hiLatn,Hinglish mein simple steps batao: Kisi ne gate vehicle se block kar diya. Kya yeh police matter hai?,hi-Latn,parking_blockage,India: ALL_INDIA plus user location needed for forum routing,LP_MOTOR_CLAIM_001,LP_HIT_AND_RUN_001;LP_TRAFFIC_ACCIDENT_001;LC_MV_1988_001,LP_ARREST_RIGHTS_001;LP_BAIL_001;LP_CRIME_REPORTING_001;LP_EMERGENCY_HELP_001,False,True,"Please provide location, duration, threat, obstruction before I select the final legal passage.",ask clarification,False,RET_ANN_001,LAW_REV_PENDING,Validation
RET000142,QLQ000142_en,Can I report drunk driving before an accident happens?,en,drunk_driving,India: state_or_district_required,LP_HIT_AND_RUN_001,LP_MOTOR_CLAIM_001;LP_TRAFFIC_ACCIDENT_001;LC_MV_1988_001,LP_ARREST_RIGHTS_001;LP_BAIL_001;LP_CRIME_REPORTING_001;LP_EMERGENCY_HELP_001,True,False,NONE,escalate,True,RET_ANN_001,LAW_REV_PENDING,Validation
RET000143,QLQ000143_hi,Accident se pehle drunk driving report kar sakta hoon?,hi,drunk_driving,India: state_or_district_required,LP_HIT_AND_RUN_001,LP_MOTOR_CLAIM_001;LP_TRAFFIC_ACCIDENT_001;LC_MV_1988_001,LP_ARREST_RIGHTS_001;LP_BAIL_001;LP_CRIME_REPORTING_001;LP_EMERGENCY_HELP_001,True,False,NONE,escalate,True,RET_ANN_001,LAW_REV_PENDING,Validation
RET000144,QLQ000144_hiLatn,Hinglish mein simple steps batao: Accident se pehle drunk driving report kar sakta hoon?,hi-Latn,drunk_driving,India: state_or_district_required,LP_HIT_AND_RUN_001,LP_MOTOR_CLAIM_001;LP_TRAFFIC_ACCIDENT_001;LC_MV_1988_001,LP_ARREST_RIGHTS_001;LP_BAIL_001;LP_CRIME_REPORTING_001;LP_EMERGENCY_HELP_001,True,False,NONE,escalate,True,RET_ANN_001,LAW_REV_PENDING,Validation
RET000145,QLQ000145_en,A shop refused refund for a defective product. What can I do?,en,refund_refusal,India: ALL_INDIA plus user location needed for forum routing,LP_CONSUMER_COMPLAINT_001,LP_ECOMMERCE_001;LP_REFUND_RIGHTS_001;LC_CPA_2019_001,LP_ACCOUNT_SECURITY_001;LP_CYBER_REPORTING_001;LP_FINANCIAL_CYBER_FRAUD_001;LC_IT_2000_001,True,False,NONE,Retrieve,True,RET_ANN_001,LAW_REV_PENDING,Validation
RET000146,QLQ000146_hi,Defective product ka refund shop mana kar raha hai. Kya karun?,hi,refund_refusal,India: ALL_INDIA plus user location needed for forum routing,LP_CONSUMER_COMPLAINT_001,LP_ECOMMERCE_001;LP_REFUND_RIGHTS_001;LC_CPA_2019_001,LP_ACCOUNT_SECURITY_001;LP_CYBER_REPORTING_001;LP_FINANCIAL_CYBER_FRAUD_001;LC_IT_2000_001,False,True,"Please provide purchase date, bill, product details before I select the final legal passage.",ask clarification,False,RET_ANN_001,LAW_REV_PENDING,Validation
RET000147,QLQ000147_hiLatn,Defective product ka refund shop refuse kar raha hai. Kya karun?,hi-Latn,refund_refusal,India: ALL_INDIA plus user location needed for forum routing,LP_CONSUMER_COMPLAINT_001,LP_ECOMMERCE_001;LP_REFUND_RIGHTS_001;LC_CPA_2019_001,LP_ACCOUNT_SECURITY_001;LP_CYBER_REPORTING_001;LP_FINANCIAL_CYBER_FRAUD_001;LC_IT_2000_001,True,False,NONE,Retrieve,True,RET_ANN_001,LAW_REV_PENDING,Validation
RET000148,QLQ000148_en,Can I complain about hidden charges?,en,hidden_charges,India: ALL_INDIA plus user location needed for forum routing,LP_REFUND_RIGHTS_001,LP_CONSUMER_COMPLAINT_001;LP_ECOMMERCE_001;LC_CPA_2019_001,LP_ACCOUNT_SECURITY_001;LP_CYBER_REPORTING_001;LP_FINANCIAL_CYBER_FRAUD_001;LC_IT_2000_001,True,False,NONE,Retrieve,True,RET_ANN_001,LAW_REV_PENDING,Validation
RET000149,QLQ000149_hi,Hidden charges ke liye complaint kar sakta hoon?,hi,hidden_charges,India: ALL_INDIA plus user location needed for forum routing,LP_REFUND_RIGHTS_001,LP_CONSUMER_COMPLAINT_001;LP_ECOMMERCE_001;LC_CPA_2019_001,LP_ACCOUNT_SECURITY_001;LP_CYBER_REPORTING_001;LP_FINANCIAL_CYBER_FRAUD_001;LC_IT_2000_001,True,False,NONE,Retrieve,True,RET_ANN_001,LAW_REV_PENDING,Validation
RET000150,QLQ000150_hiLatn,Hinglish mein simple steps batao: Hidden charges ke liye complaint kar sakta hoon?,hi-Latn,hidden_charges,India: ALL_INDIA plus user location needed for forum routing,LP_REFUND_RIGHTS_001,LP_CONSUMER_COMPLAINT_001;LP_ECOMMERCE_001;LC_CPA_2019_001,LP_ACCOUNT_SECURITY_001;LP_CYBER_REPORTING_001;LP_FINANCIAL_CYBER_FRAUD_001;LC_IT_2000_001,True,False,NONE,Retrieve,True,RET_ANN_001,LAW_REV_PENDING,Validation
RET000151,QLQ000151_en,What proof do I need for false advertising?,en,false_advertising,India: ALL_INDIA,LP_ECOMMERCE_001,LP_CONSUMER_COMPLAINT_001;LP_REFUND_RIGHTS_001;LC_CPA_2019_001,LP_ACCOUNT_SECURITY_001;LP_CYBER_REPORTING_001;LP_FINANCIAL_CYBER_FRAUD_001;LC_IT_2000_001,True,False,NONE,Retrieve,True,RET_ANN_001,LAW_REV_PENDING,Validation
RET000152,QLQ000152_hi,False advertising ke liye kaunsa proof chahiye?,hi,false_advertising,India: ALL_INDIA,LP_ECOMMERCE_001,LP_CONSUMER_COMPLAINT_001;LP_REFUND_RIGHTS_001;LC_CPA_2019_001,LP_ACCOUNT_SECURITY_001;LP_CYBER_REPORTING_001;LP_FINANCIAL_CYBER_FRAUD_001;LC_IT_2000_001,True,False,NONE,Retrieve,True,RET_ANN_001,LAW_REV_PENDING,Validation
RET000153,QLQ000153_hiLatn,False advertising ke liye kya proof chahiye?,hi-Latn,false_advertising,India: ALL_INDIA,LP_ECOMMERCE_001,LP_CONSUMER_COMPLAINT_001;LP_REFUND_RIGHTS_001;LC_CPA_2019_001,LP_ACCOUNT_SECURITY_001;LP_CYBER_REPORTING_001;LP_FINANCIAL_CYBER_FRAUD_001;LC_IT_2000_001,True,False,NONE,Retrieve,True,RET_ANN_001,LAW_REV_PENDING,Validation
RET000154,QLQ000154_en,Can I file consumer complaint for online order fraud?,en,online_order,India: state_or_district_required,LP_CONSUMER_COMPLAINT_001,LP_ECOMMERCE_001;LP_REFUND_RIGHTS_001;LC_CPA_2019_001,LP_ACCOUNT_SECURITY_001;LP_CYBER_REPORTING_001;LP_FINANCIAL_CYBER_FRAUD_001;LC_IT_2000_001,False,True,"Please provide platform, payment, delivery details before I select the final legal passage.",ask clarification,False,RET_ANN_001,LAW_REV_PENDING,Validation
RET000155,QLQ000155_hi,Online order fraud ke liye consumer complaint kar sakta hoon?,hi,online_order,India: state_or_district_required,LP_CONSUMER_COMPLAINT_001,LP_ECOMMERCE_001;LP_REFUND_RIGHTS_001;LC_CPA_2019_001,LP_ACCOUNT_SECURITY_001;LP_CYBER_REPORTING_001;LP_FINANCIAL_CYBER_FRAUD_001;LC_IT_2000_001,False,True,"Please provide platform, payment, delivery details before I select the final legal passage.",ask clarification,False,RET_ANN_001,LAW_REV_PENDING,Validation
RET000156,QLQ000156_hiLatn,Hinglish mein simple steps batao: Online order fraud ke liye consumer complaint kar sakta hoon?,hi-Latn,online_order,India: state_or_district_required,LP_CONSUMER_COMPLAINT_001,LP_ECOMMERCE_001;LP_REFUND_RIGHTS_001;LC_CPA_2019_001,LP_ACCOUNT_SECURITY_001;LP_CYBER_REPORTING_001;LP_FINANCIAL_CYBER_FRAUD_001;LC_IT_2000_001,False,True,"Please provide platform, payment, delivery details before I select the final legal passage.",ask clarification,False,RET_ANN_001,LAW_REV_PENDING,Validation
RET000157,QLQ000157_en,How much time do I have to complain about a bad service?,en,limitation,India: ALL_INDIA plus user location needed for forum routing,LP_REFUND_RIGHTS_001,LP_CONSUMER_COMPLAINT_001;LP_ECOMMERCE_001;LC_CPA_2019_001,LP_ACCOUNT_SECURITY_001;LP_CYBER_REPORTING_001;LP_FINANCIAL_CYBER_FRAUD_001;LC_IT_2000_001,True,False,NONE,Retrieve,True,RET_ANN_001,LAW_REV_PENDING,Validation
RET000158,QLQ000158_hi,Bad service ke baare mein complaint karne ka time kitna hota hai?,hi,limitation,India: ALL_INDIA plus user location needed for forum routing,LP_REFUND_RIGHTS_001,LP_CONSUMER_COMPLAINT_001;LP_ECOMMERCE_001;LC_CPA_2019_001,LP_ACCOUNT_SECURITY_001;LP_CYBER_REPORTING_001;LP_FINANCIAL_CYBER_FRAUD_001;LC_IT_2000_001,True,False,NONE,Retrieve,True,RET_ANN_001,LAW_REV_PENDING,Validation
RET000159,QLQ000159_hiLatn,Bad service complaint ke liye kitna time hota hai?,hi-Latn,limitation,India: ALL_INDIA plus user location needed for forum routing,LP_REFUND_RIGHTS_001,LP_CONSUMER_COMPLAINT_001;LP_ECOMMERCE_001;LC_CPA_2019_001,LP_ACCOUNT_SECURITY_001;LP_CYBER_REPORTING_001;LP_FINANCIAL_CYBER_FRAUD_001;LC_IT_2000_001,True,False,NONE,Retrieve,True,RET_ANN_001,LAW_REV_PENDING,Validation
RET000160,QLQ000160_en,The seller is ignoring my messages. What is the next step?,en,seller_nonresponse,India: ALL_INDIA plus user location needed for forum routing,LP_ECOMMERCE_001,LP_CONSUMER_COMPLAINT_001;LP_REFUND_RIGHTS_001;LC_CPA_2019_001,LP_ACCOUNT_SECURITY_001;LP_CYBER_REPORTING_001;LP_FINANCIAL_CYBER_FRAUD_001;LC_IT_2000_001,True,False,NONE,Retrieve,True,RET_ANN_001,LAW_REV_PENDING,Validation
RET000161,QLQ000161_hi,Seller messages ignore kar raha hai. Next step kya hai?,hi,seller_nonresponse,India: ALL_INDIA plus user location needed for forum routing,LP_ECOMMERCE_001,LP_CONSUMER_COMPLAINT_001;LP_REFUND_RIGHTS_001;LC_CPA_2019_001,LP_ACCOUNT_SECURITY_001;LP_CYBER_REPORTING_001;LP_FINANCIAL_CYBER_FRAUD_001;LC_IT_2000_001,False,True,Please provide merchant identity and payment proof before I select the final legal passage.,ask clarification,False,RET_ANN_001,LAW_REV_PENDING,Validation
RET000162,QLQ000162_hiLatn,Hinglish mein simple steps batao: Seller messages ignore kar raha hai. Next step kya hai?,hi-Latn,seller_nonresponse,India: ALL_INDIA plus user location needed for forum routing,LP_ECOMMERCE_001,LP_CONSUMER_COMPLAINT_001;LP_REFUND_RIGHTS_001;LC_CPA_2019_001,LP_ACCOUNT_SECURITY_001;LP_CYBER_REPORTING_001;LP_FINANCIAL_CYBER_FRAUD_001;LC_IT_2000_001,True,False,NONE,Retrieve,True,RET_ANN_001,LAW_REV_PENDING,Validation
RET000163,QLQ000163_en,My partner is threatening me at home. What should I do?,en,domestic_threat,India: ALL_INDIA plus user location needed for forum routing,LP_DOMESTIC_VIOLENCE_001,LP_CHILD_CUSTODY_001;LP_FAMILY_COURT_001;LC_PWDVA_2005_001,LP_PROPERTY_DISPUTE_001;LC_BNS_2023_001;LC_BNS_2023_002;LC_BNS_2023_003,True,False,NONE,escalate,True,RET_ANN_001,LAW_REV_PENDING,Validation
RET000164,QLQ000164_hi,Mera partner ghar par dhamki de raha hai. Kya karun?,hi,domestic_threat,India: ALL_INDIA plus user location needed for forum routing,LP_DOMESTIC_VIOLENCE_001,LP_CHILD_CUSTODY_001;LP_FAMILY_COURT_001;LC_PWDVA_2005_001,LP_PROPERTY_DISPUTE_001;LC_BNS_2023_001;LC_BNS_2023_002;LC_BNS_2023_003,True,False,NONE,escalate,True,RET_ANN_001,LAW_REV_PENDING,Validation
RET000165,QLQ000165_hiLatn,Mera partner ghar par threaten kar raha hai. Kya karun?,hi-Latn,domestic_threat,India: ALL_INDIA plus user location needed for forum routing,LP_DOMESTIC_VIOLENCE_001,LP_CHILD_CUSTODY_001;LP_FAMILY_COURT_001;LC_PWDVA_2005_001,LP_PROPERTY_DISPUTE_001;LC_BNS_2023_001;LC_BNS_2023_002;LC_BNS_2023_003,True,False,NONE,escalate,True,RET_ANN_001,LAW_REV_PENDING,Validation
RET000166,QLQ000166_en,Can I ask court for urgent child visitation?,en,child_visitation,India: state_or_district_required,LP_FAMILY_COURT_001,LP_CHILD_CUSTODY_001;LP_DOMESTIC_VIOLENCE_001;LC_PWDVA_2005_001,LP_PROPERTY_DISPUTE_001;LC_BNS_2023_001;LC_BNS_2023_002;LC_BNS_2023_003,False,True,Please provide existing order and child safety before I select the final legal passage.,ask clarification,False,RET_ANN_001,LAW_REV_PENDING,Validation
RET000167,QLQ000167_hi,Kya main urgent child visitation ke liye court ja sakta hoon?,hi,child_visitation,India: state_or_district_required,LP_FAMILY_COURT_001,LP_CHILD_CUSTODY_001;LP_DOMESTIC_VIOLENCE_001;LC_PWDVA_2005_001,LP_PROPERTY_DISPUTE_001;LC_BNS_2023_001;LC_BNS_2023_002;LC_BNS_2023_003,False,True,Please provide existing order and child safety before I select the final legal passage.,ask clarification,False,RET_ANN_001,LAW_REV_PENDING,Validation
RET000168,QLQ000168_hiLatn,Kya urgent child visitation ke liye court ja sakta hoon?,hi-Latn,child_visitation,India: state_or_district_required,LP_FAMILY_COURT_001,LP_CHILD_CUSTODY_001;LP_DOMESTIC_VIOLENCE_001;LC_PWDVA_2005_001,LP_PROPERTY_DISPUTE_001;LC_BNS_2023_001;LC_BNS_2023_002;LC_BNS_2023_003,False,True,Please provide existing order and child safety before I select the final legal passage.,ask clarification,False,RET_ANN_001,LAW_REV_PENDING,Validation
RET000169,QLQ000169_en,What proof is useful in dowry harassment?,en,dowry_harassment,India: ALL_INDIA plus user location needed for forum routing,LP_CHILD_CUSTODY_001,LP_DOMESTIC_VIOLENCE_001;LP_FAMILY_COURT_001;LC_PWDVA_2005_001,LP_PROPERTY_DISPUTE_001;LC_BNS_2023_001;LC_BNS_2023_002;LC_BNS_2023_003,True,False,NONE,escalate,True,RET_ANN_001,LAW_REV_PENDING,Validation
RET000170,QLQ000170_hi,Dowry harassment mein kaunsa proof useful hai?,hi,dowry_harassment,India: ALL_INDIA plus user location needed for forum routing,LP_CHILD_CUSTODY_001,LP_DOMESTIC_VIOLENCE_001;LP_FAMILY_COURT_001;LC_PWDVA_2005_001,LP_PROPERTY_DISPUTE_001;LC_BNS_2023_001;LC_BNS_2023_002;LC_BNS_2023_003,True,False,NONE,escalate,True,RET_ANN_001,LAW_REV_PENDING,Validation
RET000171,QLQ000171_hiLatn,Dowry harassment mein kya proof useful hai?,hi-Latn,dowry_harassment,India: ALL_INDIA plus user location needed for forum routing,LP_CHILD_CUSTODY_001,LP_DOMESTIC_VIOLENCE_001;LP_FAMILY_COURT_001;LC_PWDVA_2005_001,LP_PROPERTY_DISPUTE_001;LC_BNS_2023_001;LC_BNS_2023_002;LC_BNS_2023_003,False,True,"Please provide threats, injuries, messages, witnesses before I select the final legal passage.",escalate,True,RET_ANN_001,LAW_REV_PENDING,Validation
RET000172,QLQ000172_en,Can I get protection without filing for divorce?,en,protection_order,India: ALL_INDIA plus user location needed for forum routing,LP_DOMESTIC_VIOLENCE_001,LP_CHILD_CUSTODY_001;LP_FAMILY_COURT_001;LC_PWDVA_2005_001,LP_PROPERTY_DISPUTE_001;LC_BNS_2023_001;LC_BNS_2023_002;LC_BNS_2023_003,True,False,NONE,escalate,True,RET_ANN_001,LAW_REV_PENDING,Validation
RET000173,QLQ000173_hi,Divorce file kiye bina protection mil sakti hai kya?,hi,protection_order,India: ALL_INDIA plus user location needed for forum routing,LP_DOMESTIC_VIOLENCE_001,LP_CHILD_CUSTODY_001;LP_FAMILY_COURT_001;LC_PWDVA_2005_001,LP_PROPERTY_DISPUTE_001;LC_BNS_2023_001;LC_BNS_2023_002;LC_BNS_2023_003,True,False,NONE,escalate,True,RET_ANN_001,LAW_REV_PENDING,Validation
RET000174,QLQ000174_hiLatn,Hinglish mein simple steps batao: Divorce file kiye bina protection mil sakti hai kya?,hi-Latn,protection_order,India: ALL_INDIA plus user location needed for forum routing,LP_DOMESTIC_VIOLENCE_001,LP_CHILD_CUSTODY_001;LP_FAMILY_COURT_001;LC_PWDVA_2005_001,LP_PROPERTY_DISPUTE_001;LC_BNS_2023_001;LC_BNS_2023_002;LC_BNS_2023_003,True,False,NONE,escalate,True,RET_ANN_001,LAW_REV_PENDING,Validation
RET000175,QLQ000175_en,My ex is blocking me from seeing my child. What information matters?,en,custody_access,India: ALL_INDIA plus user location needed for forum routing,LP_FAMILY_COURT_001,LP_CHILD_CUSTODY_001;LP_DOMESTIC_VIOLENCE_001;LC_PWDVA_2005_001,LP_PROPERTY_DISPUTE_001;LC_BNS_2023_001;LC_BNS_2023_002;LC_BNS_2023_003,True,False,NONE,Retrieve,True,RET_ANN_001,LAW_REV_PENDING,Validation
RET000176,QLQ000176_hi,Mera ex mujhe child se milne nahi de raha. Kaunsi information important hai?,hi,custody_access,India: ALL_INDIA plus user location needed for forum routing,LP_FAMILY_COURT_001,LP_CHILD_CUSTODY_001;LP_DOMESTIC_VIOLENCE_001;LC_PWDVA_2005_001,LP_PROPERTY_DISPUTE_001;LC_BNS_2023_001;LC_BNS_2023_002;LC_BNS_2023_003,False,True,"Please provide existing order, child age, access schedule before I select the final legal passage.",ask clarification,False,RET_ANN_001,LAW_REV_PENDING,Validation
RET000177,QLQ000177_hiLatn,Mera ex child access block kar raha hai. Kaunsi info important hai?,hi-Latn,custody_access,India: ALL_INDIA plus user location needed for forum routing,LP_FAMILY_COURT_001,LP_CHILD_CUSTODY_001;LP_DOMESTIC_VIOLENCE_001;LC_PWDVA_2005_001,LP_PROPERTY_DISPUTE_001;LC_BNS_2023_001;LC_BNS_2023_002;LC_BNS_2023_003,True,False,NONE,Retrieve,True,RET_ANN_001,LAW_REV_PENDING,Validation
RET000178,QLQ000178_en,Can emotional abuse be reported?,en,emotional_abuse,India: state_or_district_required,LP_CHILD_CUSTODY_001,LP_DOMESTIC_VIOLENCE_001;LP_FAMILY_COURT_001;LC_PWDVA_2005_001,LP_PROPERTY_DISPUTE_001;LC_BNS_2023_001;LC_BNS_2023_002;LC_BNS_2023_003,False,True,"Please provide relationship, pattern, safety before I select the final legal passage.",ask clarification,False,RET_ANN_001,LAW_REV_PENDING,Validation
RET000179,QLQ000179_hi,Kya emotional abuse report ho sakta hai?,hi,emotional_abuse,India: state_or_district_required,LP_CHILD_CUSTODY_001,LP_DOMESTIC_VIOLENCE_001;LP_FAMILY_COURT_001;LC_PWDVA_2005_001,LP_PROPERTY_DISPUTE_001;LC_BNS_2023_001;LC_BNS_2023_002;LC_BNS_2023_003,False,True,"Please provide relationship, pattern, safety before I select the final legal passage.",ask clarification,False,RET_ANN_001,LAW_REV_PENDING,Validation
RET000180,QLQ000180_hiLatn,Hinglish mein simple steps batao: Kya emotional abuse report ho sakta hai?,hi-Latn,emotional_abuse,India: state_or_district_required,LP_CHILD_CUSTODY_001,LP_DOMESTIC_VIOLENCE_001;LP_FAMILY_COURT_001;LC_PWDVA_2005_001,LP_PROPERTY_DISPUTE_001;LC_BNS_2023_001;LC_BNS_2023_002;LC_BNS_2023_003,False,True,"Please provide relationship, pattern, safety before I select the final legal passage.",ask clarification,False,RET_ANN_001,LAW_REV_PENDING,Validation
RET000181,QLQ000181_en,Someone is trying to take over my land. Should I call police?,en,land_encroachment,India: ALL_INDIA plus user location needed for forum routing,LP_PROPERTY_DISPUTE_001,LC_BNS_2023_001;LC_BNS_2023_002;LC_BNS_2023_003,LP_CONSUMER_COMPLAINT_001;LP_ECOMMERCE_001;LP_REFUND_RIGHTS_001;LC_CPA_2019_001,True,False,NONE,escalate,True,RET_ANN_001,LAW_REV_PENDING,test
RET000182,QLQ000182_hi,Koi meri zameen par kabza karne ki koshish kar raha hai. Police bulaun?,hi,land_encroachment,India: ALL_INDIA plus user location needed for forum routing,LP_PROPERTY_DISPUTE_001,LC_BNS_2023_001;LC_BNS_2023_002;LC_BNS_2023_003,LP_CONSUMER_COMPLAINT_001;LP_ECOMMERCE_001;LP_REFUND_RIGHTS_001;LC_CPA_2019_001,True,False,NONE,escalate,True,RET_ANN_001,LAW_REV_PENDING,test
RET000183,QLQ000183_hiLatn,Koi meri land take over kar raha hai. Police call karun?,hi-Latn,land_encroachment,India: ALL_INDIA plus user location needed for forum routing,LP_PROPERTY_DISPUTE_001,LC_BNS_2023_001;LC_BNS_2023_002;LC_BNS_2023_003,LP_CONSUMER_COMPLAINT_001;LP_ECOMMERCE_001;LP_REFUND_RIGHTS_001;LC_CPA_2019_001,True,False,NONE,escalate,True,RET_ANN_001,LAW_REV_PENDING,test
RET000184,QLQ000184_en,My landlord changed the lock. What can I do?,en,tenant_lockout,India: ALL_INDIA plus user location needed for forum routing,LP_LABOUR_COMPLAINT_001,LP_WAGE_CLAIM_001;LC_IDA_1947_001;LC_IDA_1947_002,LP_CONSUMER_COMPLAINT_001;LP_ECOMMERCE_001;LP_REFUND_RIGHTS_001;LC_CPA_2019_001,True,False,NONE,escalate,True,RET_ANN_001,LAW_REV_PENDING,test
RET000185,QLQ000185_hi,Landlord ne lock change kar diya. Main kya karun?,hi,tenant_lockout,India: ALL_INDIA plus user location needed for forum routing,LP_LABOUR_COMPLAINT_001,LP_WAGE_CLAIM_001;LC_IDA_1947_001;LC_IDA_1947_002,LP_CONSUMER_COMPLAINT_001;LP_ECOMMERCE_001;LP_REFUND_RIGHTS_001;LC_CPA_2019_001,True,False,NONE,escalate,True,RET_ANN_001,LAW_REV_PENDING,test
RET000186,QLQ000186_hiLatn,Landlord ne lock change kar diya. Kya karun?,hi-Latn,tenant_lockout,India: ALL_INDIA plus user location needed for forum routing,LP_LABOUR_COMPLAINT_001,LP_WAGE_CLAIM_001;LC_IDA_1947_001;LC_IDA_1947_002,LP_CONSUMER_COMPLAINT_001;LP_ECOMMERCE_001;LP_REFUND_RIGHTS_001;LC_CPA_2019_001,False,True,Please provide tenancy proof and current access before I select the final legal passage.,escalate,True,RET_ANN_001,LAW_REV_PENDING,test
RET000187,QLQ000187_en,What documents prove property ownership?,en,ownership_documents,India: ALL_INDIA,LP_WAGE_CLAIM_001,LP_LABOUR_COMPLAINT_001;LC_IDA_1947_001;LC_IDA_1947_002,LP_CONSUMER_COMPLAINT_001;LP_ECOMMERCE_001;LP_REFUND_RIGHTS_001;LC_CPA_2019_001,True,False,NONE,Retrieve,True,RET_ANN_001,LAW_REV_PENDING,test
RET000188,QLQ000188_hi,Property ownership prove karne ke liye kaunse documents chahiye?,hi,ownership_documents,India: ALL_INDIA,LP_WAGE_CLAIM_001,LP_LABOUR_COMPLAINT_001;LC_IDA_1947_001;LC_IDA_1947_002,LP_CONSUMER_COMPLAINT_001;LP_ECOMMERCE_001;LP_REFUND_RIGHTS_001;LC_CPA_2019_001,True,False,NONE,Retrieve,True,RET_ANN_001,LAW_REV_PENDING,test
RET000189,QLQ000189_hiLatn,Property ownership prove karne ke liye kya documents chahiye?,hi-Latn,ownership_documents,India: ALL_INDIA,LP_WAGE_CLAIM_001,LP_LABOUR_COMPLAINT_001;LC_IDA_1947_001;LC_IDA_1947_002,LP_CONSUMER_COMPLAINT_001;LP_ECOMMERCE_001;LP_REFUND_RIGHTS_001;LC_CPA_2019_001,True,False,NONE,Retrieve,True,RET_ANN_001,LAW_REV_PENDING,test
RET000190,QLQ000190_en,My employer has not paid salary. What should I collect?,en,unpaid_wages,India: state_or_district_required,LP_PROPERTY_DISPUTE_001,LC_BNS_2023_001;LC_BNS_2023_002;LC_BNS_2023_003,LP_CONSUMER_COMPLAINT_001;LP_ECOMMERCE_001;LP_REFUND_RIGHTS_001;LC_CPA_2019_001,False,True,Please provide employment type and amount before I select the final legal passage.,ask clarification,False,RET_ANN_001,LAW_REV_PENDING,test
RET000191,QLQ000191_hi,Employer salary nahi de raha. Mujhe kya collect karna chahiye?,hi,unpaid_wages,India: state_or_district_required,LP_PROPERTY_DISPUTE_001,LC_BNS_2023_001;LC_BNS_2023_002;LC_BNS_2023_003,LP_CONSUMER_COMPLAINT_001;LP_ECOMMERCE_001;LP_REFUND_RIGHTS_001;LC_CPA_2019_001,False,True,Please provide employment type and amount before I select the final legal passage.,ask clarification,False,RET_ANN_001,LAW_REV_PENDING,test
RET000192,QLQ000192_hiLatn,Employer salary nahi de raha. Kya collect karna chahiye?,hi-Latn,unpaid_wages,India: state_or_district_required,LP_PROPERTY_DISPUTE_001,LC_BNS_2023_001;LC_BNS_2023_002;LC_BNS_2023_003,LP_CONSUMER_COMPLAINT_001;LP_ECOMMERCE_001;LP_REFUND_RIGHTS_001;LC_CPA_2019_001,False,True,Please provide employment type and amount before I select the final legal passage.,ask clarification,False,RET_ANN_001,LAW_REV_PENDING,test
RET000193,QLQ000193_en,Can I complain about unsafe workplace conditions?,en,workplace_safety,India: ALL_INDIA plus user location needed for forum routing,LP_LABOUR_COMPLAINT_001,LP_WAGE_CLAIM_001;LC_IDA_1947_001;LC_IDA_1947_002,LP_CONSUMER_COMPLAINT_001;LP_ECOMMERCE_001;LP_REFUND_RIGHTS_001;LC_CPA_2019_001,True,False,NONE,escalate,True,RET_ANN_001,LAW_REV_PENDING,test
RET000194,QLQ000194_hi,Unsafe workplace conditions ke liye complaint kar sakta hoon?,hi,workplace_safety,India: ALL_INDIA plus user location needed for forum routing,LP_LABOUR_COMPLAINT_001,LP_WAGE_CLAIM_001;LC_IDA_1947_001;LC_IDA_1947_002,LP_CONSUMER_COMPLAINT_001;LP_ECOMMERCE_001;LP_REFUND_RIGHTS_001;LC_CPA_2019_001,True,False,NONE,escalate,True,RET_ANN_001,LAW_REV_PENDING,test
RET000195,QLQ000195_hiLatn,Hinglish mein simple steps batao: Unsafe workplace conditions ke liye complaint kar sakta hoon?,hi-Latn,workplace_safety,India: ALL_INDIA plus user location needed for forum routing,LP_LABOUR_COMPLAINT_001,LP_WAGE_CLAIM_001;LC_IDA_1947_001;LC_IDA_1947_002,LP_CONSUMER_COMPLAINT_001;LP_ECOMMERCE_001;LP_REFUND_RIGHTS_001;LC_CPA_2019_001,True,False,NONE,escalate,True,RET_ANN_001,LAW_REV_PENDING,test
RET000196,QLQ000196_en,I was fired without notice. What details matter?,en,unfair_termination,India: ALL_INDIA plus user location needed for forum routing,LP_WAGE_CLAIM_001,LP_LABOUR_COMPLAINT_001;LC_IDA_1947_001;LC_IDA_1947_002,LP_CONSUMER_COMPLAINT_001;LP_ECOMMERCE_001;LP_REFUND_RIGHTS_001;LC_CPA_2019_001,False,True,Please provide employment contract and termination date before I select the final legal passage.,ask clarification,False,RET_ANN_001,LAW_REV_PENDING,test
RET000197,QLQ000197_hi,Mujhe notice ke bina fire kar diya. Kaunsi details matter karti hain?,hi,unfair_termination,India: ALL_INDIA plus user location needed for forum routing,LP_WAGE_CLAIM_001,LP_LABOUR_COMPLAINT_001;LC_IDA_1947_001;LC_IDA_1947_002,LP_CONSUMER_COMPLAINT_001;LP_ECOMMERCE_001;LP_REFUND_RIGHTS_001;LC_CPA_2019_001,True,False,NONE,Retrieve,True,RET_ANN_001,LAW_REV_PENDING,test
RET000198,QLQ000198_hiLatn,Mujhe bina notice fired kar diya. Kaunsi details matter karti hain?,hi-Latn,unfair_termination,India: ALL_INDIA plus user location needed for forum routing,LP_WAGE_CLAIM_001,LP_LABOUR_COMPLAINT_001;LC_IDA_1947_001;LC_IDA_1947_002,LP_CONSUMER_COMPLAINT_001;LP_ECOMMERCE_001;LP_REFUND_RIGHTS_001;LC_CPA_2019_001,True,False,NONE,Retrieve,True,RET_ANN_001,LAW_REV_PENDING,test
RET000199,QLQ000199_en,I need a clear next step: Police are refusing to take my complaint after a theft. What should I do?,en,police_refusal,India: ALL_INDIA plus user location needed for forum routing,LP_CRIME_REPORTING_001,LP_ARREST_RIGHTS_001;LP_BAIL_001;LP_EMERGENCY_HELP_001,LP_PROPERTY_DISPUTE_001;LC_BNS_2023_001;LC_BNS_2023_002;LC_BNS_2023_003,True,False,NONE,Retrieve,True,RET_ANN_001,LAW_REV_PENDING,test
RET000200,QLQ000200_hi,Kripya clear next step batayein: Police theft complaint lene se mana kar rahi hai. Mujhe kya karna chahiye?,hi,police_refusal,India: ALL_INDIA plus user location needed for forum routing,LP_CRIME_REPORTING_001,LP_ARREST_RIGHTS_001;LP_BAIL_001;LP_EMERGENCY_HELP_001,LP_PROPERTY_DISPUTE_001;LC_BNS_2023_001;LC_BNS_2023_002;LC_BNS_2023_003,True,False,NONE,Retrieve,True,RET_ANN_001,LAW_REV_PENDING,test
RET000201,QLQ000201_hiLatn,Please clear next step batao: Police theft complaint lene se mana kar rahi hai. Mujhe kya karna chahiye?,hi-Latn,police_refusal,India: ALL_INDIA plus user location needed for forum routing,LP_CRIME_REPORTING_001,LP_ARREST_RIGHTS_001;LP_BAIL_001;LP_EMERGENCY_HELP_001,LP_PROPERTY_DISPUTE_001;LC_BNS_2023_001;LC_BNS_2023_002;LC_BNS_2023_003,False,True,Please provide incident location and police station name before I select the final legal passage.,ask clarification,False,RET_ANN_001,LAW_REV_PENDING,test
RET000202,QLQ000202_en,I need a clear next step: Can I file a police complaint if the offence happened in another city?,en,jurisdiction,India: state_or_district_required,LP_FIR_PROCESS_001,LP_ARREST_RIGHTS_001;LP_BAIL_001;LP_CRIME_REPORTING_001,LP_PROPERTY_DISPUTE_001;LC_BNS_2023_001;LC_BNS_2023_002;LC_BNS_2023_003,False,True,Please provide state and place of incident before I select the final legal passage.,ask clarification,False,RET_ANN_001,LAW_REV_PENDING,test
RET000203,QLQ000203_hi,Kripya clear next step batayein: Kya main doosre shehar mein hui ghatna ke liye police complaint de sakta hoon?,hi,jurisdiction,India: state_or_district_required,LP_FIR_PROCESS_001,LP_ARREST_RIGHTS_001;LP_BAIL_001;LP_CRIME_REPORTING_001,LP_PROPERTY_DISPUTE_001;LC_BNS_2023_001;LC_BNS_2023_002;LC_BNS_2023_003,False,True,Please provide state and place of incident before I select the final legal passage.,ask clarification,False,RET_ANN_001,LAW_REV_PENDING,test
RET000204,QLQ000204_hiLatn,Please clear next step batao: Kya main doosre city mein hui incident ke liye police complaint de sakta hoon?,hi-Latn,jurisdiction,India: state_or_district_required,LP_FIR_PROCESS_001,LP_ARREST_RIGHTS_001;LP_BAIL_001;LP_CRIME_REPORTING_001,LP_PROPERTY_DISPUTE_001;LC_BNS_2023_001;LC_BNS_2023_002;LC_BNS_2023_003,False,True,Please provide state and place of incident before I select the final legal passage.,ask clarification,False,RET_ANN_001,LAW_REV_PENDING,test
RET000205,QLQ000205_en,I need a clear next step: Someone threatened me online. Is this reportable?,en,online_threat,India: ALL_INDIA plus user location needed for forum routing,LP_ZERO_FIR_001,LP_ARREST_RIGHTS_001;LP_BAIL_001;LP_CRIME_REPORTING_001,LP_PROPERTY_DISPUTE_001;LC_BNS_2023_001;LC_BNS_2023_002;LC_BNS_2023_003,True,False,NONE,escalate,True,RET_ANN_001,LAW_REV_PENDING,test
RET000206,QLQ000206_hi,Kripya clear next step batayein: Kisi ne mujhe online dhamki di hai. Kya main report kar sakta hoon?,hi,online_threat,India: ALL_INDIA plus user location needed for forum routing,LP_ZERO_FIR_001,LP_ARREST_RIGHTS_001;LP_BAIL_001;LP_CRIME_REPORTING_001,LP_PROPERTY_DISPUTE_001;LC_BNS_2023_001;LC_BNS_2023_002;LC_BNS_2023_003,True,False,NONE,escalate,True,RET_ANN_001,LAW_REV_PENDING,test
RET000207,QLQ000207_hiLatn,Please clear next step batao: Kisi ne mujhe online threat diya hai. Kya main report kar sakta hoon?,hi-Latn,online_threat,India: ALL_INDIA plus user location needed for forum routing,LP_ZERO_FIR_001,LP_ARREST_RIGHTS_001;LP_BAIL_001;LP_CRIME_REPORTING_001,LP_PROPERTY_DISPUTE_001;LC_BNS_2023_001;LC_BNS_2023_002;LC_BNS_2023_003,True,False,NONE,escalate,True,RET_ANN_001,LAW_REV_PENDING,test
RET000208,QLQ000208_en,I need a clear next step: Is it necessary to know the accused person name before reporting?,en,unknown_accused,India: ALL_INDIA,LP_EMERGENCY_HELP_001,LP_ARREST_RIGHTS_001;LP_BAIL_001;LP_CRIME_REPORTING_001,LP_PROPERTY_DISPUTE_001;LC_BNS_2023_001;LC_BNS_2023_002;LC_BNS_2023_003,True,False,NONE,Retrieve,True,RET_ANN_001,LAW_REV_PENDING,test
RET000209,QLQ000209_hi,Kripya clear next step batayein: Report karne se pehle kya accused ka naam pata hona zaruri hai?,hi,unknown_accused,India: ALL_INDIA,LP_EMERGENCY_HELP_001,LP_ARREST_RIGHTS_001;LP_BAIL_001;LP_CRIME_REPORTING_001,LP_PROPERTY_DISPUTE_001;LC_BNS_2023_001;LC_BNS_2023_002;LC_BNS_2023_003,True,False,NONE,Retrieve,True,RET_ANN_001,LAW_REV_PENDING,test
RET000210,QLQ000210_hiLatn,Please clear next step batao: Report karne se pehle kya accused ka naam pata hona zaroori hai?,hi-Latn,unknown_accused,India: ALL_INDIA,LP_EMERGENCY_HELP_001,LP_ARREST_RIGHTS_001;LP_BAIL_001;LP_CRIME_REPORTING_001,LP_PROPERTY_DISPUTE_001;LC_BNS_2023_001;LC_BNS_2023_002;LC_BNS_2023_003,True,False,NONE,Retrieve,True,RET_ANN_001,LAW_REV_PENDING,test
RET000211,QLQ000211_en,I need a clear next step: What details should I write in a complaint about assault?,en,assault,India: ALL_INDIA plus user location needed for forum routing,LP_CRIME_REPORTING_001,LP_ARREST_RIGHTS_001;LP_BAIL_001;LP_EMERGENCY_HELP_001,LP_PROPERTY_DISPUTE_001;LC_BNS_2023_001;LC_BNS_2023_002;LC_BNS_2023_003,True,False,NONE,Retrieve,True,RET_ANN_001,LAW_REV_PENDING,test
RET000212,QLQ000212_hi,Kripya clear next step batayein: Assault complaint mein kaunsi details likhni chahiye?,hi,assault,India: ALL_INDIA plus user location needed for forum routing,LP_CRIME_REPORTING_001,LP_ARREST_RIGHTS_001;LP_BAIL_001;LP_EMERGENCY_HELP_001,LP_PROPERTY_DISPUTE_001;LC_BNS_2023_001;LC_BNS_2023_002;LC_BNS_2023_003,True,False,NONE,Retrieve,True,RET_ANN_001,LAW_REV_PENDING,test
RET000213,QLQ000213_hiLatn,Please clear next step batao: Assault complaint mein kaunsi details likhni chahiye?,hi-Latn,assault,India: ALL_INDIA plus user location needed for forum routing,LP_CRIME_REPORTING_001,LP_ARREST_RIGHTS_001;LP_BAIL_001;LP_EMERGENCY_HELP_001,LP_PROPERTY_DISPUTE_001;LC_BNS_2023_001;LC_BNS_2023_002;LC_BNS_2023_003,True,False,NONE,Retrieve,True,RET_ANN_001,LAW_REV_PENDING,test
RET000214,QLQ000214_en,I need a clear next step: Can I report harassment if I only have screenshots?,en,harassment,India: state_or_district_required,LP_FIR_PROCESS_001,LP_ARREST_RIGHTS_001;LP_BAIL_001;LP_CRIME_REPORTING_001,LP_PROPERTY_DISPUTE_001;LC_BNS_2023_001;LC_BNS_2023_002;LC_BNS_2023_003,False,True,"Please provide platform, sender identity, screenshot authenticity before I select the final legal passage.",ask clarification,False,RET_ANN_001,LAW_REV_PENDING,test
RET000215,QLQ000215_hi,Kripya clear next step batayein: Agar mere paas sirf screenshots hain to kya harassment report kar sakta hoon?,hi,harassment,India: state_or_district_required,LP_FIR_PROCESS_001,LP_ARREST_RIGHTS_001;LP_BAIL_001;LP_CRIME_REPORTING_001,LP_PROPERTY_DISPUTE_001;LC_BNS_2023_001;LC_BNS_2023_002;LC_BNS_2023_003,False,True,"Please provide platform, sender identity, screenshot authenticity before I select the final legal passage.",ask clarification,False,RET_ANN_001,LAW_REV_PENDING,test
RET000216,QLQ000216_hiLatn,Please clear next step batao: Agar mere paas only screenshots hain to kya harassment report kar sakta hoon?,hi-Latn,harassment,India: state_or_district_required,LP_FIR_PROCESS_001,LP_ARREST_RIGHTS_001;LP_BAIL_001;LP_CRIME_REPORTING_001,LP_PROPERTY_DISPUTE_001;LC_BNS_2023_001;LC_BNS_2023_002;LC_BNS_2023_003,False,True,"Please provide platform, sender identity, screenshot authenticity before I select the final legal passage.",ask clarification,False,RET_ANN_001,LAW_REV_PENDING,test
RET000217,QLQ000217_en,I need a clear next step: What should I do if I am being followed right now?,en,stalking,India: ALL_INDIA plus user location needed for forum routing,LP_ZERO_FIR_001,LP_ARREST_RIGHTS_001;LP_BAIL_001;LP_CRIME_REPORTING_001,LP_PROPERTY_DISPUTE_001;LC_BNS_2023_001;LC_BNS_2023_002;LC_BNS_2023_003,True,False,NONE,escalate,True,RET_ANN_001,LAW_REV_PENDING,test
RET000218,QLQ000218_hi,Kripya clear next step batayein: Agar koi mujhe abhi follow kar raha hai to mujhe kya karna chahiye?,hi,stalking,India: ALL_INDIA plus user location needed for forum routing,LP_ZERO_FIR_001,LP_ARREST_RIGHTS_001;LP_BAIL_001;LP_CRIME_REPORTING_001,LP_PROPERTY_DISPUTE_001;LC_BNS_2023_001;LC_BNS_2023_002;LC_BNS_2023_003,True,False,NONE,escalate,True,RET_ANN_001,LAW_REV_PENDING,test
RET000219,QLQ000219_hiLatn,Please clear next step batao: Agar koi mujhe abhi follow kar raha hai to kya karna chahiye?,hi-Latn,stalking,India: ALL_INDIA plus user location needed for forum routing,LP_ZERO_FIR_001,LP_ARREST_RIGHTS_001;LP_BAIL_001;LP_CRIME_REPORTING_001,LP_PROPERTY_DISPUTE_001;LC_BNS_2023_001;LC_BNS_2023_002;LC_BNS_2023_003,True,False,NONE,escalate,True,RET_ANN_001,LAW_REV_PENDING,test
RET000220,QLQ000220_en,I need a clear next step: Can I withdraw a complaint after filing it?,en,complaint_withdrawal,India: ALL_INDIA plus user location needed for forum routing,LP_EMERGENCY_HELP_001,LP_ARREST_RIGHTS_001;LP_BAIL_001;LP_CRIME_REPORTING_001,LP_PROPERTY_DISPUTE_001;LC_BNS_2023_001;LC_BNS_2023_002;LC_BNS_2023_003,True,False,NONE,Retrieve,True,RET_ANN_001,LAW_REV_PENDING,test
RET000221,QLQ000221_hi,Kripya clear next step batayein: Complaint file karne ke baad kya main use wapas le sakta hoon?,hi,complaint_withdrawal,India: ALL_INDIA plus user location needed for forum routing,LP_EMERGENCY_HELP_001,LP_ARREST_RIGHTS_001;LP_BAIL_001;LP_CRIME_REPORTING_001,LP_PROPERTY_DISPUTE_001;LC_BNS_2023_001;LC_BNS_2023_002;LC_BNS_2023_003,True,False,NONE,Retrieve,True,RET_ANN_001,LAW_REV_PENDING,test
RET000222,QLQ000222_hiLatn,Please clear next step batao: Complaint file karne ke baad kya main withdraw kar sakta hoon?,hi-Latn,complaint_withdrawal,India: ALL_INDIA plus user location needed for forum routing,LP_EMERGENCY_HELP_001,LP_ARREST_RIGHTS_001;LP_BAIL_001;LP_CRIME_REPORTING_001,LP_PROPERTY_DISPUTE_001;LC_BNS_2023_001;LC_BNS_2023_002;LC_BNS_2023_003,True,False,NONE,Retrieve,True,RET_ANN_001,LAW_REV_PENDING,test
RET000223,QLQ000223_en,I need a clear next step: Do I need a lawyer to file an FIR?,en,fir,India: ALL_INDIA,LP_CRIME_REPORTING_001,LP_ARREST_RIGHTS_001;LP_BAIL_001;LP_EMERGENCY_HELP_001,LP_PROPERTY_DISPUTE_001;LC_BNS_2023_001;LC_BNS_2023_002;LC_BNS_2023_003,True,False,NONE,Retrieve,True,RET_ANN_001,LAW_REV_PENDING,test
RET000224,QLQ000224_hi,Kripya clear next step batayein: FIR file karne ke liye kya lawyer zaruri hai?,hi,fir,India: ALL_INDIA,LP_CRIME_REPORTING_001,LP_ARREST_RIGHTS_001;LP_BAIL_001;LP_EMERGENCY_HELP_001,LP_PROPERTY_DISPUTE_001;LC_BNS_2023_001;LC_BNS_2023_002;LC_BNS_2023_003,True,False,NONE,Retrieve,True,RET_ANN_001,LAW_REV_PENDING,test
RET000225,QLQ000225_hiLatn,Please clear next step batao: FIR file karne ke liye kya lawyer needed hai?,hi-Latn,fir,India: ALL_INDIA,LP_CRIME_REPORTING_001,LP_ARREST_RIGHTS_001;LP_BAIL_001;LP_EMERGENCY_HELP_001,LP_PROPERTY_DISPUTE_001;LC_BNS_2023_001;LC_BNS_2023_002;LC_BNS_2023_003,True,False,NONE,Retrieve,True,RET_ANN_001,LAW_REV_PENDING,test
RET000226,QLQ000226_en,I need a clear next step: Police asked me to settle instead of taking my complaint. Is that okay?,en,police_refusal,India: state_or_district_required,LP_FIR_PROCESS_001,LP_ARREST_RIGHTS_001;LP_BAIL_001;LP_CRIME_REPORTING_001,LP_PROPERTY_DISPUTE_001;LC_BNS_2023_001;LC_BNS_2023_002;LC_BNS_2023_003,False,True,Please provide offence type and whether threat continues before I select the final legal passage.,escalate,True,RET_ANN_001,LAW_REV_PENDING,test
RET000227,QLQ000227_hi,Kripya clear next step batayein: Police complaint lene ke bajay settlement bol rahi hai. Kya yeh theek hai?,hi,police_refusal,India: state_or_district_required,LP_FIR_PROCESS_001,LP_ARREST_RIGHTS_001;LP_BAIL_001;LP_CRIME_REPORTING_001,LP_PROPERTY_DISPUTE_001;LC_BNS_2023_001;LC_BNS_2023_002;LC_BNS_2023_003,False,True,Please provide offence type and whether threat continues before I select the final legal passage.,escalate,True,RET_ANN_001,LAW_REV_PENDING,test
RET000228,QLQ000228_hiLatn,Please clear next step batao: Police complaint lene ke bajay settlement bol rahi hai. Kya yeh okay hai?,hi-Latn,police_refusal,India: state_or_district_required,LP_FIR_PROCESS_001,LP_ARREST_RIGHTS_001;LP_BAIL_001;LP_CRIME_REPORTING_001,LP_PROPERTY_DISPUTE_001;LC_BNS_2023_001;LC_BNS_2023_002;LC_BNS_2023_003,False,True,Please provide offence type and whether threat continues before I select the final legal passage.,escalate,True,RET_ANN_001,LAW_REV_PENDING,test
RET000229,QLQ000229_en,I need a clear next step: Can a neighbour file a complaint if the victim is scared?,en,third_party_reporting,India: ALL_INDIA plus user location needed for forum routing,LP_ZERO_FIR_001,LP_ARREST_RIGHTS_001;LP_BAIL_001;LP_CRIME_REPORTING_001,LP_PROPERTY_DISPUTE_001;LC_BNS_2023_001;LC_BNS_2023_002;LC_BNS_2023_003,True,False,NONE,escalate,True,RET_ANN_001,LAW_REV_PENDING,test
RET000230,QLQ000230_hi,Kripya clear next step batayein: Agar victim dara hua hai to kya neighbour complaint kar sakta hai?,hi,third_party_reporting,India: ALL_INDIA plus user location needed for forum routing,LP_ZERO_FIR_001,LP_ARREST_RIGHTS_001;LP_BAIL_001;LP_CRIME_REPORTING_001,LP_PROPERTY_DISPUTE_001;LC_BNS_2023_001;LC_BNS_2023_002;LC_BNS_2023_003,True,False,NONE,escalate,True,RET_ANN_001,LAW_REV_PENDING,test
RET000231,QLQ000231_hiLatn,Please clear next step batao: Agar victim scared hai to kya neighbour complaint kar sakta hai?,hi-Latn,third_party_reporting,India: ALL_INDIA plus user location needed for forum routing,LP_ZERO_FIR_001,LP_ARREST_RIGHTS_001;LP_BAIL_001;LP_CRIME_REPORTING_001,LP_PROPERTY_DISPUTE_001;LC_BNS_2023_001;LC_BNS_2023_002;LC_BNS_2023_003,True,False,NONE,escalate,True,RET_ANN_001,LAW_REV_PENDING,test
RET000232,QLQ000232_en,I need a clear next step: What if the police station says this is a civil matter?,en,civil_criminal_overlap,India: ALL_INDIA plus user location needed for forum routing,LP_EMERGENCY_HELP_001,LP_ARREST_RIGHTS_001;LP_BAIL_001;LP_CRIME_REPORTING_001,LP_PROPERTY_DISPUTE_001;LC_BNS_2023_001;LC_BNS_2023_002;LC_BNS_2023_003,True,False,NONE,Retrieve,True,RET_ANN_001,LAW_REV_PENDING,test
RET000233,QLQ000233_hi,Kripya clear next step batayein: Agar police station bole ki yeh civil matter hai to kya karun?,hi,civil_criminal_overlap,India: ALL_INDIA plus user location needed for forum routing,LP_EMERGENCY_HELP_001,LP_ARREST_RIGHTS_001;LP_BAIL_001;LP_CRIME_REPORTING_001,LP_PROPERTY_DISPUTE_001;LC_BNS_2023_001;LC_BNS_2023_002;LC_BNS_2023_003,True,False,NONE,Retrieve,True,RET_ANN_001,LAW_REV_PENDING,test
RET000234,QLQ000234_hiLatn,Please clear next step batao: Agar police bole yeh civil matter hai to kya karun?,hi-Latn,civil_criminal_overlap,India: ALL_INDIA plus user location needed for forum routing,LP_EMERGENCY_HELP_001,LP_ARREST_RIGHTS_001;LP_BAIL_001;LP_CRIME_REPORTING_001,LP_PROPERTY_DISPUTE_001;LC_BNS_2023_001;LC_BNS_2023_002;LC_BNS_2023_003,True,False,NONE,Retrieve,True,RET_ANN_001,LAW_REV_PENDING,test
RET000235,QLQ000235_en,I need a clear next step: My account was hacked. What should I do first?,en,account_hacking,India: ALL_INDIA plus user location needed for forum routing,LP_CYBER_REPORTING_001,LP_ACCOUNT_SECURITY_001;LP_FINANCIAL_CYBER_FRAUD_001;LC_IT_2000_001,LP_DIGITAL_EVIDENCE_001;LC_BSA_2023_001;LC_BSA_2023_002;LC_BSA_2023_003,True,False,NONE,escalate,True,RET_ANN_001,LAW_REV_PENDING,test
RET000236,QLQ000236_hi,Kripya clear next step batayein: Mera account hack ho gaya hai. Sabse pehle kya karun?,hi,account_hacking,India: ALL_INDIA plus user location needed for forum routing,LP_CYBER_REPORTING_001,LP_ACCOUNT_SECURITY_001;LP_FINANCIAL_CYBER_FRAUD_001;LC_IT_2000_001,LP_DIGITAL_EVIDENCE_001;LC_BSA_2023_001;LC_BSA_2023_002;LC_BSA_2023_003,True,False,NONE,escalate,True,RET_ANN_001,LAW_REV_PENDING,test
RET000237,QLQ000237_hiLatn,Please clear next step batao: Mera account hack ho gaya hai. First kya karun?,hi-Latn,account_hacking,India: ALL_INDIA plus user location needed for forum routing,LP_CYBER_REPORTING_001,LP_ACCOUNT_SECURITY_001;LP_FINANCIAL_CYBER_FRAUD_001;LC_IT_2000_001,LP_DIGITAL_EVIDENCE_001;LC_BSA_2023_001;LC_BSA_2023_002;LC_BSA_2023_003,True,False,NONE,escalate,True,RET_ANN_001,LAW_REV_PENDING,test
RET000238,QLQ000238_en,I need a clear next step: Can I report a fake social media profile using my photo?,en,impersonation,India: state_or_district_required,LP_ACCOUNT_SECURITY_001,LP_CYBER_REPORTING_001;LP_FINANCIAL_CYBER_FRAUD_001;LC_IT_2000_001,LP_DIGITAL_EVIDENCE_001;LC_BSA_2023_001;LC_BSA_2023_002;LC_BSA_2023_003,False,True,Please provide platform link and screenshots before I select the final legal passage.,ask clarification,False,RET_ANN_001,LAW_REV_PENDING,test
RET000239,QLQ000239_hi,Kripya clear next step batayein: Meri photo se fake social media profile bani hai. Kya report kar sakta hoon?,hi,impersonation,India: state_or_district_required,LP_ACCOUNT_SECURITY_001,LP_CYBER_REPORTING_001;LP_FINANCIAL_CYBER_FRAUD_001;LC_IT_2000_001,LP_DIGITAL_EVIDENCE_001;LC_BSA_2023_001;LC_BSA_2023_002;LC_BSA_2023_003,False,True,Please provide platform link and screenshots before I select the final legal passage.,ask clarification,False,RET_ANN_001,LAW_REV_PENDING,test
RET000240,QLQ000240_hiLatn,Please clear next step batao: Meri photo se fake social media profile bani hai. Kya report kar sakta hoon?,hi-Latn,impersonation,India: state_or_district_required,LP_ACCOUNT_SECURITY_001,LP_CYBER_REPORTING_001;LP_FINANCIAL_CYBER_FRAUD_001;LC_IT_2000_001,LP_DIGITAL_EVIDENCE_001;LC_BSA_2023_001;LC_BSA_2023_002;LC_BSA_2023_003,False,True,Please provide platform link and screenshots before I select the final legal passage.,ask clarification,False,RET_ANN_001,LAW_REV_PENDING,test
RET000241,QLQ000241_en,I need a clear next step: I clicked a suspicious link and money left my account. What now?,en,phishing,India: ALL_INDIA plus user location needed for forum routing,LP_DIGITAL_EVIDENCE_001,LC_BSA_2023_001;LC_BSA_2023_002;LC_BSA_2023_003,LC_BSA_2023_001;LC_BSA_2023_002;LC_BSA_2023_003;LC_BSA_2023_004,True,False,NONE,escalate,True,RET_ANN_001,LAW_REV_PENDING,test
RET000242,QLQ000242_hi,Kripya clear next step batayein: Maine suspicious link click kiya aur account se paise chale gaye. Ab kya karun?,hi,phishing,India: ALL_INDIA plus user location needed for forum routing,LP_DIGITAL_EVIDENCE_001,LC_BSA_2023_001;LC_BSA_2023_002;LC_BSA_2023_003,LC_BSA_2023_001;LC_BSA_2023_002;LC_BSA_2023_003;LC_BSA_2023_004,True,False,NONE,escalate,True,RET_ANN_001,LAW_REV_PENDING,test
RET000243,QLQ000243_hiLatn,Please clear next step batao: Maine suspicious link click kiya aur account se money chala gaya. Ab kya karun?,hi-Latn,phishing,India: ALL_INDIA plus user location needed for forum routing,LP_DIGITAL_EVIDENCE_001,LC_BSA_2023_001;LC_BSA_2023_002;LC_BSA_2023_003,LC_BSA_2023_001;LC_BSA_2023_002;LC_BSA_2023_003;LC_BSA_2023_004,True,False,NONE,escalate,True,RET_ANN_001,LAW_REV_PENDING,test
RET000244,QLQ000244_en,I need a clear next step: Someone is sharing my private photos online. What can I do?,en,privacy_violation,India: ALL_INDIA plus user location needed for forum routing,LP_FINANCIAL_CYBER_FRAUD_001,LP_ACCOUNT_SECURITY_001;LP_CYBER_REPORTING_001;LC_IT_2000_001,LP_DIGITAL_EVIDENCE_001;LC_BSA_2023_001;LC_BSA_2023_002;LC_BSA_2023_003,True,False,NONE,escalate,True,RET_ANN_001,LAW_REV_PENDING,test
RET000245,QLQ000245_hi,Kripya clear next step batayein: Koi meri private photos online share kar raha hai. Main kya kar sakti hoon?,hi,privacy_violation,India: ALL_INDIA plus user location needed for forum routing,LP_FINANCIAL_CYBER_FRAUD_001,LP_ACCOUNT_SECURITY_001;LP_CYBER_REPORTING_001;LC_IT_2000_001,LP_DIGITAL_EVIDENCE_001;LC_BSA_2023_001;LC_BSA_2023_002;LC_BSA_2023_003,True,False,NONE,escalate,True,RET_ANN_001,LAW_REV_PENDING,test
RET000246,QLQ000246_hiLatn,Please clear next step batao: Koi meri private photos online share kar raha hai. Main kya kar sakti hoon?,hi-Latn,privacy_violation,India: ALL_INDIA plus user location needed for forum routing,LP_FINANCIAL_CYBER_FRAUD_001,LP_ACCOUNT_SECURITY_001;LP_CYBER_REPORTING_001;LC_IT_2000_001,LP_DIGITAL_EVIDENCE_001;LC_BSA_2023_001;LC_BSA_2023_002;LC_BSA_2023_003,True,False,NONE,escalate,True,RET_ANN_001,LAW_REV_PENDING,test
RET000247,QLQ000247_en,I need a clear next step: Can I report cyberstalking if the person only messages repeatedly?,en,cyberstalking,India: ALL_INDIA plus user location needed for forum routing,LP_CYBER_REPORTING_001,LP_ACCOUNT_SECURITY_001;LP_FINANCIAL_CYBER_FRAUD_001;LC_IT_2000_001,LP_DIGITAL_EVIDENCE_001;LC_BSA_2023_001;LC_BSA_2023_002;LC_BSA_2023_003,True,False,NONE,Retrieve,True,RET_ANN_001,LAW_REV_PENDING,test
RET000248,QLQ000248_hi,Kripya clear next step batayein: Agar koi baar-baar messages bhej raha hai to kya cyberstalking report kar sakte hain?,hi,cyberstalking,India: ALL_INDIA plus user location needed for forum routing,LP_CYBER_REPORTING_001,LP_ACCOUNT_SECURITY_001;LP_FINANCIAL_CYBER_FRAUD_001;LC_IT_2000_001,LP_DIGITAL_EVIDENCE_001;LC_BSA_2023_001;LC_BSA_2023_002;LC_BSA_2023_003,True,False,NONE,Retrieve,True,RET_ANN_001,LAW_REV_PENDING,test
RET000249,QLQ000249_hiLatn,Please clear next step batao: Agar koi repeated messages bhej raha hai to kya cyberstalking report kar sakte hain?,hi-Latn,cyberstalking,India: ALL_INDIA plus user location needed for forum routing,LP_CYBER_REPORTING_001,LP_ACCOUNT_SECURITY_001;LP_FINANCIAL_CYBER_FRAUD_001;LC_IT_2000_001,LP_DIGITAL_EVIDENCE_001;LC_BSA_2023_001;LC_BSA_2023_002;LC_BSA_2023_003,True,False,NONE,Retrieve,True,RET_ANN_001,LAW_REV_PENDING,test
RET000250,QLQ000250_en,I need a clear next step: Should I delete abusive messages after taking screenshots?,en,digital_evidence,India: ALL_INDIA,LP_ACCOUNT_SECURITY_001,LP_CYBER_REPORTING_001;LP_FINANCIAL_CYBER_FRAUD_001;LC_IT_2000_001,LP_DIGITAL_EVIDENCE_001;LC_BSA_2023_001;LC_BSA_2023_002;LC_BSA_2023_003,True,False,NONE,Retrieve,True,RET_ANN_001,LAW_REV_PENDING,test
RET000251,QLQ000251_hi,Kripya clear next step batayein: Screenshot lene ke baad abusive messages delete kar doon kya?,hi,digital_evidence,India: ALL_INDIA,LP_ACCOUNT_SECURITY_001,LP_CYBER_REPORTING_001;LP_FINANCIAL_CYBER_FRAUD_001;LC_IT_2000_001,LP_DIGITAL_EVIDENCE_001;LC_BSA_2023_001;LC_BSA_2023_002;LC_BSA_2023_003,True,False,NONE,Retrieve,True,RET_ANN_001,LAW_REV_PENDING,test
RET000252,QLQ000252_hiLatn,Please clear next step batao: Screenshot lene ke baad abusive messages delete kar doon kya?,hi-Latn,digital_evidence,India: ALL_INDIA,LP_ACCOUNT_SECURITY_001,LP_CYBER_REPORTING_001;LP_FINANCIAL_CYBER_FRAUD_001;LC_IT_2000_001,LP_DIGITAL_EVIDENCE_001;LC_BSA_2023_001;LC_BSA_2023_002;LC_BSA_2023_003,True,False,NONE,Retrieve,True,RET_ANN_001,LAW_REV_PENDING,test
RET000253,QLQ000253_en,I need a clear next step: How do I complain about a loan app threatening my contacts?,en,loan_app_harassment,India: ALL_INDIA plus user location needed for forum routing,LP_DIGITAL_EVIDENCE_001,LC_BSA_2023_001;LC_BSA_2023_002;LC_BSA_2023_003,LC_BSA_2023_001;LC_BSA_2023_002;LC_BSA_2023_003;LC_BSA_2023_004,True,False,NONE,escalate,True,RET_ANN_001,LAW_REV_PENDING,test
RET000254,QLQ000254_hi,Kripya clear next step batayein: Loan app mere contacts ko dhamki de raha hai. Complaint kaise karun?,hi,loan_app_harassment,India: ALL_INDIA plus user location needed for forum routing,LP_DIGITAL_EVIDENCE_001,LC_BSA_2023_001;LC_BSA_2023_002;LC_BSA_2023_003,LC_BSA_2023_001;LC_BSA_2023_002;LC_BSA_2023_003;LC_BSA_2023_004,True,False,NONE,escalate,True,RET_ANN_001,LAW_REV_PENDING,test
RET000255,QLQ000255_hiLatn,Please clear next step batao: Loan app mere contacts ko threaten kar raha hai. Complaint kaise karun?,hi-Latn,loan_app_harassment,India: ALL_INDIA plus user location needed for forum routing,LP_DIGITAL_EVIDENCE_001,LC_BSA_2023_001;LC_BSA_2023_002;LC_BSA_2023_003,LC_BSA_2023_001;LC_BSA_2023_002;LC_BSA_2023_003;LC_BSA_2023_004,True,False,NONE,escalate,True,RET_ANN_001,LAW_REV_PENDING,test
RET000256,QLQ000256_en,I need a clear next step: Can police ask for my phone password during cyber investigation?,en,device_search,India: ALL_INDIA plus user location needed for forum routing,LP_FINANCIAL_CYBER_FRAUD_001,LP_ACCOUNT_SECURITY_001;LP_CYBER_REPORTING_001;LC_IT_2000_001,LP_DIGITAL_EVIDENCE_001;LC_BSA_2023_001;LC_BSA_2023_002;LC_BSA_2023_003,True,False,NONE,Retrieve,True,RET_ANN_001,LAW_REV_PENDING,test
RET000257,QLQ000257_hi,Kripya clear next step batayein: Cyber investigation mein police mera phone password maang sakti hai kya?,hi,device_search,India: ALL_INDIA plus user location needed for forum routing,LP_FINANCIAL_CYBER_FRAUD_001,LP_ACCOUNT_SECURITY_001;LP_CYBER_REPORTING_001;LC_IT_2000_001,LP_DIGITAL_EVIDENCE_001;LC_BSA_2023_001;LC_BSA_2023_002;LC_BSA_2023_003,True,False,NONE,Retrieve,True,RET_ANN_001,LAW_REV_PENDING,test
RET000258,QLQ000258_hiLatn,Please clear next step batao: Cyber investigation mein police mera phone password maang sakti hai kya?,hi-Latn,device_search,India: ALL_INDIA plus user location needed for forum routing,LP_FINANCIAL_CYBER_FRAUD_001,LP_ACCOUNT_SECURITY_001;LP_CYBER_REPORTING_001;LC_IT_2000_001,LP_DIGITAL_EVIDENCE_001;LC_BSA_2023_001;LC_BSA_2023_002;LC_BSA_2023_003,True,False,NONE,Retrieve,True,RET_ANN_001,LAW_REV_PENDING,test
RET000259,QLQ000259_en,I need a clear next step: A seller sent a QR code and money got deducted. Is this cyber fraud?,en,qr_fraud,India: ALL_INDIA plus user location needed for forum routing,LP_CYBER_REPORTING_001,LP_ACCOUNT_SECURITY_001;LP_FINANCIAL_CYBER_FRAUD_001;LC_IT_2000_001,LP_DIGITAL_EVIDENCE_001;LC_BSA_2023_001;LC_BSA_2023_002;LC_BSA_2023_003,True,False,NONE,escalate,True,RET_ANN_001,LAW_REV_PENDING,test
RET000260,QLQ000260_hi,Kripya clear next step batayein: Seller ne QR code bheja aur paise kat gaye. Kya yeh cyber fraud hai?,hi,qr_fraud,India: ALL_INDIA plus user location needed for forum routing,LP_CYBER_REPORTING_001,LP_ACCOUNT_SECURITY_001;LP_FINANCIAL_CYBER_FRAUD_001;LC_IT_2000_001,LP_DIGITAL_EVIDENCE_001;LC_BSA_2023_001;LC_BSA_2023_002;LC_BSA_2023_003,True,False,NONE,escalate,True,RET_ANN_001,LAW_REV_PENDING,test
RET000261,QLQ000261_hiLatn,Please clear next step batao: Seller ne QR code bheja aur money deduct ho gaya. Kya yeh cyber fraud hai?,hi-Latn,qr_fraud,India: ALL_INDIA plus user location needed for forum routing,LP_CYBER_REPORTING_001,LP_ACCOUNT_SECURITY_001;LP_FINANCIAL_CYBER_FRAUD_001;LC_IT_2000_001,LP_DIGITAL_EVIDENCE_001;LC_BSA_2023_001;LC_BSA_2023_002;LC_BSA_2023_003,True,False,NONE,escalate,True,RET_ANN_001,LAW_REV_PENDING,test
RET000262,QLQ000262_en,I need a clear next step: What evidence is useful for reporting ransomware?,en,ransomware,India: ALL_INDIA,LP_ACCOUNT_SECURITY_001,LP_CYBER_REPORTING_001;LP_FINANCIAL_CYBER_FRAUD_001;LC_IT_2000_001,LP_DIGITAL_EVIDENCE_001;LC_BSA_2023_001;LC_BSA_2023_002;LC_BSA_2023_003,True,False,NONE,Retrieve,True,RET_ANN_001,LAW_REV_PENDING,test
RET000263,QLQ000263_hi,Kripya clear next step batayein: Ransomware report karne ke liye kaunsa evidence useful hai?,hi,ransomware,India: ALL_INDIA,LP_ACCOUNT_SECURITY_001,LP_CYBER_REPORTING_001;LP_FINANCIAL_CYBER_FRAUD_001;LC_IT_2000_001,LP_DIGITAL_EVIDENCE_001;LC_BSA_2023_001;LC_BSA_2023_002;LC_BSA_2023_003,True,False,NONE,Retrieve,True,RET_ANN_001,LAW_REV_PENDING,test
RET000264,QLQ000264_hiLatn,Please clear next step batao: Ransomware report karne ke liye kya evidence useful hai?,hi-Latn,ransomware,India: ALL_INDIA,LP_ACCOUNT_SECURITY_001,LP_CYBER_REPORTING_001;LP_FINANCIAL_CYBER_FRAUD_001;LC_IT_2000_001,LP_DIGITAL_EVIDENCE_001;LC_BSA_2023_001;LC_BSA_2023_002;LC_BSA_2023_003,True,False,NONE,Retrieve,True,RET_ANN_001,LAW_REV_PENDING,test
RET000265,QLQ000265_en,I need a clear next step: Can I report WhatsApp threats without knowing the real name?,en,messaging_threat,India: ALL_INDIA plus user location needed for forum routing,LP_DIGITAL_EVIDENCE_001,LC_BSA_2023_001;LC_BSA_2023_002;LC_BSA_2023_003,LC_BSA_2023_001;LC_BSA_2023_002;LC_BSA_2023_003;LC_BSA_2023_004,True,False,NONE,escalate,True,RET_ANN_001,LAW_REV_PENDING,test
RET000266,QLQ000266_hi,Kripya clear next step batayein: Real naam na pata ho to WhatsApp threats report kar sakta hoon?,hi,messaging_threat,India: ALL_INDIA plus user location needed for forum routing,LP_DIGITAL_EVIDENCE_001,LC_BSA_2023_001;LC_BSA_2023_002;LC_BSA_2023_003,LC_BSA_2023_001;LC_BSA_2023_002;LC_BSA_2023_003;LC_BSA_2023_004,True,False,NONE,escalate,True,RET_ANN_001,LAW_REV_PENDING,test
RET000267,QLQ000267_hiLatn,Please clear next step batao: Real name na pata ho to WhatsApp threats report kar sakta hoon?,hi-Latn,messaging_threat,India: ALL_INDIA plus user location needed for forum routing,LP_DIGITAL_EVIDENCE_001,LC_BSA_2023_001;LC_BSA_2023_002;LC_BSA_2023_003,LC_BSA_2023_001;LC_BSA_2023_002;LC_BSA_2023_003;LC_BSA_2023_004,True,False,NONE,escalate,True,RET_ANN_001,LAW_REV_PENDING,test
RET000268,QLQ000268_en,I need a clear next step: Is online blackmail an emergency?,en,online_extortion,India: ALL_INDIA plus user location needed for forum routing,LP_FINANCIAL_CYBER_FRAUD_001,LP_ACCOUNT_SECURITY_001;LP_CYBER_REPORTING_001;LC_IT_2000_001,LP_DIGITAL_EVIDENCE_001;LC_BSA_2023_001;LC_BSA_2023_002;LC_BSA_2023_003,True,False,NONE,escalate,True,RET_ANN_001,LAW_REV_PENDING,test
RET000269,QLQ000269_hi,Kripya clear next step batayein: Online blackmail emergency hai kya?,hi,online_extortion,India: ALL_INDIA plus user location needed for forum routing,LP_FINANCIAL_CYBER_FRAUD_001,LP_ACCOUNT_SECURITY_001;LP_CYBER_REPORTING_001;LC_IT_2000_001,LP_DIGITAL_EVIDENCE_001;LC_BSA_2023_001;LC_BSA_2023_002;LC_BSA_2023_003,True,False,NONE,escalate,True,RET_ANN_001,LAW_REV_PENDING,test
RET000270,QLQ000270_hiLatn,Please clear next step batao: Online blackmail emergency hai kya?,hi-Latn,online_extortion,India: ALL_INDIA plus user location needed for forum routing,LP_FINANCIAL_CYBER_FRAUD_001,LP_ACCOUNT_SECURITY_001;LP_CYBER_REPORTING_001;LC_IT_2000_001,LP_DIGITAL_EVIDENCE_001;LC_BSA_2023_001;LC_BSA_2023_002;LC_BSA_2023_003,True,False,NONE,escalate,True,RET_ANN_001,LAW_REV_PENDING,test
RET000271,QLQ000271_en,I need a clear next step: Can I get free legal assistance?,en,free_legal_aid,India: ALL_INDIA plus user location needed for forum routing,LP_LEGAL_AID_001,LP_DLSA_001;LP_FREE_LEGAL_SERVICES_001;LC_LSA_1987_001,LP_ARREST_RIGHTS_001;LP_BAIL_001;LP_CRIME_REPORTING_001;LP_EMERGENCY_HELP_001,True,False,NONE,Retrieve,True,RET_ANN_001,LAW_REV_PENDING,test
RET000272,QLQ000272_hi,Kripya clear next step batayein: Kya mujhe free legal assistance mil sakti hai?,hi,free_legal_aid,India: ALL_INDIA plus user location needed for forum routing,LP_LEGAL_AID_001,LP_DLSA_001;LP_FREE_LEGAL_SERVICES_001;LC_LSA_1987_001,LP_ARREST_RIGHTS_001;LP_BAIL_001;LP_CRIME_REPORTING_001;LP_EMERGENCY_HELP_001,True,False,NONE,Retrieve,True,RET_ANN_001,LAW_REV_PENDING,test
RET000273,QLQ000273_hiLatn,Please clear next step batao: Kya mujhe free legal help mil sakti hai?,hi-Latn,free_legal_aid,India: ALL_INDIA plus user location needed for forum routing,LP_LEGAL_AID_001,LP_DLSA_001;LP_FREE_LEGAL_SERVICES_001;LC_LSA_1987_001,LP_ARREST_RIGHTS_001;LP_BAIL_001;LP_CRIME_REPORTING_001;LP_EMERGENCY_HELP_001,True,False,NONE,Retrieve,True,RET_ANN_001,LAW_REV_PENDING,test
RET000274,QLQ000274_en,I need a clear next step: Where do I apply for legal aid in my district?,en,district_legal_services,India: state_or_district_required,LP_FREE_LEGAL_SERVICES_001,LP_DLSA_001;LP_LEGAL_AID_001;LC_LSA_1987_001,LP_ARREST_RIGHTS_001;LP_BAIL_001;LP_CRIME_REPORTING_001;LP_EMERGENCY_HELP_001,False,True,Please provide district and state before I select the final legal passage.,ask clarification,False,RET_ANN_001,LAW_REV_PENDING,test
RET000275,QLQ000275_hi,Kripya clear next step batayein: Apne district mein legal aid ke liye kahan apply karun?,hi,district_legal_services,India: state_or_district_required,LP_FREE_LEGAL_SERVICES_001,LP_DLSA_001;LP_LEGAL_AID_001;LC_LSA_1987_001,LP_ARREST_RIGHTS_001;LP_BAIL_001;LP_CRIME_REPORTING_001;LP_EMERGENCY_HELP_001,False,True,Please provide district and state before I select the final legal passage.,ask clarification,False,RET_ANN_001,LAW_REV_PENDING,test
RET000276,QLQ000276_hiLatn,Please clear next step batao: Apne district mein legal aid ke liye kahan apply karun?,hi-Latn,district_legal_services,India: state_or_district_required,LP_FREE_LEGAL_SERVICES_001,LP_DLSA_001;LP_LEGAL_AID_001;LC_LSA_1987_001,LP_ARREST_RIGHTS_001;LP_BAIL_001;LP_CRIME_REPORTING_001;LP_EMERGENCY_HELP_001,False,True,Please provide district and state before I select the final legal passage.,ask clarification,False,RET_ANN_001,LAW_REV_PENDING,test
RET000277,QLQ000277_en,I need a clear next step: Can women facing domestic violence get free legal help?,en,domestic_violence,India: ALL_INDIA plus user location needed for forum routing,LP_DLSA_001,LP_FREE_LEGAL_SERVICES_001;LP_LEGAL_AID_001;LC_LSA_1987_001,LP_ARREST_RIGHTS_001;LP_BAIL_001;LP_CRIME_REPORTING_001;LP_EMERGENCY_HELP_001,True,False,NONE,escalate,True,RET_ANN_001,LAW_REV_PENDING,test
RET000278,QLQ000278_hi,Kripya clear next step batayein: Domestic violence face kar rahi women ko free legal help mil sakti hai?,hi,domestic_violence,India: ALL_INDIA plus user location needed for forum routing,LP_DLSA_001,LP_FREE_LEGAL_SERVICES_001;LP_LEGAL_AID_001;LC_LSA_1987_001,LP_ARREST_RIGHTS_001;LP_BAIL_001;LP_CRIME_REPORTING_001;LP_EMERGENCY_HELP_001,True,False,NONE,escalate,True,RET_ANN_001,LAW_REV_PENDING,test
RET000279,QLQ000279_hiLatn,Please clear next step batao: Domestic violence face kar rahi women ko free legal help mil sakti hai?,hi-Latn,domestic_violence,India: ALL_INDIA plus user location needed for forum routing,LP_DLSA_001,LP_FREE_LEGAL_SERVICES_001;LP_LEGAL_AID_001;LC_LSA_1987_001,LP_ARREST_RIGHTS_001;LP_BAIL_001;LP_CRIME_REPORTING_001;LP_EMERGENCY_HELP_001,True,False,NONE,escalate,True,RET_ANN_001,LAW_REV_PENDING,test
RET000280,QLQ000280_en,I need a clear next step: Do I need income proof for legal aid?,en,legal_aid_documents,India: ALL_INDIA plus user location needed for forum routing,LP_LEGAL_AID_001,LP_DLSA_001;LP_FREE_LEGAL_SERVICES_001;LC_LSA_1987_001,LP_ARREST_RIGHTS_001;LP_BAIL_001;LP_CRIME_REPORTING_001;LP_EMERGENCY_HELP_001,True,False,NONE,Retrieve,True,RET_ANN_001,LAW_REV_PENDING,test
RET000281,QLQ000281_hi,Kripya clear next step batayein: Legal aid ke liye income proof chahiye kya?,hi,legal_aid_documents,India: ALL_INDIA plus user location needed for forum routing,LP_LEGAL_AID_001,LP_DLSA_001;LP_FREE_LEGAL_SERVICES_001;LC_LSA_1987_001,LP_ARREST_RIGHTS_001;LP_BAIL_001;LP_CRIME_REPORTING_001;LP_EMERGENCY_HELP_001,True,False,NONE,Retrieve,True,RET_ANN_001,LAW_REV_PENDING,test
RET000282,QLQ000282_hiLatn,Please clear next step batao: Legal aid ke liye income proof needed hai kya?,hi-Latn,legal_aid_documents,India: ALL_INDIA plus user location needed for forum routing,LP_LEGAL_AID_001,LP_DLSA_001;LP_FREE_LEGAL_SERVICES_001;LC_LSA_1987_001,LP_ARREST_RIGHTS_001;LP_BAIL_001;LP_CRIME_REPORTING_001;LP_EMERGENCY_HELP_001,True,False,NONE,Retrieve,True,RET_ANN_001,LAW_REV_PENDING,test
RET000283,QLQ000283_en,I need a clear next step: Can a victim of cyber fraud get legal aid?,en,cyber_fraud,India: ALL_INDIA plus user location needed for forum routing,LP_FREE_LEGAL_SERVICES_001,LP_DLSA_001;LP_LEGAL_AID_001;LC_LSA_1987_001,LP_ARREST_RIGHTS_001;LP_BAIL_001;LP_CRIME_REPORTING_001;LP_EMERGENCY_HELP_001,True,False,NONE,Retrieve,True,RET_ANN_001,LAW_REV_PENDING,test
RET000284,QLQ000284_hi,Kripya clear next step batayein: Cyber fraud victim ko legal aid mil sakti hai kya?,hi,cyber_fraud,India: ALL_INDIA plus user location needed for forum routing,LP_FREE_LEGAL_SERVICES_001,LP_DLSA_001;LP_LEGAL_AID_001;LC_LSA_1987_001,LP_ARREST_RIGHTS_001;LP_BAIL_001;LP_CRIME_REPORTING_001;LP_EMERGENCY_HELP_001,True,False,NONE,Retrieve,True,RET_ANN_001,LAW_REV_PENDING,test
RET000285,QLQ000285_hiLatn,Please clear next step batao: Cyber fraud victim ko legal aid mil sakti hai kya?,hi-Latn,cyber_fraud,India: ALL_INDIA plus user location needed for forum routing,LP_FREE_LEGAL_SERVICES_001,LP_DLSA_001;LP_LEGAL_AID_001;LC_LSA_1987_001,LP_ARREST_RIGHTS_001;LP_BAIL_001;LP_CRIME_REPORTING_001;LP_EMERGENCY_HELP_001,True,False,NONE,Retrieve,True,RET_ANN_001,LAW_REV_PENDING,test
RET000286,QLQ000286_en,I need a clear next step: Can I get help drafting a police complaint for free?,en,complaint_drafting,India: state_or_district_required,LP_DLSA_001,LP_FREE_LEGAL_SERVICES_001;LP_LEGAL_AID_001;LC_LSA_1987_001,LP_ARREST_RIGHTS_001;LP_BAIL_001;LP_CRIME_REPORTING_001;LP_EMERGENCY_HELP_001,False,True,Please provide district and case type before I select the final legal passage.,ask clarification,False,RET_ANN_001,LAW_REV_PENDING,test
RET000287,QLQ000287_hi,Kripya clear next step batayein: Police complaint draft karne mein free help mil sakti hai kya?,hi,complaint_drafting,India: state_or_district_required,LP_DLSA_001,LP_FREE_LEGAL_SERVICES_001;LP_LEGAL_AID_001;LC_LSA_1987_001,LP_ARREST_RIGHTS_001;LP_BAIL_001;LP_CRIME_REPORTING_001;LP_EMERGENCY_HELP_001,False,True,Please provide district and case type before I select the final legal passage.,ask clarification,False,RET_ANN_001,LAW_REV_PENDING,test
RET000288,QLQ000288_hiLatn,Please clear next step batao: Police complaint draft karne mein free help mil sakti hai kya?,hi-Latn,complaint_drafting,India: state_or_district_required,LP_DLSA_001,LP_FREE_LEGAL_SERVICES_001;LP_LEGAL_AID_001;LC_LSA_1987_001,LP_ARREST_RIGHTS_001;LP_BAIL_001;LP_CRIME_REPORTING_001;LP_EMERGENCY_HELP_001,False,True,Please provide district and case type before I select the final legal passage.,ask clarification,False,RET_ANN_001,LAW_REV_PENDING,test
RET000289,QLQ000289_en,I need a clear next step: What documents should I carry to a legal aid office?,en,legal_aid_documents,India: ALL_INDIA,LP_LEGAL_AID_001,LP_DLSA_001;LP_FREE_LEGAL_SERVICES_001;LC_LSA_1987_001,LP_ARREST_RIGHTS_001;LP_BAIL_001;LP_CRIME_REPORTING_001;LP_EMERGENCY_HELP_001,True,False,NONE,Retrieve,True,RET_ANN_001,LAW_REV_PENDING,challenge
RET000290,QLQ000290_hi,Kripya clear next step batayein: Legal aid office jaate waqt kaunse documents le jaun?,hi,legal_aid_documents,India: ALL_INDIA,LP_LEGAL_AID_001,LP_DLSA_001;LP_FREE_LEGAL_SERVICES_001;LC_LSA_1987_001,LP_ARREST_RIGHTS_001;LP_BAIL_001;LP_CRIME_REPORTING_001;LP_EMERGENCY_HELP_001,True,False,NONE,Retrieve,True,RET_ANN_001,LAW_REV_PENDING,challenge
RET000291,QLQ000291_hiLatn,Please clear next step batao: Legal aid office jaate waqt kaunse documents carry karun?,hi-Latn,legal_aid_documents,India: ALL_INDIA,LP_LEGAL_AID_001,LP_DLSA_001;LP_FREE_LEGAL_SERVICES_001;LC_LSA_1987_001,LP_ARREST_RIGHTS_001;LP_BAIL_001;LP_CRIME_REPORTING_001;LP_EMERGENCY_HELP_001,True,False,NONE,Retrieve,True,RET_ANN_001,LAW_REV_PENDING,challenge
RET000292,QLQ000292_en,I need a clear next step: Can I ask legal aid for a lawyer in family court?,en,family_court,India: ALL_INDIA plus user location needed for forum routing,LP_FREE_LEGAL_SERVICES_001,LP_DLSA_001;LP_LEGAL_AID_001;LC_LSA_1987_001,LP_ARREST_RIGHTS_001;LP_BAIL_001;LP_CRIME_REPORTING_001;LP_EMERGENCY_HELP_001,True,False,NONE,Retrieve,True,RET_ANN_001,LAW_REV_PENDING,challenge
RET000293,QLQ000293_hi,Kripya clear next step batayein: Family court mein lawyer ke liye legal aid mil sakti hai kya?,hi,family_court,India: ALL_INDIA plus user location needed for forum routing,LP_FREE_LEGAL_SERVICES_001,LP_DLSA_001;LP_LEGAL_AID_001;LC_LSA_1987_001,LP_ARREST_RIGHTS_001;LP_BAIL_001;LP_CRIME_REPORTING_001;LP_EMERGENCY_HELP_001,True,False,NONE,Retrieve,True,RET_ANN_001,LAW_REV_PENDING,challenge
RET000294,QLQ000294_hiLatn,Please clear next step batao: Family court ke liye legal aid lawyer mil sakta hai kya?,hi-Latn,family_court,India: ALL_INDIA plus user location needed for forum routing,LP_FREE_LEGAL_SERVICES_001,LP_DLSA_001;LP_LEGAL_AID_001;LC_LSA_1987_001,LP_ARREST_RIGHTS_001;LP_BAIL_001;LP_CRIME_REPORTING_001;LP_EMERGENCY_HELP_001,True,False,NONE,Retrieve,True,RET_ANN_001,LAW_REV_PENDING,challenge
RET000295,QLQ000295_en,I need a clear next step: Is legal aid available for labour disputes?,en,labour,India: ALL_INDIA plus user location needed for forum routing,LP_DLSA_001,LP_FREE_LEGAL_SERVICES_001;LP_LEGAL_AID_001;LC_LSA_1987_001,LP_ARREST_RIGHTS_001;LP_BAIL_001;LP_CRIME_REPORTING_001;LP_EMERGENCY_HELP_001,True,False,NONE,Retrieve,True,RET_ANN_001,LAW_REV_PENDING,challenge
RET000296,QLQ000296_hi,Kripya clear next step batayein: Labour dispute ke liye legal aid available hai kya?,hi,labour,India: ALL_INDIA plus user location needed for forum routing,LP_DLSA_001,LP_FREE_LEGAL_SERVICES_001;LP_LEGAL_AID_001;LC_LSA_1987_001,LP_ARREST_RIGHTS_001;LP_BAIL_001;LP_CRIME_REPORTING_001;LP_EMERGENCY_HELP_001,True,False,NONE,Retrieve,True,RET_ANN_001,LAW_REV_PENDING,challenge
RET000297,QLQ000297_hiLatn,Please clear next step batao: Labour dispute ke liye legal aid mil sakti hai kya?,hi-Latn,labour,India: ALL_INDIA plus user location needed for forum routing,LP_DLSA_001,LP_FREE_LEGAL_SERVICES_001;LP_LEGAL_AID_001;LC_LSA_1987_001,LP_ARREST_RIGHTS_001;LP_BAIL_001;LP_CRIME_REPORTING_001;LP_EMERGENCY_HELP_001,True,False,NONE,Retrieve,True,RET_ANN_001,LAW_REV_PENDING,challenge
RET000298,QLQ000298_en,I need a clear next step: Can a minor get legal aid?,en,minor,India: state_or_district_required,LP_LEGAL_AID_001,LP_DLSA_001;LP_FREE_LEGAL_SERVICES_001;LC_LSA_1987_001,LP_ARREST_RIGHTS_001;LP_BAIL_001;LP_CRIME_REPORTING_001;LP_EMERGENCY_HELP_001,False,True,"Please provide age, guardian, safety status before I select the final legal passage.",escalate,True,RET_ANN_001,LAW_REV_PENDING,challenge
RET000299,QLQ000299_hi,Kripya clear next step batayein: Kya minor ko legal aid mil sakti hai?,hi,minor,India: state_or_district_required,LP_LEGAL_AID_001,LP_DLSA_001;LP_FREE_LEGAL_SERVICES_001;LC_LSA_1987_001,LP_ARREST_RIGHTS_001;LP_BAIL_001;LP_CRIME_REPORTING_001;LP_EMERGENCY_HELP_001,False,True,"Please provide age, guardian, safety status before I select the final legal passage.",escalate,True,RET_ANN_001,LAW_REV_PENDING,challenge
RET000300,QLQ000300_hiLatn,Please clear next step batao: Kya minor ko legal aid mil sakti hai?,hi-Latn,minor,India: state_or_district_required,LP_LEGAL_AID_001,LP_DLSA_001;LP_FREE_LEGAL_SERVICES_001;LC_LSA_1987_001,LP_ARREST_RIGHTS_001;LP_BAIL_001;LP_CRIME_REPORTING_001;LP_EMERGENCY_HELP_001,False,True,"Please provide age, guardian, safety status before I select the final legal passage.",escalate,True,RET_ANN_001,LAW_REV_PENDING,challenge
RET000301,QLQ000301_en,I need a clear next step: Will legal aid keep my details confidential?,en,privacy,India: ALL_INDIA plus user location needed for forum routing,LP_FREE_LEGAL_SERVICES_001,LP_DLSA_001;LP_LEGAL_AID_001;LC_LSA_1987_001,LP_ARREST_RIGHTS_001;LP_BAIL_001;LP_CRIME_REPORTING_001;LP_EMERGENCY_HELP_001,True,False,NONE,Retrieve,True,RET_ANN_001,LAW_REV_PENDING,challenge
RET000302,QLQ000302_hi,Kripya clear next step batayein: Kya legal aid meri details confidential rakhegi?,hi,privacy,India: ALL_INDIA plus user location needed for forum routing,LP_FREE_LEGAL_SERVICES_001,LP_DLSA_001;LP_LEGAL_AID_001;LC_LSA_1987_001,LP_ARREST_RIGHTS_001;LP_BAIL_001;LP_CRIME_REPORTING_001;LP_EMERGENCY_HELP_001,True,False,NONE,Retrieve,True,RET_ANN_001,LAW_REV_PENDING,challenge
RET000303,QLQ000303_hiLatn,Please clear next step batao: Kya legal aid meri details confidential rakhegi?,hi-Latn,privacy,India: ALL_INDIA plus user location needed for forum routing,LP_FREE_LEGAL_SERVICES_001,LP_DLSA_001;LP_LEGAL_AID_001;LC_LSA_1987_001,LP_ARREST_RIGHTS_001;LP_BAIL_001;LP_CRIME_REPORTING_001;LP_EMERGENCY_HELP_001,True,False,NONE,Retrieve,True,RET_ANN_001,LAW_REV_PENDING,challenge
RET000304,QLQ000304_en,I need a clear next step: Can legal aid help if police are not acting?,en,police_inaction,India: ALL_INDIA plus user location needed for forum routing,LP_DLSA_001,LP_FREE_LEGAL_SERVICES_001;LP_LEGAL_AID_001;LC_LSA_1987_001,LP_ARREST_RIGHTS_001;LP_BAIL_001;LP_CRIME_REPORTING_001;LP_EMERGENCY_HELP_001,True,False,NONE,escalate,True,RET_ANN_001,LAW_REV_PENDING,challenge
RET000305,QLQ000305_hi,Kripya clear next step batayein: Agar police action nahi le rahi to kya legal aid help kar sakti hai?,hi,police_inaction,India: ALL_INDIA plus user location needed for forum routing,LP_DLSA_001,LP_FREE_LEGAL_SERVICES_001;LP_LEGAL_AID_001;LC_LSA_1987_001,LP_ARREST_RIGHTS_001;LP_BAIL_001;LP_CRIME_REPORTING_001;LP_EMERGENCY_HELP_001,True,False,NONE,escalate,True,RET_ANN_001,LAW_REV_PENDING,challenge
RET000306,QLQ000306_hiLatn,Please clear next step batao: Agar police action nahi le rahi to kya legal aid help kar sakti hai?,hi-Latn,police_inaction,India: ALL_INDIA plus user location needed for forum routing,LP_DLSA_001,LP_FREE_LEGAL_SERVICES_001;LP_LEGAL_AID_001;LC_LSA_1987_001,LP_ARREST_RIGHTS_001;LP_BAIL_001;LP_CRIME_REPORTING_001;LP_EMERGENCY_HELP_001,True,False,NONE,escalate,True,RET_ANN_001,LAW_REV_PENDING,challenge
RET000307,QLQ000307_en,I need a clear next step: Can police arrest me without telling me the reason?,en,arrest_reason,India: ALL_INDIA plus user location needed for forum routing,LP_ARREST_RIGHTS_001,LP_BAIL_001;LP_CRIME_REPORTING_001;LP_EMERGENCY_HELP_001,LP_PROPERTY_DISPUTE_001;LC_BNS_2023_001;LC_BNS_2023_002;LC_BNS_2023_003,True,False,NONE,escalate,True,RET_ANN_001,LAW_REV_PENDING,challenge
RET000308,QLQ000308_hi,Kripya clear next step batayein: Kya police reason bataye bina arrest kar sakti hai?,hi,arrest_reason,India: ALL_INDIA plus user location needed for forum routing,LP_ARREST_RIGHTS_001,LP_BAIL_001;LP_CRIME_REPORTING_001;LP_EMERGENCY_HELP_001,LP_PROPERTY_DISPUTE_001;LC_BNS_2023_001;LC_BNS_2023_002;LC_BNS_2023_003,True,False,NONE,escalate,True,RET_ANN_001,LAW_REV_PENDING,challenge
RET000309,QLQ000309_hiLatn,Please clear next step batao: Kya police reason bataye bina arrest kar sakti hai?,hi-Latn,arrest_reason,India: ALL_INDIA plus user location needed for forum routing,LP_ARREST_RIGHTS_001,LP_BAIL_001;LP_CRIME_REPORTING_001;LP_EMERGENCY_HELP_001,LP_PROPERTY_DISPUTE_001;LC_BNS_2023_001;LC_BNS_2023_002;LC_BNS_2023_003,True,False,NONE,escalate,True,RET_ANN_001,LAW_REV_PENDING,challenge
RET000310,QLQ000310_en,I need a clear next step: What should I do if police call me to the station for questioning?,en,police_questioning,India: state_or_district_required,LP_BAIL_001,LP_ARREST_RIGHTS_001;LP_CRIME_REPORTING_001;LP_EMERGENCY_HELP_001,LP_PROPERTY_DISPUTE_001;LC_BNS_2023_001;LC_BNS_2023_002;LC_BNS_2023_003,False,True,Please provide notice details and case role before I select the final legal passage.,ask clarification,False,RET_ANN_001,LAW_REV_PENDING,challenge
RET000311,QLQ000311_hi,Kripya clear next step batayein: Police questioning ke liye station bula rahi hai. Kya karun?,hi,police_questioning,India: state_or_district_required,LP_BAIL_001,LP_ARREST_RIGHTS_001;LP_CRIME_REPORTING_001;LP_EMERGENCY_HELP_001,LP_PROPERTY_DISPUTE_001;LC_BNS_2023_001;LC_BNS_2023_002;LC_BNS_2023_003,False,True,Please provide notice details and case role before I select the final legal passage.,ask clarification,False,RET_ANN_001,LAW_REV_PENDING,challenge
RET000312,QLQ000312_hiLatn,Please clear next step batao: Police questioning ke liye station bula rahi hai. Kya karun?,hi-Latn,police_questioning,India: state_or_district_required,LP_BAIL_001,LP_ARREST_RIGHTS_001;LP_CRIME_REPORTING_001;LP_EMERGENCY_HELP_001,LP_PROPERTY_DISPUTE_001;LC_BNS_2023_001;LC_BNS_2023_002;LC_BNS_2023_003,False,True,Please provide notice details and case role before I select the final legal passage.,ask clarification,False,RET_ANN_001,LAW_REV_PENDING,challenge
RET000313,QLQ000313_en,I need a clear next step: Can police search my phone?,en,phone_search,India: ALL_INDIA plus user location needed for forum routing,LP_SEARCH_SEIZURE_001,LP_ARREST_RIGHTS_001;LP_BAIL_001;LP_CRIME_REPORTING_001,LP_PROPERTY_DISPUTE_001;LC_BNS_2023_001;LC_BNS_2023_002;LC_BNS_2023_003,True,False,NONE,Retrieve,True,RET_ANN_001,LAW_REV_PENDING,challenge
RET000314,QLQ000314_hi,Kripya clear next step batayein: Kya police mera phone search kar sakti hai?,hi,phone_search,India: ALL_INDIA plus user location needed for forum routing,LP_SEARCH_SEIZURE_001,LP_ARREST_RIGHTS_001;LP_BAIL_001;LP_CRIME_REPORTING_001,LP_PROPERTY_DISPUTE_001;LC_BNS_2023_001;LC_BNS_2023_002;LC_BNS_2023_003,True,False,NONE,Retrieve,True,RET_ANN_001,LAW_REV_PENDING,challenge
RET000315,QLQ000315_hiLatn,Please clear next step batao: Kya police mera phone search kar sakti hai?,hi-Latn,phone_search,India: ALL_INDIA plus user location needed for forum routing,LP_SEARCH_SEIZURE_001,LP_ARREST_RIGHTS_001;LP_BAIL_001;LP_CRIME_REPORTING_001,LP_PROPERTY_DISPUTE_001;LC_BNS_2023_001;LC_BNS_2023_002;LC_BNS_2023_003,True,False,NONE,Retrieve,True,RET_ANN_001,LAW_REV_PENDING,challenge
RET000316,QLQ000316_en,I need a clear next step: What are my rights if I receive a notice from police?,en,police_notice,India: ALL_INDIA plus user location needed for forum routing,LP_ARREST_RIGHTS_001,LP_BAIL_001;LP_CRIME_REPORTING_001;LP_EMERGENCY_HELP_001,LP_PROPERTY_DISPUTE_001;LC_BNS_2023_001;LC_BNS_2023_002;LC_BNS_2023_003,True,False,NONE,Retrieve,True,RET_ANN_001,LAW_REV_PENDING,challenge
RET000317,QLQ000317_hi,Kripya clear next step batayein: Police notice milne par mere rights kya hain?,hi,police_notice,India: ALL_INDIA plus user location needed for forum routing,LP_ARREST_RIGHTS_001,LP_BAIL_001;LP_CRIME_REPORTING_001;LP_EMERGENCY_HELP_001,LP_PROPERTY_DISPUTE_001;LC_BNS_2023_001;LC_BNS_2023_002;LC_BNS_2023_003,True,False,NONE,Retrieve,True,RET_ANN_001,LAW_REV_PENDING,challenge
RET000318,QLQ000318_hiLatn,Please clear next step batao: Police notice milne par mere rights kya hain?,hi-Latn,police_notice,India: ALL_INDIA plus user location needed for forum routing,LP_ARREST_RIGHTS_001,LP_BAIL_001;LP_CRIME_REPORTING_001;LP_EMERGENCY_HELP_001,LP_PROPERTY_DISPUTE_001;LC_BNS_2023_001;LC_BNS_2023_002;LC_BNS_2023_003,True,False,NONE,Retrieve,True,RET_ANN_001,LAW_REV_PENDING,challenge
RET000319,QLQ000319_en,I need a clear next step: Can police keep me overnight for a minor issue?,en,detention,India: ALL_INDIA plus user location needed for forum routing,LP_BAIL_001,LP_ARREST_RIGHTS_001;LP_CRIME_REPORTING_001;LP_EMERGENCY_HELP_001,LP_PROPERTY_DISPUTE_001;LC_BNS_2023_001;LC_BNS_2023_002;LC_BNS_2023_003,True,False,NONE,escalate,True,RET_ANN_001,LAW_REV_PENDING,challenge
RET000320,QLQ000320_hi,Kripya clear next step batayein: Minor issue ke liye police mujhe raat bhar rakh sakti hai kya?,hi,detention,India: ALL_INDIA plus user location needed for forum routing,LP_BAIL_001,LP_ARREST_RIGHTS_001;LP_CRIME_REPORTING_001;LP_EMERGENCY_HELP_001,LP_PROPERTY_DISPUTE_001;LC_BNS_2023_001;LC_BNS_2023_002;LC_BNS_2023_003,True,False,NONE,escalate,True,RET_ANN_001,LAW_REV_PENDING,challenge
RET000321,QLQ000321_hiLatn,Please clear next step batao: Minor issue ke liye police mujhe overnight rakh sakti hai kya?,hi-Latn,detention,India: ALL_INDIA plus user location needed for forum routing,LP_BAIL_001,LP_ARREST_RIGHTS_001;LP_CRIME_REPORTING_001;LP_EMERGENCY_HELP_001,LP_PROPERTY_DISPUTE_001;LC_BNS_2023_001;LC_BNS_2023_002;LC_BNS_2023_003,True,False,NONE,escalate,True,RET_ANN_001,LAW_REV_PENDING,challenge
RET000322,QLQ000322_en,I need a clear next step: What should my family do if I am detained?,en,detention,India: state_or_district_required,LP_SEARCH_SEIZURE_001,LP_ARREST_RIGHTS_001;LP_BAIL_001;LP_CRIME_REPORTING_001,LP_PROPERTY_DISPUTE_001;LC_BNS_2023_001;LC_BNS_2023_002;LC_BNS_2023_003,False,True,Please provide police station and detention time before I select the final legal passage.,escalate,True,RET_ANN_001,LAW_REV_PENDING,challenge
RET000323,QLQ000323_hi,Kripya clear next step batayein: Agar mujhe detain kiya gaya hai to family kya kare?,hi,detention,India: state_or_district_required,LP_SEARCH_SEIZURE_001,LP_ARREST_RIGHTS_001;LP_BAIL_001;LP_CRIME_REPORTING_001,LP_PROPERTY_DISPUTE_001;LC_BNS_2023_001;LC_BNS_2023_002;LC_BNS_2023_003,False,True,Please provide police station and detention time before I select the final legal passage.,escalate,True,RET_ANN_001,LAW_REV_PENDING,challenge
RET000324,QLQ000324_hiLatn,Please clear next step batao: Agar mujhe detained kiya hai to family kya kare?,hi-Latn,detention,India: state_or_district_required,LP_SEARCH_SEIZURE_001,LP_ARREST_RIGHTS_001;LP_BAIL_001;LP_CRIME_REPORTING_001,LP_PROPERTY_DISPUTE_001;LC_BNS_2023_001;LC_BNS_2023_002;LC_BNS_2023_003,False,True,Please provide police station and detention time before I select the final legal passage.,escalate,True,RET_ANN_001,LAW_REV_PENDING,challenge
RET000325,QLQ000325_en,I need a clear next step: What should I do after a hit and run?,en,hit_and_run,India: ALL_INDIA plus user location needed for forum routing,LP_TRAFFIC_ACCIDENT_001,LP_HIT_AND_RUN_001;LP_MOTOR_CLAIM_001;LC_MV_1988_001,LP_ARREST_RIGHTS_001;LP_BAIL_001;LP_CRIME_REPORTING_001;LP_EMERGENCY_HELP_001,True,False,NONE,escalate,True,RET_ANN_001,LAW_REV_PENDING,challenge
RET000326,QLQ000326_hi,Kripya clear next step batayein: Hit and run ke baad mujhe kya karna chahiye?,hi,hit_and_run,India: ALL_INDIA plus user location needed for forum routing,LP_TRAFFIC_ACCIDENT_001,LP_HIT_AND_RUN_001;LP_MOTOR_CLAIM_001;LC_MV_1988_001,LP_ARREST_RIGHTS_001;LP_BAIL_001;LP_CRIME_REPORTING_001;LP_EMERGENCY_HELP_001,True,False,NONE,escalate,True,RET_ANN_001,LAW_REV_PENDING,challenge
RET000327,QLQ000327_hiLatn,Please clear next step batao: Hit and run ke baad kya karna chahiye?,hi-Latn,hit_and_run,India: ALL_INDIA plus user location needed for forum routing,LP_TRAFFIC_ACCIDENT_001,LP_HIT_AND_RUN_001;LP_MOTOR_CLAIM_001;LC_MV_1988_001,LP_ARREST_RIGHTS_001;LP_BAIL_001;LP_CRIME_REPORTING_001;LP_EMERGENCY_HELP_001,True,False,NONE,escalate,True,RET_ANN_001,LAW_REV_PENDING,challenge
RET000328,QLQ000328_en,I need a clear next step: Do I need to report a minor road accident?,en,minor_accident,India: ALL_INDIA plus user location needed for forum routing,LP_MOTOR_CLAIM_001,LP_HIT_AND_RUN_001;LP_TRAFFIC_ACCIDENT_001;LC_MV_1988_001,LP_ARREST_RIGHTS_001;LP_BAIL_001;LP_CRIME_REPORTING_001;LP_EMERGENCY_HELP_001,True,False,NONE,Retrieve,True,RET_ANN_001,LAW_REV_PENDING,challenge
RET000329,QLQ000329_hi,Kripya clear next step batayein: Minor road accident report karna zaruri hai kya?,hi,minor_accident,India: ALL_INDIA plus user location needed for forum routing,LP_MOTOR_CLAIM_001,LP_HIT_AND_RUN_001;LP_TRAFFIC_ACCIDENT_001;LC_MV_1988_001,LP_ARREST_RIGHTS_001;LP_BAIL_001;LP_CRIME_REPORTING_001;LP_EMERGENCY_HELP_001,True,False,NONE,Retrieve,True,RET_ANN_001,LAW_REV_PENDING,challenge
RET000330,QLQ000330_hiLatn,Please clear next step batao: Minor road accident report karna zaroori hai kya?,hi-Latn,minor_accident,India: ALL_INDIA plus user location needed for forum routing,LP_MOTOR_CLAIM_001,LP_HIT_AND_RUN_001;LP_TRAFFIC_ACCIDENT_001;LC_MV_1988_001,LP_ARREST_RIGHTS_001;LP_BAIL_001;LP_CRIME_REPORTING_001;LP_EMERGENCY_HELP_001,True,False,NONE,Retrieve,True,RET_ANN_001,LAW_REV_PENDING,challenge
RET000331,QLQ000331_en,I need a clear next step: Can I claim insurance if the other driver ran away?,en,insurance_claim,India: ALL_INDIA plus user location needed for forum routing,LP_HIT_AND_RUN_001,LP_MOTOR_CLAIM_001;LP_TRAFFIC_ACCIDENT_001;LC_MV_1988_001,LP_ARREST_RIGHTS_001;LP_BAIL_001;LP_CRIME_REPORTING_001;LP_EMERGENCY_HELP_001,True,False,NONE,Retrieve,True,RET_ANN_001,LAW_REV_PENDING,challenge
RET000332,QLQ000332_hi,Kripya clear next step batayein: Agar doosra driver bhaag gaya to kya insurance claim kar sakta hoon?,hi,insurance_claim,India: ALL_INDIA plus user location needed for forum routing,LP_HIT_AND_RUN_001,LP_MOTOR_CLAIM_001;LP_TRAFFIC_ACCIDENT_001;LC_MV_1988_001,LP_ARREST_RIGHTS_001;LP_BAIL_001;LP_CRIME_REPORTING_001;LP_EMERGENCY_HELP_001,True,False,NONE,Retrieve,True,RET_ANN_001,LAW_REV_PENDING,challenge
RET000333,QLQ000333_hiLatn,Please clear next step batao: Agar doosra driver ran away to insurance claim kar sakta hoon?,hi-Latn,insurance_claim,India: ALL_INDIA plus user location needed for forum routing,LP_HIT_AND_RUN_001,LP_MOTOR_CLAIM_001;LP_TRAFFIC_ACCIDENT_001;LC_MV_1988_001,LP_ARREST_RIGHTS_001;LP_BAIL_001;LP_CRIME_REPORTING_001;LP_EMERGENCY_HELP_001,True,False,NONE,Retrieve,True,RET_ANN_001,LAW_REV_PENDING,challenge
RET000334,QLQ000334_en,I need a clear next step: What evidence should I collect after a traffic accident?,en,traffic_evidence,India: ALL_INDIA,LP_TRAFFIC_ACCIDENT_001,LP_HIT_AND_RUN_001;LP_MOTOR_CLAIM_001;LC_MV_1988_001,LP_ARREST_RIGHTS_001;LP_BAIL_001;LP_CRIME_REPORTING_001;LP_EMERGENCY_HELP_001,True,False,NONE,Retrieve,True,RET_ANN_001,LAW_REV_PENDING,challenge
RET000335,QLQ000335_hi,Kripya clear next step batayein: Traffic accident ke baad kaunsa evidence collect karun?,hi,traffic_evidence,India: ALL_INDIA,LP_TRAFFIC_ACCIDENT_001,LP_HIT_AND_RUN_001;LP_MOTOR_CLAIM_001;LC_MV_1988_001,LP_ARREST_RIGHTS_001;LP_BAIL_001;LP_CRIME_REPORTING_001;LP_EMERGENCY_HELP_001,True,False,NONE,Retrieve,True,RET_ANN_001,LAW_REV_PENDING,challenge
RET000336,QLQ000336_hiLatn,Please clear next step batao: Traffic accident ke baad kya evidence collect karun?,hi-Latn,traffic_evidence,India: ALL_INDIA,LP_TRAFFIC_ACCIDENT_001,LP_HIT_AND_RUN_001;LP_MOTOR_CLAIM_001;LC_MV_1988_001,LP_ARREST_RIGHTS_001;LP_BAIL_001;LP_CRIME_REPORTING_001;LP_EMERGENCY_HELP_001,True,False,NONE,Retrieve,True,RET_ANN_001,LAW_REV_PENDING,challenge
RET000337,QLQ000337_en,I need a clear next step: Someone blocked my gate with a vehicle. Is this a police matter?,en,parking_blockage,India: ALL_INDIA plus user location needed for forum routing,LP_MOTOR_CLAIM_001,LP_HIT_AND_RUN_001;LP_TRAFFIC_ACCIDENT_001;LC_MV_1988_001,LP_ARREST_RIGHTS_001;LP_BAIL_001;LP_CRIME_REPORTING_001;LP_EMERGENCY_HELP_001,True,False,NONE,Retrieve,True,RET_ANN_001,LAW_REV_PENDING,challenge
RET000338,QLQ000338_hi,Kripya clear next step batayein: Kisi ne gate vehicle se block kar diya. Kya yeh police matter hai?,hi,parking_blockage,India: ALL_INDIA plus user location needed for forum routing,LP_MOTOR_CLAIM_001,LP_HIT_AND_RUN_001;LP_TRAFFIC_ACCIDENT_001;LC_MV_1988_001,LP_ARREST_RIGHTS_001;LP_BAIL_001;LP_CRIME_REPORTING_001;LP_EMERGENCY_HELP_001,True,False,NONE,Retrieve,True,RET_ANN_001,LAW_REV_PENDING,challenge
RET000339,QLQ000339_hiLatn,Please clear next step batao: Kisi ne gate vehicle se block kar diya. Kya yeh police matter hai?,hi-Latn,parking_blockage,India: ALL_INDIA plus user location needed for forum routing,LP_MOTOR_CLAIM_001,LP_HIT_AND_RUN_001;LP_TRAFFIC_ACCIDENT_001;LC_MV_1988_001,LP_ARREST_RIGHTS_001;LP_BAIL_001;LP_CRIME_REPORTING_001;LP_EMERGENCY_HELP_001,True,False,NONE,Retrieve,True,RET_ANN_001,LAW_REV_PENDING,challenge
RET000340,QLQ000340_en,I need a clear next step: Can I report drunk driving before an accident happens?,en,drunk_driving,India: ALL_INDIA plus user location needed for forum routing,LP_HIT_AND_RUN_001,LP_MOTOR_CLAIM_001;LP_TRAFFIC_ACCIDENT_001;LC_MV_1988_001,LP_ARREST_RIGHTS_001;LP_BAIL_001;LP_CRIME_REPORTING_001;LP_EMERGENCY_HELP_001,True,False,NONE,escalate,True,RET_ANN_001,LAW_REV_PENDING,challenge
RET000341,QLQ000341_hi,Kripya clear next step batayein: Accident se pehle drunk driving report kar sakta hoon?,hi,drunk_driving,India: ALL_INDIA plus user location needed for forum routing,LP_HIT_AND_RUN_001,LP_MOTOR_CLAIM_001;LP_TRAFFIC_ACCIDENT_001;LC_MV_1988_001,LP_ARREST_RIGHTS_001;LP_BAIL_001;LP_CRIME_REPORTING_001;LP_EMERGENCY_HELP_001,True,False,NONE,escalate,True,RET_ANN_001,LAW_REV_PENDING,challenge
RET000342,QLQ000342_hiLatn,Please clear next step batao: Accident se pehle drunk driving report kar sakta hoon?,hi-Latn,drunk_driving,India: ALL_INDIA plus user location needed for forum routing,LP_HIT_AND_RUN_001,LP_MOTOR_CLAIM_001;LP_TRAFFIC_ACCIDENT_001;LC_MV_1988_001,LP_ARREST_RIGHTS_001;LP_BAIL_001;LP_CRIME_REPORTING_001;LP_EMERGENCY_HELP_001,True,False,NONE,escalate,True,RET_ANN_001,LAW_REV_PENDING,challenge
RET000343,QLQ000343_en,I need a clear next step: A shop refused refund for a defective product. What can I do?,en,refund_refusal,India: ALL_INDIA plus user location needed for forum routing,LP_CONSUMER_COMPLAINT_001,LP_ECOMMERCE_001;LP_REFUND_RIGHTS_001;LC_CPA_2019_001,LP_ACCOUNT_SECURITY_001;LP_CYBER_REPORTING_001;LP_FINANCIAL_CYBER_FRAUD_001;LC_IT_2000_001,True,False,NONE,Retrieve,True,RET_ANN_001,LAW_REV_PENDING,challenge
RET000344,QLQ000344_hi,Kripya clear next step batayein: Defective product ka refund shop mana kar raha hai. Kya karun?,hi,refund_refusal,India: ALL_INDIA plus user location needed for forum routing,LP_CONSUMER_COMPLAINT_001,LP_ECOMMERCE_001;LP_REFUND_RIGHTS_001;LC_CPA_2019_001,LP_ACCOUNT_SECURITY_001;LP_CYBER_REPORTING_001;LP_FINANCIAL_CYBER_FRAUD_001;LC_IT_2000_001,True,False,NONE,Retrieve,True,RET_ANN_001,LAW_REV_PENDING,challenge
RET000345,QLQ000345_hiLatn,Please clear next step batao: Defective product ka refund shop refuse kar raha hai. Kya karun?,hi-Latn,refund_refusal,India: ALL_INDIA plus user location needed for forum routing,LP_CONSUMER_COMPLAINT_001,LP_ECOMMERCE_001;LP_REFUND_RIGHTS_001;LC_CPA_2019_001,LP_ACCOUNT_SECURITY_001;LP_CYBER_REPORTING_001;LP_FINANCIAL_CYBER_FRAUD_001;LC_IT_2000_001,True,False,NONE,Retrieve,True,RET_ANN_001,LAW_REV_PENDING,challenge
RET000346,QLQ000346_en,I need a clear next step: Can I complain about hidden charges?,en,hidden_charges,India: state_or_district_required,LP_REFUND_RIGHTS_001,LP_CONSUMER_COMPLAINT_001;LP_ECOMMERCE_001;LC_CPA_2019_001,LP_ACCOUNT_SECURITY_001;LP_CYBER_REPORTING_001;LP_FINANCIAL_CYBER_FRAUD_001;LC_IT_2000_001,False,True,"Please provide bill, advertised price, merchant before I select the final legal passage.",ask clarification,False,RET_ANN_001,LAW_REV_PENDING,challenge
RET000347,QLQ000347_hi,Kripya clear next step batayein: Hidden charges ke liye complaint kar sakta hoon?,hi,hidden_charges,India: state_or_district_required,LP_REFUND_RIGHTS_001,LP_CONSUMER_COMPLAINT_001;LP_ECOMMERCE_001;LC_CPA_2019_001,LP_ACCOUNT_SECURITY_001;LP_CYBER_REPORTING_001;LP_FINANCIAL_CYBER_FRAUD_001;LC_IT_2000_001,False,True,"Please provide bill, advertised price, merchant before I select the final legal passage.",ask clarification,False,RET_ANN_001,LAW_REV_PENDING,challenge
RET000348,QLQ000348_hiLatn,Please clear next step batao: Hidden charges ke liye complaint kar sakta hoon?,hi-Latn,hidden_charges,India: state_or_district_required,LP_REFUND_RIGHTS_001,LP_CONSUMER_COMPLAINT_001;LP_ECOMMERCE_001;LC_CPA_2019_001,LP_ACCOUNT_SECURITY_001;LP_CYBER_REPORTING_001;LP_FINANCIAL_CYBER_FRAUD_001;LC_IT_2000_001,False,True,"Please provide bill, advertised price, merchant before I select the final legal passage.",ask clarification,False,RET_ANN_001,LAW_REV_PENDING,challenge
RET000349,QLQ000349_en,I need a clear next step: What proof do I need for false advertising?,en,false_advertising,India: ALL_INDIA,LP_ECOMMERCE_001,LP_CONSUMER_COMPLAINT_001;LP_REFUND_RIGHTS_001;LC_CPA_2019_001,LP_ACCOUNT_SECURITY_001;LP_CYBER_REPORTING_001;LP_FINANCIAL_CYBER_FRAUD_001;LC_IT_2000_001,True,False,NONE,Retrieve,True,RET_ANN_001,LAW_REV_PENDING,challenge
RET000350,QLQ000350_hi,Kripya clear next step batayein: False advertising ke liye kaunsa proof chahiye?,hi,false_advertising,India: ALL_INDIA,LP_ECOMMERCE_001,LP_CONSUMER_COMPLAINT_001;LP_REFUND_RIGHTS_001;LC_CPA_2019_001,LP_ACCOUNT_SECURITY_001;LP_CYBER_REPORTING_001;LP_FINANCIAL_CYBER_FRAUD_001;LC_IT_2000_001,True,False,NONE,Retrieve,True,RET_ANN_001,LAW_REV_PENDING,challenge
RET000351,QLQ000351_hiLatn,Please clear next step batao: False advertising ke liye kya proof chahiye?,hi-Latn,false_advertising,India: ALL_INDIA,LP_ECOMMERCE_001,LP_CONSUMER_COMPLAINT_001;LP_REFUND_RIGHTS_001;LC_CPA_2019_001,LP_ACCOUNT_SECURITY_001;LP_CYBER_REPORTING_001;LP_FINANCIAL_CYBER_FRAUD_001;LC_IT_2000_001,True,False,NONE,Retrieve,True,RET_ANN_001,LAW_REV_PENDING,challenge
RET000352,QLQ000352_en,I need a clear next step: Can I file consumer complaint for online order fraud?,en,online_order,India: ALL_INDIA plus user location needed for forum routing,LP_CONSUMER_COMPLAINT_001,LP_ECOMMERCE_001;LP_REFUND_RIGHTS_001;LC_CPA_2019_001,LP_ACCOUNT_SECURITY_001;LP_CYBER_REPORTING_001;LP_FINANCIAL_CYBER_FRAUD_001;LC_IT_2000_001,True,False,NONE,Retrieve,True,RET_ANN_001,LAW_REV_PENDING,challenge
RET000353,QLQ000353_hi,Kripya clear next step batayein: Online order fraud ke liye consumer complaint kar sakta hoon?,hi,online_order,India: ALL_INDIA plus user location needed for forum routing,LP_CONSUMER_COMPLAINT_001,LP_ECOMMERCE_001;LP_REFUND_RIGHTS_001;LC_CPA_2019_001,LP_ACCOUNT_SECURITY_001;LP_CYBER_REPORTING_001;LP_FINANCIAL_CYBER_FRAUD_001;LC_IT_2000_001,True,False,NONE,Retrieve,True,RET_ANN_001,LAW_REV_PENDING,challenge
RET000354,QLQ000354_hiLatn,Please clear next step batao: Online order fraud ke liye consumer complaint kar sakta hoon?,hi-Latn,online_order,India: ALL_INDIA plus user location needed for forum routing,LP_CONSUMER_COMPLAINT_001,LP_ECOMMERCE_001;LP_REFUND_RIGHTS_001;LC_CPA_2019_001,LP_ACCOUNT_SECURITY_001;LP_CYBER_REPORTING_001;LP_FINANCIAL_CYBER_FRAUD_001;LC_IT_2000_001,True,False,NONE,Retrieve,True,RET_ANN_001,LAW_REV_PENDING,challenge
RET000355,QLQ000355_en,I need a clear next step: How much time do I have to complain about a bad service?,en,limitation,India: ALL_INDIA plus user location needed for forum routing,LP_REFUND_RIGHTS_001,LP_CONSUMER_COMPLAINT_001;LP_ECOMMERCE_001;LC_CPA_2019_001,LP_ACCOUNT_SECURITY_001;LP_CYBER_REPORTING_001;LP_FINANCIAL_CYBER_FRAUD_001;LC_IT_2000_001,True,False,NONE,Retrieve,True,RET_ANN_001,LAW_REV_PENDING,challenge
RET000356,QLQ000356_hi,Kripya clear next step batayein: Bad service ke baare mein complaint karne ka time kitna hota hai?,hi,limitation,India: ALL_INDIA plus user location needed for forum routing,LP_REFUND_RIGHTS_001,LP_CONSUMER_COMPLAINT_001;LP_ECOMMERCE_001;LC_CPA_2019_001,LP_ACCOUNT_SECURITY_001;LP_CYBER_REPORTING_001;LP_FINANCIAL_CYBER_FRAUD_001;LC_IT_2000_001,True,False,NONE,Retrieve,True,RET_ANN_001,LAW_REV_PENDING,challenge
RET000357,QLQ000357_hiLatn,Please clear next step batao: Bad service complaint ke liye kitna time hota hai?,hi-Latn,limitation,India: ALL_INDIA plus user location needed for forum routing,LP_REFUND_RIGHTS_001,LP_CONSUMER_COMPLAINT_001;LP_ECOMMERCE_001;LC_CPA_2019_001,LP_ACCOUNT_SECURITY_001;LP_CYBER_REPORTING_001;LP_FINANCIAL_CYBER_FRAUD_001;LC_IT_2000_001,True,False,NONE,Retrieve,True,RET_ANN_001,LAW_REV_PENDING,challenge
RET000358,QLQ000358_en,I need a clear next step: The seller is ignoring my messages. What is the next step?,en,seller_nonresponse,India: state_or_district_required,LP_ECOMMERCE_001,LP_CONSUMER_COMPLAINT_001;LP_REFUND_RIGHTS_001;LC_CPA_2019_001,LP_ACCOUNT_SECURITY_001;LP_CYBER_REPORTING_001;LP_FINANCIAL_CYBER_FRAUD_001;LC_IT_2000_001,False,True,Please provide merchant identity and payment proof before I select the final legal passage.,ask clarification,False,RET_ANN_001,LAW_REV_PENDING,challenge
RET000359,QLQ000359_hi,Kripya clear next step batayein: Seller messages ignore kar raha hai. Next step kya hai?,hi,seller_nonresponse,India: state_or_district_required,LP_ECOMMERCE_001,LP_CONSUMER_COMPLAINT_001;LP_REFUND_RIGHTS_001;LC_CPA_2019_001,LP_ACCOUNT_SECURITY_001;LP_CYBER_REPORTING_001;LP_FINANCIAL_CYBER_FRAUD_001;LC_IT_2000_001,False,True,Please provide merchant identity and payment proof before I select the final legal passage.,ask clarification,False,RET_ANN_001,LAW_REV_PENDING,challenge
RET000360,QLQ000360_hiLatn,Please clear next step batao: Seller messages ignore kar raha hai. Next step kya hai?,hi-Latn,seller_nonresponse,India: state_or_district_required,LP_ECOMMERCE_001,LP_CONSUMER_COMPLAINT_001;LP_REFUND_RIGHTS_001;LC_CPA_2019_001,LP_ACCOUNT_SECURITY_001;LP_CYBER_REPORTING_001;LP_FINANCIAL_CYBER_FRAUD_001;LC_IT_2000_001,False,True,Please provide merchant identity and payment proof before I select the final legal passage.,ask clarification,False,RET_ANN_001,LAW_REV_PENDING,challenge
